image_id,sequence_id,user_id,username,captured_at_utc,country,lon,lat,segment_km
542099795533986,BGYOosykefHjv0pL35TMz2,108933258580999,cmenttor,2025-06-20T12:03:22.376000+00:00,Ghana,-0.2085365,5.5752933,0.0
554199910960649,BGYOosykefHjv0pL35TMz2,108933258580999,cmenttor,2025-06-20T12:01:01.161000+00:00,Ghana,-0.2080619,5.5734258,0.0
590475460766565,BGYOosykefHjv0pL35TMz2,108933258580999,cmenttor,2025-06-20T12:00:55.418000+00:00,Ghana,-0.208011,5.573359,0.0
595194740294814,BGYOosykefHjv0pL35TMz2,108933258580999,cmenttor,2025-06-20T11:58:54.164000+00:00,Ghana,-0.206432,5.5737607,0.0
614639424992700,BGYOosykefHjv0pL35TMz2,108933258580999,cmenttor,2025-06-20T12:01:30.968000+00:00,Ghana,-0.2081401,5.5737846,0.0
620963304357513,BGYOosykefHjv0pL35TMz2,108933258580999,cmenttor,2025-06-20T12:00:39.128000+00:00,Ghana,-0.2077908,5.5733998,0.0
626686466428983,BGYOosykefHjv0pL35TMz2,108933258580999,cmenttor,2025-06-20T11:59:46.502000+00:00,Ghana,-0.2070971,5.5735629,0.0
649494928101984,BGYOosykefHjv0pL35TMz2,108933258580999,cmenttor,2025-06-20T12:01:55.156000+00:00,Ghana,-0.2082286,5.5741538,0.0
660548220352119,BGYOosykefHjv0pL35TMz2,108933258580999,cmenttor,2025-06-20T11:59:06.986000+00:00,Ghana,-0.206579,5.5737395,0.0
692589230326260,BGYOosykefHjv0pL35TMz2,108933258580999,cmenttor,2025-06-20T12:02:54.891000+00:00,Ghana,-0.2083967,5.5749295,0.0
692775763581194,BGYOosykefHjv0pL35TMz2,108933258580999,cmenttor,2025-06-20T12:00:42.766000+00:00,Ghana,-0.2078206,5.5733923,0.0
695074889959158,BGYOosykefHjv0pL35TMz2,108933258580999,cmenttor,2025-06-20T12:02:31.966000+00:00,Ghana,-0.2083386,5.5746343,0.0
697714256385097,BGYOosykefHjv0pL35TMz2,108933258580999,cmenttor,2025-06-20T11:59:30.975000+00:00,Ghana,-0.2069121,5.5736098,0.0
698294042835026,BGYOosykefHjv0pL35TMz2,108933258580999,cmenttor,2025-06-20T11:59:53.936000+00:00,Ghana,-0.2072081,5.5735132,0.0
703520962573233,BGYOosykefHjv0pL35TMz2,108933258580999,cmenttor,2025-06-20T12:03:08.219000+00:00,Ghana,-0.2084368,5.5751046,0.0
704358832505106,BGYOosykefHjv0pL35TMz2,108933258580999,cmenttor,2025-06-20T11:58:53.715000+00:00,Ghana,-0.2064047,5.5737627,0.0
706216978863914,BGYOosykefHjv0pL35TMz2,108933258580999,cmenttor,2025-06-20T12:01:33.873000+00:00,Ghana,-0.2081411,5.573815,0.0
707447092251520,BGYOosykefHjv0pL35TMz2,108933258580999,cmenttor,2025-06-20T11:58:57.795000+00:00,Ghana,-0.206463,5.5737619,0.0
709651281772518,BGYOosykefHjv0pL35TMz2,108933258580999,cmenttor,2025-06-20T12:00:32.145000+00:00,Ghana,-0.2076944,5.5734227,0.0
710446604955245,BGYOosykefHjv0pL35TMz2,108933258580999,cmenttor,2025-06-20T12:00:51.328000+00:00,Ghana,-0.2079675,5.573347,0.0
710751878403776,BGYOosykefHjv0pL35TMz2,108933258580999,cmenttor,2025-06-20T11:59:03.251000+00:00,Ghana,-0.2065481,5.5737449,0.0
713663721412287,BGYOosykefHjv0pL35TMz2,108933258580999,cmenttor,2025-06-20T12:00:02.544000+00:00,Ghana,-0.2073065,5.5734901,0.0
714068121236803,BGYOosykefHjv0pL35TMz2,108933258580999,cmenttor,2025-06-20T11:59:49.437000+00:00,Ghana,-0.2071506,5.5735337,0.0
715314168026712,BGYOosykefHjv0pL35TMz2,108933258580999,cmenttor,2025-06-20T12:02:05.386000+00:00,Ghana,-0.2082484,5.5742747,0.0
715909391044682,BGYOosykefHjv0pL35TMz2,108933258580999,cmenttor,2025-06-20T12:01:45.898000+00:00,Ghana,-0.2082078,5.5739744,0.0
718006231089715,BGYOosykefHjv0pL35TMz2,108933258580999,cmenttor,2025-06-20T12:00:04.613000+00:00,Ghana,-0.2073282,5.5734823,0.0
729914099453039,BGYOosykefHjv0pL35TMz2,108933258580999,cmenttor,2025-06-20T12:00:16.329000+00:00,Ghana,-0.2074691,5.5734709,0.0
731892339257478,BGYOosykefHjv0pL35TMz2,108933258580999,cmenttor,2025-06-20T12:00:57.496000+00:00,Ghana,-0.2080321,5.5733788,0.0
737992591923012,BGYOosykefHjv0pL35TMz2,108933258580999,cmenttor,2025-06-20T12:00:28.092000+00:00,Ghana,-0.2076398,5.5734351,0.0
742033085025814,BGYOosykefHjv0pL35TMz2,108933258580999,cmenttor,2025-06-20T12:03:10.145000+00:00,Ghana,-0.2084477,5.575132,0.0
742841044914725,BGYOosykefHjv0pL35TMz2,108933258580999,cmenttor,2025-06-20T12:01:10.807000+00:00,Ghana,-0.2080755,5.5735429,0.0
743555328201852,BGYOosykefHjv0pL35TMz2,108933258580999,cmenttor,2025-06-20T11:59:28.845000+00:00,Ghana,-0.2068874,5.573623,0.0
748538707857432,BGYOosykefHjv0pL35TMz2,108933258580999,cmenttor,2025-06-20T11:59:21.949000+00:00,Ghana,-0.206774,5.5736727,0.0
748618877840905,BGYOosykefHjv0pL35TMz2,108933258580999,cmenttor,2025-06-20T11:59:48.323000+00:00,Ghana,-0.2071243,5.573548,0.0
750506117648774,BGYOosykefHjv0pL35TMz2,108933258580999,cmenttor,2025-06-20T11:58:51.619000+00:00,Ghana,-0.2063773,5.5737631,0.0
751141860668409,BGYOosykefHjv0pL35TMz2,108933258580999,cmenttor,2025-06-20T12:01:36.406000+00:00,Ghana,-0.2081415,5.5738481,0.0
760405732992165,BGYOosykefHjv0pL35TMz2,108933258580999,cmenttor,2025-06-20T12:00:17.321000+00:00,Ghana,-0.2074968,5.5734734,0.0
765313332818696,BGYOosykefHjv0pL35TMz2,108933258580999,cmenttor,2025-06-20T12:02:50.340000+00:00,Ghana,-0.2083874,5.5748703,0.0
773244515364359,BGYOosykefHjv0pL35TMz2,108933258580999,cmenttor,2025-06-20T11:59:16.983000+00:00,Ghana,-0.2067193,5.5736942,0.0
999635995581998,BGYOosykefHjv0pL35TMz2,108933258580999,cmenttor,2025-06-20T12:02:25.850000+00:00,Ghana,-0.2083098,5.5745415,0.0
1002375911972309,BGYOosykefHjv0pL35TMz2,108933258580999,cmenttor,2025-06-20T12:00:53.879000+00:00,Ghana,-0.2079834,5.5733485,0.0
1017734776818067,BGYOosykefHjv0pL35TMz2,108933258580999,cmenttor,2025-06-20T12:02:52.902000+00:00,Ghana,-0.2083902,5.5749014,0.0
1021757123453523,BGYOosykefHjv0pL35TMz2,108933258580999,cmenttor,2025-06-20T12:01:59.218000+00:00,Ghana,-0.2082317,5.574212,0.0
1023499206606947,BGYOosykefHjv0pL35TMz2,108933258580999,cmenttor,2025-06-20T12:00:47.103000+00:00,Ghana,-0.2079051,5.5733686,0.0
1049087330748279,BGYOosykefHjv0pL35TMz2,108933258580999,cmenttor,2025-06-20T11:59:18.312000+00:00,Ghana,-0.2067474,5.5736861,0.0
1060516552699114,BGYOosykefHjv0pL35TMz2,108933258580999,cmenttor,2025-06-20T11:59:42.022000+00:00,Ghana,-0.2070369,5.5735692,0.0
1063716498522965,BGYOosykefHjv0pL35TMz2,108933258580999,cmenttor,2025-06-20T12:03:18.369000+00:00,Ghana,-0.2085109,5.5752364,0.0
1067227638703645,BGYOosykefHjv0pL35TMz2,108933258580999,cmenttor,2025-06-20T12:00:19.046000+00:00,Ghana,-0.2075254,5.5734729,0.0
1068931891235160,BGYOosykefHjv0pL35TMz2,108933258580999,cmenttor,2025-06-20T11:59:41.403000+00:00,Ghana,-0.2070226,5.5735743,0.0
1077098387101241,BGYOosykefHjv0pL35TMz2,108933258580999,cmenttor,2025-06-20T12:03:14.791000+00:00,Ghana,-0.2084808,5.5751867,0.0
1080989367423536,BGYOosykefHjv0pL35TMz2,108933258580999,cmenttor,2025-06-20T11:58:48.389000+00:00,Ghana,-0.2063491,5.5737617,0.0
1084887036912954,BGYOosykefHjv0pL35TMz2,108933258580999,cmenttor,2025-06-20T11:59:38.876000+00:00,Ghana,-0.2069939,5.5735721,0.0
1088448979837907,BGYOosykefHjv0pL35TMz2,108933258580999,cmenttor,2025-06-20T12:02:37.048000+00:00,Ghana,-0.2083731,5.5747197,0.0
1098077972180535,BGYOosykefHjv0pL35TMz2,108933258580999,cmenttor,2025-06-20T12:02:21.733000+00:00,Ghana,-0.2083044,5.5744798,0.0
1107039771290597,BGYOosykefHjv0pL35TMz2,108933258580999,cmenttor,2025-06-20T12:00:00.340000+00:00,Ghana,-0.2072962,5.5734935,0.0
1107054578148375,BGYOosykefHjv0pL35TMz2,108933258580999,cmenttor,2025-06-20T11:59:01.226000+00:00,Ghana,-0.2065218,5.573752,0.0
1107133617912687,BGYOosykefHjv0pL35TMz2,108933258580999,cmenttor,2025-06-20T12:00:30.119000+00:00,Ghana,-0.2076673,5.5734279,0.0
1123136112997636,BGYOosykefHjv0pL35TMz2,108933258580999,cmenttor,2025-06-20T12:00:36.401000+00:00,Ghana,-0.2077504,5.5734095,0.0
1141393808038932,BGYOosykefHjv0pL35TMz2,108933258580999,cmenttor,2025-06-20T12:00:14.703000+00:00,Ghana,-0.207451,5.5734735,0.0
1141500618010547,BGYOosykefHjv0pL35TMz2,108933258580999,cmenttor,2025-06-20T12:01:53.370000+00:00,Ghana,-0.2082295,5.5741247,0.0
1144340200790710,BGYOosykefHjv0pL35TMz2,108933258580999,cmenttor,2025-06-20T11:59:24.322000+00:00,Ghana,-0.2068342,5.5736542,0.0
1149604397187349,BGYOosykefHjv0pL35TMz2,108933258580999,cmenttor,2025-06-20T12:00:07.688000+00:00,Ghana,-0.2073644,5.5734703,0.0
1221364805928066,BGYOosykefHjv0pL35TMz2,108933258580999,cmenttor,2025-06-20T12:03:01.450000+00:00,Ghana,-0.2084189,5.5750156,0.0
1222064119930638,BGYOosykefHjv0pL35TMz2,108933258580999,cmenttor,2025-06-20T11:58:34.359000+00:00,Ghana,-0.206141,5.5737811,0.0
1226042858640115,BGYOosykefHjv0pL35TMz2,108933258580999,cmenttor,2025-06-20T11:58:34.135000+00:00,Ghana,-0.206143,5.5737826,0.0
1230011418918441,BGYOosykefHjv0pL35TMz2,108933258580999,cmenttor,2025-06-20T11:59:23.871000+00:00,Ghana,-0.2068066,5.573658,0.0
1233108781835938,BGYOosykefHjv0pL35TMz2,108933258580999,cmenttor,2025-06-20T12:02:34.311000+00:00,Ghana,-0.2083648,5.5746899,0.0
1233778265428433,BGYOosykefHjv0pL35TMz2,108933258580999,cmenttor,2025-06-20T11:58:25.460000+00:00,Ghana,-0.2060141,5.5737053,0.0
1236279684548630,BGYOosykefHjv0pL35TMz2,108933258580999,cmenttor,2025-06-20T12:00:10.858000+00:00,Ghana,-0.2073872,5.5734769,0.0
1241259017377274,BGYOosykefHjv0pL35TMz2,108933258580999,cmenttor,2025-06-20T11:58:32.905000+00:00,Ghana,-0.206116,5.5737647,0.0
1244357887393234,BGYOosykefHjv0pL35TMz2,108933258580999,cmenttor,2025-06-20T11:58:29.003000+00:00,Ghana,-0.2060663,5.5737466,0.0
1245513523687802,BGYOosykefHjv0pL35TMz2,108933258580999,cmenttor,2025-06-20T12:02:17.647000+00:00,Ghana,-0.208305,5.57442,0.0
1246085006971093,BGYOosykefHjv0pL35TMz2,108933258580999,cmenttor,2025-06-20T11:58:59.724000+00:00,Ghana,-0.2064922,5.5737596,0.0
1249431350153468,BGYOosykefHjv0pL35TMz2,108933258580999,cmenttor,2025-06-20T11:58:35.313000+00:00,Ghana,-0.2061684,5.5737962,0.0
1249513603569814,BGYOosykefHjv0pL35TMz2,108933258580999,cmenttor,2025-06-20T12:03:03.960000+00:00,Ghana,-0.2084219,5.5750451,0.0
1250622233431348,BGYOosykefHjv0pL35TMz2,108933258580999,cmenttor,2025-06-20T12:00:45.147000+00:00,Ghana,-0.2078759,5.5733769,0.0
1262662062250870,BGYOosykefHjv0pL35TMz2,108933258580999,cmenttor,2025-06-20T12:01:50.995000+00:00,Ghana,-0.208226,5.5740669,0.0
1268687247602524,BGYOosykefHjv0pL35TMz2,108933258580999,cmenttor,2025-06-20T11:58:37.914000+00:00,Ghana,-0.2062011,5.5737947,0.0
1273072144440215,BGYOosykefHjv0pL35TMz2,108933258580999,cmenttor,2025-06-20T12:01:48.375000+00:00,Ghana,-0.2082205,5.5740342,0.0
1278911930564942,BGYOosykefHjv0pL35TMz2,108933258580999,cmenttor,2025-06-20T12:01:23.671000+00:00,Ghana,-0.2081232,5.5737169,0.0
1320645772759004,BGYOosykefHjv0pL35TMz2,108933258580999,cmenttor,2025-06-20T11:59:44.975000+00:00,Ghana,-0.2070702,5.5735688,0.0
1349608142797326,BGYOosykefHjv0pL35TMz2,108933258580999,cmenttor,2025-06-20T12:01:47.824000+00:00,Ghana,-0.2082173,5.5740069,0.0
1357878122431541,BGYOosykefHjv0pL35TMz2,108933258580999,cmenttor,2025-06-20T11:59:51.938000+00:00,Ghana,-0.2071802,5.5735217,0.0
1370825370874806,BGYOosykefHjv0pL35TMz2,108933258580999,cmenttor,2025-06-20T12:02:40.682000+00:00,Ghana,-0.2083749,5.5747479,0.0
1373181850582142,BGYOosykefHjv0pL35TMz2,108933258580999,cmenttor,2025-06-20T12:01:28.277000+00:00,Ghana,-0.2081334,5.5737734,0.0
1398618281568496,BGYOosykefHjv0pL35TMz2,108933258580999,cmenttor,2025-06-20T12:02:47.315000+00:00,Ghana,-0.2083851,5.5748394,0.0
1399687574636971,BGYOosykefHjv0pL35TMz2,108933258580999,cmenttor,2025-06-20T11:59:14.375000+00:00,Ghana,-0.2066912,5.5737043,0.0
1404543947419030,BGYOosykefHjv0pL35TMz2,108933258580999,cmenttor,2025-06-20T11:59:35.830000+00:00,Ghana,-0.2069651,5.573586,0.0
1417502089493206,BGYOosykefHjv0pL35TMz2,108933258580999,cmenttor,2025-06-20T12:02:29.907000+00:00,Ghana,-0.2083249,5.5746051,0.0
1420818095720883,BGYOosykefHjv0pL35TMz2,108933258580999,cmenttor,2025-06-20T12:00:34.206000+00:00,Ghana,-0.2077234,5.5734144,0.0
1425040778693325,BGYOosykefHjv0pL35TMz2,108933258580999,cmenttor,2025-06-20T12:01:08.783000+00:00,Ghana,-0.2080745,5.5735121,0.0
1443035260136349,BGYOosykefHjv0pL35TMz2,108933258580999,cmenttor,2025-06-20T12:01:12.829000+00:00,Ghana,-0.2080828,5.5735761,0.0
1445264876501391,BGYOosykefHjv0pL35TMz2,108933258580999,cmenttor,2025-06-20T11:58:22.316000+00:00,Ghana,-0.2059981,5.5736817,0.0
1446399509698491,BGYOosykefHjv0pL35TMz2,108933258580999,cmenttor,2025-06-20T12:02:27.882000+00:00,Ghana,-0.2083128,5.5745732,0.0
1450547539312046,BGYOosykefHjv0pL35TMz2,108933258580999,cmenttor,2025-06-20T11:58:46.089000+00:00,Ghana,-0.2063202,5.5737631,0.0
1453245886100623,BGYOosykefHjv0pL35TMz2,108933258580999,cmenttor,2025-06-20T12:01:20.346000+00:00,Ghana,-0.2081101,5.5736897,0.0
1454974775948314,BGYOosykefHjv0pL35TMz2,108933258580999,cmenttor,2025-06-20T12:00:59.763000+00:00,Ghana,-0.208048,5.5734009,0.0
1474259280615710,BGYOosykefHjv0pL35TMz2,108933258580999,cmenttor,2025-06-20T12:02:19.736000+00:00,Ghana,-0.2083036,5.5744499,0.0
1476934276802376,BGYOosykefHjv0pL35TMz2,108933258580999,cmenttor,2025-06-20T12:01:52.550000+00:00,Ghana,-0.2082283,5.5740953,0.0
1537192370588370,BGYOosykefHjv0pL35TMz2,108933258580999,cmenttor,2025-06-20T11:58:17.603000+00:00,Ghana,-0.205993,5.5736407,0.0
1569156624041709,BGYOosykefHjv0pL35TMz2,108933258580999,cmenttor,2025-06-20T11:58:27.986000+00:00,Ghana,-0.2060357,5.5737303,0.0
1623523738339018,BGYOosykefHjv0pL35TMz2,108933258580999,cmenttor,2025-06-20T12:00:49.698000+00:00,Ghana,-0.2079359,5.5733546,0.0
1625359264796378,BGYOosykefHjv0pL35TMz2,108933258580999,cmenttor,2025-06-20T12:02:02.760000+00:00,Ghana,-0.2082403,5.5742447,0.0
1629313311096883,BGYOosykefHjv0pL35TMz2,108933258580999,cmenttor,2025-06-20T11:59:12.861000+00:00,Ghana,-0.206666,5.5737146,0.0
1637179156948344,BGYOosykefHjv0pL35TMz2,108933258580999,cmenttor,2025-06-20T11:58:43.354000+00:00,Ghana,-0.2062888,5.573775,0.0
1639018090141009,BGYOosykefHjv0pL35TMz2,108933258580999,cmenttor,2025-06-20T12:02:58.954000+00:00,Ghana,-0.208413,5.5749881,0.0
1641457969903283,BGYOosykefHjv0pL35TMz2,108933258580999,cmenttor,2025-06-20T11:58:06.702000+00:00,Ghana,-0.2059915,5.5736136,0.0
1719861251947408,BGYOosykefHjv0pL35TMz2,108933258580999,cmenttor,2025-06-20T12:00:24.497000+00:00,Ghana,-0.2075805,5.573453,0.0
1724783101463553,BGYOosykefHjv0pL35TMz2,108933258580999,cmenttor,2025-06-20T12:03:06.994000+00:00,Ghana,-0.2084327,5.5750757,0.0
1736826157711612,BGYOosykefHjv0pL35TMz2,108933258580999,cmenttor,2025-06-20T12:02:33.586000+00:00,Ghana,-0.2083492,5.5746597,0.0
1742669307129565,BGYOosykefHjv0pL35TMz2,108933258580999,cmenttor,2025-06-20T11:58:41.999000+00:00,Ghana,-0.2062622,5.5737848,0.0
1744188489523720,BGYOosykefHjv0pL35TMz2,108933258580999,cmenttor,2025-06-20T12:02:10.130000+00:00,Ghana,-0.2082731,5.5743323,0.0
1797619667806688,BGYOosykefHjv0pL35TMz2,108933258580999,cmenttor,2025-06-20T11:58:30.352000+00:00,Ghana,-0.2060845,5.5737521,0.0
1804274230130359,BGYOosykefHjv0pL35TMz2,108933258580999,cmenttor,2025-06-20T11:59:32.298000+00:00,Ghana,-0.2069403,5.5735974,0.0
1824312108153052,BGYOosykefHjv0pL35TMz2,108933258580999,cmenttor,2025-06-20T12:03:12.183000+00:00,Ghana,-0.2084649,5.5751622,0.0
1906333786582851,BGYOosykefHjv0pL35TMz2,108933258580999,cmenttor,2025-06-20T11:59:55.373000+00:00,Ghana,-0.2072382,5.5735083,0.0
1935375497234882,BGYOosykefHjv0pL35TMz2,108933258580999,cmenttor,2025-06-20T12:02:42.217000+00:00,Ghana,-0.2083793,5.5747765,0.0
1952063028898446,BGYOosykefHjv0pL35TMz2,108933258580999,cmenttor,2025-06-20T12:02:23.728000+00:00,Ghana,-0.2083051,5.5745088,0.0
1958839051586423,BGYOosykefHjv0pL35TMz2,108933258580999,cmenttor,2025-06-20T12:00:12.086000+00:00,Ghana,-0.2074215,5.5734745,0.0
1984100695742759,BGYOosykefHjv0pL35TMz2,108933258580999,cmenttor,2025-06-20T11:59:08.878000+00:00,Ghana,-0.206607,5.5737353,0.0
1998480900889675,BGYOosykefHjv0pL35TMz2,108933258580999,cmenttor,2025-06-20T11:58:20.961000+00:00,Ghana,-0.2059947,5.573654,0.0
2130913517396315,BGYOosykefHjv0pL35TMz2,108933258580999,cmenttor,2025-06-20T12:01:16.518000+00:00,Ghana,-0.2080947,5.573632,0.0
2197232497375105,BGYOosykefHjv0pL35TMz2,108933258580999,cmenttor,2025-06-20T12:03:20.397000+00:00,Ghana,-0.2085241,5.5752639,0.0
2210519292727391,BGYOosykefHjv0pL35TMz2,108933258580999,cmenttor,2025-06-20T12:00:03.757000+00:00,Ghana,-0.2073176,5.5734874,0.0
2283811385367836,BGYOosykefHjv0pL35TMz2,108933258580999,cmenttor,2025-06-20T12:00:26.591000+00:00,Ghana,-0.2076083,5.5734433,0.0
2352722105122508,BGYOosykefHjv0pL35TMz2,108933258580999,cmenttor,2025-06-20T12:03:16.343000+00:00,Ghana,-0.2084967,5.5752122,0.0
2470057673331931,BGYOosykefHjv0pL35TMz2,108933258580999,cmenttor,2025-06-20T12:02:07.985000+00:00,Ghana,-0.2082593,5.5743016,0.0
2738582599677739,BGYOosykefHjv0pL35TMz2,108933258580999,cmenttor,2025-06-20T12:01:14.518000+00:00,Ghana,-0.2080912,5.5736034,0.0
2750802965130463,BGYOosykefHjv0pL35TMz2,108933258580999,cmenttor,2025-06-20T12:01:44.781000+00:00,Ghana,-0.2081926,5.5739562,0.0
2764835273861079,BGYOosykefHjv0pL35TMz2,108933258580999,cmenttor,2025-06-20T12:01:25.244000+00:00,Ghana,-0.2081299,5.5737443,0.0
2883669655157233,BGYOosykefHjv0pL35TMz2,108933258580999,cmenttor,2025-06-20T12:01:57.093000+00:00,Ghana,-0.2082298,5.574183,0.0
3449572801851456,BGYOosykefHjv0pL35TMz2,108933258580999,cmenttor,2025-06-20T12:01:18.048000+00:00,Ghana,-0.2080997,5.5736642,0.0
3572313666410510,BGYOosykefHjv0pL35TMz2,108933258580999,cmenttor,2025-06-20T11:58:39.992000+00:00,Ghana,-0.2062332,5.5737904,0.0
3909110152733616,BGYOosykefHjv0pL35TMz2,108933258580999,cmenttor,2025-06-20T12:02:14.380000+00:00,Ghana,-0.2082973,5.5743884,0.0
3983113545296535,BGYOosykefHjv0pL35TMz2,108933258580999,cmenttor,2025-06-20T11:59:58.689000+00:00,Ghana,-0.207269,5.573504,0.0
4162706767384118,BGYOosykefHjv0pL35TMz2,108933258580999,cmenttor,2025-06-20T11:59:10.861000+00:00,Ghana,-0.2066367,5.5737246,0.0
9342308242537642,BGYOosykefHjv0pL35TMz2,108933258580999,cmenttor,2025-06-20T12:00:22.582000+00:00,Ghana,-0.2075559,5.573466,0.0
9959342217526023,BGYOosykefHjv0pL35TMz2,108933258580999,cmenttor,2025-06-20T11:59:26.843000+00:00,Ghana,-0.2068608,5.5736401,0.0
24535868679349801,BGYOosykefHjv0pL35TMz2,108933258580999,cmenttor,2025-06-20T12:02:56.860000+00:00,Ghana,-0.2084036,5.5749591,0.0
498251996678677,PyxBoHc4QRhz2gWeUYMkmL,108933258580999,cmenttor,2025-06-26T10:11:09.193000+00:00,Ghana,-1.5989834,6.7089526,0.0
512121138589333,PyxBoHc4QRhz2gWeUYMkmL,108933258580999,cmenttor,2025-06-26T10:10:32.251000+00:00,Ghana,-1.5986036,6.7094084,0.0
517563611443328,5qbER6yZ8wmVksHFMPIgBD,108933258580999,cmenttor,2025-06-23T12:46:05.421000+00:00,Ghana,-0.1730052,5.5870759,0.0
568987789417100,IWuV75LKoj1294FRmnhqts,108933258580999,cmenttor,2025-06-23T12:41:36.382000+00:00,Ghana,-0.177593,5.5856496,0.0
569307136043686,IWuV75LKoj1294FRmnhqts,108933258580999,cmenttor,2025-06-23T12:41:30.375000+00:00,Ghana,-0.1779849,5.5853338,0.0
585134897658526,PyxBoHc4QRhz2gWeUYMkmL,108933258580999,cmenttor,2025-06-26T10:11:27.192000+00:00,Ghana,-1.598425,6.7073029,0.0
587354901093764,5qbER6yZ8wmVksHFMPIgBD,108933258580999,cmenttor,2025-06-23T12:43:59.364000+00:00,Ghana,-0.1758199,5.5874197,0.0
590974490334518,5qbER6yZ8wmVksHFMPIgBD,108933258580999,cmenttor,2025-06-23T12:46:03.427000+00:00,Ghana,-0.1733126,5.5871432,0.0
604680379317665,PyxBoHc4QRhz2gWeUYMkmL,108933258580999,cmenttor,2025-06-26T10:11:10.237000+00:00,Ghana,-1.5989414,6.7088779,0.0
607743069008515,PyxBoHc4QRhz2gWeUYMkmL,108933258580999,cmenttor,2025-06-26T10:11:13.676000+00:00,Ghana,-1.5987951,6.7086711,0.0
610621588719425,IWuV75LKoj1294FRmnhqts,108933258580999,cmenttor,2025-06-23T12:41:19.427000+00:00,Ghana,-0.1789125,5.5846597,0.0
611979391383850,IWuV75LKoj1294FRmnhqts,108933258580999,cmenttor,2025-06-23T12:41:58.530000+00:00,Ghana,-0.1762395,5.5860321,0.0
612349167991330,PyxBoHc4QRhz2gWeUYMkmL,108933258580999,cmenttor,2025-06-26T10:11:59.145000+00:00,Ghana,-1.5974447,6.7027477,0.0
612731911888115,PyxBoHc4QRhz2gWeUYMkmL,108933258580999,cmenttor,2025-06-26T10:11:47.226000+00:00,Ghana,-1.5978466,6.7045236,0.0
613016034579628,IWuV75LKoj1294FRmnhqts,108933258580999,cmenttor,2025-06-23T12:41:13.436000+00:00,Ghana,-0.1794939,5.5842391,0.0
613195364597829,IWuV75LKoj1294FRmnhqts,108933258580999,cmenttor,2025-06-23T12:41:38.413000+00:00,Ghana,-0.1774565,5.5857337,0.0
614841544955739,IWuV75LKoj1294FRmnhqts,108933258580999,cmenttor,2025-06-23T12:41:49.491000+00:00,Ghana,-0.1766739,5.5859771,0.0
620443027764432,PyxBoHc4QRhz2gWeUYMkmL,108933258580999,cmenttor,2025-06-26T10:10:53.982000+00:00,Ghana,-1.5992289,6.7094181,0.0
621190111006446,IWuV75LKoj1294FRmnhqts,108933258580999,cmenttor,2025-06-23T12:41:16.453000+00:00,Ghana,-0.1792086,5.5844484,0.0
634454403001289,PyxBoHc4QRhz2gWeUYMkmL,108933258580999,cmenttor,2025-06-26T10:11:16.183000+00:00,Ghana,-1.5986469,6.7083599,0.0
640188489081277,PyxBoHc4QRhz2gWeUYMkmL,108933258580999,cmenttor,2025-06-26T10:10:34.238000+00:00,Ghana,-1.5987062,6.7094061,0.0
651614084004767,PyxBoHc4QRhz2gWeUYMkmL,108933258580999,cmenttor,2025-06-26T10:10:14.143000+00:00,Ghana,-1.5970783,6.7099265,0.0
669915566048485,PyxBoHc4QRhz2gWeUYMkmL,108933258580999,cmenttor,2025-06-26T10:11:04.157000+00:00,Ghana,-1.5991986,6.7092122,0.0
673677905668691,IWuV75LKoj1294FRmnhqts,108933258580999,cmenttor,2025-06-23T12:41:56.620000+00:00,Ghana,-0.1763065,5.586026,0.0
674298368943439,IWuV75LKoj1294FRmnhqts,108933258580999,cmenttor,2025-06-23T12:40:54.367000+00:00,Ghana,-0.1807341,5.5833102,0.0
674893108887082,IWuV75LKoj1294FRmnhqts,108933258580999,cmenttor,2025-06-23T12:40:16.272000+00:00,Ghana,-0.1821372,5.5821279,0.0
674973848914326,PyxBoHc4QRhz2gWeUYMkmL,108933258580999,cmenttor,2025-06-26T10:11:25.197000+00:00,Ghana,-1.598468,6.7075019,0.0
688699483993573,5qbER6yZ8wmVksHFMPIgBD,108933258580999,cmenttor,2025-06-23T12:44:25.169000+00:00,Ghana,-0.1757867,5.5875,0.0
693739970307782,PyxBoHc4QRhz2gWeUYMkmL,108933258580999,cmenttor,2025-06-26T10:10:55.174000+00:00,Ghana,-1.5993033,6.7094101,0.0
693907616764767,IWuV75LKoj1294FRmnhqts,108933258580999,cmenttor,2025-06-23T12:42:23.394000+00:00,Ghana,-0.1760597,5.5862456,0.0
696471613266397,PyxBoHc4QRhz2gWeUYMkmL,108933258580999,cmenttor,2025-06-26T10:10:16.204000+00:00,Ghana,-1.5972959,6.7097258,0.0
697575663254209,5qbER6yZ8wmVksHFMPIgBD,108933258580999,cmenttor,2025-06-23T12:45:59.371000+00:00,Ghana,-0.1738983,5.5872595,0.0
699344986347474,IWuV75LKoj1294FRmnhqts,108933258580999,cmenttor,2025-06-23T12:41:29.464000+00:00,Ghana,-0.1780501,5.5852762,0.0
699906499575934,PyxBoHc4QRhz2gWeUYMkmL,108933258580999,cmenttor,2025-06-26T10:10:54.228000+00:00,Ghana,-1.5992717,6.7094127,0.0
700725256058597,IWuV75LKoj1294FRmnhqts,108933258580999,cmenttor,2025-06-23T12:40:18.197000+00:00,Ghana,-0.1820802,5.5822804,0.0
701651722779564,PyxBoHc4QRhz2gWeUYMkmL,108933258580999,cmenttor,2025-06-26T10:11:12.230000+00:00,Ghana,-1.5988262,6.7087112,0.0
701937932721975,PyxBoHc4QRhz2gWeUYMkmL,108933258580999,cmenttor,2025-06-26T10:10:37.170000+00:00,Ghana,-1.5988228,6.7093734,0.0
701998949421992,IWuV75LKoj1294FRmnhqts,108933258580999,cmenttor,2025-06-23T12:41:57.654000+00:00,Ghana,-0.17627,5.5860302,0.0
702224409448335,IWuV75LKoj1294FRmnhqts,108933258580999,cmenttor,2025-06-23T12:41:53.441000+00:00,Ghana,-0.176443,5.5860053,0.0
702993329230798,PyxBoHc4QRhz2gWeUYMkmL,108933258580999,cmenttor,2025-06-26T10:11:07.169000+00:00,Ghana,-1.5990723,6.7090695,0.0
703378475873264,5qbER6yZ8wmVksHFMPIgBD,108933258580999,cmenttor,2025-06-23T12:45:43.463000+00:00,Ghana,-0.1756647,5.5876325,0.0
704117705918103,PyxBoHc4QRhz2gWeUYMkmL,108933258580999,cmenttor,2025-06-26T10:11:37.223000+00:00,Ghana,-1.5981785,6.706112,0.0
704185272573893,IWuV75LKoj1294FRmnhqts,108933258580999,cmenttor,2025-06-23T12:41:54.437000+00:00,Ghana,-0.1763897,5.5860142,0.0
705961812327146,IWuV75LKoj1294FRmnhqts,108933258580999,cmenttor,2025-06-23T12:41:21.420000+00:00,Ghana,-0.1787262,5.5847939,0.0
712680821517078,IWuV75LKoj1294FRmnhqts,108933258580999,cmenttor,2025-06-23T12:41:24.397000+00:00,Ghana,-0.1784459,5.584995,0.0
712911431446072,IWuV75LKoj1294FRmnhqts,108933258580999,cmenttor,2025-06-23T12:41:42.466000+00:00,Ghana,-0.1771501,5.5858584,0.0
718026000823131,IWuV75LKoj1294FRmnhqts,108933258580999,cmenttor,2025-06-23T12:40:14.388000+00:00,Ghana,-0.1821419,5.5821649,0.0
718849324214545,PyxBoHc4QRhz2gWeUYMkmL,108933258580999,cmenttor,2025-06-26T10:11:21.211000+00:00,Ghana,-1.5985427,6.7078799,0.0
719136497637664,IWuV75LKoj1294FRmnhqts,108933258580999,cmenttor,2025-06-23T12:42:34.375000+00:00,Ghana,-0.1759814,5.5865354,0.0
720254560585807,PyxBoHc4QRhz2gWeUYMkmL,108933258580999,cmenttor,2025-06-26T10:10:25.142000+00:00,Ghana,-1.5982262,6.7095918,0.0
722645870311879,IWuV75LKoj1294FRmnhqts,108933258580999,cmenttor,2025-06-23T12:41:12.405000+00:00,Ghana,-0.179588,5.5841636,0.0
722722243679770,IWuV75LKoj1294FRmnhqts,108933258580999,cmenttor,2025-06-23T12:41:27.434000+00:00,Ghana,-0.1781912,5.585174,0.0
724542737194844,IWuV75LKoj1294FRmnhqts,108933258580999,cmenttor,2025-06-23T12:40:28.413000+00:00,Ghana,-0.1813131,5.5828702,0.0
725177273317302,IWuV75LKoj1294FRmnhqts,108933258580999,cmenttor,2025-06-23T12:41:15.458000+00:00,Ghana,-0.179304,5.5843803,0.0
725911046798336,IWuV75LKoj1294FRmnhqts,108933258580999,cmenttor,2025-06-23T12:41:51.475000+00:00,Ghana,-0.1765542,5.5859949,0.0
726881913076626,PyxBoHc4QRhz2gWeUYMkmL,108933258580999,cmenttor,2025-06-26T10:10:17.158000+00:00,Ghana,-1.5974329,6.7096933,0.0
728457362901005,PyxBoHc4QRhz2gWeUYMkmL,108933258580999,cmenttor,2025-06-26T10:10:49.198000+00:00,Ghana,-1.5991493,6.7093998,0.0
731592582654577,PyxBoHc4QRhz2gWeUYMkmL,108933258580999,cmenttor,2025-06-26T10:11:43.171000+00:00,Ghana,-1.5979763,6.7051534,0.0
732428895844222,IWuV75LKoj1294FRmnhqts,108933258580999,cmenttor,2025-06-23T12:42:28.359000+00:00,Ghana,-0.176017,5.5864005,0.0
733403272429887,PyxBoHc4QRhz2gWeUYMkmL,108933258580999,cmenttor,2025-06-26T10:10:09.942000+00:00,Ghana,-1.5947867,6.7133067,0.0
735791352357569,IWuV75LKoj1294FRmnhqts,108933258580999,cmenttor,2025-06-23T12:41:50.458000+00:00,Ghana,-0.1766137,5.5859901,0.0
737210262601686,IWuV75LKoj1294FRmnhqts,108933258580999,cmenttor,2025-06-23T12:41:31.455000+00:00,Ghana,-0.1779231,5.5853937,0.0
737302678977721,PyxBoHc4QRhz2gWeUYMkmL,108933258580999,cmenttor,2025-06-26T10:10:46.256000+00:00,Ghana,-1.5990794,6.7093726,0.0
738501545284233,IWuV75LKoj1294FRmnhqts,108933258580999,cmenttor,2025-06-23T12:41:37.436000+00:00,Ghana,-0.1775221,5.5856926,0.0
740409071715617,PyxBoHc4QRhz2gWeUYMkmL,108933258580999,cmenttor,2025-06-26T10:11:14.685000+00:00,Ghana,-1.5987355,6.7085855,0.0
740580605215503,PyxBoHc4QRhz2gWeUYMkmL,108933258580999,cmenttor,2025-06-26T10:10:11.243000+00:00,Ghana,-1.5950048,6.7127309,0.0
740978575035619,PyxBoHc4QRhz2gWeUYMkmL,108933258580999,cmenttor,2025-06-26T10:10:12.302000+00:00,Ghana,-1.5952622,6.712287,0.0
742712758233274,PyxBoHc4QRhz2gWeUYMkmL,108933258580999,cmenttor,2025-06-26T10:10:48.917000+00:00,Ghana,-1.5991192,6.7093841,0.0
743101728232277,PyxBoHc4QRhz2gWeUYMkmL,108933258580999,cmenttor,2025-06-26T10:11:55.224000+00:00,Ghana,-1.5975901,6.7032808,0.0
747262541292370,IWuV75LKoj1294FRmnhqts,108933258580999,cmenttor,2025-06-23T12:40:57.370000+00:00,Ghana,-0.1806275,5.5833927,0.0
749355594295523,5qbER6yZ8wmVksHFMPIgBD,108933258580999,cmenttor,2025-06-23T12:45:41.417000+00:00,Ghana,-0.1757516,5.5875664,0.0
749555167739304,IWuV75LKoj1294FRmnhqts,108933258580999,cmenttor,2025-06-23T12:40:35.387000+00:00,Ghana,-0.1809805,5.5831288,0.0
750074320914889,IWuV75LKoj1294FRmnhqts,108933258580999,cmenttor,2025-06-23T12:41:23.390000+00:00,Ghana,-0.1785368,5.5849285,0.0
751827147194438,IWuV75LKoj1294FRmnhqts,108933258580999,cmenttor,2025-06-23T12:40:15.853000+00:00,Ghana,-0.1821228,5.582021,0.0
752648517441931,PyxBoHc4QRhz2gWeUYMkmL,108933258580999,cmenttor,2025-06-26T10:12:07.187000+00:00,Ghana,-1.5969884,6.7018884,0.0
754637993805580,PyxBoHc4QRhz2gWeUYMkmL,108933258580999,cmenttor,2025-06-26T10:10:45.181000+00:00,Ghana,-1.5990505,6.7093749,0.0
758401996846180,PyxBoHc4QRhz2gWeUYMkmL,108933258580999,cmenttor,2025-06-26T10:10:31.197000+00:00,Ghana,-1.5985368,6.7094097,0.0
758616159939494,IWuV75LKoj1294FRmnhqts,108933258580999,cmenttor,2025-06-23T12:40:40.490000+00:00,Ghana,-0.1809281,5.5831582,0.0
760753929849206,PyxBoHc4QRhz2gWeUYMkmL,108933258580999,cmenttor,2025-06-26T10:11:06.221000+00:00,Ghana,-1.5991135,6.7091187,0.0
766460185721280,PyxBoHc4QRhz2gWeUYMkmL,108933258580999,cmenttor,2025-06-26T10:12:04.174000+00:00,Ghana,-1.5971709,6.7021895,0.0
768230715560123,IWuV75LKoj1294FRmnhqts,108933258580999,cmenttor,2025-06-23T12:40:17.217000+00:00,Ghana,-0.1821018,5.5822309,0.0
771611328630644,IWuV75LKoj1294FRmnhqts,108933258580999,cmenttor,2025-06-23T12:41:20.370000+00:00,Ghana,-0.1788194,5.5847247,0.0
777095031308963,PyxBoHc4QRhz2gWeUYMkmL,108933258580999,cmenttor,2025-06-26T10:11:26.249000+00:00,Ghana,-1.5984464,6.707403,0.0
923186789948131,IWuV75LKoj1294FRmnhqts,108933258580999,cmenttor,2025-06-23T12:41:17.435000+00:00,Ghana,-0.1791039,5.5845176,0.0
982788523784528,5qbER6yZ8wmVksHFMPIgBD,108933258580999,cmenttor,2025-06-23T12:44:01.312000+00:00,Ghana,-0.1758047,5.5874897,0.0
1030202282644465,IWuV75LKoj1294FRmnhqts,108933258580999,cmenttor,2025-06-23T12:42:22.396000+00:00,Ghana,-0.1760661,5.5862114,0.0
1038387788027438,IWuV75LKoj1294FRmnhqts,108933258580999,cmenttor,2025-06-23T12:41:09.434000+00:00,Ghana,-0.1798458,5.5839489,0.0
1042496651321379,PyxBoHc4QRhz2gWeUYMkmL,108933258580999,cmenttor,2025-06-26T10:11:17.228000+00:00,Ghana,-1.5986236,6.7082666,0.0
1044403237803267,IWuV75LKoj1294FRmnhqts,108933258580999,cmenttor,2025-06-23T12:40:29.360000+00:00,Ghana,-0.1812461,5.58293,0.0
1049322623479526,IWuV75LKoj1294FRmnhqts,108933258580999,cmenttor,2025-06-23T12:40:58.453000+00:00,Ghana,-0.180583,5.5834223,0.0
1050111543766480,PyxBoHc4QRhz2gWeUYMkmL,108933258580999,cmenttor,2025-06-26T10:12:03.227000+00:00,Ghana,-1.5972273,6.7022901,0.0
1052013800397161,PyxBoHc4QRhz2gWeUYMkmL,108933258580999,cmenttor,2025-06-26T10:11:01.256000+00:00,Ghana,-1.5993061,6.709318,0.0
1058869075768365,PyxBoHc4QRhz2gWeUYMkmL,108933258580999,cmenttor,2025-06-26T10:11:19.227000+00:00,Ghana,-1.5985848,6.7080753,0.0
1059945172778680,IWuV75LKoj1294FRmnhqts,108933258580999,cmenttor,2025-06-23T12:40:33.831000+00:00,Ghana,-0.1810413,5.5830895,0.0
1061595049438059,PyxBoHc4QRhz2gWeUYMkmL,108933258580999,cmenttor,2025-06-26T10:11:49.178000+00:00,Ghana,-1.5977929,6.7042099,0.0
1062817429141503,IWuV75LKoj1294FRmnhqts,108933258580999,cmenttor,2025-06-23T12:41:43.406000+00:00,Ghana,-0.1770742,5.5858768,0.0
1063063048620146,IWuV75LKoj1294FRmnhqts,108933258580999,cmenttor,2025-06-23T12:41:10.409000+00:00,Ghana,-0.1797606,5.5840238,0.0
1070857211144566,PyxBoHc4QRhz2gWeUYMkmL,108933258580999,cmenttor,2025-06-26T10:11:20.274000+00:00,Ghana,-1.5985663,6.7079789,0.0
1072657324773222,5qbER6yZ8wmVksHFMPIgBD,108933258580999,cmenttor,2025-06-23T12:46:07.408000+00:00,Ghana,-0.1726914,5.5870078,0.0
1074065924782239,PyxBoHc4QRhz2gWeUYMkmL,108933258580999,cmenttor,2025-06-26T10:11:02.270000+00:00,Ghana,-1.5992756,6.7092852,0.0
1074501768001965,5qbER6yZ8wmVksHFMPIgBD,108933258580999,cmenttor,2025-06-23T12:45:42.449000+00:00,Ghana,-0.1757196,5.5876036,0.0
1078126657538867,IWuV75LKoj1294FRmnhqts,108933258580999,cmenttor,2025-06-23T12:41:08.343000+00:00,Ghana,-0.17993,5.5838888,0.0
1087475789964250,IWuV75LKoj1294FRmnhqts,108933258580999,cmenttor,2025-06-23T12:40:24.245000+00:00,Ghana,-0.1815832,5.5826607,0.0
1089219129744193,PyxBoHc4QRhz2gWeUYMkmL,108933258580999,cmenttor,2025-06-26T10:10:26.197000+00:00,Ghana,-1.5982264,6.7095097,0.0
1091680313013142,PyxBoHc4QRhz2gWeUYMkmL,108933258580999,cmenttor,2025-06-26T10:11:45.163000+00:00,Ghana,-1.5979106,6.7048396,0.0
1095914805715658,IWuV75LKoj1294FRmnhqts,108933258580999,cmenttor,2025-06-23T12:41:44.454000+00:00,Ghana,-0.1770044,5.5858956,0.0
1096665702328609,5qbER6yZ8wmVksHFMPIgBD,108933258580999,cmenttor,2025-06-23T12:43:57.373000+00:00,Ghana,-0.1758438,5.5872811,0.0
1102844211895792,5qbER6yZ8wmVksHFMPIgBD,108933258580999,cmenttor,2025-06-23T12:46:18.453000+00:00,Ghana,-0.171288,5.5867204,0.0
1114882697128971,5qbER6yZ8wmVksHFMPIgBD,108933258580999,cmenttor,2025-06-23T12:43:55.481000+00:00,Ghana,-0.175883,5.5871179,0.0
1115938650365208,PyxBoHc4QRhz2gWeUYMkmL,108933258580999,cmenttor,2025-06-26T10:11:23.225000+00:00,Ghana,-1.5985045,6.7076884,0.0
1125252186190701,PyxBoHc4QRhz2gWeUYMkmL,108933258580999,cmenttor,2025-06-26T10:10:39.239000+00:00,Ghana,-1.5988495,6.7093433,0.0
1134951015314770,IWuV75LKoj1294FRmnhqts,108933258580999,cmenttor,2025-06-23T12:41:18.417000+00:00,Ghana,-0.1789994,5.5845867,0.0
1138670944970748,PyxBoHc4QRhz2gWeUYMkmL,108933258580999,cmenttor,2025-06-26T10:11:00.208000+00:00,Ghana,-1.5993292,6.7093479,0.0
1143234567646555,PyxBoHc4QRhz2gWeUYMkmL,108933258580999,cmenttor,2025-06-26T10:10:22.142000+00:00,Ghana,-1.5978862,6.7096609,0.0
1168136888452446,IWuV75LKoj1294FRmnhqts,108933258580999,cmenttor,2025-06-23T12:40:31.455000+00:00,Ghana,-0.1811287,5.5830248,0.0
1185724126902097,IWuV75LKoj1294FRmnhqts,108933258580999,cmenttor,2025-06-23T12:41:28.448000+00:00,Ghana,-0.1781193,5.5852217,0.0
1213792890760335,IWuV75LKoj1294FRmnhqts,108933258580999,cmenttor,2025-06-23T12:41:34.386000+00:00,Ghana,-0.1777324,5.5855501,0.0
1218055570101969,PyxBoHc4QRhz2gWeUYMkmL,108933258580999,cmenttor,2025-06-26T10:11:39.149000+00:00,Ghana,-1.5981083,6.7058105,0.0
1218733206130757,PyxBoHc4QRhz2gWeUYMkmL,108933258580999,cmenttor,2025-06-26T10:11:05.205000+00:00,Ghana,-1.5991557,6.7091698,0.0
1223773582832649,IWuV75LKoj1294FRmnhqts,108933258580999,cmenttor,2025-06-23T12:41:04.502000+00:00,Ghana,-0.1802531,5.5836747,0.0
1225355958769487,5qbER6yZ8wmVksHFMPIgBD,108933258580999,cmenttor,2025-06-23T12:46:21.461000+00:00,Ghana,-0.1711073,5.5866708,0.0
1229836681963594,5qbER6yZ8wmVksHFMPIgBD,108933258580999,cmenttor,2025-06-23T12:43:58.416000+00:00,Ghana,-0.1758282,5.5873599,0.0
1230312038751384,PyxBoHc4QRhz2gWeUYMkmL,108933258580999,cmenttor,2025-06-26T10:10:30.155000+00:00,Ghana,-1.5984634,6.7094147,0.0
1235896451350123,PyxBoHc4QRhz2gWeUYMkmL,108933258580999,cmenttor,2025-06-26T10:11:08.005000+00:00,Ghana,-1.5990487,6.7090376,0.0
1236243151576169,IWuV75LKoj1294FRmnhqts,108933258580999,cmenttor,2025-06-23T12:42:18.437000+00:00,Ghana,-0.1761063,5.5860939,0.0
1239347604586047,IWuV75LKoj1294FRmnhqts,108933258580999,cmenttor,2025-06-23T12:40:20.292000+00:00,Ghana,-0.181959,5.5823985,0.0
1245884673613063,IWuV75LKoj1294FRmnhqts,108933258580999,cmenttor,2025-06-23T12:41:48.593000+00:00,Ghana,-0.1767396,5.5859649,0.0
1248048846857775,IWuV75LKoj1294FRmnhqts,108933258580999,cmenttor,2025-06-23T12:42:27.451000+00:00,Ghana,-0.1760261,5.5863734,0.0
1248921046946931,IWuV75LKoj1294FRmnhqts,108933258580999,cmenttor,2025-06-23T12:41:39.391000+00:00,Ghana,-0.1773856,5.5857739,0.0
1249647253278067,PyxBoHc4QRhz2gWeUYMkmL,108933258580999,cmenttor,2025-06-26T10:11:03.216000+00:00,Ghana,-1.5992402,6.7092521,0.0
1251864719872768,PyxBoHc4QRhz2gWeUYMkmL,108933258580999,cmenttor,2025-06-26T10:10:24.237000+00:00,Ghana,-1.5980827,6.7096545,0.0
1257201032713102,PyxBoHc4QRhz2gWeUYMkmL,108933258580999,cmenttor,2025-06-26T10:11:30.232000+00:00,Ghana,-1.5983595,6.7070011,0.0
1257535589335323,PyxBoHc4QRhz2gWeUYMkmL,108933258580999,cmenttor,2025-06-26T10:10:33.187000+00:00,Ghana,-1.5986601,6.7094083,0.0
1258162779009851,IWuV75LKoj1294FRmnhqts,108933258580999,cmenttor,2025-06-23T12:41:32.361000+00:00,Ghana,-0.1778647,5.585451,0.0
1258695185864370,IWuV75LKoj1294FRmnhqts,108933258580999,cmenttor,2025-06-23T12:40:32.323000+00:00,Ghana,-0.1810776,5.5830584,0.0
1261756238667492,IWuV75LKoj1294FRmnhqts,108933258580999,cmenttor,2025-06-23T12:42:26.400000+00:00,Ghana,-0.1760358,5.5863444,0.0
1265884374890393,IWuV75LKoj1294FRmnhqts,108933258580999,cmenttor,2025-06-23T12:42:16.017000+00:00,Ghana,-0.1761817,5.5860317,0.0
1266364171839409,5qbER6yZ8wmVksHFMPIgBD,108933258580999,cmenttor,2025-06-23T12:45:48.435000+00:00,Ghana,-0.1752431,5.5875653,0.0
1267629688352653,IWuV75LKoj1294FRmnhqts,108933258580999,cmenttor,2025-06-23T12:40:42.471000+00:00,Ghana,-0.1808934,5.5831775,0.0
1268995597901074,IWuV75LKoj1294FRmnhqts,108933258580999,cmenttor,2025-06-23T12:40:51.425000+00:00,Ghana,-0.180825,5.5832394,0.0
1273584587557734,5qbER6yZ8wmVksHFMPIgBD,108933258580999,cmenttor,2025-06-23T12:45:49.416000+00:00,Ghana,-0.1751453,5.5875383,0.0
1280972630029779,IWuV75LKoj1294FRmnhqts,108933258580999,cmenttor,2025-06-23T12:41:11.460000+00:00,Ghana,-0.1796798,5.5840942,0.0
1289139109303930,PyxBoHc4QRhz2gWeUYMkmL,108933258580999,cmenttor,2025-06-26T10:11:29.183000+00:00,Ghana,-1.59838,6.7071049,0.0
1291467732672051,IWuV75LKoj1294FRmnhqts,108933258580999,cmenttor,2025-06-23T12:42:21.430000+00:00,Ghana,-0.1760758,5.5861812,0.0
1302034604685315,PyxBoHc4QRhz2gWeUYMkmL,108933258580999,cmenttor,2025-06-26T10:11:15.237000+00:00,Ghana,-1.5986775,6.7084543,0.0
1304847031070198,IWuV75LKoj1294FRmnhqts,108933258580999,cmenttor,2025-06-23T12:40:34.375000+00:00,Ghana,-0.1810116,5.5831113,0.0
1350516253449249,IWuV75LKoj1294FRmnhqts,108933258580999,cmenttor,2025-06-23T12:41:25.404000+00:00,Ghana,-0.1783591,5.5850587,0.0
1355525022175218,IWuV75LKoj1294FRmnhqts,108933258580999,cmenttor,2025-06-23T12:40:53.387000+00:00,Ghana,-0.1807705,5.5832823,0.0
1357149135981628,PyxBoHc4QRhz2gWeUYMkmL,108933258580999,cmenttor,2025-06-26T10:11:24.254000+00:00,Ghana,-1.5984882,6.7075962,0.0
1369707850984402,IWuV75LKoj1294FRmnhqts,108933258580999,cmenttor,2025-06-23T12:41:55.466000+00:00,Ghana,-0.1763473,5.5860217,0.0
1370873894145424,IWuV75LKoj1294FRmnhqts,108933258580999,cmenttor,2025-06-23T12:42:30.423000+00:00,Ghana,-0.1759964,5.5864408,0.0
1378422386783448,IWuV75LKoj1294FRmnhqts,108933258580999,cmenttor,2025-06-23T12:40:13.879000+00:00,Ghana,-0.1821219,5.582131,0.0
1384713492587236,IWuV75LKoj1294FRmnhqts,108933258580999,cmenttor,2025-06-23T12:41:14.430000+00:00,Ghana,-0.1794006,5.5843121,0.0
1389637048984690,PyxBoHc4QRhz2gWeUYMkmL,108933258580999,cmenttor,2025-06-26T10:11:13.247000+00:00,Ghana,-1.598771,6.7086317,0.0
1393388201935171,5qbER6yZ8wmVksHFMPIgBD,108933258580999,cmenttor,2025-06-23T12:46:19.405000+00:00,Ghana,-0.1712179,5.5867045,0.0
1400301044451771,PyxBoHc4QRhz2gWeUYMkmL,108933258580999,cmenttor,2025-06-26T10:10:36.192000+00:00,Ghana,-1.5987885,6.7093856,0.0
1407957760353979,PyxBoHc4QRhz2gWeUYMkmL,108933258580999,cmenttor,2025-06-26T10:11:08.447000+00:00,Ghana,-1.5990296,6.7090142,0.0
1412908456423190,IWuV75LKoj1294FRmnhqts,108933258580999,cmenttor,2025-06-23T12:42:25.454000+00:00,Ghana,-0.176044,5.5863123,0.0
1414286409603647,5qbER6yZ8wmVksHFMPIgBD,108933258580999,cmenttor,2025-06-23T12:46:17.374000+00:00,Ghana,-0.1713673,5.5867351,0.0
1421738245504040,IWuV75LKoj1294FRmnhqts,108933258580999,cmenttor,2025-06-23T12:42:19.444000+00:00,Ghana,-0.1760937,5.5861248,0.0
1428088795057960,5qbER6yZ8wmVksHFMPIgBD,108933258580999,cmenttor,2025-06-23T12:45:50.424000+00:00,Ghana,-0.175039,5.5875114,0.0
1431124661126378,5qbER6yZ8wmVksHFMPIgBD,108933258580999,cmenttor,2025-06-23T12:45:46.403000+00:00,Ghana,-0.1754276,5.5876085,0.0
1471014437256543,PyxBoHc4QRhz2gWeUYMkmL,108933258580999,cmenttor,2025-06-26T10:11:31.179000+00:00,Ghana,-1.5983379,6.7068958,0.0
1497463734996248,IWuV75LKoj1294FRmnhqts,108933258580999,cmenttor,2025-06-23T12:40:44.439000+00:00,Ghana,-0.1808616,5.5831994,0.0
1598926251487872,PyxBoHc4QRhz2gWeUYMkmL,108933258580999,cmenttor,2025-06-26T10:11:41.209000+00:00,Ghana,-1.5980388,6.7054723,0.0
1660205087993926,IWuV75LKoj1294FRmnhqts,108933258580999,cmenttor,2025-06-23T12:41:45.398000+00:00,Ghana,-0.1769348,5.5859105,0.0
1677783696925186,PyxBoHc4QRhz2gWeUYMkmL,108933258580999,cmenttor,2025-06-26T10:12:01.172000+00:00,Ghana,-1.5973414,6.7025114,0.0
1690806081632689,IWuV75LKoj1294FRmnhqts,108933258580999,cmenttor,2025-06-23T12:40:19.245000+00:00,Ghana,-0.1820563,5.5823278,0.0
1691492471479154,IWuV75LKoj1294FRmnhqts,108933258580999,cmenttor,2025-06-23T12:42:17.481000+00:00,Ghana,-0.1761311,5.5860641,0.0
1706934633525699,PyxBoHc4QRhz2gWeUYMkmL,108933258580999,cmenttor,2025-06-26T10:11:51.211000+00:00,Ghana,-1.5977351,6.7038974,0.0
1710833719556483,IWuV75LKoj1294FRmnhqts,108933258580999,cmenttor,2025-06-23T12:40:55.449000+00:00,Ghana,-0.1806969,5.5833403,0.0
1714468385874046,PyxBoHc4QRhz2gWeUYMkmL,108933258580999,cmenttor,2025-06-26T10:10:44.237000+00:00,Ghana,-1.5989998,6.709366,0.0
1726955724577868,IWuV75LKoj1294FRmnhqts,108933258580999,cmenttor,2025-06-23T12:41:33.405000+00:00,Ghana,-0.1778043,5.5855016,0.0
1727513851461811,PyxBoHc4QRhz2gWeUYMkmL,108933258580999,cmenttor,2025-06-26T10:11:32.223000+00:00,Ghana,-1.5983171,6.7067849,0.0
1732812167626188,IWuV75LKoj1294FRmnhqts,108933258580999,cmenttor,2025-06-23T12:40:36.498000+00:00,Ghana,-0.180959,5.583146,0.0
1753998208551006,PyxBoHc4QRhz2gWeUYMkmL,108933258580999,cmenttor,2025-06-26T10:10:13.311000+00:00,Ghana,-1.5968683,6.7102333,0.0
1778246936907202,PyxBoHc4QRhz2gWeUYMkmL,108933258580999,cmenttor,2025-06-26T10:10:21.224000+00:00,Ghana,-1.597805,6.7096596,0.0
1785342642337429,PyxBoHc4QRhz2gWeUYMkmL,108933258580999,cmenttor,2025-06-26T10:10:15.190000+00:00,Ghana,-1.5971901,6.7097997,0.0
1803150490266312,IWuV75LKoj1294FRmnhqts,108933258580999,cmenttor,2025-06-23T12:41:22.372000+00:00,Ghana,-0.1786319,5.5848617,0.0
1803568710535826,5qbER6yZ8wmVksHFMPIgBD,108933258580999,cmenttor,2025-06-23T12:46:09.466000+00:00,Ghana,-0.1723836,5.5869447,0.0
1811545202736049,IWuV75LKoj1294FRmnhqts,108933258580999,cmenttor,2025-06-23T12:40:21.236000+00:00,Ghana,-0.1818615,5.5824595,0.0
1818186185413524,5qbER6yZ8wmVksHFMPIgBD,108933258580999,cmenttor,2025-06-23T12:45:57.488000+00:00,Ghana,-0.1741808,5.5873196,0.0
1824255004791194,PyxBoHc4QRhz2gWeUYMkmL,108933258580999,cmenttor,2025-06-26T10:11:28.241000+00:00,Ghana,-1.5984022,6.7072043,0.0
1836448106935463,5qbER6yZ8wmVksHFMPIgBD,108933258580999,cmenttor,2025-06-23T12:46:16.474000+00:00,Ghana,-0.1714593,5.5867551,0.0
1855793171944382,5qbER6yZ8wmVksHFMPIgBD,108933258580999,cmenttor,2025-06-23T12:45:54.449000+00:00,Ghana,-0.1745737,5.587403,0.0
1856295378277367,5qbER6yZ8wmVksHFMPIgBD,108933258580999,cmenttor,2025-06-23T12:45:45.452000+00:00,Ghana,-0.1755171,5.5876284,0.0
1857572804817363,IWuV75LKoj1294FRmnhqts,108933258580999,cmenttor,2025-06-23T12:41:46.383000+00:00,Ghana,-0.1768706,5.5859333,0.0
1859485571571808,5qbER6yZ8wmVksHFMPIgBD,108933258580999,cmenttor,2025-06-23T12:45:53.434000+00:00,Ghana,-0.1746939,5.5874314,0.0
1863056704255416,IWuV75LKoj1294FRmnhqts,108933258580999,cmenttor,2025-06-23T12:41:06.423000+00:00,Ghana,-0.1801018,5.5837847,0.0
1864156097695930,IWuV75LKoj1294FRmnhqts,108933258580999,cmenttor,2025-06-23T12:40:25.231000+00:00,Ghana,-0.1814964,5.5827299,0.0
1871013637009566,PyxBoHc4QRhz2gWeUYMkmL,108933258580999,cmenttor,2025-06-26T10:12:08.233000+00:00,Ghana,-1.596934,6.7017934,0.0
1903716167091609,IWuV75LKoj1294FRmnhqts,108933258580999,cmenttor,2025-06-23T12:42:20.459000+00:00,Ghana,-0.1760845,5.5861536,0.0
1912211776192323,IWuV75LKoj1294FRmnhqts,108933258580999,cmenttor,2025-06-23T12:40:23.230000+00:00,Ghana,-0.1816785,5.5825959,0.0
1916719585796015,5qbER6yZ8wmVksHFMPIgBD,108933258580999,cmenttor,2025-06-23T12:46:13.455000+00:00,Ghana,-0.1718052,5.5868213,0.0
1917303535709727,PyxBoHc4QRhz2gWeUYMkmL,108933258580999,cmenttor,2025-06-26T10:12:10.221000+00:00,Ghana,-1.5968474,6.7016323,0.0
1926206711476279,IWuV75LKoj1294FRmnhqts,108933258580999,cmenttor,2025-06-23T12:42:24.487000+00:00,Ghana,-0.1760521,5.5862796,0.0
1931443194285974,PyxBoHc4QRhz2gWeUYMkmL,108933258580999,cmenttor,2025-06-26T10:10:27.235000+00:00,Ghana,-1.5982539,6.7094705,0.0
1940540723433472,PyxBoHc4QRhz2gWeUYMkmL,108933258580999,cmenttor,2025-06-26T10:10:18.193000+00:00,Ghana,-1.5975435,6.7096756,0.0
1948004122695298,5qbER6yZ8wmVksHFMPIgBD,108933258580999,cmenttor,2025-06-23T12:46:14.402000+00:00,Ghana,-0.1716808,5.5867976,0.0
1950923805664379,5qbER6yZ8wmVksHFMPIgBD,108933258580999,cmenttor,2025-06-23T12:46:15.455000+00:00,Ghana,-0.1715642,5.5867764,0.0
2003777130382333,PyxBoHc4QRhz2gWeUYMkmL,108933258580999,cmenttor,2025-06-26T10:10:43.190000+00:00,Ghana,-1.5988745,6.7093268,0.0
2039662406561170,PyxBoHc4QRhz2gWeUYMkmL,108933258580999,cmenttor,2025-06-26T10:11:57.187000+00:00,Ghana,-1.5975246,6.7029999,0.0
2040530856763019,PyxBoHc4QRhz2gWeUYMkmL,108933258580999,cmenttor,2025-06-26T10:10:19.232000+00:00,Ghana,-1.5976504,6.7096645,0.0
2071790666974086,IWuV75LKoj1294FRmnhqts,108933258580999,cmenttor,2025-06-23T12:41:40.439000+00:00,Ghana,-0.1773079,5.5858107,0.0
2079434725796985,5qbER6yZ8wmVksHFMPIgBD,108933258580999,cmenttor,2025-06-23T12:45:55.478000+00:00,Ghana,-0.1744491,5.5873737,0.0
2100888837103228,IWuV75LKoj1294FRmnhqts,108933258580999,cmenttor,2025-06-23T12:41:41.416000+00:00,Ghana,-0.1772265,5.585837,0.0
2101465130280769,PyxBoHc4QRhz2gWeUYMkmL,108933258580999,cmenttor,2025-06-26T10:11:34.219000+00:00,Ghana,-1.5982655,6.7065292,0.0
2104470623311357,5qbER6yZ8wmVksHFMPIgBD,108933258580999,cmenttor,2025-06-23T12:45:51.470000+00:00,Ghana,-0.174928,5.5874818,0.0
2128828950877041,5qbER6yZ8wmVksHFMPIgBD,108933258580999,cmenttor,2025-06-23T12:43:54.401000+00:00,Ghana,-0.1758995,5.5870425,0.0
2149345195581763,PyxBoHc4QRhz2gWeUYMkmL,108933258580999,cmenttor,2025-06-26T10:11:33.166000+00:00,Ghana,-1.5982919,6.7066613,0.0
2151639115336445,PyxBoHc4QRhz2gWeUYMkmL,108933258580999,cmenttor,2025-06-26T10:12:06.275000+00:00,Ghana,-1.5970479,6.7019905,0.0
2160215554443774,IWuV75LKoj1294FRmnhqts,108933258580999,cmenttor,2025-06-23T12:42:00.492000+00:00,Ghana,-0.176199,5.5860338,0.0
2189574711471959,PyxBoHc4QRhz2gWeUYMkmL,108933258580999,cmenttor,2025-06-26T10:12:05.223000+00:00,Ghana,-1.5971118,6.7020907,0.0
2221085588324686,5qbER6yZ8wmVksHFMPIgBD,108933258580999,cmenttor,2025-06-23T12:44:00.416000+00:00,Ghana,-0.1758171,5.5874551,0.0
2226408097813827,PyxBoHc4QRhz2gWeUYMkmL,108933258580999,cmenttor,2025-06-26T10:10:29.197000+00:00,Ghana,-1.5983892,6.7094289,0.0
2242920512812254,IWuV75LKoj1294FRmnhqts,108933258580999,cmenttor,2025-06-23T12:40:27.369000+00:00,Ghana,-0.1813961,5.582805,0.0
2255658291558112,5qbER6yZ8wmVksHFMPIgBD,108933258580999,cmenttor,2025-06-23T12:45:52.349000+00:00,Ghana,-0.1748115,5.5874588,0.0
2271881313228387,IWuV75LKoj1294FRmnhqts,108933258580999,cmenttor,2025-06-23T12:41:52.464000+00:00,Ghana,-0.1764959,5.5859993,0.0
2353087325088571,5qbER6yZ8wmVksHFMPIgBD,108933258580999,cmenttor,2025-06-23T12:45:47.419000+00:00,Ghana,-0.1753373,5.5875874,0.0
2379500769117160,5qbER6yZ8wmVksHFMPIgBD,108933258580999,cmenttor,2025-06-23T12:45:44.442000+00:00,Ghana,-0.1755951,5.587642,0.0
2408277659541689,IWuV75LKoj1294FRmnhqts,108933258580999,cmenttor,2025-06-23T12:41:02.451000+00:00,Ghana,-0.1803884,5.5835755,0.0
2424736334575602,IWuV75LKoj1294FRmnhqts,108933258580999,cmenttor,2025-06-23T12:42:32.423000+00:00,Ghana,-0.175981,5.5864802,0.0
2492194041161221,PyxBoHc4QRhz2gWeUYMkmL,108933258580999,cmenttor,2025-06-26T10:11:18.177000+00:00,Ghana,-1.598601,6.70817,0.0
2494015727617801,5qbER6yZ8wmVksHFMPIgBD,108933258580999,cmenttor,2025-06-23T12:46:20.483000+00:00,Ghana,-0.171157,5.5866893,0.0
2520952698262619,PyxBoHc4QRhz2gWeUYMkmL,108933258580999,cmenttor,2025-06-26T10:10:20.181000+00:00,Ghana,-1.597725,6.7096577,0.0
2537907299889306,PyxBoHc4QRhz2gWeUYMkmL,108933258580999,cmenttor,2025-06-26T10:10:28.250000+00:00,Ghana,-1.5983176,6.7094455,0.0
2542789712740873,IWuV75LKoj1294FRmnhqts,108933258580999,cmenttor,2025-06-23T12:41:07.408000+00:00,Ghana,-0.1800231,5.5838394,0.0
2613676695655063,5qbER6yZ8wmVksHFMPIgBD,108933258580999,cmenttor,2025-06-23T12:46:11.460000+00:00,Ghana,-0.1720746,5.5868828,0.0
2694140390944614,PyxBoHc4QRhz2gWeUYMkmL,108933258580999,cmenttor,2025-06-26T10:10:57.163000+00:00,Ghana,-1.5993576,6.709377,0.0
2738571119651382,PyxBoHc4QRhz2gWeUYMkmL,108933258580999,cmenttor,2025-06-26T10:10:51.252000+00:00,Ghana,-1.5991912,6.7094146,0.0
2844727689044780,PyxBoHc4QRhz2gWeUYMkmL,108933258580999,cmenttor,2025-06-26T10:10:10.731000+00:00,Ghana,-1.5948658,6.7132023,0.0
2908997819307446,PyxBoHc4QRhz2gWeUYMkmL,108933258580999,cmenttor,2025-06-26T10:12:11.169000+00:00,Ghana,-1.596814,6.7015728,0.0
3046773552183022,IWuV75LKoj1294FRmnhqts,108933258580999,cmenttor,2025-06-23T12:40:52.474000+00:00,Ghana,-0.1808005,5.5832614,0.0
3163535677127805,IWuV75LKoj1294FRmnhqts,108933258580999,cmenttor,2025-06-23T12:41:47.463000+00:00,Ghana,-0.1768047,5.585951,0.0
3181312708685713,PyxBoHc4QRhz2gWeUYMkmL,108933258580999,cmenttor,2025-06-26T10:10:23.183000+00:00,Ghana,-1.5979777,6.7096542,0.0
3198634696953843,IWuV75LKoj1294FRmnhqts,108933258580999,cmenttor,2025-06-23T12:41:26.386000+00:00,Ghana,-0.1782727,5.5851167,0.0
3249702461854556,IWuV75LKoj1294FRmnhqts,108933258580999,cmenttor,2025-06-23T12:41:35.436000+00:00,Ghana,-0.1776618,5.5856021,0.0
3449344768540707,PyxBoHc4QRhz2gWeUYMkmL,108933258580999,cmenttor,2025-06-26T10:11:35.233000+00:00,Ghana,-1.598239,6.7063936,0.0
3599083093720800,IWuV75LKoj1294FRmnhqts,108933258580999,cmenttor,2025-06-23T12:41:05.883000+00:00,Ghana,-0.1801785,5.5837272,0.0
3924506104432975,IWuV75LKoj1294FRmnhqts,108933258580999,cmenttor,2025-06-23T12:40:30.440000+00:00,Ghana,-0.1811865,5.5829811,0.0
4027459274137901,PyxBoHc4QRhz2gWeUYMkmL,108933258580999,cmenttor,2025-06-26T10:10:35.174000+00:00,Ghana,-1.5987527,6.7093979,0.0
4045303762348379,IWuV75LKoj1294FRmnhqts,108933258580999,cmenttor,2025-06-23T12:40:15.327000+00:00,Ghana,-0.1821206,5.5819635,0.0
4195783784031334,PyxBoHc4QRhz2gWeUYMkmL,108933258580999,cmenttor,2025-06-26T10:11:53.163000+00:00,Ghana,-1.5976644,6.7035812,0.0
23935575066094374,PyxBoHc4QRhz2gWeUYMkmL,108933258580999,cmenttor,2025-06-26T10:11:22.260000+00:00,Ghana,-1.5985216,6.7077837,0.0
23944933115162115,PyxBoHc4QRhz2gWeUYMkmL,108933258580999,cmenttor,2025-06-26T10:10:56.218000+00:00,Ghana,-1.5993298,6.7093981,0.0
23979022825094478,5qbER6yZ8wmVksHFMPIgBD,108933258580999,cmenttor,2025-06-23T12:43:53.436000+00:00,Ghana,-0.1759166,5.586971,0.0
23989128564054539,5qbER6yZ8wmVksHFMPIgBD,108933258580999,cmenttor,2025-06-23T12:43:56.429000+00:00,Ghana,-0.1758646,5.587199,0.0
24163007043331115,PyxBoHc4QRhz2gWeUYMkmL,108933258580999,cmenttor,2025-06-26T10:11:11.182000+00:00,Ghana,-1.5989031,6.7087948,0.0
24441798595405968,5qbER6yZ8wmVksHFMPIgBD,108933258580999,cmenttor,2025-06-23T12:46:01.442000+00:00,Ghana,-0.1736083,5.5872034,0.0
30447364118210341,PyxBoHc4QRhz2gWeUYMkmL,108933258580999,cmenttor,2025-06-26T10:12:09.141000+00:00,Ghana,-1.5968883,6.7017049,0.0
433784189830158,tWkQmpu4YbjrXRdAEgZ3MB,101914818722206,hcyen,2025-06-27T18:00:00.290000+00:00,"Taiwan, Province of China",121.5311426,25.0589039,0.0
490517490811085,tWkQmpu4YbjrXRdAEgZ3MB,101914818722206,hcyen,2025-06-27T18:00:00.873000+00:00,"Taiwan, Province of China",121.5077036,25.0505795,0.0
498727283304221,tWkQmpu4YbjrXRdAEgZ3MB,101914818722206,hcyen,2025-06-27T18:00:00.853000+00:00,"Taiwan, Province of China",121.5090373,25.050404,0.0
500222493149242,tWkQmpu4YbjrXRdAEgZ3MB,101914818722206,hcyen,2025-06-27T18:00:00.153000+00:00,"Taiwan, Province of China",121.537624,25.0579693,0.0
500681923104177,tWkQmpu4YbjrXRdAEgZ3MB,101914818722206,hcyen,2025-06-27T18:00:00.514000+00:00,"Taiwan, Province of China",121.5328759,25.0466894,0.0
501761352995764,tWkQmpu4YbjrXRdAEgZ3MB,101914818722206,hcyen,2025-06-27T18:00:00.790000+00:00,"Taiwan, Province of China",121.5131873,25.0495112,0.0
503186772884814,tWkQmpu4YbjrXRdAEgZ3MB,101914818722206,hcyen,2025-06-27T18:00:00.266000+00:00,"Taiwan, Province of China",121.5301962,25.0582155,0.0
514012028405693,tWkQmpu4YbjrXRdAEgZ3MB,101914818722206,hcyen,2025-06-27T18:00:00.043000+00:00,"Taiwan, Province of China",121.5444351,25.0571242,0.0
514154075052881,tWkQmpu4YbjrXRdAEgZ3MB,101914818722206,hcyen,2025-06-27T18:00:00.295000+00:00,"Taiwan, Province of China",121.5314574,25.0589332,0.0
514305371708154,tWkQmpu4YbjrXRdAEgZ3MB,101914818722206,hcyen,2025-06-27T18:00:00.683000+00:00,"Taiwan, Province of China",121.5202522,25.0482436,0.0
514560078411398,tWkQmpu4YbjrXRdAEgZ3MB,101914818722206,hcyen,2025-06-27T18:00:00.450000+00:00,"Taiwan, Province of China",121.532953,25.0506248,0.0
514974258302944,tWkQmpu4YbjrXRdAEgZ3MB,101914818722206,hcyen,2025-06-27T18:00:00.377000+00:00,"Taiwan, Province of China",121.5331595,25.0550348,0.0
527606177013065,tWkQmpu4YbjrXRdAEgZ3MB,101914818722206,hcyen,2025-06-27T18:00:00.982000+00:00,"Taiwan, Province of China",121.5018347,25.0454269,0.0
528441923595042,tWkQmpu4YbjrXRdAEgZ3MB,101914818722206,hcyen,2025-06-27T18:00:00.045000+00:00,"Taiwan, Province of China",121.5444526,25.0572672,0.0
536166326246222,tWkQmpu4YbjrXRdAEgZ3MB,101914818722206,hcyen,2025-06-27T18:00:00.971000+00:00,"Taiwan, Province of China",121.5034847,25.046707,0.0
542831375462730,tWkQmpu4YbjrXRdAEgZ3MB,101914818722206,hcyen,2025-06-27T18:00:00.796000+00:00,"Taiwan, Province of China",121.5128228,25.0496535,0.0
553692147824046,tWkQmpu4YbjrXRdAEgZ3MB,101914818722206,hcyen,2025-06-27T18:00:00.731000+00:00,"Taiwan, Province of China",121.5170676,25.0488096,0.0
555360710844743,tWkQmpu4YbjrXRdAEgZ3MB,101914818722206,hcyen,2025-06-27T18:00:00.595000+00:00,"Taiwan, Province of China",121.5286937,25.0466784,0.0
555787937468598,tWkQmpu4YbjrXRdAEgZ3MB,101914818722206,hcyen,2025-06-27T18:00:00.749000+00:00,"Taiwan, Province of China",121.5158901,25.0489605,0.0
570029929318275,tWkQmpu4YbjrXRdAEgZ3MB,101914818722206,hcyen,2025-06-27T18:00:00.097000+00:00,"Taiwan, Province of China",121.5415809,25.0580317,0.0
571062159216809,tWkQmpu4YbjrXRdAEgZ3MB,101914818722206,hcyen,2025-06-27T18:00:00.207000+00:00,"Taiwan, Province of China",121.5339793,25.0580164,0.0
574831465469958,tWkQmpu4YbjrXRdAEgZ3MB,101914818722206,hcyen,2025-06-27T18:00:00.611000+00:00,"Taiwan, Province of China",121.5250552,25.0477387,0.0
575977422250207,tWkQmpu4YbjrXRdAEgZ3MB,101914818722206,hcyen,2025-06-27T18:00:00.997000+00:00,"Taiwan, Province of China",121.5009318,25.0451055,0.0
578138245354471,tWkQmpu4YbjrXRdAEgZ3MB,101914818722206,hcyen,2025-06-27T18:00:00.400000+00:00,"Taiwan, Province of China",121.5330415,25.0536044,0.0
578825638633591,tWkQmpu4YbjrXRdAEgZ3MB,101914818722206,hcyen,2025-06-27T18:00:00.715000+00:00,"Taiwan, Province of China",121.5181505,25.0486164,0.0
578984795284581,tWkQmpu4YbjrXRdAEgZ3MB,101914818722206,hcyen,2025-06-27T18:00:00.812000+00:00,"Taiwan, Province of China",121.5117722,25.0499822,0.0
580407601559236,tWkQmpu4YbjrXRdAEgZ3MB,101914818722206,hcyen,2025-06-27T18:00:00.708000+00:00,"Taiwan, Province of China",121.5186147,25.0485211,0.0
582106651362537,tWkQmpu4YbjrXRdAEgZ3MB,101914818722206,hcyen,2025-06-27T18:00:00.090000+00:00,"Taiwan, Province of China",121.5420562,25.0580556,0.0
582302141619549,tWkQmpu4YbjrXRdAEgZ3MB,101914818722206,hcyen,2025-06-27T18:00:00.631000+00:00,"Taiwan, Province of China",121.5237177,25.047894,0.0
583397941206046,tWkQmpu4YbjrXRdAEgZ3MB,101914818722206,hcyen,2025-06-27T18:00:00.107000+00:00,"Taiwan, Province of China",121.5407163,25.058025,0.0
584005024469521,tWkQmpu4YbjrXRdAEgZ3MB,101914818722206,hcyen,2025-06-27T18:00:00.152000+00:00,"Taiwan, Province of China",121.5377033,25.057972,0.0
584480028064173,tWkQmpu4YbjrXRdAEgZ3MB,101914818722206,hcyen,2025-06-27T18:00:00.766000+00:00,"Taiwan, Province of China",121.5147186,25.049148,0.0
584693734694808,tWkQmpu4YbjrXRdAEgZ3MB,101914818722206,hcyen,2025-06-27T18:00:00.610000+00:00,"Taiwan, Province of China",121.5251326,25.0477227,0.0
585739327920009,tWkQmpu4YbjrXRdAEgZ3MB,101914818722206,hcyen,2025-06-27T18:00:00.491000+00:00,"Taiwan, Province of China",121.5329972,25.048112,0.0
586023737573127,tWkQmpu4YbjrXRdAEgZ3MB,101914818722206,hcyen,2025-06-27T18:00:00.906000+00:00,"Taiwan, Province of China",121.5063498,25.0495989,0.0
588286967669421,tWkQmpu4YbjrXRdAEgZ3MB,101914818722206,hcyen,2025-06-27T18:00:00.364000+00:00,"Taiwan, Province of China",121.533104,25.0558045,0.0
591226983668696,tWkQmpu4YbjrXRdAEgZ3MB,101914818722206,hcyen,2025-06-27T18:00:00.402000+00:00,"Taiwan, Province of China",121.5330397,25.0535325,0.0
592011826915726,tWkQmpu4YbjrXRdAEgZ3MB,101914818722206,hcyen,2025-06-27T18:00:00.935000+00:00,"Taiwan, Province of China",121.5053621,25.0480719,0.0
595147689926404,tWkQmpu4YbjrXRdAEgZ3MB,101914818722206,hcyen,2025-06-27T18:00:00.100000+00:00,"Taiwan, Province of China",121.5413427,25.0580269,0.0
595288559910917,tWkQmpu4YbjrXRdAEgZ3MB,101914818722206,hcyen,2025-06-27T18:00:00.808000+00:00,"Taiwan, Province of China",121.5119972,25.0499112,0.0
600651722657840,tWkQmpu4YbjrXRdAEgZ3MB,101914818722206,hcyen,2025-06-27T18:00:00.495000+00:00,"Taiwan, Province of China",121.5329877,25.0478244,0.0
600948369293910,tWkQmpu4YbjrXRdAEgZ3MB,101914818722206,hcyen,2025-06-27T18:00:00.376000+00:00,"Taiwan, Province of China",121.5331715,25.0551055,0.0
601330353021718,tWkQmpu4YbjrXRdAEgZ3MB,101914818722206,hcyen,2025-06-27T18:00:00.992000+00:00,"Taiwan, Province of China",121.501244,25.0450779,0.0
604274636050162,tWkQmpu4YbjrXRdAEgZ3MB,101914818722206,hcyen,2025-06-27T18:00:00.648000+00:00,"Taiwan, Province of China",121.5226083,25.0479554,0.0
612598795224694,tWkQmpu4YbjrXRdAEgZ3MB,101914818722206,hcyen,2025-06-27T18:00:00.311000+00:00,"Taiwan, Province of China",121.5317236,25.0580506,0.0
612666468004199,tWkQmpu4YbjrXRdAEgZ3MB,101914818722206,hcyen,2025-06-27T18:00:00.283000+00:00,"Taiwan, Province of China",121.5306703,25.0589135,0.0
612866358385704,tWkQmpu4YbjrXRdAEgZ3MB,101914818722206,hcyen,2025-06-27T18:00:00.813000+00:00,"Taiwan, Province of China",121.5116971,25.0500056,0.0
613871211180904,tWkQmpu4YbjrXRdAEgZ3MB,101914818722206,hcyen,2025-06-27T18:00:00.910000+00:00,"Taiwan, Province of China",121.5062319,25.0493318,0.0
618626464008102,tWkQmpu4YbjrXRdAEgZ3MB,101914818722206,hcyen,2025-06-27T18:00:00.268000+00:00,"Taiwan, Province of China",121.5301979,25.0583593,0.0
621987170310431,tWkQmpu4YbjrXRdAEgZ3MB,101914818722206,hcyen,2025-06-27T18:00:00.164000+00:00,"Taiwan, Province of China",121.5369121,25.0579923,0.0
622718346890730,tWkQmpu4YbjrXRdAEgZ3MB,101914818722206,hcyen,2025-06-27T18:00:00.793000+00:00,"Taiwan, Province of China",121.5129699,25.0495993,0.0
624803553317360,tWkQmpu4YbjrXRdAEgZ3MB,101914818722206,hcyen,2025-06-27T18:00:00.468000+00:00,"Taiwan, Province of China",121.5329792,25.0494748,0.0
626083003931833,tWkQmpu4YbjrXRdAEgZ3MB,101914818722206,hcyen,2025-06-27T18:00:00.756000+00:00,"Taiwan, Province of China",121.5154175,25.0490155,0.0
626540427140936,tWkQmpu4YbjrXRdAEgZ3MB,101914818722206,hcyen,2025-06-27T18:00:00.634000+00:00,"Taiwan, Province of China",121.5235591,25.0479017,0.0
626932699749521,tWkQmpu4YbjrXRdAEgZ3MB,101914818722206,hcyen,2025-06-27T18:00:00.465000+00:00,"Taiwan, Province of China",121.5329854,25.0496905,0.0
628510759581643,tWkQmpu4YbjrXRdAEgZ3MB,101914818722206,hcyen,2025-06-27T18:00:00.124000+00:00,"Taiwan, Province of China",121.5396063,25.0580382,0.0
632816282441850,tWkQmpu4YbjrXRdAEgZ3MB,101914818722206,hcyen,2025-06-27T18:00:00.092000+00:00,"Taiwan, Province of China",121.5418975,25.0580508,0.0
633305482377909,tWkQmpu4YbjrXRdAEgZ3MB,101914818722206,hcyen,2025-06-27T18:00:00.098000+00:00,"Taiwan, Province of China",121.5415015,25.0580307,0.0
634521302249086,tWkQmpu4YbjrXRdAEgZ3MB,101914818722206,hcyen,2025-06-27T18:00:00.626000+00:00,"Taiwan, Province of China",121.5241133,25.0478632,0.0
634905765585598,tWkQmpu4YbjrXRdAEgZ3MB,101914818722206,hcyen,2025-06-27T18:00:00.219000+00:00,"Taiwan, Province of China",121.533193,25.058025,0.0
635091008853584,tWkQmpu4YbjrXRdAEgZ3MB,101914818722206,hcyen,2025-06-27T18:00:00.907000+00:00,"Taiwan, Province of China",121.5063215,25.0495317,0.0
640259905695134,tWkQmpu4YbjrXRdAEgZ3MB,101914818722206,hcyen,2025-06-27T18:00:00.203000+00:00,"Taiwan, Province of China",121.5342157,25.057995,0.0
643479878753564,tWkQmpu4YbjrXRdAEgZ3MB,101914818722206,hcyen,2025-06-27T18:00:00.878000+00:00,"Taiwan, Province of China",121.507393,25.0506366,0.0
645903881852945,tWkQmpu4YbjrXRdAEgZ3MB,101914818722206,hcyen,2025-06-27T18:00:00.996000+00:00,"Taiwan, Province of China",121.501007,25.0450824,0.0
647069591832039,tWkQmpu4YbjrXRdAEgZ3MB,101914818722206,hcyen,2025-06-27T18:00:00.126000+00:00,"Taiwan, Province of China",121.5394474,25.0580375,0.0
650590011367485,tWkQmpu4YbjrXRdAEgZ3MB,101914818722206,hcyen,2025-06-27T18:00:00.840000+00:00,"Taiwan, Province of China",121.509904,25.0503066,0.0
655069734224994,tWkQmpu4YbjrXRdAEgZ3MB,101914818722206,hcyen,2025-06-27T18:00:00.499000+00:00,"Taiwan, Province of China",121.5329754,25.0476105,0.0
655148260875337,tWkQmpu4YbjrXRdAEgZ3MB,101914818722206,hcyen,2025-06-27T18:00:00.447000+00:00,"Taiwan, Province of China",121.5329398,25.0507676,0.0
656980120729215,tWkQmpu4YbjrXRdAEgZ3MB,101914818722206,hcyen,2025-06-27T18:00:00.894000+00:00,"Taiwan, Province of China",121.5065708,25.0502893,0.0
659815503743338,tWkQmpu4YbjrXRdAEgZ3MB,101914818722206,hcyen,2025-06-27T18:00:00.413000+00:00,"Taiwan, Province of China",121.5330108,25.0528178,0.0
660285467173835,tWkQmpu4YbjrXRdAEgZ3MB,101914818722206,hcyen,2025-06-27T18:00:00.220000+00:00,"Taiwan, Province of China",121.5331137,25.0580225,0.0
660586610361396,tWkQmpu4YbjrXRdAEgZ3MB,101914818722206,hcyen,2025-06-27T18:00:00.287000+00:00,"Taiwan, Province of China",121.5309061,25.0588889,0.0
663633923387335,tWkQmpu4YbjrXRdAEgZ3MB,101914818722206,hcyen,2025-06-27T18:00:00.423000+00:00,"Taiwan, Province of China",121.5330486,25.0522592,0.0
664935336708375,tWkQmpu4YbjrXRdAEgZ3MB,101914818722206,hcyen,2025-06-27T18:00:00.260000+00:00,"Taiwan, Province of China",121.5304389,25.0580213,0.0
666082616466073,tWkQmpu4YbjrXRdAEgZ3MB,101914818722206,hcyen,2025-06-27T18:00:00.422000+00:00,"Taiwan, Province of China",121.5330519,25.0523311,0.0
668312216174728,tWkQmpu4YbjrXRdAEgZ3MB,101914818722206,hcyen,2025-06-27T18:00:00.533000+00:00,"Taiwan, Province of China",121.5327396,25.0455727,0.0
668953706189632,tWkQmpu4YbjrXRdAEgZ3MB,101914818722206,hcyen,2025-06-27T18:00:00.140000+00:00,"Taiwan, Province of China",121.5384969,25.0579906,0.0
674004199003331,tWkQmpu4YbjrXRdAEgZ3MB,101914818722206,hcyen,2025-06-27T18:00:00.281000+00:00,"Taiwan, Province of China",121.530514,25.0589381,0.0
674174428968797,tWkQmpu4YbjrXRdAEgZ3MB,101914818722206,hcyen,2025-06-27T18:00:00.995000+00:00,"Taiwan, Province of China",121.5010855,25.0450717,0.0
675705245462872,tWkQmpu4YbjrXRdAEgZ3MB,101914818722206,hcyen,2025-06-27T18:00:00.711000+00:00,"Taiwan, Province of China",121.5183804,25.0485601,0.0
676726728696279,tWkQmpu4YbjrXRdAEgZ3MB,101914818722206,hcyen,2025-06-27T18:00:00.488000+00:00,"Taiwan, Province of China",121.5329814,25.0482533,0.0
676827572073454,tWkQmpu4YbjrXRdAEgZ3MB,101914818722206,hcyen,2025-06-27T18:00:00.233000+00:00,"Taiwan, Province of China",121.5322423,25.0579933,0.0
687876087575234,tWkQmpu4YbjrXRdAEgZ3MB,101914818722206,hcyen,2025-06-27T18:00:00.071000+00:00,"Taiwan, Province of China",121.5433198,25.0580712,0.0
690270750551306,tWkQmpu4YbjrXRdAEgZ3MB,101914818722206,hcyen,2025-06-27T18:00:00.581000+00:00,"Taiwan, Province of China",121.529585,25.0463778,0.0
692298767127810,tWkQmpu4YbjrXRdAEgZ3MB,101914818722206,hcyen,2025-06-27T18:00:00.453000+00:00,"Taiwan, Province of China",121.5329574,25.0504093,0.0
692615140279636,tWkQmpu4YbjrXRdAEgZ3MB,101914818722206,hcyen,2025-06-27T18:00:00.403000+00:00,"Taiwan, Province of China",121.5330402,25.0534606,0.0
694017443461583,tWkQmpu4YbjrXRdAEgZ3MB,101914818722206,hcyen,2025-06-27T18:00:00.769000+00:00,"Taiwan, Province of China",121.5145636,25.0491792,0.0
694494230062611,tWkQmpu4YbjrXRdAEgZ3MB,101914818722206,hcyen,2025-06-27T18:00:00.119000+00:00,"Taiwan, Province of China",121.5399238,25.0580313,0.0
695122813339926,tWkQmpu4YbjrXRdAEgZ3MB,101914818722206,hcyen,2025-06-27T18:00:00.516000+00:00,"Taiwan, Province of China",121.5328581,25.0465468,0.0
695505240024229,tWkQmpu4YbjrXRdAEgZ3MB,101914818722206,hcyen,2025-06-27T18:00:00.158000+00:00,"Taiwan, Province of China",121.5373086,25.0579943,0.0
696075329911125,tWkQmpu4YbjrXRdAEgZ3MB,101914818722206,hcyen,2025-06-27T18:00:00.888000+00:00,"Taiwan, Province of China",121.5067257,25.0506192,0.0
696166256595269,tWkQmpu4YbjrXRdAEgZ3MB,101914818722206,hcyen,2025-06-27T18:00:00.958000+00:00,"Taiwan, Province of China",121.5042075,25.0471168,0.0
696283243280432,tWkQmpu4YbjrXRdAEgZ3MB,101914818722206,hcyen,2025-06-27T18:00:00.608000+00:00,"Taiwan, Province of China",121.5252869,25.0476888,0.0
696681776476563,tWkQmpu4YbjrXRdAEgZ3MB,101914818722206,hcyen,2025-06-27T18:00:00.080000+00:00,"Taiwan, Province of China",121.5426913,25.0580661,0.0
697030566637307,tWkQmpu4YbjrXRdAEgZ3MB,101914818722206,hcyen,2025-06-27T18:00:00.758000+00:00,"Taiwan, Province of China",121.5152621,25.0490448,0.0
697746276494363,tWkQmpu4YbjrXRdAEgZ3MB,101914818722206,hcyen,2025-06-27T18:00:00.416000+00:00,"Taiwan, Province of China",121.5330745,25.0526883,0.0
697926759676876,tWkQmpu4YbjrXRdAEgZ3MB,101914818722206,hcyen,2025-06-27T18:00:00.538000+00:00,"Taiwan, Province of China",121.5324641,25.0456509,0.0
698525952947195,tWkQmpu4YbjrXRdAEgZ3MB,101914818722206,hcyen,2025-06-27T18:00:00.193000+00:00,"Taiwan, Province of China",121.5349303,25.0579861,0.0
698729212924299,tWkQmpu4YbjrXRdAEgZ3MB,101914818722206,hcyen,2025-06-27T18:00:00.038000+00:00,"Taiwan, Province of China",121.5443379,25.0568862,0.0
699590253042069,tWkQmpu4YbjrXRdAEgZ3MB,101914818722206,hcyen,2025-06-27T18:00:00.892000+00:00,"Taiwan, Province of China",121.5066282,25.050423,0.0
700004169489806,tWkQmpu4YbjrXRdAEgZ3MB,101914818722206,hcyen,2025-06-27T18:00:00.141000+00:00,"Taiwan, Province of China",121.5384177,25.0579858,0.0
700713933125352,tWkQmpu4YbjrXRdAEgZ3MB,101914818722206,hcyen,2025-06-27T18:00:00.399000+00:00,"Taiwan, Province of China",121.533044,25.0536763,0.0
700960142719131,tWkQmpu4YbjrXRdAEgZ3MB,101914818722206,hcyen,2025-06-27T18:00:00.479000+00:00,"Taiwan, Province of China",121.5329675,25.0488275,0.0
701074132919519,tWkQmpu4YbjrXRdAEgZ3MB,101914818722206,hcyen,2025-06-27T18:00:00.540000+00:00,"Taiwan, Province of China",121.5323124,25.0456931,0.0
701497376024246,tWkQmpu4YbjrXRdAEgZ3MB,101914818722206,hcyen,2025-06-27T18:00:00.420000+00:00,"Taiwan, Province of China",121.5330447,25.0524028,0.0
702313529441955,tWkQmpu4YbjrXRdAEgZ3MB,101914818722206,hcyen,2025-06-27T18:00:00.893000+00:00,"Taiwan, Province of China",121.5066,25.0503561,0.0
703280808996917,tWkQmpu4YbjrXRdAEgZ3MB,101914818722206,hcyen,2025-06-27T18:00:00.701000+00:00,"Taiwan, Province of China",121.5190791,25.0484296,0.0
703367329525711,tWkQmpu4YbjrXRdAEgZ3MB,101914818722206,hcyen,2025-06-27T18:00:00.371000+00:00,"Taiwan, Province of China",121.53313,25.0553845,0.0
703554062562903,tWkQmpu4YbjrXRdAEgZ3MB,101914818722206,hcyen,2025-06-27T18:00:00.117000+00:00,"Taiwan, Province of China",121.5400824,25.0580229,0.0
703930009314553,tWkQmpu4YbjrXRdAEgZ3MB,101914818722206,hcyen,2025-06-27T18:00:00.254000+00:00,"Taiwan, Province of China",121.5308361,25.0580148,0.0
703978782239550,tWkQmpu4YbjrXRdAEgZ3MB,101914818722206,hcyen,2025-06-27T18:00:00.607000+00:00,"Taiwan, Province of China",121.525364,25.0476715,0.0
704530475704478,tWkQmpu4YbjrXRdAEgZ3MB,101914818722206,hcyen,2025-06-27T18:00:00.777000+00:00,"Taiwan, Province of China",121.5140197,25.049283,0.0
704554152333547,tWkQmpu4YbjrXRdAEgZ3MB,101914818722206,hcyen,2025-06-27T18:00:00.433000+00:00,"Taiwan, Province of China",121.5329731,25.0516193,0.0
704675592186464,tWkQmpu4YbjrXRdAEgZ3MB,101914818722206,hcyen,2025-06-27T18:00:00.343000+00:00,"Taiwan, Province of China",121.5331014,25.0570841,0.0
705162849038694,tWkQmpu4YbjrXRdAEgZ3MB,101914818722206,hcyen,2025-06-27T18:00:00.243000+00:00,"Taiwan, Province of China",121.5315459,25.0580035,0.0
706165958699900,tWkQmpu4YbjrXRdAEgZ3MB,101914818722206,hcyen,2025-06-27T18:00:00.017000+00:00,"Taiwan, Province of China",121.5444878,25.0556076,0.0
707008688808500,tWkQmpu4YbjrXRdAEgZ3MB,101914818722206,hcyen,2025-06-27T18:00:00.682000+00:00,"Taiwan, Province of China",121.5203301,25.0482296,0.0
707364525339847,tWkQmpu4YbjrXRdAEgZ3MB,101914818722206,hcyen,2025-06-27T18:00:00.466000+00:00,"Taiwan, Province of China",121.5329845,25.0496186,0.0
707413665592124,tWkQmpu4YbjrXRdAEgZ3MB,101914818722206,hcyen,2025-06-27T18:00:00.409000+00:00,"Taiwan, Province of China",121.533025,25.0531019,0.0
707630265321019,tWkQmpu4YbjrXRdAEgZ3MB,101914818722206,hcyen,2025-06-27T18:00:00.397000+00:00,"Taiwan, Province of China",121.5330603,25.0538194,0.0
708213375248334,tWkQmpu4YbjrXRdAEgZ3MB,101914818722206,hcyen,2025-06-27T18:00:00.358000+00:00,"Taiwan, Province of China",121.5330602,25.0561589,0.0
708451035130539,tWkQmpu4YbjrXRdAEgZ3MB,101914818722206,hcyen,2025-06-27T18:00:00.905000+00:00,"Taiwan, Province of China",121.5063767,25.0496666,0.0
708643762086984,tWkQmpu4YbjrXRdAEgZ3MB,101914818722206,hcyen,2025-06-27T18:00:00.112000+00:00,"Taiwan, Province of China",121.5403997,25.0580102,0.0
708997872122864,tWkQmpu4YbjrXRdAEgZ3MB,101914818722206,hcyen,2025-06-27T18:00:00.657000+00:00,"Taiwan, Province of China",121.5219762,25.04801,0.0
710401411703241,tWkQmpu4YbjrXRdAEgZ3MB,101914818722206,hcyen,2025-06-27T18:00:00.975000+00:00,"Taiwan, Province of China",121.5033036,25.0465667,0.0
711257401689726,tWkQmpu4YbjrXRdAEgZ3MB,101914818722206,hcyen,2025-06-27T18:00:00.704000+00:00,"Taiwan, Province of China",121.5188435,25.0484616,0.0
711402174957885,tWkQmpu4YbjrXRdAEgZ3MB,101914818722206,hcyen,2025-06-27T18:00:00.664000+00:00,"Taiwan, Province of China",121.5215007,25.0480358,0.0
712026305088202,tWkQmpu4YbjrXRdAEgZ3MB,101914818722206,hcyen,2025-06-27T18:00:00.019000+00:00,"Taiwan, Province of China",121.5444817,25.0557511,0.0
712227608207491,tWkQmpu4YbjrXRdAEgZ3MB,101914818722206,hcyen,2025-06-27T18:00:00.936000+00:00,"Taiwan, Province of China",121.5053056,25.0480213,0.0
713186298100251,tWkQmpu4YbjrXRdAEgZ3MB,101914818722206,hcyen,2025-06-27T18:00:00.976000+00:00,"Taiwan, Province of China",121.5032438,25.0465194,0.0
713986694824493,tWkQmpu4YbjrXRdAEgZ3MB,101914818722206,hcyen,2025-06-27T18:00:00.349000+00:00,"Taiwan, Province of China",121.5331398,25.0567267,0.0
714114831358128,tWkQmpu4YbjrXRdAEgZ3MB,101914818722206,hcyen,2025-06-27T18:00:00.148000+00:00,"Taiwan, Province of China",121.5379414,25.0579791,0.0
714569397884626,tWkQmpu4YbjrXRdAEgZ3MB,101914818722206,hcyen,2025-06-27T18:00:00.875000+00:00,"Taiwan, Province of China",121.5075489,25.0506089,0.0
714680071286602,tWkQmpu4YbjrXRdAEgZ3MB,101914818722206,hcyen,2025-06-27T18:00:00.474000+00:00,"Taiwan, Province of China",121.5329734,25.0491152,0.0
714870934469950,tWkQmpu4YbjrXRdAEgZ3MB,101914818722206,hcyen,2025-06-27T18:00:00.230000+00:00,"Taiwan, Province of China",121.5324011,25.0579935,0.0
715292141367312,tWkQmpu4YbjrXRdAEgZ3MB,101914818722206,hcyen,2025-06-27T18:00:00.860000+00:00,"Taiwan, Province of China",121.5085676,25.0504735,0.0
715854324634208,tWkQmpu4YbjrXRdAEgZ3MB,101914818722206,hcyen,2025-06-27T18:00:00.046000+00:00,"Taiwan, Province of China",121.5444472,25.0573387,0.0
716120054373382,tWkQmpu4YbjrXRdAEgZ3MB,101914818722206,hcyen,2025-06-27T18:00:00.323000+00:00,"Taiwan, Province of China",121.5324566,25.0579284,0.0
716491658018588,tWkQmpu4YbjrXRdAEgZ3MB,101914818722206,hcyen,2025-06-27T18:00:00.903000+00:00,"Taiwan, Province of China",121.5064007,25.0497352,0.0
716722231109466,tWkQmpu4YbjrXRdAEgZ3MB,101914818722206,hcyen,2025-06-27T18:00:00.831000+00:00,"Taiwan, Province of China",121.5105249,25.0501855,0.0
717010727595952,tWkQmpu4YbjrXRdAEgZ3MB,101914818722206,hcyen,2025-06-27T18:00:00.805000+00:00,"Taiwan, Province of China",121.5122222,25.0498389,0.0
718748297455847,tWkQmpu4YbjrXRdAEgZ3MB,101914818722206,hcyen,2025-06-27T18:00:00.781000+00:00,"Taiwan, Province of China",121.5137103,25.0493438,0.0
718923457499663,tWkQmpu4YbjrXRdAEgZ3MB,101914818722206,hcyen,2025-06-27T18:00:00.603000+00:00,"Taiwan, Province of China",121.525594,25.0476154,0.0
719015444053618,tWkQmpu4YbjrXRdAEgZ3MB,101914818722206,hcyen,2025-06-27T18:00:00.079000+00:00,"Taiwan, Province of China",121.5427706,25.0580702,0.0
719801927571573,tWkQmpu4YbjrXRdAEgZ3MB,101914818722206,hcyen,2025-06-27T18:00:00.145000+00:00,"Taiwan, Province of China",121.5381797,25.0579784,0.0
719853780795184,tWkQmpu4YbjrXRdAEgZ3MB,101914818722206,hcyen,2025-06-27T18:00:00.541000+00:00,"Taiwan, Province of China",121.5322363,25.0457139,0.0
719891610744775,tWkQmpu4YbjrXRdAEgZ3MB,101914818722206,hcyen,2025-06-27T18:00:00.086000+00:00,"Taiwan, Province of China",121.5422944,25.0580556,0.0
720508977377144,tWkQmpu4YbjrXRdAEgZ3MB,101914818722206,hcyen,2025-06-27T18:00:00.259000+00:00,"Taiwan, Province of China",121.5305177,25.0580299,0.0
720560983899039,tWkQmpu4YbjrXRdAEgZ3MB,101914818722206,hcyen,2025-06-27T18:00:00.412000+00:00,"Taiwan, Province of China",121.5329996,25.052889,0.0
721326713961988,tWkQmpu4YbjrXRdAEgZ3MB,101914818722206,hcyen,2025-06-27T18:00:00.195000+00:00,"Taiwan, Province of China",121.5347715,25.0579839,0.0
721642200823838,tWkQmpu4YbjrXRdAEgZ3MB,101914818722206,hcyen,2025-06-27T18:00:00.449000+00:00,"Taiwan, Province of China",121.5329503,25.0506963,0.0
721927510791817,tWkQmpu4YbjrXRdAEgZ3MB,101914818722206,hcyen,2025-06-27T18:00:00.058000+00:00,"Taiwan, Province of China",121.5441667,25.057975,0.0
722202120741659,tWkQmpu4YbjrXRdAEgZ3MB,101914818722206,hcyen,2025-06-27T18:00:00.846000+00:00,"Taiwan, Province of China",121.5095097,25.0503475,0.0
722267543841538,tWkQmpu4YbjrXRdAEgZ3MB,101914818722206,hcyen,2025-06-27T18:00:00.160000+00:00,"Taiwan, Province of China",121.53715,25.0579991,0.0
722291847163853,tWkQmpu4YbjrXRdAEgZ3MB,101914818722206,hcyen,2025-06-27T18:00:00.942000+00:00,"Taiwan, Province of China",121.5050203,25.0477716,0.0
722664227132129,tWkQmpu4YbjrXRdAEgZ3MB,101914818722206,hcyen,2025-06-27T18:00:00.577000+00:00,"Taiwan, Province of China",121.529811,25.0463095,0.0
722965893971918,tWkQmpu4YbjrXRdAEgZ3MB,101914818722206,hcyen,2025-06-27T18:00:00.746000+00:00,"Taiwan, Province of China",121.5160463,25.0489354,0.0
723235073735104,tWkQmpu4YbjrXRdAEgZ3MB,101914818722206,hcyen,2025-06-27T18:00:00.644000+00:00,"Taiwan, Province of China",121.5228462,25.0479431,0.0
723516603386224,tWkQmpu4YbjrXRdAEgZ3MB,101914818722206,hcyen,2025-06-27T18:00:00.146000+00:00,"Taiwan, Province of China",121.5381003,25.0579791,0.0
723672690619850,tWkQmpu4YbjrXRdAEgZ3MB,101914818722206,hcyen,2025-06-27T18:00:00.184000+00:00,"Taiwan, Province of China",121.5355652,25.0580054,0.0
723701480458508,tWkQmpu4YbjrXRdAEgZ3MB,101914818722206,hcyen,2025-06-27T18:00:00.535000+00:00,"Taiwan, Province of China",121.5326086,25.0455921,0.0
724640210307328,tWkQmpu4YbjrXRdAEgZ3MB,101914818722206,hcyen,2025-06-27T18:00:00.121000+00:00,"Taiwan, Province of China",121.5397651,25.0580376,0.0
725492106526713,tWkQmpu4YbjrXRdAEgZ3MB,101914818722206,hcyen,2025-06-27T18:00:00.439000+00:00,"Taiwan, Province of China",121.5330161,25.0512653,0.0
725910873385447,tWkQmpu4YbjrXRdAEgZ3MB,101914818722206,hcyen,2025-06-27T18:00:00.497000+00:00,"Taiwan, Province of China",121.5329882,25.0477524,0.0
726083600123864,tWkQmpu4YbjrXRdAEgZ3MB,101914818722206,hcyen,2025-06-27T18:00:00.211000+00:00,"Taiwan, Province of China",121.5337462,25.0580263,0.0
728307156563231,tWkQmpu4YbjrXRdAEgZ3MB,101914818722206,hcyen,2025-06-27T18:00:00.698000+00:00,"Taiwan, Province of China",121.5192358,25.0484062,0.0
728829626567865,tWkQmpu4YbjrXRdAEgZ3MB,101914818722206,hcyen,2025-06-27T18:00:00.866000+00:00,"Taiwan, Province of China",121.508177,25.0505378,0.0
729300069929379,tWkQmpu4YbjrXRdAEgZ3MB,101914818722206,hcyen,2025-06-27T18:00:00.005000+00:00,"Taiwan, Province of China",121.5447146,25.0549335,0.0
729822239427168,tWkQmpu4YbjrXRdAEgZ3MB,101914818722206,hcyen,2025-06-27T18:00:00.345000+00:00,"Taiwan, Province of China",121.5331146,25.0569408,0.0
730562526503210,tWkQmpu4YbjrXRdAEgZ3MB,101914818722206,hcyen,2025-06-27T18:00:00.676000+00:00,"Taiwan, Province of China",121.5207182,25.0481544,0.0
730739062742336,tWkQmpu4YbjrXRdAEgZ3MB,101914818722206,hcyen,2025-06-27T18:00:00.525000+00:00,"Taiwan, Province of China",121.5329094,25.0460491,0.0
731418593163526,tWkQmpu4YbjrXRdAEgZ3MB,101914818722206,hcyen,2025-06-27T18:00:00.957000+00:00,"Taiwan, Province of China",121.5042701,25.0471611,0.0
731557692585070,tWkQmpu4YbjrXRdAEgZ3MB,101914818722206,hcyen,2025-06-27T18:00:00.075000+00:00,"Taiwan, Province of China",121.5430877,25.0580876,0.0
732313602536236,tWkQmpu4YbjrXRdAEgZ3MB,101914818722206,hcyen,2025-06-27T18:00:00.501000+00:00,"Taiwan, Province of China",121.5329324,25.0474733,0.0
732592629164484,tWkQmpu4YbjrXRdAEgZ3MB,101914818722206,hcyen,2025-06-27T18:00:00.425000+00:00,"Taiwan, Province of China",121.5330131,25.0521202,0.0
732673726385171,tWkQmpu4YbjrXRdAEgZ3MB,101914818722206,hcyen,2025-06-27T18:00:00.132000+00:00,"Taiwan, Province of China",121.5390511,25.058027,0.0
732806312620874,tWkQmpu4YbjrXRdAEgZ3MB,101914818722206,hcyen,2025-06-27T18:00:00.030000+00:00,"Taiwan, Province of China",121.5444244,25.0563948,0.0
733227449107052,tWkQmpu4YbjrXRdAEgZ3MB,101914818722206,hcyen,2025-06-27T18:00:00.327000+00:00,"Taiwan, Province of China",121.532694,25.0579354,0.0
733398675826304,tWkQmpu4YbjrXRdAEgZ3MB,101914818722206,hcyen,2025-06-27T18:00:00.227000+00:00,"Taiwan, Province of China",121.5326382,25.05801,0.0
733780179363106,tWkQmpu4YbjrXRdAEgZ3MB,101914818722206,hcyen,2025-06-27T18:00:00.864000+00:00,"Taiwan, Province of China",121.5083333,25.050509,0.0
733782092938736,tWkQmpu4YbjrXRdAEgZ3MB,101914818722206,hcyen,2025-06-27T18:00:00.004000+00:00,"Taiwan, Province of China",121.5447195,25.0548619,0.0
733858865851325,tWkQmpu4YbjrXRdAEgZ3MB,101914818722206,hcyen,2025-06-27T18:00:00.824000+00:00,"Taiwan, Province of China",121.5109953,25.0501192,0.0
734007149149573,tWkQmpu4YbjrXRdAEgZ3MB,101914818722206,hcyen,2025-06-27T18:00:00.284000+00:00,"Taiwan, Province of China",121.5307493,25.0589067,0.0
734027039276839,tWkQmpu4YbjrXRdAEgZ3MB,101914818722206,hcyen,2025-06-27T18:00:00.623000+00:00,"Taiwan, Province of China",121.5242711,25.0478475,0.0
734151109005830,tWkQmpu4YbjrXRdAEgZ3MB,101914818722206,hcyen,2025-06-27T18:00:00.718000+00:00,"Taiwan, Province of China",121.5179219,25.048677,0.0
734430015610177,tWkQmpu4YbjrXRdAEgZ3MB,101914818722206,hcyen,2025-06-27T18:00:00.130000+00:00,"Taiwan, Province of China",121.5392092,25.0580367,0.0
735066352342421,tWkQmpu4YbjrXRdAEgZ3MB,101914818722206,hcyen,2025-06-27T18:00:00.810000+00:00,"Taiwan, Province of China",121.5119223,25.0499352,0.0
736088778971525,tWkQmpu4YbjrXRdAEgZ3MB,101914818722206,hcyen,2025-06-27T18:00:00.760000+00:00,"Taiwan, Province of China",121.5151075,25.0490776,0.0
736265326042659,tWkQmpu4YbjrXRdAEgZ3MB,101914818722206,hcyen,2025-06-27T18:00:00.991000+00:00,"Taiwan, Province of China",121.501321,25.045094,0.0
736774672059048,tWkQmpu4YbjrXRdAEgZ3MB,101914818722206,hcyen,2025-06-27T18:00:00.858000+00:00,"Taiwan, Province of China",121.5087238,25.0504473,0.0
738239292030630,tWkQmpu4YbjrXRdAEgZ3MB,101914818722206,hcyen,2025-06-27T18:00:00.133000+00:00,"Taiwan, Province of China",121.5389724,25.0580174,0.0
738346998779249,tWkQmpu4YbjrXRdAEgZ3MB,101914818722206,hcyen,2025-06-27T18:00:00.932000+00:00,"Taiwan, Province of China",121.5055301,25.0482248,0.0
738355401986293,tWkQmpu4YbjrXRdAEgZ3MB,101914818722206,hcyen,2025-06-27T18:00:00.318000+00:00,"Taiwan, Province of China",121.5321394,25.0579433,0.0
740171978529908,tWkQmpu4YbjrXRdAEgZ3MB,101914818722206,hcyen,2025-06-27T18:00:00.381000+00:00,"Taiwan, Province of China",121.5331254,25.0548218,0.0
741357048269666,tWkQmpu4YbjrXRdAEgZ3MB,101914818722206,hcyen,2025-06-27T18:00:00.321000+00:00,"Taiwan, Province of China",121.5322979,25.0579341,0.0
741473201664142,tWkQmpu4YbjrXRdAEgZ3MB,101914818722206,hcyen,2025-06-27T18:00:00.689000+00:00,"Taiwan, Province of China",121.5198611,25.0483044,0.0
741508961909563,tWkQmpu4YbjrXRdAEgZ3MB,101914818722206,hcyen,2025-06-27T18:00:00.076000+00:00,"Taiwan, Province of China",121.5430084,25.0580843,0.0
741771381592397,tWkQmpu4YbjrXRdAEgZ3MB,101914818722206,hcyen,2025-06-27T18:00:00.236000+00:00,"Taiwan, Province of China",121.5320044,25.0579994,0.0
742138055174313,tWkQmpu4YbjrXRdAEgZ3MB,101914818722206,hcyen,2025-06-27T18:00:00.332000+00:00,"Taiwan, Province of China",121.5330688,25.0578549,0.0
742304501579673,tWkQmpu4YbjrXRdAEgZ3MB,101914818722206,hcyen,2025-06-27T18:00:00.872000+00:00,"Taiwan, Province of China",121.507783,25.0505766,0.0
744252801393226,tWkQmpu4YbjrXRdAEgZ3MB,101914818722206,hcyen,2025-06-27T18:00:00.572000+00:00,"Taiwan, Province of China",121.5301846,25.0461898,0.0
744625094689241,tWkQmpu4YbjrXRdAEgZ3MB,101914818722206,hcyen,2025-06-27T18:00:00.985000+00:00,"Taiwan, Province of China",121.5016518,25.0452886,0.0
744782258123544,tWkQmpu4YbjrXRdAEgZ3MB,101914818722206,hcyen,2025-06-27T18:00:00.524000+00:00,"Taiwan, Province of China",121.5329124,25.04612,0.0
745421048054630,tWkQmpu4YbjrXRdAEgZ3MB,101914818722206,hcyen,2025-06-27T18:00:00.288000+00:00,"Taiwan, Province of China",121.5309847,25.0588889,0.0
745785027892591,tWkQmpu4YbjrXRdAEgZ3MB,101914818722206,hcyen,2025-06-27T18:00:00.294000+00:00,"Taiwan, Province of China",121.5313782,25.0589292,0.0
745809617977322,tWkQmpu4YbjrXRdAEgZ3MB,101914818722206,hcyen,2025-06-27T18:00:00.970000+00:00,"Taiwan, Province of China",121.5035448,25.046754,0.0
746370127783726,tWkQmpu4YbjrXRdAEgZ3MB,101914818722206,hcyen,2025-06-27T18:00:00.880000+00:00,"Taiwan, Province of China",121.5072354,25.0506541,0.0
746590327926761,tWkQmpu4YbjrXRdAEgZ3MB,101914818722206,hcyen,2025-06-27T18:00:00.522000+00:00,"Taiwan, Province of China",121.5329033,25.0461915,0.0
746966477851320,tWkQmpu4YbjrXRdAEgZ3MB,101914818722206,hcyen,2025-06-27T18:00:00.334000+00:00,"Taiwan, Province of China",121.5331061,25.0577913,0.0
748257947754718,tWkQmpu4YbjrXRdAEgZ3MB,101914818722206,hcyen,2025-06-27T18:00:00.507000+00:00,"Taiwan, Province of China",121.5328936,25.0471204,0.0
748441924315738,tWkQmpu4YbjrXRdAEgZ3MB,101914818722206,hcyen,2025-06-27T18:00:00.916000+00:00,"Taiwan, Province of China",121.5060746,25.0490017,0.0
748629491156765,tWkQmpu4YbjrXRdAEgZ3MB,101914818722206,hcyen,2025-06-27T18:00:00.274000+00:00,"Taiwan, Province of China",121.5302247,25.0587182,0.0
748884544396820,tWkQmpu4YbjrXRdAEgZ3MB,101914818722206,hcyen,2025-06-27T18:00:00.099000+00:00,"Taiwan, Province of China",121.5414221,25.0580291,0.0
748908894337587,tWkQmpu4YbjrXRdAEgZ3MB,101914818722206,hcyen,2025-06-27T18:00:00.556000+00:00,"Taiwan, Province of China",121.5311739,25.0459328,0.0
750402277508164,tWkQmpu4YbjrXRdAEgZ3MB,101914818722206,hcyen,2025-06-27T18:00:00.310000+00:00,"Taiwan, Province of China",121.5317014,25.058118,0.0
750981027601778,tWkQmpu4YbjrXRdAEgZ3MB,101914818722206,hcyen,2025-06-27T18:00:00.120000+00:00,"Taiwan, Province of China",121.5398445,25.0580344,0.0
751209677362785,tWkQmpu4YbjrXRdAEgZ3MB,101914818722206,hcyen,2025-06-27T18:00:00.593000+00:00,"Taiwan, Province of China",121.5288377,25.0466178,0.0
751290260768072,tWkQmpu4YbjrXRdAEgZ3MB,101914818722206,hcyen,2025-06-27T18:00:00.981000+00:00,"Taiwan, Province of China",121.5018958,25.0454728,0.0
753081343818108,tWkQmpu4YbjrXRdAEgZ3MB,101914818722206,hcyen,2025-06-27T18:00:00.902000+00:00,"Taiwan, Province of China",121.5064243,25.0498039,0.0
753206783906951,tWkQmpu4YbjrXRdAEgZ3MB,101914818722206,hcyen,2025-06-27T18:00:00.962000+00:00,"Taiwan, Province of China",121.5040201,25.0470005,0.0
753623054015455,tWkQmpu4YbjrXRdAEgZ3MB,101914818722206,hcyen,2025-06-27T18:00:00.867000+00:00,"Taiwan, Province of China",121.5080985,25.0505486,0.0
753980190394197,tWkQmpu4YbjrXRdAEgZ3MB,101914818722206,hcyen,2025-06-27T18:00:00.927000+00:00,"Taiwan, Province of China",121.5056931,25.048467,0.0
754769930324742,tWkQmpu4YbjrXRdAEgZ3MB,101914818722206,hcyen,2025-06-27T18:00:00.737000+00:00,"Taiwan, Province of China",121.5166731,25.0488487,0.0
755153127672939,tWkQmpu4YbjrXRdAEgZ3MB,101914818722206,hcyen,2025-06-27T18:00:00.048000+00:00,"Taiwan, Province of China",121.5444579,25.0574099,0.0
756365730385930,tWkQmpu4YbjrXRdAEgZ3MB,101914818722206,hcyen,2025-06-27T18:00:00.617000+00:00,"Taiwan, Province of China",121.5246655,25.0478077,0.0
756454170054947,tWkQmpu4YbjrXRdAEgZ3MB,101914818722206,hcyen,2025-06-27T18:00:00.526000+00:00,"Taiwan, Province of China",121.5328849,25.0459807,0.0
758188626870001,tWkQmpu4YbjrXRdAEgZ3MB,101914818722206,hcyen,2025-06-27T18:00:00.940000+00:00,"Taiwan, Province of China",121.5051316,25.047874,0.0
760348399986024,tWkQmpu4YbjrXRdAEgZ3MB,101914818722206,hcyen,2025-06-27T18:00:00.558000+00:00,"Taiwan, Province of China",121.5310966,25.0459491,0.0
761414042980622,tWkQmpu4YbjrXRdAEgZ3MB,101914818722206,hcyen,2025-06-27T18:00:00.563000+00:00,"Taiwan, Province of China",121.5307119,25.0460381,0.0
762494339689050,tWkQmpu4YbjrXRdAEgZ3MB,101914818722206,hcyen,2025-06-27T18:00:00.109000+00:00,"Taiwan, Province of China",121.5406369,25.058025,0.0
764722482891698,tWkQmpu4YbjrXRdAEgZ3MB,101914818722206,hcyen,2025-06-27T18:00:00.868000+00:00,"Taiwan, Province of China",121.50802,25.0505592,0.0
765391319410156,tWkQmpu4YbjrXRdAEgZ3MB,101914818722206,hcyen,2025-06-27T18:00:00.444000+00:00,"Taiwan, Province of China",121.532976,25.050981,0.0
767643972445158,tWkQmpu4YbjrXRdAEgZ3MB,101914818722206,hcyen,2025-06-27T18:00:00.968000+00:00,"Taiwan, Province of China",121.5036668,25.0468462,0.0
769272492443399,tWkQmpu4YbjrXRdAEgZ3MB,101914818722206,hcyen,2025-06-27T18:00:00.887000+00:00,"Taiwan, Province of China",121.5067783,25.0506728,0.0
773224465033274,tWkQmpu4YbjrXRdAEgZ3MB,101914818722206,hcyen,2025-06-27T18:00:00.472000+00:00,"Taiwan, Province of China",121.5329746,25.0492589,0.0
774521884990499,tWkQmpu4YbjrXRdAEgZ3MB,101914818722206,hcyen,2025-06-27T18:00:00.023000+00:00,"Taiwan, Province of China",121.5444785,25.0559669,0.0
782604070871395,tWkQmpu4YbjrXRdAEgZ3MB,101914818722206,hcyen,2025-06-27T18:00:00.032000+00:00,"Taiwan, Province of China",121.5444169,25.0565385,0.0
791026030069697,tWkQmpu4YbjrXRdAEgZ3MB,101914818722206,hcyen,2025-06-27T18:00:00.633000+00:00,"Taiwan, Province of China",121.5236384,25.0478979,0.0
791768049842073,tWkQmpu4YbjrXRdAEgZ3MB,101914818722206,hcyen,2025-06-27T18:00:00.139000+00:00,"Taiwan, Province of China",121.5385762,25.0579954,0.0
817858667591673,tWkQmpu4YbjrXRdAEgZ3MB,101914818722206,hcyen,2025-06-27T18:00:00.650000+00:00,"Taiwan, Province of China",121.5224504,25.0479698,0.0
893485892980943,tWkQmpu4YbjrXRdAEgZ3MB,101914818722206,hcyen,2025-06-27T18:00:00.094000+00:00,"Taiwan, Province of China",121.5417396,25.0580356,0.0
894018269589477,tWkQmpu4YbjrXRdAEgZ3MB,101914818722206,hcyen,2025-06-27T18:00:00.778000+00:00,"Taiwan, Province of China",121.513942,25.0492979,0.0
904773391834649,tWkQmpu4YbjrXRdAEgZ3MB,101914818722206,hcyen,2025-06-27T18:00:00.279000+00:00,"Taiwan, Province of China",121.5303563,25.0589468,0.0
921743486753822,tWkQmpu4YbjrXRdAEgZ3MB,101914818722206,hcyen,2025-06-27T18:00:00.208000+00:00,"Taiwan, Province of China",121.5339012,25.0580295,0.0
938022975085388,tWkQmpu4YbjrXRdAEgZ3MB,101914818722206,hcyen,2025-06-27T18:00:00.255000+00:00,"Taiwan, Province of China",121.5307557,25.0580203,0.0
947836680737923,tWkQmpu4YbjrXRdAEgZ3MB,101914818722206,hcyen,2025-06-27T18:00:00.411000+00:00,"Taiwan, Province of China",121.5329997,25.05296,0.0
950395363807946,tWkQmpu4YbjrXRdAEgZ3MB,101914818722206,hcyen,2025-06-27T18:00:00.990000+00:00,"Taiwan, Province of China",121.5013936,25.0451224,0.0
976839304402550,tWkQmpu4YbjrXRdAEgZ3MB,101914818722206,hcyen,2025-06-27T18:00:00.293000+00:00,"Taiwan, Province of China",121.5313008,25.0589137,0.0
977866940957802,tWkQmpu4YbjrXRdAEgZ3MB,101914818722206,hcyen,2025-06-27T18:00:00.111000+00:00,"Taiwan, Province of China",121.5404791,25.0580107,0.0
983697690356792,tWkQmpu4YbjrXRdAEgZ3MB,101914818722206,hcyen,2025-06-27T18:00:00.196000+00:00,"Taiwan, Province of China",121.5346921,25.0579846,0.0
984966786903963,tWkQmpu4YbjrXRdAEgZ3MB,101914818722206,hcyen,2025-06-27T18:00:00.261000+00:00,"Taiwan, Province of China",121.53036,25.0580129,0.0
994459762581837,tWkQmpu4YbjrXRdAEgZ3MB,101914818722206,hcyen,2025-06-27T18:00:00.369000+00:00,"Taiwan, Province of China",121.5330839,25.0555216,0.0
998840102179152,tWkQmpu4YbjrXRdAEgZ3MB,101914818722206,hcyen,2025-06-27T18:00:00.223000+00:00,"Taiwan, Province of China",121.5328766,25.0580036,0.0
1004172325122619,tWkQmpu4YbjrXRdAEgZ3MB,101914818722206,hcyen,2025-06-27T18:00:00.575000+00:00,"Taiwan, Province of China",121.5299613,25.046263,0.0
1012273527653426,tWkQmpu4YbjrXRdAEgZ3MB,101914818722206,hcyen,2025-06-27T18:00:00.647000+00:00,"Taiwan, Province of China",121.5226876,25.0479507,0.0
1012636941034284,tWkQmpu4YbjrXRdAEgZ3MB,101914818722206,hcyen,2025-06-27T18:00:00.552000+00:00,"Taiwan, Province of China",121.5314865,25.045911,0.0
1012940440665439,tWkQmpu4YbjrXRdAEgZ3MB,101914818722206,hcyen,2025-06-27T18:00:00.419000+00:00,"Taiwan, Province of China",121.5330448,25.0524746,0.0
1014016133869682,tWkQmpu4YbjrXRdAEgZ3MB,101914818722206,hcyen,2025-06-27T18:00:00.372000+00:00,"Taiwan, Province of China",121.5331384,25.0553136,0.0
1014333030865407,tWkQmpu4YbjrXRdAEgZ3MB,101914818722206,hcyen,2025-06-27T18:00:00.582000+00:00,"Taiwan, Province of China",121.5295097,25.0464008,0.0
1014389903832791,tWkQmpu4YbjrXRdAEgZ3MB,101914818722206,hcyen,2025-06-27T18:00:00.706000+00:00,"Taiwan, Province of China",121.5186921,25.0485051,0.0
1017707293501536,tWkQmpu4YbjrXRdAEgZ3MB,101914818722206,hcyen,2025-06-27T18:00:00.415000+00:00,"Taiwan, Province of China",121.5330475,25.0527542,0.0
1020160463530776,tWkQmpu4YbjrXRdAEgZ3MB,101914818722206,hcyen,2025-06-27T18:00:00.016000+00:00,"Taiwan, Province of China",121.5445233,25.0555433,0.0
1021641296421684,tWkQmpu4YbjrXRdAEgZ3MB,101914818722206,hcyen,2025-06-27T18:00:00.350000+00:00,"Taiwan, Province of China",121.5331331,25.056655,0.0
1021854586785986,tWkQmpu4YbjrXRdAEgZ3MB,101914818722206,hcyen,2025-06-27T18:00:00.686000+00:00,"Taiwan, Province of China",121.5200177,25.0482811,0.0
1021905493480672,tWkQmpu4YbjrXRdAEgZ3MB,101914818722206,hcyen,2025-06-27T18:00:00.250000+00:00,"Taiwan, Province of China",121.5310709,25.0580171,0.0
1022542796749256,tWkQmpu4YbjrXRdAEgZ3MB,101914818722206,hcyen,2025-06-27T18:00:00.645000+00:00,"Taiwan, Province of China",121.5227669,25.0479469,0.0
1022758163366794,tWkQmpu4YbjrXRdAEgZ3MB,101914818722206,hcyen,2025-06-27T18:00:00.202000+00:00,"Taiwan, Province of China",121.5342951,25.0579924,0.0
1024119679703605,tWkQmpu4YbjrXRdAEgZ3MB,101914818722206,hcyen,2025-06-27T18:00:00.478000+00:00,"Taiwan, Province of China",121.5329681,25.0488994,0.0
1024146209930131,tWkQmpu4YbjrXRdAEgZ3MB,101914818722206,hcyen,2025-06-27T18:00:00.348000+00:00,"Taiwan, Province of China",121.5331388,25.0567986,0.0
1024758776525316,tWkQmpu4YbjrXRdAEgZ3MB,101914818722206,hcyen,2025-06-27T18:00:00.506000+00:00,"Taiwan, Province of China",121.5328951,25.0471922,0.0
1025283386487560,tWkQmpu4YbjrXRdAEgZ3MB,101914818722206,hcyen,2025-06-27T18:00:00.159000+00:00,"Taiwan, Province of China",121.5372293,25.0579955,0.0
1028184352817734,tWkQmpu4YbjrXRdAEgZ3MB,101914818722206,hcyen,2025-06-27T18:00:00.635000+00:00,"Taiwan, Province of China",121.52348,25.0479076,0.0
1031655325841653,tWkQmpu4YbjrXRdAEgZ3MB,101914818722206,hcyen,2025-06-27T18:00:00.308000+00:00,"Taiwan, Province of China",121.5316965,25.0582576,0.0
1032128199097569,tWkQmpu4YbjrXRdAEgZ3MB,101914818722206,hcyen,2025-06-27T18:00:00.710000+00:00,"Taiwan, Province of China",121.5184588,25.0485486,0.0
1032320925616384,tWkQmpu4YbjrXRdAEgZ3MB,101914818722206,hcyen,2025-06-27T18:00:00.189000+00:00,"Taiwan, Province of China",121.5351685,25.0579909,0.0
1033172622218205,tWkQmpu4YbjrXRdAEgZ3MB,101914818722206,hcyen,2025-06-27T18:00:00.187000+00:00,"Taiwan, Province of China",121.5353273,25.057994,0.0
1033672615606163,tWkQmpu4YbjrXRdAEgZ3MB,101914818722206,hcyen,2025-06-27T18:00:00.560000+00:00,"Taiwan, Province of China",121.5309431,25.0459861,0.0
1034594662166432,tWkQmpu4YbjrXRdAEgZ3MB,101914818722206,hcyen,2025-06-27T18:00:00.946000+00:00,"Taiwan, Province of China",121.5048093,25.0476717,0.0
1036206798646604,tWkQmpu4YbjrXRdAEgZ3MB,101914818722206,hcyen,2025-06-27T18:00:00.742000+00:00,"Taiwan, Province of China",121.5163611,25.0489026,0.0
1037997088509414,tWkQmpu4YbjrXRdAEgZ3MB,101914818722206,hcyen,2025-06-27T18:00:00.881000+00:00,"Taiwan, Province of China",121.5071568,25.0506646,0.0
1038287648452288,tWkQmpu4YbjrXRdAEgZ3MB,101914818722206,hcyen,2025-06-27T18:00:00.536000+00:00,"Taiwan, Province of China",121.5325381,25.045625,0.0
1038933661776860,tWkQmpu4YbjrXRdAEgZ3MB,101914818722206,hcyen,2025-06-27T18:00:00.705000+00:00,"Taiwan, Province of China",121.5187678,25.0484834,0.0
1038936398435034,tWkQmpu4YbjrXRdAEgZ3MB,101914818722206,hcyen,2025-06-27T18:00:00.429000+00:00,"Taiwan, Province of China",121.5329818,25.0519069,0.0
1040979764827262,tWkQmpu4YbjrXRdAEgZ3MB,101914818722206,hcyen,2025-06-27T18:00:00.356000+00:00,"Taiwan, Province of China",121.5331023,25.0562968,0.0
1042674961287263,tWkQmpu4YbjrXRdAEgZ3MB,101914818722206,hcyen,2025-06-27T18:00:00.828000+00:00,"Taiwan, Province of China",121.5106807,25.0501577,0.0
1043586257919798,tWkQmpu4YbjrXRdAEgZ3MB,101914818722206,hcyen,2025-06-27T18:00:00.304000+00:00,"Taiwan, Province of China",121.5316752,25.05847,0.0
1046219923858389,tWkQmpu4YbjrXRdAEgZ3MB,101914818722206,hcyen,2025-06-27T18:00:00.234000+00:00,"Taiwan, Province of China",121.5321629,25.0579921,0.0
1049646250629555,tWkQmpu4YbjrXRdAEgZ3MB,101914818722206,hcyen,2025-06-27T18:00:00.852000+00:00,"Taiwan, Province of China",121.5091159,25.0503936,0.0
1054193743014736,tWkQmpu4YbjrXRdAEgZ3MB,101914818722206,hcyen,2025-06-27T18:00:00.669000+00:00,"Taiwan, Province of China",121.5211874,25.0480818,0.0
1054203506813402,tWkQmpu4YbjrXRdAEgZ3MB,101914818722206,hcyen,2025-06-27T18:00:00.225000+00:00,"Taiwan, Province of China",121.5327972,25.0580063,0.0
1056069539824243,tWkQmpu4YbjrXRdAEgZ3MB,101914818722206,hcyen,2025-06-27T18:00:00.597000+00:00,"Taiwan, Province of China",121.5259729,25.0475079,0.0
1057009326540584,tWkQmpu4YbjrXRdAEgZ3MB,101914818722206,hcyen,2025-06-27T18:00:00.882000+00:00,"Taiwan, Province of China",121.5070779,25.0506724,0.0
1057871629772044,tWkQmpu4YbjrXRdAEgZ3MB,101914818722206,hcyen,2025-06-27T18:00:00.528000+00:00,"Taiwan, Province of China",121.5328184,25.0458501,0.0
1058296205873775,tWkQmpu4YbjrXRdAEgZ3MB,101914818722206,hcyen,2025-06-27T18:00:00.856000+00:00,"Taiwan, Province of China",121.5088012,25.0504312,0.0
1058897159155445,tWkQmpu4YbjrXRdAEgZ3MB,101914818722206,hcyen,2025-06-27T18:00:00.583000+00:00,"Taiwan, Province of China",121.5294345,25.0464238,0.0
1059778569460405,tWkQmpu4YbjrXRdAEgZ3MB,101914818722206,hcyen,2025-06-27T18:00:00.532000+00:00,"Taiwan, Province of China",121.5327646,25.0456398,0.0
1060592015601305,tWkQmpu4YbjrXRdAEgZ3MB,101914818722206,hcyen,2025-06-27T18:00:00.515000+00:00,"Taiwan, Province of China",121.5328625,25.0466185,0.0
1060979378886743,tWkQmpu4YbjrXRdAEgZ3MB,101914818722206,hcyen,2025-06-27T18:00:00.093000+00:00,"Taiwan, Province of China",121.5418187,25.0580418,0.0
1061111312636358,tWkQmpu4YbjrXRdAEgZ3MB,101914818722206,hcyen,2025-06-27T18:00:00.315000+00:00,"Taiwan, Province of China",121.5319015,25.0579492,0.0
1061512526083386,tWkQmpu4YbjrXRdAEgZ3MB,101914818722206,hcyen,2025-06-27T18:00:00.651000+00:00,"Taiwan, Province of China",121.5223717,25.0479796,0.0
1061844216010996,tWkQmpu4YbjrXRdAEgZ3MB,101914818722206,hcyen,2025-06-27T18:00:00.172000+00:00,"Taiwan, Province of China",121.5363581,25.058027,0.0
1062125835417627,tWkQmpu4YbjrXRdAEgZ3MB,101914818722206,hcyen,2025-06-27T18:00:00.531000+00:00,"Taiwan, Province of China",121.5327821,25.04571,0.0
1062216609194336,tWkQmpu4YbjrXRdAEgZ3MB,101914818722206,hcyen,2025-06-27T18:00:00.338000+00:00,"Taiwan, Province of China",121.5331253,25.0575049,0.0
1062668928730705,tWkQmpu4YbjrXRdAEgZ3MB,101914818722206,hcyen,2025-06-27T18:00:00.150000+00:00,"Taiwan, Province of China",121.537862,25.0579785,0.0
1062945522022573,tWkQmpu4YbjrXRdAEgZ3MB,101914818722206,hcyen,2025-06-27T18:00:00.325000+00:00,"Taiwan, Province of China",121.5326154,25.0579252,0.0
1063050525317185,tWkQmpu4YbjrXRdAEgZ3MB,101914818722206,hcyen,2025-06-27T18:00:00.458000+00:00,"Taiwan, Province of China",121.5329731,25.050122,0.0
1063311145269403,tWkQmpu4YbjrXRdAEgZ3MB,101914818722206,hcyen,2025-06-27T18:00:00.745000+00:00,"Taiwan, Province of China",121.5161238,25.0489196,0.0
1063333378658779,tWkQmpu4YbjrXRdAEgZ3MB,101914818722206,hcyen,2025-06-27T18:00:00.586000+00:00,"Taiwan, Province of China",121.5292835,25.0464682,0.0
1063377002605752,tWkQmpu4YbjrXRdAEgZ3MB,101914818722206,hcyen,2025-06-27T18:00:00.008000+00:00,"Taiwan, Province of China",121.5446786,25.0550735,0.0
1063410219274353,tWkQmpu4YbjrXRdAEgZ3MB,101914818722206,hcyen,2025-06-27T18:00:00.504000+00:00,"Taiwan, Province of China",121.5328985,25.047336,0.0
1063935112359548,tWkQmpu4YbjrXRdAEgZ3MB,101914818722206,hcyen,2025-06-27T18:00:00.566000+00:00,"Taiwan, Province of China",121.5305606,25.0460812,0.0
1064521929106271,tWkQmpu4YbjrXRdAEgZ3MB,101914818722206,hcyen,2025-06-27T18:00:00.977000+00:00,"Taiwan, Province of China",121.5031847,25.0464713,0.0
1065065008911339,tWkQmpu4YbjrXRdAEgZ3MB,101914818722206,hcyen,2025-06-27T18:00:00.779000+00:00,"Taiwan, Province of China",121.5138638,25.0493102,0.0
1065125031713735,tWkQmpu4YbjrXRdAEgZ3MB,101914818722206,hcyen,2025-06-27T18:00:00.398000+00:00,"Taiwan, Province of China",121.5330516,25.0537479,0.0
1066069288309344,tWkQmpu4YbjrXRdAEgZ3MB,101914818722206,hcyen,2025-06-27T18:00:00.206000+00:00,"Taiwan, Province of China",121.5340575,25.0580039,0.0
1066560318240801,tWkQmpu4YbjrXRdAEgZ3MB,101914818722206,hcyen,2025-06-27T18:00:00.417000+00:00,"Taiwan, Province of China",121.5330628,25.0526173,0.0
1067077701523240,tWkQmpu4YbjrXRdAEgZ3MB,101914818722206,hcyen,2025-06-27T18:00:00.246000+00:00,"Taiwan, Province of China",121.5313861,25.0580103,0.0
1069507384510819,tWkQmpu4YbjrXRdAEgZ3MB,101914818722206,hcyen,2025-06-27T18:00:00.436000+00:00,"Taiwan, Province of China",121.5330134,25.0514809,0.0
1070076467942799,tWkQmpu4YbjrXRdAEgZ3MB,101914818722206,hcyen,2025-06-27T18:00:00.822000+00:00,"Taiwan, Province of China",121.5110722,25.0501012,0.0
1070845911657791,tWkQmpu4YbjrXRdAEgZ3MB,101914818722206,hcyen,2025-06-27T18:00:00.983000+00:00,"Taiwan, Province of China",121.5017736,25.045381,0.0
1071450888280792,tWkQmpu4YbjrXRdAEgZ3MB,101914818722206,hcyen,2025-06-27T18:00:00.638000+00:00,"Taiwan, Province of China",121.5232423,25.0479209,0.0
1071639411579657,tWkQmpu4YbjrXRdAEgZ3MB,101914818722206,hcyen,2025-06-27T18:00:00.643000+00:00,"Taiwan, Province of China",121.5229256,25.0479415,0.0
1071740271588801,tWkQmpu4YbjrXRdAEgZ3MB,101914818722206,hcyen,2025-06-27T18:00:00.200000+00:00,"Taiwan, Province of China",121.5344539,25.0579895,0.0
1071964491562488,tWkQmpu4YbjrXRdAEgZ3MB,101914818722206,hcyen,2025-06-27T18:00:00.484000+00:00,"Taiwan, Province of China",121.5329644,25.0485398,0.0
1072533660894755,tWkQmpu4YbjrXRdAEgZ3MB,101914818722206,hcyen,2025-06-27T18:00:00.587000+00:00,"Taiwan, Province of China",121.5292069,25.0464874,0.0
1076022280625399,tWkQmpu4YbjrXRdAEgZ3MB,101914818722206,hcyen,2025-06-27T18:00:00.267000+00:00,"Taiwan, Province of China",121.5301945,25.0582874,0.0
1076138293849255,tWkQmpu4YbjrXRdAEgZ3MB,101914818722206,hcyen,2025-06-27T18:00:00.830000+00:00,"Taiwan, Province of China",121.5106028,25.0501716,0.0
1076462884658105,tWkQmpu4YbjrXRdAEgZ3MB,101914818722206,hcyen,2025-06-27T18:00:00.188000+00:00,"Taiwan, Province of China",121.5352479,25.0579918,0.0
1077255907667975,tWkQmpu4YbjrXRdAEgZ3MB,101914818722206,hcyen,2025-06-27T18:00:00.922000+00:00,"Taiwan, Province of China",121.5058487,25.0487137,0.0
1078175627223166,tWkQmpu4YbjrXRdAEgZ3MB,101914818722206,hcyen,2025-06-27T18:00:00.890000+00:00,"Taiwan, Province of China",121.5066555,25.0504906,0.0
1081105860585281,tWkQmpu4YbjrXRdAEgZ3MB,101914818722206,hcyen,2025-06-27T18:00:00.181000+00:00,"Taiwan, Province of China",121.5357239,25.0580095,0.0
1081242197246260,tWkQmpu4YbjrXRdAEgZ3MB,101914818722206,hcyen,2025-06-27T18:00:00.226000+00:00,"Taiwan, Province of China",121.5327179,25.0580099,0.0
1086748680041655,tWkQmpu4YbjrXRdAEgZ3MB,101914818722206,hcyen,2025-06-27T18:00:00.953000+00:00,"Taiwan, Province of China",121.504462,25.0473869,0.0
1086999969969346,tWkQmpu4YbjrXRdAEgZ3MB,101914818722206,hcyen,2025-06-27T18:00:00.562000+00:00,"Taiwan, Province of China",121.5307894,25.0460224,0.0
1088273719887311,tWkQmpu4YbjrXRdAEgZ3MB,101914818722206,hcyen,2025-06-27T18:00:00.915000+00:00,"Taiwan, Province of China",121.5061037,25.0490687,0.0
1089879819703592,tWkQmpu4YbjrXRdAEgZ3MB,101914818722206,hcyen,2025-06-27T18:00:00.131000+00:00,"Taiwan, Province of China",121.5391298,25.0580367,0.0
1093022216055057,tWkQmpu4YbjrXRdAEgZ3MB,101914818722206,hcyen,2025-06-27T18:00:00.697000+00:00,"Taiwan, Province of China",121.5193141,25.0483941,0.0
1095396702436202,tWkQmpu4YbjrXRdAEgZ3MB,101914818722206,hcyen,2025-06-27T18:00:00.354000+00:00,"Taiwan, Province of China",121.5331106,25.0564405,0.0
1095635605820179,tWkQmpu4YbjrXRdAEgZ3MB,101914818722206,hcyen,2025-06-27T18:00:00.166000+00:00,"Taiwan, Province of China",121.5367532,25.0579947,0.0
1097198695586268,tWkQmpu4YbjrXRdAEgZ3MB,101914818722206,hcyen,2025-06-27T18:00:00.357000+00:00,"Taiwan, Province of China",121.533086,25.0562269,0.0
1098865325457998,tWkQmpu4YbjrXRdAEgZ3MB,101914818722206,hcyen,2025-06-27T18:00:00.771000+00:00,"Taiwan, Province of China",121.5144078,25.0492069,0.0
1099555568901308,tWkQmpu4YbjrXRdAEgZ3MB,101914818722206,hcyen,2025-06-27T18:00:00.168000+00:00,"Taiwan, Province of China",121.5365951,25.0580057,0.0
1100052385368706,tWkQmpu4YbjrXRdAEgZ3MB,101914818722206,hcyen,2025-06-27T18:00:00.198000+00:00,"Taiwan, Province of China",121.5346127,25.0579869,0.0
1101081351926150,tWkQmpu4YbjrXRdAEgZ3MB,101914818722206,hcyen,2025-06-27T18:00:00.070000+00:00,"Taiwan, Province of China",121.5433962,25.0580556,0.0
1101452791838173,tWkQmpu4YbjrXRdAEgZ3MB,101914818722206,hcyen,2025-06-27T18:00:00.543000+00:00,"Taiwan, Province of China",121.5320865,25.0457614,0.0
1111262947690660,tWkQmpu4YbjrXRdAEgZ3MB,101914818722206,hcyen,2025-06-27T18:00:00.405000+00:00,"Taiwan, Province of China",121.5330431,25.0533167,0.0
1114773083800186,tWkQmpu4YbjrXRdAEgZ3MB,101914818722206,hcyen,2025-06-27T18:00:00.876000+00:00,"Taiwan, Province of China",121.5074709,25.0506227,0.0
1117269133562111,tWkQmpu4YbjrXRdAEgZ3MB,101914818722206,hcyen,2025-06-27T18:00:00.128000+00:00,"Taiwan, Province of China",121.5392886,25.0580367,0.0
1118786483411697,tWkQmpu4YbjrXRdAEgZ3MB,101914818722206,hcyen,2025-06-27T18:00:00.212000+00:00,"Taiwan, Province of China",121.533669,25.0580093,0.0
1121225799873271,tWkQmpu4YbjrXRdAEgZ3MB,101914818722206,hcyen,2025-06-27T18:00:00.470000+00:00,"Taiwan, Province of China",121.5329776,25.0494029,0.0
1124604903036706,tWkQmpu4YbjrXRdAEgZ3MB,101914818722206,hcyen,2025-06-27T18:00:00.751000+00:00,"Taiwan, Province of China",121.5157326,25.048979,0.0
1124933162810490,tWkQmpu4YbjrXRdAEgZ3MB,101914818722206,hcyen,2025-06-27T18:00:00.271000+00:00,"Taiwan, Province of China",121.5302127,25.0585747,0.0
1129576492340802,tWkQmpu4YbjrXRdAEgZ3MB,101914818722206,hcyen,2025-06-27T18:00:00.579000+00:00,"Taiwan, Province of China",121.5297354,25.0463316,0.0
1133534405205989,tWkQmpu4YbjrXRdAEgZ3MB,101914818722206,hcyen,2025-06-27T18:00:00.720000+00:00,"Taiwan, Province of China",121.5177742,25.0487298,0.0
1133758545270160,tWkQmpu4YbjrXRdAEgZ3MB,101914818722206,hcyen,2025-06-27T18:00:00.685000+00:00,"Taiwan, Province of China",121.5200956,25.0482675,0.0
1144545421024699,tWkQmpu4YbjrXRdAEgZ3MB,101914818722206,hcyen,2025-06-27T18:00:00.743000+00:00,"Taiwan, Province of China",121.5162823,25.0489111,0.0
1147684183754437,tWkQmpu4YbjrXRdAEgZ3MB,101914818722206,hcyen,2025-06-27T18:00:00.934000+00:00,"Taiwan, Province of China",121.5054191,25.048122,0.0
1155520256612789,tWkQmpu4YbjrXRdAEgZ3MB,101914818722206,hcyen,2025-06-27T18:00:00.410000+00:00,"Taiwan, Province of China",121.5330153,25.0530305,0.0
1169097218319580,tWkQmpu4YbjrXRdAEgZ3MB,101914818722206,hcyen,2025-06-27T18:00:00.033000+00:00,"Taiwan, Province of China",121.544412,25.0566103,0.0
1171978558292857,tWkQmpu4YbjrXRdAEgZ3MB,101914818722206,hcyen,2025-06-27T18:00:00.513000+00:00,"Taiwan, Province of China",121.5328806,25.0467612,0.0
1175805647920469,tWkQmpu4YbjrXRdAEgZ3MB,101914818722206,hcyen,2025-06-27T18:00:00.375000+00:00,"Taiwan, Province of China",121.5331661,25.0551734,0.0
1177665050716186,tWkQmpu4YbjrXRdAEgZ3MB,101914818722206,hcyen,2025-06-27T18:00:00.849000+00:00,"Taiwan, Province of China",121.5092733,25.0503746,0.0
1178322057401226,tWkQmpu4YbjrXRdAEgZ3MB,101914818722206,hcyen,2025-06-27T18:00:00.103000+00:00,"Taiwan, Province of China",121.5411841,25.0580238,0.0
1184522150096957,tWkQmpu4YbjrXRdAEgZ3MB,101914818722206,hcyen,2025-06-27T18:00:00.322000+00:00,"Taiwan, Province of China",121.5323772,25.0579301,0.0
1184657850129788,tWkQmpu4YbjrXRdAEgZ3MB,101914818722206,hcyen,2025-06-27T18:00:00.320000+00:00,"Taiwan, Province of China",121.5322186,25.0579388,0.0
1188591049949708,tWkQmpu4YbjrXRdAEgZ3MB,101914818722206,hcyen,2025-06-27T18:00:00.636000+00:00,"Taiwan, Province of China",121.5234008,25.0479135,0.0
1216911363078201,tWkQmpu4YbjrXRdAEgZ3MB,101914818722206,hcyen,2025-06-27T18:00:00.494000+00:00,"Taiwan, Province of China",121.5329886,25.0478963,0.0
1218252352961718,tWkQmpu4YbjrXRdAEgZ3MB,101914818722206,hcyen,2025-06-27T18:00:00.154000+00:00,"Taiwan, Province of China",121.5375451,25.0579734,0.0
1219149566653418,tWkQmpu4YbjrXRdAEgZ3MB,101914818722206,hcyen,2025-06-27T18:00:00.083000+00:00,"Taiwan, Province of China",121.5425327,25.0580597,0.0
1219452886134515,tWkQmpu4YbjrXRdAEgZ3MB,101914818722206,hcyen,2025-06-27T18:00:00.656000+00:00,"Taiwan, Province of China",121.5220553,25.0480039,0.0
1219858889462280,tWkQmpu4YbjrXRdAEgZ3MB,101914818722206,hcyen,2025-06-27T18:00:00.169000+00:00,"Taiwan, Province of China",121.5365164,25.0580152,0.0
1219925706277295,tWkQmpu4YbjrXRdAEgZ3MB,101914818722206,hcyen,2025-06-27T18:00:00.471000+00:00,"Taiwan, Province of China",121.5329757,25.049331,0.0
1220243879413264,tWkQmpu4YbjrXRdAEgZ3MB,101914818722206,hcyen,2025-06-27T18:00:00.596000+00:00,"Taiwan, Province of China",121.5260481,25.0474848,0.0
1221205315978653,tWkQmpu4YbjrXRdAEgZ3MB,101914818722206,hcyen,2025-06-27T18:00:00.035000+00:00,"Taiwan, Province of China",121.5444052,25.0566819,0.0
1222470482438822,tWkQmpu4YbjrXRdAEgZ3MB,101914818722206,hcyen,2025-06-27T18:00:00.614000+00:00,"Taiwan, Province of China",121.5248997,25.047768,0.0
1224047875588707,tWkQmpu4YbjrXRdAEgZ3MB,101914818722206,hcyen,2025-06-27T18:00:00.123000+00:00,"Taiwan, Province of China",121.5396857,25.058038,0.0
1224574372497274,tWkQmpu4YbjrXRdAEgZ3MB,101914818722206,hcyen,2025-06-27T18:00:00.235000+00:00,"Taiwan, Province of China",121.5320833,25.0579939,0.0
1224682825586509,tWkQmpu4YbjrXRdAEgZ3MB,101914818722206,hcyen,2025-06-27T18:00:00.396000+00:00,"Taiwan, Province of China",121.5330666,25.0538916,0.0
1224979549328304,tWkQmpu4YbjrXRdAEgZ3MB,101914818722206,hcyen,2025-06-27T18:00:00.060000+00:00,"Taiwan, Province of China",121.5440183,25.0580221,0.0
1225246209091809,tWkQmpu4YbjrXRdAEgZ3MB,101914818722206,hcyen,2025-06-27T18:00:00.549000+00:00,"Taiwan, Province of China",121.5316425,25.0458846,0.0
1225534232148125,tWkQmpu4YbjrXRdAEgZ3MB,101914818722206,hcyen,2025-06-27T18:00:00.662000+00:00,"Taiwan, Province of China",121.5216591,25.0480249,0.0
1226000792581756,tWkQmpu4YbjrXRdAEgZ3MB,101914818722206,hcyen,2025-06-27T18:00:00.301000+00:00,"Taiwan, Province of China",121.5316477,25.0586806,0.0
1226132888717092,tWkQmpu4YbjrXRdAEgZ3MB,101914818722206,hcyen,2025-06-27T18:00:00.359000+00:00,"Taiwan, Province of China",121.5330788,25.0560889,0.0
1226233208970031,tWkQmpu4YbjrXRdAEgZ3MB,101914818722206,hcyen,2025-06-27T18:00:00.089000+00:00,"Taiwan, Province of China",121.5421356,25.0580556,0.0
1226617388846813,tWkQmpu4YbjrXRdAEgZ3MB,101914818722206,hcyen,2025-06-27T18:00:00.885000+00:00,"Taiwan, Province of China",121.5069204,25.050689,0.0
1227757635179455,tWkQmpu4YbjrXRdAEgZ3MB,101914818722206,hcyen,2025-06-27T18:00:00.460000+00:00,"Taiwan, Province of China",121.5329754,25.0499781,0.0
1227956672308554,tWkQmpu4YbjrXRdAEgZ3MB,101914818722206,hcyen,2025-06-27T18:00:00.861000+00:00,"Taiwan, Province of China",121.5084892,25.0504849,0.0
1228506505738267,tWkQmpu4YbjrXRdAEgZ3MB,101914818722206,hcyen,2025-06-27T18:00:00.912000+00:00,"Taiwan, Province of China",121.5061963,25.0492675,0.0
1229972348602879,tWkQmpu4YbjrXRdAEgZ3MB,101914818722206,hcyen,2025-06-27T18:00:00.939000+00:00,"Taiwan, Province of China",121.5051917,25.047921,0.0
1230025512249457,tWkQmpu4YbjrXRdAEgZ3MB,101914818722206,hcyen,2025-06-27T18:00:00.091000+00:00,"Taiwan, Province of China",121.5419768,25.0580556,0.0
1230316818793828,tWkQmpu4YbjrXRdAEgZ3MB,101914818722206,hcyen,2025-06-27T18:00:00.138000+00:00,"Taiwan, Province of China",121.5386556,25.0579983,0.0
1231548075013512,tWkQmpu4YbjrXRdAEgZ3MB,101914818722206,hcyen,2025-06-27T18:00:00.151000+00:00,"Taiwan, Province of China",121.5377827,25.0579752,0.0
1231940725046097,tWkQmpu4YbjrXRdAEgZ3MB,101914818722206,hcyen,2025-06-27T18:00:00.105000+00:00,"Taiwan, Province of China",121.5408751,25.0580287,0.0
1232639375223188,tWkQmpu4YbjrXRdAEgZ3MB,101914818722206,hcyen,2025-06-27T18:00:00.085000+00:00,"Taiwan, Province of China",121.5423738,25.0580583,0.0
1233137711599750,tWkQmpu4YbjrXRdAEgZ3MB,101914818722206,hcyen,2025-06-27T18:00:00.247000+00:00,"Taiwan, Province of China",121.5313081,25.0580157,0.0
1234002945179247,tWkQmpu4YbjrXRdAEgZ3MB,101914818722206,hcyen,2025-06-27T18:00:00.431000+00:00,"Taiwan, Province of China",121.5329806,25.051763,0.0
1235401471294095,tWkQmpu4YbjrXRdAEgZ3MB,101914818722206,hcyen,2025-06-27T18:00:00.929000+00:00,"Taiwan, Province of China",121.5056306,25.0483361,0.0
1235428561449082,tWkQmpu4YbjrXRdAEgZ3MB,101914818722206,hcyen,2025-06-27T18:00:00.736000+00:00,"Taiwan, Province of China",121.516752,25.0488405,0.0
1236277604949301,tWkQmpu4YbjrXRdAEgZ3MB,101914818722206,hcyen,2025-06-27T18:00:00.799000+00:00,"Taiwan, Province of China",121.5125996,25.0497288,0.0
1236583171461627,tWkQmpu4YbjrXRdAEgZ3MB,101914818722206,hcyen,2025-06-27T18:00:00.263000+00:00,"Taiwan, Province of China",121.5302324,25.0580762,0.0
1237440901411317,tWkQmpu4YbjrXRdAEgZ3MB,101914818722206,hcyen,2025-06-27T18:00:00.944000+00:00,"Taiwan, Province of China",121.5048808,25.0477029,0.0
1238544437232063,tWkQmpu4YbjrXRdAEgZ3MB,101914818722206,hcyen,2025-06-27T18:00:00.602000+00:00,"Taiwan, Province of China",121.5256703,25.0475952,0.0
1238665581072392,tWkQmpu4YbjrXRdAEgZ3MB,101914818722206,hcyen,2025-06-27T18:00:00.185000+00:00,"Taiwan, Province of China",121.5354859,25.0580008,0.0
1239972691242829,tWkQmpu4YbjrXRdAEgZ3MB,101914818722206,hcyen,2025-06-27T18:00:00.335000+00:00,"Taiwan, Province of China",121.5331205,25.0577206,0.0
1241762284056435,tWkQmpu4YbjrXRdAEgZ3MB,101914818722206,hcyen,2025-06-27T18:00:00.851000+00:00,"Taiwan, Province of China",121.5091944,25.0503831,0.0
1241827504060240,tWkQmpu4YbjrXRdAEgZ3MB,101914818722206,hcyen,2025-06-27T18:00:00.161000+00:00,"Taiwan, Province of China",121.5370707,25.0579987,0.0
1242543287363715,tWkQmpu4YbjrXRdAEgZ3MB,101914818722206,hcyen,2025-06-27T18:00:00.502000+00:00,"Taiwan, Province of China",121.532899,25.047408,0.0
1242692767341290,tWkQmpu4YbjrXRdAEgZ3MB,101914818722206,hcyen,2025-06-27T18:00:00.344000+00:00,"Taiwan, Province of China",121.5331059,25.0570123,0.0
1243005667293297,tWkQmpu4YbjrXRdAEgZ3MB,101914818722206,hcyen,2025-06-27T18:00:00.390000+00:00,"Taiwan, Province of China",121.5330664,25.0542507,0.0
1243008934100176,tWkQmpu4YbjrXRdAEgZ3MB,101914818722206,hcyen,2025-06-27T18:00:00.678000+00:00,"Taiwan, Province of China",121.5205631,25.0481851,0.0
1243131437223098,tWkQmpu4YbjrXRdAEgZ3MB,101914818722206,hcyen,2025-06-27T18:00:00.716000+00:00,"Taiwan, Province of China",121.5180734,25.0486337,0.0
1243484767187541,tWkQmpu4YbjrXRdAEgZ3MB,101914818722206,hcyen,2025-06-27T18:00:00.539000+00:00,"Taiwan, Province of China",121.5323882,25.0456718,0.0
1243937833840732,tWkQmpu4YbjrXRdAEgZ3MB,101914818722206,hcyen,2025-06-27T18:00:00.606000+00:00,"Taiwan, Province of China",121.5254411,25.0476542,0.0
1245098253209906,tWkQmpu4YbjrXRdAEgZ3MB,101914818722206,hcyen,2025-06-27T18:00:00.814000+00:00,"Taiwan, Province of China",121.5116207,25.0500248,0.0
1245445060410997,tWkQmpu4YbjrXRdAEgZ3MB,101914818722206,hcyen,2025-06-27T18:00:00.800000+00:00,"Taiwan, Province of China",121.5125241,25.0497511,0.0
1245482033976256,tWkQmpu4YbjrXRdAEgZ3MB,101914818722206,hcyen,2025-06-27T18:00:00.834000+00:00,"Taiwan, Province of China",121.5102924,25.0502323,0.0
1245956663644744,tWkQmpu4YbjrXRdAEgZ3MB,101914818722206,hcyen,2025-06-27T18:00:00.584000+00:00,"Taiwan, Province of China",121.5293593,25.046447,0.0
1246181887160520,tWkQmpu4YbjrXRdAEgZ3MB,101914818722206,hcyen,2025-06-27T18:00:00.002000+00:00,"Taiwan, Province of China",121.5445902,25.0548014,0.0
1246471810560117,tWkQmpu4YbjrXRdAEgZ3MB,101914818722206,hcyen,2025-06-27T18:00:00.919000+00:00,"Taiwan, Province of China",121.506007,25.0488716,0.0
1248138852873981,tWkQmpu4YbjrXRdAEgZ3MB,101914818722206,hcyen,2025-06-27T18:00:00.803000+00:00,"Taiwan, Province of China",121.5123726,25.0497944,0.0
1249480369958178,tWkQmpu4YbjrXRdAEgZ3MB,101914818722206,hcyen,2025-06-27T18:00:00.559000+00:00,"Taiwan, Province of China",121.5310195,25.0459666,0.0
1249717813287104,tWkQmpu4YbjrXRdAEgZ3MB,101914818722206,hcyen,2025-06-27T18:00:00.084000+00:00,"Taiwan, Province of China",121.5424533,25.0580587,0.0
1250314996499484,tWkQmpu4YbjrXRdAEgZ3MB,101914818722206,hcyen,2025-06-27T18:00:00.709000+00:00,"Taiwan, Province of China",121.5185372,25.0485371,0.0
1250957673137129,tWkQmpu4YbjrXRdAEgZ3MB,101914818722206,hcyen,2025-06-27T18:00:00.573000+00:00,"Taiwan, Province of China",121.5301133,25.0462215,0.0
1252298849079280,tWkQmpu4YbjrXRdAEgZ3MB,101914818722206,hcyen,2025-06-27T18:00:00.386000+00:00,"Taiwan, Province of China",121.5330693,25.0544665,0.0
1252768606362341,tWkQmpu4YbjrXRdAEgZ3MB,101914818722206,hcyen,2025-06-27T18:00:00.049000+00:00,"Taiwan, Province of China",121.5444349,25.0574765,0.0
1252965823049999,tWkQmpu4YbjrXRdAEgZ3MB,101914818722206,hcyen,2025-06-27T18:00:00.389000+00:00,"Taiwan, Province of China",121.5330658,25.0543226,0.0
1254542519631683,tWkQmpu4YbjrXRdAEgZ3MB,101914818722206,hcyen,2025-06-27T18:00:00.630000+00:00,"Taiwan, Province of China",121.523797,25.0478898,0.0
1255342999318383,tWkQmpu4YbjrXRdAEgZ3MB,101914818722206,hcyen,2025-06-27T18:00:00.427000+00:00,"Taiwan, Province of China",121.5329874,25.0519787,0.0
1255362845960395,tWkQmpu4YbjrXRdAEgZ3MB,101914818722206,hcyen,2025-06-27T18:00:00.110000+00:00,"Taiwan, Province of China",121.5405583,25.0580156,0.0
1255515952894089,tWkQmpu4YbjrXRdAEgZ3MB,101914818722206,hcyen,2025-06-27T18:00:00.941000+00:00,"Taiwan, Province of China",121.5050744,25.0478242,0.0
1258152505847442,tWkQmpu4YbjrXRdAEgZ3MB,101914818722206,hcyen,2025-06-27T18:00:00.277000+00:00,"Taiwan, Province of China",121.530281,25.0589242,0.0
1259152365760142,tWkQmpu4YbjrXRdAEgZ3MB,101914818722206,hcyen,2025-06-27T18:00:00.667000+00:00,"Taiwan, Province of China",121.5213451,25.0480645,0.0
1260018392415894,tWkQmpu4YbjrXRdAEgZ3MB,101914818722206,hcyen,2025-06-27T18:00:00.302000+00:00,"Taiwan, Province of China",121.5316639,25.0586111,0.0
1260104112281768,tWkQmpu4YbjrXRdAEgZ3MB,101914818722206,hcyen,2025-06-27T18:00:00.620000+00:00,"Taiwan, Province of China",121.5245083,25.0478279,0.0
1260989072097956,tWkQmpu4YbjrXRdAEgZ3MB,101914818722206,hcyen,2025-06-27T18:00:00.028000+00:00,"Taiwan, Province of China",121.5444404,25.0562517,0.0
1261064298812284,tWkQmpu4YbjrXRdAEgZ3MB,101914818722206,hcyen,2025-06-27T18:00:00.125000+00:00,"Taiwan, Province of China",121.5395269,25.0580383,0.0
1261974398982645,tWkQmpu4YbjrXRdAEgZ3MB,101914818722206,hcyen,2025-06-27T18:00:00.498000+00:00,"Taiwan, Province of China",121.5329883,25.0476805,0.0
1262122162172547,tWkQmpu4YbjrXRdAEgZ3MB,101914818722206,hcyen,2025-06-27T18:00:00.883000+00:00,"Taiwan, Province of China",121.5069989,25.0506782,0.0
1262624248705766,tWkQmpu4YbjrXRdAEgZ3MB,101914818722206,hcyen,2025-06-27T18:00:00.368000+00:00,"Taiwan, Province of China",121.5330775,25.0555933,0.0
1262633708819650,tWkQmpu4YbjrXRdAEgZ3MB,101914818722206,hcyen,2025-06-27T18:00:00.896000+00:00,"Taiwan, Province of China",121.5065267,25.0501512,0.0
1264571955345830,tWkQmpu4YbjrXRdAEgZ3MB,101914818722206,hcyen,2025-06-27T18:00:00.930000+00:00,"Taiwan, Province of China",121.5055837,25.0482779,0.0
1265210548486446,tWkQmpu4YbjrXRdAEgZ3MB,101914818722206,hcyen,2025-06-27T18:00:00.854000+00:00,"Taiwan, Province of China",121.5089583,25.0504117,0.0
1265497545179797,tWkQmpu4YbjrXRdAEgZ3MB,101914818722206,hcyen,2025-06-27T18:00:00.055000+00:00,"Taiwan, Province of China",121.5442493,25.0577888,0.0
1266153611566146,tWkQmpu4YbjrXRdAEgZ3MB,101914818722206,hcyen,2025-06-27T18:00:00.724000+00:00,"Taiwan, Province of China",121.5175419,25.0487744,0.0
1268609551554996,tWkQmpu4YbjrXRdAEgZ3MB,101914818722206,hcyen,2025-06-27T18:00:00.025000+00:00,"Taiwan, Province of China",121.5444672,25.0561111,0.0
1269294968126038,tWkQmpu4YbjrXRdAEgZ3MB,101914818722206,hcyen,2025-06-27T18:00:00.007000+00:00,"Taiwan, Province of China",121.5446967,25.0550035,0.0
1269376741233177,tWkQmpu4YbjrXRdAEgZ3MB,101914818722206,hcyen,2025-06-27T18:00:00.723000+00:00,"Taiwan, Province of China",121.5176203,25.0487636,0.0
1270798187815449,tWkQmpu4YbjrXRdAEgZ3MB,101914818722206,hcyen,2025-06-27T18:00:00.297000+00:00,"Taiwan, Province of China",121.5315987,25.0588709,0.0
1271375951179346,tWkQmpu4YbjrXRdAEgZ3MB,101914818722206,hcyen,2025-06-27T18:00:00.296000+00:00,"Taiwan, Province of China",121.5315319,25.058909,0.0
1271950864271605,tWkQmpu4YbjrXRdAEgZ3MB,101914818722206,hcyen,2025-06-27T18:00:00.182000+00:00,"Taiwan, Province of China",121.5356446,25.0580063,0.0
1272990101093314,tWkQmpu4YbjrXRdAEgZ3MB,101914818722206,hcyen,2025-06-27T18:00:00.440000+00:00,"Taiwan, Province of China",121.5330132,25.0511934,0.0
1273408694360025,tWkQmpu4YbjrXRdAEgZ3MB,101914818722206,hcyen,2025-06-27T18:00:00+00:00,"Taiwan, Province of China",121.5444323,25.054786,0.0
1274283037589925,tWkQmpu4YbjrXRdAEgZ3MB,101914818722206,hcyen,2025-06-27T18:00:00.826000+00:00,"Taiwan, Province of China",121.5108371,25.0501327,0.0
1275040860758851,tWkQmpu4YbjrXRdAEgZ3MB,101914818722206,hcyen,2025-06-27T18:00:00.155000+00:00,"Taiwan, Province of China",121.5374666,25.0579844,0.0
1276631283877847,tWkQmpu4YbjrXRdAEgZ3MB,101914818722206,hcyen,2025-06-27T18:00:00.257000+00:00,"Taiwan, Province of China",121.5305971,25.0580277,0.0
1277588547270588,tWkQmpu4YbjrXRdAEgZ3MB,101914818722206,hcyen,2025-06-27T18:00:00.871000+00:00,"Taiwan, Province of China",121.5078624,25.0505752,0.0
1278434803666792,tWkQmpu4YbjrXRdAEgZ3MB,101914818722206,hcyen,2025-06-27T18:00:00.505000+00:00,"Taiwan, Province of China",121.532896,25.0472641,0.0
1278910127181827,tWkQmpu4YbjrXRdAEgZ3MB,101914818722206,hcyen,2025-06-27T18:00:00.280000+00:00,"Taiwan, Province of China",121.5304355,25.058949,0.0
1279296267183355,tWkQmpu4YbjrXRdAEgZ3MB,101914818722206,hcyen,2025-06-27T18:00:00.179000+00:00,"Taiwan, Province of China",121.5358823,25.0580204,0.0
1280219990500258,tWkQmpu4YbjrXRdAEgZ3MB,101914818722206,hcyen,2025-06-27T18:00:00.347000+00:00,"Taiwan, Province of China",121.5331262,25.0568696,0.0
1280294690193241,tWkQmpu4YbjrXRdAEgZ3MB,101914818722206,hcyen,2025-06-27T18:00:00.240000+00:00,"Taiwan, Province of China",121.5317696,25.0580351,0.0
1280617576744128,tWkQmpu4YbjrXRdAEgZ3MB,101914818722206,hcyen,2025-06-27T18:00:00.379000+00:00,"Taiwan, Province of China",121.5331423,25.0548921,0.0
1281760509985160,tWkQmpu4YbjrXRdAEgZ3MB,101914818722206,hcyen,2025-06-27T18:00:00.424000+00:00,"Taiwan, Province of China",121.5330366,25.0521889,0.0
1282202676583247,tWkQmpu4YbjrXRdAEgZ3MB,101914818722206,hcyen,2025-06-27T18:00:00.791000+00:00,"Taiwan, Province of China",121.5131134,25.0495376,0.0
1282953550121966,tWkQmpu4YbjrXRdAEgZ3MB,101914818722206,hcyen,2025-06-27T18:00:00.811000+00:00,"Taiwan, Province of China",121.5118472,25.0499587,0.0
1283967353314041,tWkQmpu4YbjrXRdAEgZ3MB,101914818722206,hcyen,2025-06-27T18:00:00.827000+00:00,"Taiwan, Province of China",121.5107589,25.0501452,0.0
1285372543355504,tWkQmpu4YbjrXRdAEgZ3MB,101914818722206,hcyen,2025-06-27T18:00:00.171000+00:00,"Taiwan, Province of China",121.5364374,25.0580224,0.0
1285515469827628,tWkQmpu4YbjrXRdAEgZ3MB,101914818722206,hcyen,2025-06-27T18:00:00.725000+00:00,"Taiwan, Province of China",121.5174629,25.0487823,0.0
1290698579068504,tWkQmpu4YbjrXRdAEgZ3MB,101914818722206,hcyen,2025-06-27T18:00:00.842000+00:00,"Taiwan, Province of China",121.5097457,25.0503184,0.0
1291703602352725,tWkQmpu4YbjrXRdAEgZ3MB,101914818722206,hcyen,2025-06-27T18:00:00.738000+00:00,"Taiwan, Province of China",121.5165953,25.048863,0.0
1293023982389729,tWkQmpu4YbjrXRdAEgZ3MB,101914818722206,hcyen,2025-06-27T18:00:00.702000+00:00,"Taiwan, Province of China",121.5190006,25.0484406,0.0
1295890215431045,tWkQmpu4YbjrXRdAEgZ3MB,101914818722206,hcyen,2025-06-27T18:00:00.950000+00:00,"Taiwan, Province of China",121.5045585,25.0475,0.0
1296800475174093,tWkQmpu4YbjrXRdAEgZ3MB,101914818722206,hcyen,2025-06-27T18:00:00.613000+00:00,"Taiwan, Province of China",121.5249775,25.0477537,0.0
1297915255318186,tWkQmpu4YbjrXRdAEgZ3MB,101914818722206,hcyen,2025-06-27T18:00:00.003000+00:00,"Taiwan, Province of China",121.5446694,25.0548066,0.0
1298428048579149,tWkQmpu4YbjrXRdAEgZ3MB,101914818722206,hcyen,2025-06-27T18:00:00.037000+00:00,"Taiwan, Province of China",121.5443664,25.0568197,0.0
1298866175424586,tWkQmpu4YbjrXRdAEgZ3MB,101914818722206,hcyen,2025-06-27T18:00:00.118000+00:00,"Taiwan, Province of China",121.5400032,25.0580282,0.0
1299433641700127,tWkQmpu4YbjrXRdAEgZ3MB,101914818722206,hcyen,2025-06-27T18:00:00.307000+00:00,"Taiwan, Province of China",121.5317049,25.058329,0.0
1307575114412788,tWkQmpu4YbjrXRdAEgZ3MB,101914818722206,hcyen,2025-06-27T18:00:00.837000+00:00,"Taiwan, Province of China",121.5101377,25.0502649,0.0
1309742214076359,tWkQmpu4YbjrXRdAEgZ3MB,101914818722206,hcyen,2025-06-27T18:00:00.342000+00:00,"Taiwan, Province of China",121.5331006,25.057156,0.0
1310726464187916,tWkQmpu4YbjrXRdAEgZ3MB,101914818722206,hcyen,2025-06-27T18:00:00.021000+00:00,"Taiwan, Province of China",121.5444785,25.055823,0.0
1315267943334542,tWkQmpu4YbjrXRdAEgZ3MB,101914818722206,hcyen,2025-06-27T18:00:00.674000+00:00,"Taiwan, Province of China",121.5208741,25.0481279,0.0
1326866708802205,tWkQmpu4YbjrXRdAEgZ3MB,101914818722206,hcyen,2025-06-27T18:00:00.684000+00:00,"Taiwan, Province of China",121.5201738,25.048255,0.0
1344022540031590,tWkQmpu4YbjrXRdAEgZ3MB,101914818722206,hcyen,2025-06-27T18:00:00.797000+00:00,"Taiwan, Province of China",121.5127487,25.0496792,0.0
1347835256771525,tWkQmpu4YbjrXRdAEgZ3MB,101914818722206,hcyen,2025-06-27T18:00:00.600000+00:00,"Taiwan, Province of China",121.525822,25.0475527,0.0
1348310489591890,tWkQmpu4YbjrXRdAEgZ3MB,101914818722206,hcyen,2025-06-27T18:00:00.752000+00:00,"Taiwan, Province of China",121.5156538,25.0489878,0.0
1351191729317579,tWkQmpu4YbjrXRdAEgZ3MB,101914818722206,hcyen,2025-06-27T18:00:00.923000+00:00,"Taiwan, Province of China",121.5057993,25.0486573,0.0
1352551222482875,tWkQmpu4YbjrXRdAEgZ3MB,101914818722206,hcyen,2025-06-27T18:00:00.486000+00:00,"Taiwan, Province of China",121.5329678,25.0483959,0.0
1353309729092441,tWkQmpu4YbjrXRdAEgZ3MB,101914818722206,hcyen,2025-06-27T18:00:00.753000+00:00,"Taiwan, Province of China",121.5155749,25.0489965,0.0
1354309702306039,tWkQmpu4YbjrXRdAEgZ3MB,101914818722206,hcyen,2025-06-27T18:00:00.668000+00:00,"Taiwan, Province of China",121.5212662,25.0480731,0.0
1357718362194071,tWkQmpu4YbjrXRdAEgZ3MB,101914818722206,hcyen,2025-06-27T18:00:00.031000+00:00,"Taiwan, Province of China",121.5444236,25.0564668,0.0
1360805865014321,tWkQmpu4YbjrXRdAEgZ3MB,101914818722206,hcyen,2025-06-27T18:00:00.508000+00:00,"Taiwan, Province of China",121.5328879,25.0470486,0.0
1362246228190058,tWkQmpu4YbjrXRdAEgZ3MB,101914818722206,hcyen,2025-06-27T18:00:00.874000+00:00,"Taiwan, Province of China",121.5076256,25.0505903,0.0
1364030625088985,tWkQmpu4YbjrXRdAEgZ3MB,101914818722206,hcyen,2025-06-27T18:00:00.143000+00:00,"Taiwan, Province of China",121.5383385,25.0579811,0.0
1366391604455434,tWkQmpu4YbjrXRdAEgZ3MB,101914818722206,hcyen,2025-06-27T18:00:00.309000+00:00,"Taiwan, Province of China",121.5316902,25.0581892,0.0
1372583450709219,tWkQmpu4YbjrXRdAEgZ3MB,101914818722206,hcyen,2025-06-27T18:00:00.282000+00:00,"Taiwan, Province of China",121.5305923,25.0589266,0.0
1374721460306092,tWkQmpu4YbjrXRdAEgZ3MB,101914818722206,hcyen,2025-06-27T18:00:00.331000+00:00,"Taiwan, Province of China",121.5330054,25.0578961,0.0
1375569480162004,tWkQmpu4YbjrXRdAEgZ3MB,101914818722206,hcyen,2025-06-27T18:00:00.361000+00:00,"Taiwan, Province of China",121.5330756,25.0560171,0.0
1375595970333408,tWkQmpu4YbjrXRdAEgZ3MB,101914818722206,hcyen,2025-06-27T18:00:00.690000+00:00,"Taiwan, Province of China",121.5197823,25.0483141,0.0
1375714067063483,tWkQmpu4YbjrXRdAEgZ3MB,101914818722206,hcyen,2025-06-27T18:00:00.316000+00:00,"Taiwan, Province of China",121.5319809,25.0579486,0.0
460496190491671,q0UQO5zWMgJyVfsZu7rRAj,101914818722206,hcyen,2025-06-27T19:00:00.951000+00:00,"Taiwan, Province of China",121.4421727,25.0525193,0.0
499281199915390,d9lKxpYOUPaqR8v1E4MrAz,101914818722206,hcyen,2025-06-27T19:00:00.370000+00:00,"Taiwan, Province of China",121.4607459,25.0374952,0.0
499629896542179,cIT1fmlvHZwh6DM7PYtCk9,101914818722206,hcyen,2025-06-27T19:00:00.822000+00:00,"Taiwan, Province of China",121.4421726,25.0384277,0.0
500439733132645,q0UQO5zWMgJyVfsZu7rRAj,101914818722206,hcyen,2025-06-27T19:00:00.969000+00:00,"Taiwan, Province of China",121.4421284,25.0497875,0.0
513405845133388,d9lKxpYOUPaqR8v1E4MrAz,101914818722206,hcyen,2025-06-27T19:00:00.371000+00:00,"Taiwan, Province of China",121.4606729,25.0374667,0.0
528935516876831,q0UQO5zWMgJyVfsZu7rRAj,101914818722206,hcyen,2025-06-27T19:00:00.952000+00:00,"Taiwan, Province of China",121.4421844,25.0523758,0.0
542174318863700,d9lKxpYOUPaqR8v1E4MrAz,101914818722206,hcyen,2025-06-27T19:00:00.358000+00:00,"Taiwan, Province of China",121.4624664,25.0385023,0.0
542746322138840,cIT1fmlvHZwh6DM7PYtCk9,101914818722206,hcyen,2025-06-27T19:00:00.821000+00:00,"Taiwan, Province of China",121.4421693,25.0382838,0.0
543384938742437,cIT1fmlvHZwh6DM7PYtCk9,101914818722206,hcyen,2025-06-27T19:00:00.604000+00:00,"Taiwan, Province of China",121.4356271,25.0235276,0.0
548108404966986,d9lKxpYOUPaqR8v1E4MrAz,101914818722206,hcyen,2025-06-27T19:00:00.102000+00:00,"Taiwan, Province of China",121.4857012,25.0525537,0.0
555290687520171,d9lKxpYOUPaqR8v1E4MrAz,101914818722206,hcyen,2025-06-27T19:00:00.434000+00:00,"Taiwan, Province of China",121.4515938,25.0328373,0.0
555682087481423,cIT1fmlvHZwh6DM7PYtCk9,101914818722206,hcyen,2025-06-27T19:00:00.878000+00:00,"Taiwan, Province of China",121.4422808,25.0493034,0.0
557551253955418,d9lKxpYOUPaqR8v1E4MrAz,101914818722206,hcyen,2025-06-27T19:00:00.259000+00:00,"Taiwan, Province of China",121.4745305,25.0472508,0.0
557905560586989,d9lKxpYOUPaqR8v1E4MrAz,101914818722206,hcyen,2025-06-27T19:00:00.051000+00:00,"Taiwan, Province of China",121.4931716,25.0487966,0.0
567817679736659,cIT1fmlvHZwh6DM7PYtCk9,101914818722206,hcyen,2025-06-27T19:00:00.527000+00:00,"Taiwan, Province of China",121.4420069,25.032738,0.0
568604196185391,d9lKxpYOUPaqR8v1E4MrAz,101914818722206,hcyen,2025-06-27T19:00:00.060000+00:00,"Taiwan, Province of China",121.4918741,25.0494909,0.0
570451582612651,cIT1fmlvHZwh6DM7PYtCk9,101914818722206,hcyen,2025-06-27T19:00:00.484000+00:00,"Taiwan, Province of China",121.444762,25.0286454,0.0
572849085890391,d9lKxpYOUPaqR8v1E4MrAz,101914818722206,hcyen,2025-06-27T19:00:00.309000+00:00,"Taiwan, Province of China",121.4695721,25.0425958,0.0
574496179058040,d9lKxpYOUPaqR8v1E4MrAz,101914818722206,hcyen,2025-06-27T19:00:00.195000+00:00,"Taiwan, Province of China",121.4731749,25.0451896,0.0
575043745463865,d9lKxpYOUPaqR8v1E4MrAz,101914818722206,hcyen,2025-06-27T19:00:00.110000+00:00,"Taiwan, Province of China",121.4846061,25.0521587,0.0
575881435598915,cIT1fmlvHZwh6DM7PYtCk9,101914818722206,hcyen,2025-06-27T19:00:00.648000+00:00,"Taiwan, Province of China",121.4346834,25.0297286,0.0
577575338513601,d9lKxpYOUPaqR8v1E4MrAz,101914818722206,hcyen,2025-06-27T19:00:00.099000+00:00,"Taiwan, Province of China",121.4861276,25.0523626,0.0
577796812051170,d9lKxpYOUPaqR8v1E4MrAz,101914818722206,hcyen,2025-06-27T19:00:00.459000+00:00,"Taiwan, Province of China",121.4483429,25.0302333,0.0
577935151811001,q0UQO5zWMgJyVfsZu7rRAj,101914818722206,hcyen,2025-06-27T19:00:00.987000+00:00,"Taiwan, Province of China",121.4403528,25.0496535,0.0
578695915310871,d9lKxpYOUPaqR8v1E4MrAz,101914818722206,hcyen,2025-06-27T19:00:00.052000+00:00,"Taiwan, Province of China",121.4929658,25.0489053,0.0
578861668375043,cIT1fmlvHZwh6DM7PYtCk9,101914818722206,hcyen,2025-06-27T19:00:00.585000+00:00,"Taiwan, Province of China",121.437293,25.0258672,0.0
579559864947533,cIT1fmlvHZwh6DM7PYtCk9,101914818722206,hcyen,2025-06-27T19:00:00.558000+00:00,"Taiwan, Province of China",121.4386422,25.0296225,0.0
579632798289288,d9lKxpYOUPaqR8v1E4MrAz,101914818722206,hcyen,2025-06-27T19:00:00.204000+00:00,"Taiwan, Province of China",121.4720666,25.0442496,0.0
580065808224396,d9lKxpYOUPaqR8v1E4MrAz,101914818722206,hcyen,2025-06-27T19:00:00.045000+00:00,"Taiwan, Province of China",121.4940572,25.0483176,0.0
580129255151134,d9lKxpYOUPaqR8v1E4MrAz,101914818722206,hcyen,2025-06-27T19:00:00.084000+00:00,"Taiwan, Province of China",121.4883062,25.051331,0.0
580762005092658,cIT1fmlvHZwh6DM7PYtCk9,101914818722206,hcyen,2025-06-27T19:00:00.866000+00:00,"Taiwan, Province of China",121.4422527,25.0475054,0.0
580976434805695,cIT1fmlvHZwh6DM7PYtCk9,101914818722206,hcyen,2025-06-27T19:00:00.511000+00:00,"Taiwan, Province of China",121.4432255,25.0314215,0.0
581022251469012,cIT1fmlvHZwh6DM7PYtCk9,101914818722206,hcyen,2025-06-27T19:00:00.881000+00:00,"Taiwan, Province of China",121.4422739,25.0498067,0.0
581053218148806,d9lKxpYOUPaqR8v1E4MrAz,101914818722206,hcyen,2025-06-27T19:00:00.285000+00:00,"Taiwan, Province of China",121.4727605,25.0446503,0.0
581605191674383,cIT1fmlvHZwh6DM7PYtCk9,101914818722206,hcyen,2025-06-27T19:00:00.532000+00:00,"Taiwan, Province of China",121.441136,25.0326941,0.0
582404861306737,d9lKxpYOUPaqR8v1E4MrAz,101914818722206,hcyen,2025-06-27T19:00:00.217000+00:00,"Taiwan, Province of China",121.4706717,25.0440141,0.0
583454777858172,d9lKxpYOUPaqR8v1E4MrAz,101914818722206,hcyen,2025-06-27T19:00:00.130000+00:00,"Taiwan, Province of China",121.4817948,25.0504551,0.0
584080467793043,cIT1fmlvHZwh6DM7PYtCk9,101914818722206,hcyen,2025-06-27T19:00:00.580000+00:00,"Taiwan, Province of China",121.4373523,25.0267007,0.0
584297347764013,d9lKxpYOUPaqR8v1E4MrAz,101914818722206,hcyen,2025-06-27T19:00:00.300000+00:00,"Taiwan, Province of China",121.4708188,25.0432248,0.0
585042854354168,d9lKxpYOUPaqR8v1E4MrAz,101914818722206,hcyen,2025-06-27T19:00:00.452000+00:00,"Taiwan, Province of China",121.4491843,25.0309937,0.0
585999694553588,cIT1fmlvHZwh6DM7PYtCk9,101914818722206,hcyen,2025-06-27T19:00:00.576000+00:00,"Taiwan, Province of China",121.4376159,25.027144,0.0
586579684174951,cIT1fmlvHZwh6DM7PYtCk9,101914818722206,hcyen,2025-06-27T19:00:00.491000+00:00,"Taiwan, Province of China",121.4436524,25.0286032,0.0
587499344079950,q0UQO5zWMgJyVfsZu7rRAj,101914818722206,hcyen,2025-06-27T19:00:00.999000+00:00,"Taiwan, Province of China",121.4391994,25.051344,0.0
587697160727972,cIT1fmlvHZwh6DM7PYtCk9,101914818722206,hcyen,2025-06-27T19:00:00.938000+00:00,"Taiwan, Province of China",121.4421889,25.0546003,0.0
588536627643925,d9lKxpYOUPaqR8v1E4MrAz,101914818722206,hcyen,2025-06-27T19:00:00.212000+00:00,"Taiwan, Province of China",121.4712196,25.0435211,0.0
589461840872146,cIT1fmlvHZwh6DM7PYtCk9,101914818722206,hcyen,2025-06-27T19:00:00.942000+00:00,"Taiwan, Province of China",121.44214,25.0539572,0.0
589676933861551,d9lKxpYOUPaqR8v1E4MrAz,101914818722206,hcyen,2025-06-27T19:00:00.101000+00:00,"Taiwan, Province of China",121.4858401,25.0524843,0.0
590309874115426,cIT1fmlvHZwh6DM7PYtCk9,101914818722206,hcyen,2025-06-27T19:00:00.618000+00:00,"Taiwan, Province of China",121.4350206,25.0250777,0.0
590315234129382,cIT1fmlvHZwh6DM7PYtCk9,101914818722206,hcyen,2025-06-27T19:00:00.500000+00:00,"Taiwan, Province of China",121.4432302,25.0297676,0.0
590780657047409,cIT1fmlvHZwh6DM7PYtCk9,101914818722206,hcyen,2025-06-27T19:00:00.921000+00:00,"Taiwan, Province of China",121.4424962,25.0558133,0.0
592522383498123,cIT1fmlvHZwh6DM7PYtCk9,101914818722206,hcyen,2025-06-27T19:00:00.865000+00:00,"Taiwan, Province of China",121.4422493,25.0472896,0.0
592563740559742,cIT1fmlvHZwh6DM7PYtCk9,101914818722206,hcyen,2025-06-27T19:00:00.659000+00:00,"Taiwan, Province of China",121.4340366,25.0312705,0.0
592675650184550,cIT1fmlvHZwh6DM7PYtCk9,101914818722206,hcyen,2025-06-27T19:00:00.892000+00:00,"Taiwan, Province of China",121.4422865,25.0513852,0.0
592938790130791,cIT1fmlvHZwh6DM7PYtCk9,101914818722206,hcyen,2025-06-27T19:00:00.704000+00:00,"Taiwan, Province of China",121.4399874,25.0334489,0.0
593344750099115,d9lKxpYOUPaqR8v1E4MrAz,101914818722206,hcyen,2025-06-27T19:00:00.305000+00:00,"Taiwan, Province of China",121.4700465,25.0428581,0.0
593572130071890,d9lKxpYOUPaqR8v1E4MrAz,101914818722206,hcyen,2025-06-27T19:00:00.277000+00:00,"Taiwan, Province of China",121.4736758,25.045267,0.0
593821740049761,cIT1fmlvHZwh6DM7PYtCk9,101914818722206,hcyen,2025-06-27T19:00:00.599000+00:00,"Taiwan, Province of China",121.4360132,25.0242372,0.0
593828170047623,q0UQO5zWMgJyVfsZu7rRAj,101914818722206,hcyen,2025-06-27T19:00:00.985000+00:00,"Taiwan, Province of China",121.4404642,25.0494627,0.0
594453146645793,q0UQO5zWMgJyVfsZu7rRAj,101914818722206,hcyen,2025-06-27T19:00:00.979000+00:00,"Taiwan, Province of China",121.4412759,25.0490851,0.0
594939803273756,d9lKxpYOUPaqR8v1E4MrAz,101914818722206,hcyen,2025-06-27T19:00:00.360000+00:00,"Taiwan, Province of China",121.4622035,25.0383409,0.0
598480449967309,d9lKxpYOUPaqR8v1E4MrAz,101914818722206,hcyen,2025-06-27T19:00:00.410000+00:00,"Taiwan, Province of China",121.4551465,25.0342879,0.0
598573786234134,d9lKxpYOUPaqR8v1E4MrAz,101914818722206,hcyen,2025-06-27T19:00:00.380000+00:00,"Taiwan, Province of China",121.4593183,25.0367175,0.0
599175876140049,cIT1fmlvHZwh6DM7PYtCk9,101914818722206,hcyen,2025-06-27T19:00:00.777000+00:00,"Taiwan, Province of China",121.4406503,25.0327976,0.0
600084592714556,cIT1fmlvHZwh6DM7PYtCk9,101914818722206,hcyen,2025-06-27T19:00:00.749000+00:00,"Taiwan, Province of China",121.4398684,25.0302381,0.0
601204153025479,cIT1fmlvHZwh6DM7PYtCk9,101914818722206,hcyen,2025-06-27T19:00:00.847000+00:00,"Taiwan, Province of China",121.4421934,25.0422388,0.0
601286222606890,cIT1fmlvHZwh6DM7PYtCk9,101914818722206,hcyen,2025-06-27T19:00:00.488000+00:00,"Taiwan, Province of China",121.4441284,25.0286191,0.0
601876276300894,cIT1fmlvHZwh6DM7PYtCk9,101914818722206,hcyen,2025-06-27T19:00:00.865000+00:00,"Taiwan, Province of China",121.4422503,25.0473618,0.0
602697325768003,d9lKxpYOUPaqR8v1E4MrAz,101914818722206,hcyen,2025-06-27T19:00:00.133000+00:00,"Taiwan, Province of China",121.4813685,25.0502624,0.0
603067979482702,cIT1fmlvHZwh6DM7PYtCk9,101914818722206,hcyen,2025-06-27T19:00:00.784000+00:00,"Taiwan, Province of China",121.4418181,25.03289,0.0
603675008993060,d9lKxpYOUPaqR8v1E4MrAz,101914818722206,hcyen,2025-06-27T19:00:00.154000+00:00,"Taiwan, Province of China",121.478284,25.0487813,0.0
604231358943873,q0UQO5zWMgJyVfsZu7rRAj,101914818722206,hcyen,2025-06-27T19:00:00.959000+00:00,"Taiwan, Province of China",121.4421817,25.0512969,0.0
605460249267137,d9lKxpYOUPaqR8v1E4MrAz,101914818722206,hcyen,2025-06-27T19:00:00.094000+00:00,"Taiwan, Province of China",121.4869243,25.0520387,0.0
605536235912420,q0UQO5zWMgJyVfsZu7rRAj,101914818722206,hcyen,2025-06-27T19:00:00.950000+00:00,"Taiwan, Province of China",121.4421565,25.0527346,0.0
605817615885092,cIT1fmlvHZwh6DM7PYtCk9,101914818722206,hcyen,2025-06-27T19:00:00.612000+00:00,"Taiwan, Province of China",121.4350446,25.0242149,0.0
606273369169144,cIT1fmlvHZwh6DM7PYtCk9,101914818722206,hcyen,2025-06-27T19:00:00.530000+00:00,"Taiwan, Province of China",121.4415313,25.032724,0.0
606332479154865,d9lKxpYOUPaqR8v1E4MrAz,101914818722206,hcyen,2025-06-27T19:00:00.140000+00:00,"Taiwan, Province of China",121.4802515,25.0497142,0.0
607474109046933,cIT1fmlvHZwh6DM7PYtCk9,101914818722206,hcyen,2025-06-27T19:00:00.863000+00:00,"Taiwan, Province of China",121.442244,25.047002,0.0
609512282189208,d9lKxpYOUPaqR8v1E4MrAz,101914818722206,hcyen,2025-06-27T19:00:00.199000+00:00,"Taiwan, Province of China",121.472752,25.044611,0.0
610033178292175,d9lKxpYOUPaqR8v1E4MrAz,101914818722206,hcyen,2025-06-27T19:00:00.351000+00:00,"Taiwan, Province of China",121.4634885,25.0391794,0.0
610963822034921,cIT1fmlvHZwh6DM7PYtCk9,101914818722206,hcyen,2025-06-27T19:00:00.786000+00:00,"Taiwan, Province of China",121.4422946,25.0329952,0.0
611741305284426,d9lKxpYOUPaqR8v1E4MrAz,101914818722206,hcyen,2025-06-27T19:00:00.373000+00:00,"Taiwan, Province of China",121.4604064,25.0373103,0.0
613818317869241,cIT1fmlvHZwh6DM7PYtCk9,101914818722206,hcyen,2025-06-27T19:00:00.642000+00:00,"Taiwan, Province of China",121.4348976,25.0287443,0.0
614203247807669,q0UQO5zWMgJyVfsZu7rRAj,101914818722206,hcyen,2025-06-27T19:00:00.946000+00:00,"Taiwan, Province of China",121.4421414,25.0533816,0.0
614646627786315,cIT1fmlvHZwh6DM7PYtCk9,101914818722206,hcyen,2025-06-27T19:00:00.566000+00:00,"Taiwan, Province of China",121.4379486,25.0285745,0.0
614654547768563,d9lKxpYOUPaqR8v1E4MrAz,101914818722206,hcyen,2025-06-27T19:00:00.057000+00:00,"Taiwan, Province of China",121.4922809,25.049267,0.0
614952824422807,d9lKxpYOUPaqR8v1E4MrAz,101914818722206,hcyen,2025-06-27T19:00:00.040000+00:00,"Taiwan, Province of China",121.4946755,25.0479939,0.0
615358684345360,d9lKxpYOUPaqR8v1E4MrAz,101914818722206,hcyen,2025-06-27T19:00:00.220000+00:00,"Taiwan, Province of China",121.4703704,25.0442466,0.0
615419321572854,d9lKxpYOUPaqR8v1E4MrAz,101914818722206,hcyen,2025-06-27T19:00:00.122000+00:00,"Taiwan, Province of China",121.4829174,25.0509931,0.0
615432947683256,cIT1fmlvHZwh6DM7PYtCk9,101914818722206,hcyen,2025-06-27T19:00:00.534000+00:00,"Taiwan, Province of China",121.4408186,25.0326882,0.0
615537111576306,q0UQO5zWMgJyVfsZu7rRAj,101914818722206,hcyen,2025-06-27T19:00:00.968000+00:00,"Taiwan, Province of China",121.4421307,25.0500033,0.0
615544168234349,cIT1fmlvHZwh6DM7PYtCk9,101914818722206,hcyen,2025-06-27T19:00:00.902000+00:00,"Taiwan, Province of China",121.4423087,25.0530228,0.0
616128118172924,q0UQO5zWMgJyVfsZu7rRAj,101914818722206,hcyen,2025-06-27T19:00:00.961000+00:00,"Taiwan, Province of China",121.44217,25.0510816,0.0
617869580755864,cIT1fmlvHZwh6DM7PYtCk9,101914818722206,hcyen,2025-06-27T19:00:00.700000+00:00,"Taiwan, Province of China",121.4393653,25.0333333,0.0
618766100660477,q0UQO5zWMgJyVfsZu7rRAj,101914818722206,hcyen,2025-06-27T19:00:00.992000+00:00,"Taiwan, Province of China",121.4398083,25.0505505,0.0
619774637795522,d9lKxpYOUPaqR8v1E4MrAz,101914818722206,hcyen,2025-06-27T19:00:00.323000+00:00,"Taiwan, Province of China",121.4673916,25.0415741,0.0
621498890968939,cIT1fmlvHZwh6DM7PYtCk9,101914818722206,hcyen,2025-06-27T19:00:00.813000+00:00,"Taiwan, Province of China",121.4421117,25.0370619,0.0
621517610358322,cIT1fmlvHZwh6DM7PYtCk9,101914818722206,hcyen,2025-06-27T19:00:00.680000+00:00,"Taiwan, Province of China",121.4360054,25.0328003,0.0
621795714361130,cIT1fmlvHZwh6DM7PYtCk9,101914818722206,hcyen,2025-06-27T19:00:00.808000+00:00,"Taiwan, Province of China",121.4421185,25.0362003,0.0
622065044236855,d9lKxpYOUPaqR8v1E4MrAz,101914818722206,hcyen,2025-06-27T19:00:00.005000+00:00,"Taiwan, Province of China",121.4998576,25.0453593,0.0
622784130706322,d9lKxpYOUPaqR8v1E4MrAz,101914818722206,hcyen,2025-06-27T19:00:00.155000+00:00,"Taiwan, Province of China",121.4780029,25.0486476,0.0
623455080149368,d9lKxpYOUPaqR8v1E4MrAz,101914818722206,hcyen,2025-06-27T19:00:00.310000+00:00,"Taiwan, Province of China",121.469358,25.0425,0.0
623662444103612,cIT1fmlvHZwh6DM7PYtCk9,101914818722206,hcyen,2025-06-27T19:00:00.625000+00:00,"Taiwan, Province of China",121.4349872,25.026228,0.0
624404077358439,d9lKxpYOUPaqR8v1E4MrAz,101914818722206,hcyen,2025-06-27T19:00:00.032000+00:00,"Taiwan, Province of China",121.4959733,25.0472976,0.0
624791949991603,d9lKxpYOUPaqR8v1E4MrAz,101914818722206,hcyen,2025-06-27T19:00:00.442000+00:00,"Taiwan, Province of China",121.4503684,25.0320544,0.0
625045026634059,d9lKxpYOUPaqR8v1E4MrAz,101914818722206,hcyen,2025-06-27T19:00:00.253000+00:00,"Taiwan, Province of China",121.4736154,25.0470108,0.0
625745529887737,q0UQO5zWMgJyVfsZu7rRAj,101914818722206,hcyen,2025-06-27T19:00:00.950000+00:00,"Taiwan, Province of China",121.442162,25.0526628,0.0
625747717201104,cIT1fmlvHZwh6DM7PYtCk9,101914818722206,hcyen,2025-06-27T19:00:00.664000+00:00,"Taiwan, Province of China",121.4337259,25.0320757,0.0
626297589830219,d9lKxpYOUPaqR8v1E4MrAz,101914818722206,hcyen,2025-06-27T19:00:00.044000+00:00,"Taiwan, Province of China",121.4941962,25.0482481,0.0
626328263162853,d9lKxpYOUPaqR8v1E4MrAz,101914818722206,hcyen,2025-06-27T19:00:00.118000+00:00,"Taiwan, Province of China",121.4836167,25.0513335,0.0
626737213120897,d9lKxpYOUPaqR8v1E4MrAz,101914818722206,hcyen,2025-06-27T19:00:00.029000+00:00,"Taiwan, Province of China",121.4963811,25.0470749,0.0
628328086294359,d9lKxpYOUPaqR8v1E4MrAz,101914818722206,hcyen,2025-06-27T19:00:00.259000+00:00,"Taiwan, Province of China",121.4746076,25.047268,0.0
628433586266678,cIT1fmlvHZwh6DM7PYtCk9,101914818722206,hcyen,2025-06-27T19:00:00.635000+00:00,"Taiwan, Province of China",121.4349291,25.0276658,0.0
628608392963879,cIT1fmlvHZwh6DM7PYtCk9,101914818722206,hcyen,2025-06-27T19:00:00.485000+00:00,"Taiwan, Province of China",121.4446043,25.0286316,0.0
628918286203808,d9lKxpYOUPaqR8v1E4MrAz,101914818722206,hcyen,2025-06-27T19:00:00.448000+00:00,"Taiwan, Province of China",121.4497553,25.0314916,0.0
630430566730027,d9lKxpYOUPaqR8v1E4MrAz,101914818722206,hcyen,2025-06-27T19:00:00.139000+00:00,"Taiwan, Province of China",121.4803899,25.0497847,0.0
630544239376536,cIT1fmlvHZwh6DM7PYtCk9,101914818722206,hcyen,2025-06-27T19:00:00.926000+00:00,"Taiwan, Province of China",121.4421818,25.0563261,0.0
632066952526484,cIT1fmlvHZwh6DM7PYtCk9,101914818722206,hcyen,2025-06-27T19:00:00.726000+00:00,"Taiwan, Province of China",121.4396739,25.0312858,0.0
632925906478923,d9lKxpYOUPaqR8v1E4MrAz,101914818722206,hcyen,2025-06-27T19:00:00.129000+00:00,"Taiwan, Province of China",121.4819359,25.0505212,0.0
633836526384793,d9lKxpYOUPaqR8v1E4MrAz,101914818722206,hcyen,2025-06-27T19:00:00.083000+00:00,"Taiwan, Province of China",121.4885048,25.051212,0.0
634151538946690,cIT1fmlvHZwh6DM7PYtCk9,101914818722206,hcyen,2025-06-27T19:00:00.909000+00:00,"Taiwan, Province of China",121.4424349,25.0540893,0.0
635361135485753,cIT1fmlvHZwh6DM7PYtCk9,101914818722206,hcyen,2025-06-27T19:00:00.570000+00:00,"Taiwan, Province of China",121.437697,25.0281262,0.0
635420755486015,d9lKxpYOUPaqR8v1E4MrAz,101914818722206,hcyen,2025-06-27T19:00:00.416000+00:00,"Taiwan, Province of China",121.4542343,25.033854,0.0
636245758725879,cIT1fmlvHZwh6DM7PYtCk9,101914818722206,hcyen,2025-06-27T19:00:00.715000+00:00,"Taiwan, Province of China",121.4407433,25.0329713,0.0
640723059025983,cIT1fmlvHZwh6DM7PYtCk9,101914818722206,hcyen,2025-06-27T19:00:00.661000+00:00,"Taiwan, Province of China",121.4338649,25.0316639,0.0
642878318919445,d9lKxpYOUPaqR8v1E4MrAz,101914818722206,hcyen,2025-06-27T19:00:00.236000+00:00,"Taiwan, Province of China",121.4707454,25.0460341,0.0
644153032016929,d9lKxpYOUPaqR8v1E4MrAz,101914818722206,hcyen,2025-06-27T19:00:00.221000+00:00,"Taiwan, Province of China",121.4701905,25.0444832,0.0
648090294913692,cIT1fmlvHZwh6DM7PYtCk9,101914818722206,hcyen,2025-06-27T19:00:00.501000+00:00,"Taiwan, Province of China",121.4432294,25.0299115,0.0
650167164735622,cIT1fmlvHZwh6DM7PYtCk9,101914818722206,hcyen,2025-06-27T19:00:00.515000+00:00,"Taiwan, Province of China",121.4432167,25.0320679,0.0
650302900802960,d9lKxpYOUPaqR8v1E4MrAz,101914818722206,hcyen,2025-06-27T19:00:00.014000+00:00,"Taiwan, Province of China",121.4985178,25.0459706,0.0
650872598004253,d9lKxpYOUPaqR8v1E4MrAz,101914818722206,hcyen,2025-06-27T19:00:00.216000+00:00,"Taiwan, Province of China",121.4708306,25.0438565,0.0
651111367933843,cIT1fmlvHZwh6DM7PYtCk9,101914818722206,hcyen,2025-06-27T19:00:00.693000+00:00,"Taiwan, Province of China",121.4381944,25.0331379,0.0
651405730692823,d9lKxpYOUPaqR8v1E4MrAz,101914818722206,hcyen,2025-06-27T19:00:00.145000+00:00,"Taiwan, Province of China",121.4796171,25.049417,0.0
651501550682236,d9lKxpYOUPaqR8v1E4MrAz,101914818722206,hcyen,2025-06-27T19:00:00.406000+00:00,"Taiwan, Province of China",121.4556603,25.0346259,0.0
651661824586640,d9lKxpYOUPaqR8v1E4MrAz,101914818722206,hcyen,2025-06-27T19:00:00.363000+00:00,"Taiwan, Province of China",121.4617771,25.0380179,0.0
651768574579610,d9lKxpYOUPaqR8v1E4MrAz,101914818722206,hcyen,2025-06-27T19:00:00.186000+00:00,"Taiwan, Province of China",121.4742154,25.0459729,0.0
651959881216072,d9lKxpYOUPaqR8v1E4MrAz,101914818722206,hcyen,2025-06-27T19:00:00.081000+00:00,"Taiwan, Province of China",121.4887556,25.0510356,0.0
652315017855113,cIT1fmlvHZwh6DM7PYtCk9,101914818722206,hcyen,2025-06-27T19:00:00.846000+00:00,"Taiwan, Province of China",121.4421922,25.042023,0.0
653143681074382,cIT1fmlvHZwh6DM7PYtCk9,101914818722206,hcyen,2025-06-27T19:00:00.663000+00:00,"Taiwan, Province of China",121.4337388,25.0320049,0.0
653821187713089,d9lKxpYOUPaqR8v1E4MrAz,101914818722206,hcyen,2025-06-27T19:00:00.229000+00:00,"Taiwan, Province of China",121.4698328,25.045653,0.0
653920464364463,cIT1fmlvHZwh6DM7PYtCk9,101914818722206,hcyen,2025-06-27T19:00:00.540000+00:00,"Taiwan, Province of China",121.4401656,25.0320614,0.0
656189844117625,cIT1fmlvHZwh6DM7PYtCk9,101914818722206,hcyen,2025-06-27T19:00:00.559000+00:00,"Taiwan, Province of China",121.4385609,25.0294989,0.0
658429163556198,cIT1fmlvHZwh6DM7PYtCk9,101914818722206,hcyen,2025-06-27T19:00:00.498000+00:00,"Taiwan, Province of China",121.4432594,25.0294825,0.0
659392660464614,cIT1fmlvHZwh6DM7PYtCk9,101914818722206,hcyen,2025-06-27T19:00:00.892000+00:00,"Taiwan, Province of China",121.4422831,25.051457,0.0
659994417051230,cIT1fmlvHZwh6DM7PYtCk9,101914818722206,hcyen,2025-06-27T19:00:00.679000+00:00,"Taiwan, Province of China",121.4358505,25.0327716,0.0
661111496919092,cIT1fmlvHZwh6DM7PYtCk9,101914818722206,hcyen,2025-06-27T19:00:00.803000+00:00,"Taiwan, Province of China",121.4421704,25.0354148,0.0
662721493463617,cIT1fmlvHZwh6DM7PYtCk9,101914818722206,hcyen,2025-06-27T19:00:00.560000+00:00,"Taiwan, Province of China",121.4384803,25.0293748,0.0
663004283432655,d9lKxpYOUPaqR8v1E4MrAz,101914818722206,hcyen,2025-06-27T19:00:00.348000+00:00,"Taiwan, Province of China",121.4638934,25.0394895,0.0
663542040059306,d9lKxpYOUPaqR8v1E4MrAz,101914818722206,hcyen,2025-06-27T19:00:00.183000+00:00,"Taiwan, Province of China",121.4744368,25.0462674,0.0
667803932970581,cIT1fmlvHZwh6DM7PYtCk9,101914818722206,hcyen,2025-06-27T19:00:00.742000+00:00,"Taiwan, Province of China",121.4388829,25.0300266,0.0
668924132794936,d9lKxpYOUPaqR8v1E4MrAz,101914818722206,hcyen,2025-06-27T19:00:00.153000+00:00,"Taiwan, Province of China",121.4783536,25.0488159,0.0
669450612742300,d9lKxpYOUPaqR8v1E4MrAz,101914818722206,hcyen,2025-06-27T19:00:00.419000+00:00,"Taiwan, Province of China",121.4538168,25.033648,0.0
673460985854893,cIT1fmlvHZwh6DM7PYtCk9,101914818722206,hcyen,2025-06-27T19:00:00.576000+00:00,"Taiwan, Province of China",121.4376508,25.0272086,0.0
674189545623084,q0UQO5zWMgJyVfsZu7rRAj,101914818722206,hcyen,2025-06-27T19:00:00.991000+00:00,"Taiwan, Province of China",121.4398466,25.0504875,0.0
676422262093705,d9lKxpYOUPaqR8v1E4MrAz,101914818722206,hcyen,2025-06-27T19:00:00.405000+00:00,"Taiwan, Province of China",121.4558516,25.0347544,0.0
677498322117836,cIT1fmlvHZwh6DM7PYtCk9,101914818722206,hcyen,2025-06-27T19:00:00.855000+00:00,"Taiwan, Province of China",121.4421949,25.0434616,0.0
677962071908523,q0UQO5zWMgJyVfsZu7rRAj,101914818722206,hcyen,2025-06-27T19:00:00.962000+00:00,"Taiwan, Province of China",121.4421531,25.0508663,0.0
678249685375199,cIT1fmlvHZwh6DM7PYtCk9,101914818722206,hcyen,2025-06-27T19:00:00.825000+00:00,"Taiwan, Province of China",121.4421746,25.0388593,0.0
679398858454035,d9lKxpYOUPaqR8v1E4MrAz,101914818722206,hcyen,2025-06-27T19:00:00.431000+00:00,"Taiwan, Province of China",121.4520231,25.0330245,0.0
682156508148671,d9lKxpYOUPaqR8v1E4MrAz,101914818722206,hcyen,2025-06-27T19:00:00.302000+00:00,"Taiwan, Province of China",121.4706029,25.0431336,0.0
682291148306038,cIT1fmlvHZwh6DM7PYtCk9,101914818722206,hcyen,2025-06-27T19:00:00.489000+00:00,"Taiwan, Province of China",121.4438916,25.0286111,0.0
684179377955226,d9lKxpYOUPaqR8v1E4MrAz,101914818722206,hcyen,2025-06-27T19:00:00.010000+00:00,"Taiwan, Province of China",121.4990629,25.0456755,0.0
685081374366766,d9lKxpYOUPaqR8v1E4MrAz,101914818722206,hcyen,2025-06-27T19:00:00.121000+00:00,"Taiwan, Province of China",121.483129,25.0510921,0.0
685967034429277,cIT1fmlvHZwh6DM7PYtCk9,101914818722206,hcyen,2025-06-27T19:00:00.932000+00:00,"Taiwan, Province of China",121.4421943,25.0555353,0.0
686163681078106,d9lKxpYOUPaqR8v1E4MrAz,101914818722206,hcyen,2025-06-27T19:00:00.418000+00:00,"Taiwan, Province of China",121.4538835,25.033687,0.0
687206324423635,cIT1fmlvHZwh6DM7PYtCk9,101914818722206,hcyen,2025-06-27T19:00:00.847000+00:00,"Taiwan, Province of China",121.4421936,25.0421669,0.0
687779364095711,d9lKxpYOUPaqR8v1E4MrAz,101914818722206,hcyen,2025-06-27T19:00:00.238000+00:00,"Taiwan, Province of China",121.4712488,25.046189,0.0
689078694167404,cIT1fmlvHZwh6DM7PYtCk9,101914818722206,hcyen,2025-06-27T19:00:00.895000+00:00,"Taiwan, Province of China",121.4423409,25.0518842,0.0
689098364120200,cIT1fmlvHZwh6DM7PYtCk9,101914818722206,hcyen,2025-06-27T19:00:00.908000+00:00,"Taiwan, Province of China",121.4424273,25.0538736,0.0
689242187320508,d9lKxpYOUPaqR8v1E4MrAz,101914818722206,hcyen,2025-06-27T19:00:00.445000+00:00,"Taiwan, Province of China",121.4500938,25.0317952,0.0
689637000708833,d9lKxpYOUPaqR8v1E4MrAz,101914818722206,hcyen,2025-06-27T19:00:00.164000+00:00,"Taiwan, Province of China",121.4767448,25.0480362,0.0
690745447454744,d9lKxpYOUPaqR8v1E4MrAz,101914818722206,hcyen,2025-06-27T19:00:00.352000+00:00,"Taiwan, Province of China",121.4633726,25.0390809,0.0
692285267116645,d9lKxpYOUPaqR8v1E4MrAz,101914818722206,hcyen,2025-06-27T19:00:00.470000+00:00,"Taiwan, Province of China",121.446975,25.029138,0.0
692364843683111,d9lKxpYOUPaqR8v1E4MrAz,101914818722206,hcyen,2025-06-27T19:00:00.007000+00:00,"Taiwan, Province of China",121.4995529,25.0454402,0.0
692401853665093,cIT1fmlvHZwh6DM7PYtCk9,101914818722206,hcyen,2025-06-27T19:00:00.651000+00:00,"Taiwan, Province of China",121.4345538,25.0300685,0.0
692896597241833,cIT1fmlvHZwh6DM7PYtCk9,101914818722206,hcyen,2025-06-27T19:00:00.738000+00:00,"Taiwan, Province of China",121.4387154,25.0297764,0.0
693032440161134,d9lKxpYOUPaqR8v1E4MrAz,101914818722206,hcyen,2025-06-27T19:00:00.439000+00:00,"Taiwan, Province of China",121.4508425,25.032437,0.0
693583226774414,cIT1fmlvHZwh6DM7PYtCk9,101914818722206,hcyen,2025-06-27T19:00:00.669000+00:00,"Taiwan, Province of China",121.4342193,25.0324819,0.0
693718646970713,cIT1fmlvHZwh6DM7PYtCk9,101914818722206,hcyen,2025-06-27T19:00:00.740000+00:00,"Taiwan, Province of China",121.4388021,25.0298241,0.0
693888440203663,q0UQO5zWMgJyVfsZu7rRAj,101914818722206,hcyen,2025-06-27T19:00:00.955000+00:00,"Taiwan, Province of China",121.4421929,25.0520162,0.0
694143690080203,d9lKxpYOUPaqR8v1E4MrAz,101914818722206,hcyen,2025-06-27T19:00:00.357000+00:00,"Taiwan, Province of China",121.4626002,25.0385798,0.0
694592706724386,cIT1fmlvHZwh6DM7PYtCk9,101914818722206,hcyen,2025-06-27T19:00:00.643000+00:00,"Taiwan, Province of China",121.4348879,25.0288889,0.0
694631343350344,cIT1fmlvHZwh6DM7PYtCk9,101914818722206,hcyen,2025-06-27T19:00:00.746000+00:00,"Taiwan, Province of China",121.4395141,25.03015,0.0
694631693346869,d9lKxpYOUPaqR8v1E4MrAz,101914818722206,hcyen,2025-06-27T19:00:00.260000+00:00,"Taiwan, Province of China",121.4746841,25.047287,0.0
694656700228307,d9lKxpYOUPaqR8v1E4MrAz,101914818722206,hcyen,2025-06-27T19:00:00.424000+00:00,"Taiwan, Province of China",121.4531029,25.0334788,0.0
694750183328695,cIT1fmlvHZwh6DM7PYtCk9,101914818722206,hcyen,2025-06-27T19:00:00.894000+00:00,"Taiwan, Province of China",121.4423132,25.0517426,0.0
694820759980018,cIT1fmlvHZwh6DM7PYtCk9,101914818722206,hcyen,2025-06-27T19:00:00.901000+00:00,"Taiwan, Province of China",121.4423122,25.052879,0.0
694921280021711,cIT1fmlvHZwh6DM7PYtCk9,101914818722206,hcyen,2025-06-27T19:00:00.498000+00:00,"Taiwan, Province of China",121.4432605,25.0294106,0.0
695013866840784,d9lKxpYOUPaqR8v1E4MrAz,101914818722206,hcyen,2025-06-27T19:00:00.128000+00:00,"Taiwan, Province of China",121.4820761,25.0505889,0.0
695171739978651,d9lKxpYOUPaqR8v1E4MrAz,101914818722206,hcyen,2025-06-27T19:00:00.286000+00:00,"Taiwan, Province of China",121.4726282,25.0445706,0.0
696718303330907,cIT1fmlvHZwh6DM7PYtCk9,101914818722206,hcyen,2025-06-27T19:00:00.698000+00:00,"Taiwan, Province of China",121.4389733,25.0332765,0.0
696741253341752,d9lKxpYOUPaqR8v1E4MrAz,101914818722206,hcyen,2025-06-27T19:00:00.192000+00:00,"Taiwan, Province of China",121.4736437,25.0452493,0.0
697044813105114,cIT1fmlvHZwh6DM7PYtCk9,101914818722206,hcyen,2025-06-27T19:00:00.689000+00:00,"Taiwan, Province of China",121.4374897,25.0330296,0.0
697477826541477,cIT1fmlvHZwh6DM7PYtCk9,101914818722206,hcyen,2025-06-27T19:00:00.801000+00:00,"Taiwan, Province of China",121.4422028,25.0351287,0.0
697492339838319,d9lKxpYOUPaqR8v1E4MrAz,101914818722206,hcyen,2025-06-27T19:00:00.221000+00:00,"Taiwan, Province of China",121.4702748,25.0443615,0.0
697514369947464,d9lKxpYOUPaqR8v1E4MrAz,101914818722206,hcyen,2025-06-27T19:00:00.402000+00:00,"Taiwan, Province of China",121.4561786,25.0349583,0.0
698052903106668,q0UQO5zWMgJyVfsZu7rRAj,101914818722206,hcyen,2025-06-27T19:00:00.987000+00:00,"Taiwan, Province of China",121.4401939,25.0499216,0.0
698171643033809,d9lKxpYOUPaqR8v1E4MrAz,101914818722206,hcyen,2025-06-27T19:00:00.313000+00:00,"Taiwan, Province of China",121.4689242,25.0423231,0.0
698449573030650,d9lKxpYOUPaqR8v1E4MrAz,101914818722206,hcyen,2025-06-27T19:00:00.067000+00:00,"Taiwan, Province of China",121.4908072,25.0499585,0.0
698628946130746,q0UQO5zWMgJyVfsZu7rRAj,101914818722206,hcyen,2025-06-27T19:00:00.959000+00:00,"Taiwan, Province of China",121.4421831,25.0514408,0.0
699136452754099,cIT1fmlvHZwh6DM7PYtCk9,101914818722206,hcyen,2025-06-27T19:00:00.768000+00:00,"Taiwan, Province of China",121.4399139,25.0316067,0.0
699352352984658,cIT1fmlvHZwh6DM7PYtCk9,101914818722206,hcyen,2025-06-27T19:00:00.607000+00:00,"Taiwan, Province of China",121.4352606,25.0235037,0.0
699913002813249,q0UQO5zWMgJyVfsZu7rRAj,101914818722206,hcyen,2025-06-27T19:00:00.945000+00:00,"Taiwan, Province of China",121.4421407,25.0534536,0.0
700077466260003,cIT1fmlvHZwh6DM7PYtCk9,101914818722206,hcyen,2025-06-27T19:00:00.690000+00:00,"Taiwan, Province of China",121.4376455,25.0330583,0.0
700677626146103,cIT1fmlvHZwh6DM7PYtCk9,101914818722206,hcyen,2025-06-27T19:00:00.773000+00:00,"Taiwan, Province of China",121.4403205,25.0323064,0.0
700744816131131,cIT1fmlvHZwh6DM7PYtCk9,101914818722206,hcyen,2025-06-27T19:00:00.789000+00:00,"Taiwan, Province of China",121.4423385,25.0334221,0.0
700811279463241,d9lKxpYOUPaqR8v1E4MrAz,101914818722206,hcyen,2025-06-27T19:00:00.311000+00:00,"Taiwan, Province of China",121.4692855,25.0424719,0.0
701105529558959,d9lKxpYOUPaqR8v1E4MrAz,101914818722206,hcyen,2025-06-27T19:00:00.288000+00:00,"Taiwan, Province of China",121.4723031,25.0443643,0.0
701976529395737,cIT1fmlvHZwh6DM7PYtCk9,101914818722206,hcyen,2025-06-27T19:00:00.501000+00:00,"Taiwan, Province of China",121.4432306,25.0299834,0.0
701977056044199,cIT1fmlvHZwh6DM7PYtCk9,101914818722206,hcyen,2025-06-27T19:00:00.553000+00:00,"Taiwan, Province of China",121.4388562,25.0303727,0.0
702085195868046,d9lKxpYOUPaqR8v1E4MrAz,101914818722206,hcyen,2025-06-27T19:00:00.256000+00:00,"Taiwan, Province of China",121.4740744,25.0471264,0.0
702306139239445,cIT1fmlvHZwh6DM7PYtCk9,101914818722206,hcyen,2025-06-27T19:00:00.789000+00:00,"Taiwan, Province of China",121.4423247,25.0333512,0.0
702742682557187,d9lKxpYOUPaqR8v1E4MrAz,101914818722206,hcyen,2025-06-27T19:00:00.013000+00:00,"Taiwan, Province of China",121.4987251,25.0458642,0.0
702829565856940,d9lKxpYOUPaqR8v1E4MrAz,101914818722206,hcyen,2025-06-27T19:00:00.113000+00:00,"Taiwan, Province of China",121.4842879,25.0518379,0.0
702934475992196,d9lKxpYOUPaqR8v1E4MrAz,101914818722206,hcyen,2025-06-27T19:00:00.283000+00:00,"Taiwan, Province of China",121.4729364,25.0447938,0.0
703339632582536,cIT1fmlvHZwh6DM7PYtCk9,101914818722206,hcyen,2025-06-27T19:00:00.648000+00:00,"Taiwan, Province of China",121.4347066,25.0296598,0.0
703467735833765,cIT1fmlvHZwh6DM7PYtCk9,101914818722206,hcyen,2025-06-27T19:00:00.491000+00:00,"Taiwan, Province of China",121.443494,25.0286067,0.0
703488319272364,cIT1fmlvHZwh6DM7PYtCk9,101914818722206,hcyen,2025-06-27T19:00:00.533000+00:00,"Taiwan, Province of China",121.440898,25.0326856,0.0
703506102647134,cIT1fmlvHZwh6DM7PYtCk9,101914818722206,hcyen,2025-06-27T19:00:00.896000+00:00,"Taiwan, Province of China",121.4422767,25.0520903,0.0
703571945924061,d9lKxpYOUPaqR8v1E4MrAz,101914818722206,hcyen,2025-06-27T19:00:00.301000+00:00,"Taiwan, Province of China",121.4707473,25.0431936,0.0
703731785762079,cIT1fmlvHZwh6DM7PYtCk9,101914818722206,hcyen,2025-06-27T19:00:00.836000+00:00,"Taiwan, Province of China",121.4421765,25.0404414,0.0
704333468896002,cIT1fmlvHZwh6DM7PYtCk9,101914818722206,hcyen,2025-06-27T19:00:00.704000+00:00,"Taiwan, Province of China",121.4399096,25.0334344,0.0
704608338974363,d9lKxpYOUPaqR8v1E4MrAz,101914818722206,hcyen,2025-06-27T19:00:00.434000+00:00,"Taiwan, Province of China",121.45145,25.032775,0.0
704634245751504,cIT1fmlvHZwh6DM7PYtCk9,101914818722206,hcyen,2025-06-27T19:00:00.517000+00:00,"Taiwan, Province of China",121.4432189,25.0324275,0.0
704700149016111,cIT1fmlvHZwh6DM7PYtCk9,101914818722206,hcyen,2025-06-27T19:00:00.505000+00:00,"Taiwan, Province of China",121.4432349,25.030487,0.0
704724215796145,cIT1fmlvHZwh6DM7PYtCk9,101914818722206,hcyen,2025-06-27T19:00:00.686000+00:00,"Taiwan, Province of China",121.4369444,25.0329297,0.0
705103952426126,d9lKxpYOUPaqR8v1E4MrAz,101914818722206,hcyen,2025-06-27T19:00:00.142000+00:00,"Taiwan, Province of China",121.4800402,25.0496146,0.0
705271909171659,d9lKxpYOUPaqR8v1E4MrAz,101914818722206,hcyen,2025-06-27T19:00:00.414000+00:00,"Taiwan, Province of China",121.4545224,25.0339748,0.0
705475672338306,cIT1fmlvHZwh6DM7PYtCk9,101914818722206,hcyen,2025-06-27T19:00:00.595000+00:00,"Taiwan, Province of China",121.4362952,25.0247529,0.0
705494872245223,d9lKxpYOUPaqR8v1E4MrAz,101914818722206,hcyen,2025-06-27T19:00:00.098000+00:00,"Taiwan, Province of China",121.4863477,25.0522801,0.0
706052148716199,d9lKxpYOUPaqR8v1E4MrAz,101914818722206,hcyen,2025-06-27T19:00:00.090000+00:00,"Taiwan, Province of China",121.4875464,25.0517203,0.0
706148542192771,cIT1fmlvHZwh6DM7PYtCk9,101914818722206,hcyen,2025-06-27T19:00:00.636000+00:00,"Taiwan, Province of China",121.4349261,25.0278096,0.0
706219445505661,d9lKxpYOUPaqR8v1E4MrAz,101914818722206,hcyen,2025-06-27T19:00:00.292000+00:00,"Taiwan, Province of China",121.4718099,25.0440289,0.0
706320092021237,d9lKxpYOUPaqR8v1E4MrAz,101914818722206,hcyen,2025-06-27T19:00:00.354000+00:00,"Taiwan, Province of China",121.4630044,25.0388077,0.0
706370832032432,cIT1fmlvHZwh6DM7PYtCk9,101914818722206,hcyen,2025-06-27T19:00:00.570000+00:00,"Taiwan, Province of China",121.4376698,25.0280586,0.0
706607708839459,d9lKxpYOUPaqR8v1E4MrAz,101914818722206,hcyen,2025-06-27T19:00:00.027000+00:00,"Taiwan, Province of China",121.4966567,25.0469321,0.0
706646062071389,d9lKxpYOUPaqR8v1E4MrAz,101914818722206,hcyen,2025-06-27T19:00:00.454000+00:00,"Taiwan, Province of China",121.4490159,25.0308424,0.0
706715695666333,q0UQO5zWMgJyVfsZu7rRAj,101914818722206,hcyen,2025-06-27T19:00:00.963000+00:00,"Taiwan, Province of China",121.4421492,25.0507945,0.0
707273015506196,q0UQO5zWMgJyVfsZu7rRAj,101914818722206,hcyen,2025-06-27T19:00:00.956000+00:00,"Taiwan, Province of China",121.4421921,25.0518723,0.0
707912051999485,cIT1fmlvHZwh6DM7PYtCk9,101914818722206,hcyen,2025-06-27T19:00:00.883000+00:00,"Taiwan, Province of China",121.4422652,25.0500944,0.0
708069572122776,cIT1fmlvHZwh6DM7PYtCk9,101914818722206,hcyen,2025-06-27T19:00:00.920000+00:00,"Taiwan, Province of China",121.4424848,25.0556698,0.0
708103138529870,d9lKxpYOUPaqR8v1E4MrAz,101914818722206,hcyen,2025-06-27T19:00:00.373000+00:00,"Taiwan, Province of China",121.460338,25.0372738,0.0
708150992183424,cIT1fmlvHZwh6DM7PYtCk9,101914818722206,hcyen,2025-06-27T19:00:00.818000+00:00,"Taiwan, Province of China",121.4421376,25.037709,0.0
708488822099394,cIT1fmlvHZwh6DM7PYtCk9,101914818722206,hcyen,2025-06-27T19:00:00.819000+00:00,"Taiwan, Province of China",121.4421497,25.0379246,0.0
708587855222040,cIT1fmlvHZwh6DM7PYtCk9,101914818722206,hcyen,2025-06-27T19:00:00.619000+00:00,"Taiwan, Province of China",121.4350116,25.0252933,0.0
708878565362057,d9lKxpYOUPaqR8v1E4MrAz,101914818722206,hcyen,2025-06-27T19:00:00.026000+00:00,"Taiwan, Province of China",121.4967995,25.0468691,0.0
708903905446238,cIT1fmlvHZwh6DM7PYtCk9,101914818722206,hcyen,2025-06-27T19:00:00.805000+00:00,"Taiwan, Province of China",121.4421171,25.0357688,0.0
709259258745417,cIT1fmlvHZwh6DM7PYtCk9,101914818722206,hcyen,2025-06-27T19:00:00.918000+00:00,"Taiwan, Province of China",121.4424524,25.0553116,0.0
709329628522258,d9lKxpYOUPaqR8v1E4MrAz,101914818722206,hcyen,2025-06-27T19:00:00.246000+00:00,"Taiwan, Province of China",121.4725773,25.0466559,0.0
709337618383520,cIT1fmlvHZwh6DM7PYtCk9,101914818722206,hcyen,2025-06-27T19:00:00.701000+00:00,"Taiwan, Province of China",121.4394444,25.0333454,0.0
709348618621772,cIT1fmlvHZwh6DM7PYtCk9,101914818722206,hcyen,2025-06-27T19:00:00.881000+00:00,"Taiwan, Province of China",121.442275,25.0497348,0.0
709695468587192,cIT1fmlvHZwh6DM7PYtCk9,101914818722206,hcyen,2025-06-27T19:00:00.878000+00:00,"Taiwan, Province of China",121.4422866,25.0493752,0.0
709695961922877,cIT1fmlvHZwh6DM7PYtCk9,101914818722206,hcyen,2025-06-27T19:00:00.729000+00:00,"Taiwan, Province of China",121.4391824,25.0309293,0.0
709715968524182,cIT1fmlvHZwh6DM7PYtCk9,101914818722206,hcyen,2025-06-27T19:00:00.678000+00:00,"Taiwan, Province of China",121.4356191,25.0327209,0.0
710117558403221,d9lKxpYOUPaqR8v1E4MrAz,101914818722206,hcyen,2025-06-27T19:00:00.344000+00:00,"Taiwan, Province of China",121.4645106,25.0399415,0.0
710365821628677,d9lKxpYOUPaqR8v1E4MrAz,101914818722206,hcyen,2025-06-27T19:00:00.158000+00:00,"Taiwan, Province of China",121.4776521,25.0484799,0.0
710659415152576,cIT1fmlvHZwh6DM7PYtCk9,101914818722206,hcyen,2025-06-27T19:00:00.774000+00:00,"Taiwan, Province of China",121.4404049,25.0324283,0.0
710681514917773,cIT1fmlvHZwh6DM7PYtCk9,101914818722206,hcyen,2025-06-27T19:00:00.772000+00:00,"Taiwan, Province of China",121.4402412,25.032182,0.0
710731271937754,cIT1fmlvHZwh6DM7PYtCk9,101914818722206,hcyen,2025-06-27T19:00:00.895000+00:00,"Taiwan, Province of China",121.4423202,25.0519537,0.0
711058144861467,d9lKxpYOUPaqR8v1E4MrAz,101914818722206,hcyen,2025-06-27T19:00:00.467000+00:00,"Taiwan, Province of China",121.4474396,25.0294279,0.0
711151065027599,d9lKxpYOUPaqR8v1E4MrAz,101914818722206,hcyen,2025-06-27T19:00:00.212000+00:00,"Taiwan, Province of China",121.4711736,25.0434627,0.0
711453841516221,cIT1fmlvHZwh6DM7PYtCk9,101914818722206,hcyen,2025-06-27T19:00:00.779000+00:00,"Taiwan, Province of China",121.4411056,25.0328775,0.0
711573038399241,q0UQO5zWMgJyVfsZu7rRAj,101914818722206,hcyen,2025-06-27T19:00:00.984000+00:00,"Taiwan, Province of China",121.4405748,25.0492716,0.0
711745741608284,d9lKxpYOUPaqR8v1E4MrAz,101914818722206,hcyen,2025-06-27T19:00:00.091000+00:00,"Taiwan, Province of China",121.4872704,25.0518627,0.0
711824171559292,cIT1fmlvHZwh6DM7PYtCk9,101914818722206,hcyen,2025-06-27T19:00:00.556000+00:00,"Taiwan, Province of China",121.4388368,25.0300147,0.0
712255984877751,cIT1fmlvHZwh6DM7PYtCk9,101914818722206,hcyen,2025-06-27T19:00:00.658000+00:00,"Taiwan, Province of China",121.4341433,25.0310779,0.0
712956191594708,cIT1fmlvHZwh6DM7PYtCk9,101914818722206,hcyen,2025-06-27T19:00:00.843000+00:00,"Taiwan, Province of China",121.4421966,25.0415917,0.0
713421884733637,cIT1fmlvHZwh6DM7PYtCk9,101914818722206,hcyen,2025-06-27T19:00:00.941000+00:00,"Taiwan, Province of China",121.44214,25.054101,0.0
713954128047834,cIT1fmlvHZwh6DM7PYtCk9,101914818722206,hcyen,2025-06-27T19:00:00.765000+00:00,"Taiwan, Province of China",121.4396718,25.0312352,0.0
714280987860864,d9lKxpYOUPaqR8v1E4MrAz,101914818722206,hcyen,2025-06-27T19:00:00.003000+00:00,"Taiwan, Province of China",121.5001671,25.0452949,0.0
714498724631962,cIT1fmlvHZwh6DM7PYtCk9,101914818722206,hcyen,2025-06-27T19:00:00.592000+00:00,"Taiwan, Province of China",121.4365181,25.0251323,0.0
714514744877482,d9lKxpYOUPaqR8v1E4MrAz,101914818722206,hcyen,2025-06-27T19:00:00.178000+00:00,"Taiwan, Province of China",121.4748564,25.0470359,0.0
714996018047166,d9lKxpYOUPaqR8v1E4MrAz,101914818722206,hcyen,2025-06-27T19:00:00.343000+00:00,"Taiwan, Province of China",121.464574,25.0399848,0.0
715060787798911,q0UQO5zWMgJyVfsZu7rRAj,101914818722206,hcyen,2025-06-27T19:00:00.945000+00:00,"Taiwan, Province of China",121.4421397,25.0535255,0.0
715204027778999,cIT1fmlvHZwh6DM7PYtCk9,101914818722206,hcyen,2025-06-27T19:00:00.799000+00:00,"Taiwan, Province of China",121.4422399,25.0349157,0.0
715227044806983,cIT1fmlvHZwh6DM7PYtCk9,101914818722206,hcyen,2025-06-27T19:00:00.647000+00:00,"Taiwan, Province of China",121.4347526,25.0295221,0.0
715384464600450,d9lKxpYOUPaqR8v1E4MrAz,101914818722206,hcyen,2025-06-27T19:00:00.196000+00:00,"Taiwan, Province of China",121.4730717,25.0450816,0.0
715400904552847,cIT1fmlvHZwh6DM7PYtCk9,101914818722206,hcyen,2025-06-27T19:00:00.669000+00:00,"Taiwan, Province of China",121.4341418,25.0324665,0.0
715581261317701,d9lKxpYOUPaqR8v1E4MrAz,101914818722206,hcyen,2025-06-27T19:00:00.295000+00:00,"Taiwan, Province of China",121.4714354,25.0437562,0.0
715740297726300,cIT1fmlvHZwh6DM7PYtCk9,101914818722206,hcyen,2025-06-27T19:00:00.637000+00:00,"Taiwan, Province of China",121.4349217,25.0279534,0.0
715788524947201,cIT1fmlvHZwh6DM7PYtCk9,101914818722206,hcyen,2025-06-27T19:00:00.514000+00:00,"Taiwan, Province of China",121.4432142,25.0318522,0.0
715790874655906,d9lKxpYOUPaqR8v1E4MrAz,101914818722206,hcyen,2025-06-27T19:00:00.256000+00:00,"Taiwan, Province of China",121.4741509,25.0471456,0.0
715847211408303,cIT1fmlvHZwh6DM7PYtCk9,101914818722206,hcyen,2025-06-27T19:00:00.727000+00:00,"Taiwan, Province of China",121.4395701,25.0311771,0.0
715969857691479,cIT1fmlvHZwh6DM7PYtCk9,101914818722206,hcyen,2025-06-27T19:00:00.672000+00:00,"Taiwan, Province of China",121.4346861,25.0325673,0.0
716101738005778,cIT1fmlvHZwh6DM7PYtCk9,101914818722206,hcyen,2025-06-27T19:00:00.596000+00:00,"Taiwan, Province of China",121.4362596,25.0246886,0.0
716214574674495,cIT1fmlvHZwh6DM7PYtCk9,101914818722206,hcyen,2025-06-27T19:00:00.516000+00:00,"Taiwan, Province of China",121.4432196,25.0322117,0.0
716258404532239,d9lKxpYOUPaqR8v1E4MrAz,101914818722206,hcyen,2025-06-27T19:00:00.224000+00:00,"Taiwan, Province of China",121.4700537,25.0448202,0.0
716273627650129,d9lKxpYOUPaqR8v1E4MrAz,101914818722206,hcyen,2025-06-27T19:00:00.071000+00:00,"Taiwan, Province of China",121.4902093,25.0503102,0.0
716409807916732,cIT1fmlvHZwh6DM7PYtCk9,101914818722206,hcyen,2025-06-27T19:00:00.549000+00:00,"Taiwan, Province of China",121.4390906,25.0308777,0.0
716588964293570,d9lKxpYOUPaqR8v1E4MrAz,101914818722206,hcyen,2025-06-27T19:00:00.103000+00:00,"Taiwan, Province of China",121.4854748,25.0526184,0.0
716639987824386,cIT1fmlvHZwh6DM7PYtCk9,101914818722206,hcyen,2025-06-27T19:00:00.907000+00:00,"Taiwan, Province of China",121.4424176,25.0537299,0.0
716834721080355,d9lKxpYOUPaqR8v1E4MrAz,101914818722206,hcyen,2025-06-27T19:00:00.233000+00:00,"Taiwan, Province of China",121.4703743,25.0459074,0.0
716955327873893,cIT1fmlvHZwh6DM7PYtCk9,101914818722206,hcyen,2025-06-27T19:00:00.674000+00:00,"Taiwan, Province of China",121.4350802,25.0326032,0.0
716976454288290,cIT1fmlvHZwh6DM7PYtCk9,101914818722206,hcyen,2025-06-27T19:00:00.671000+00:00,"Taiwan, Province of China",121.4344517,25.0325289,0.0
717067994566196,cIT1fmlvHZwh6DM7PYtCk9,101914818722206,hcyen,2025-06-27T19:00:00.732000+00:00,"Taiwan, Province of China",121.4389134,25.0306746,0.0
717230041004366,d9lKxpYOUPaqR8v1E4MrAz,101914818722206,hcyen,2025-06-27T19:00:00.449000+00:00,"Taiwan, Province of China",121.4496438,25.0313889,0.0
717280764390848,cIT1fmlvHZwh6DM7PYtCk9,101914818722206,hcyen,2025-06-27T19:00:00.621000+00:00,"Taiwan, Province of China",121.4350028,25.025509,0.0
717511724257233,cIT1fmlvHZwh6DM7PYtCk9,101914818722206,hcyen,2025-06-27T19:00:00.802000+00:00,"Taiwan, Province of China",121.4421757,25.035343,0.0
717532487874945,q0UQO5zWMgJyVfsZu7rRAj,101914818722206,hcyen,2025-06-27T19:00:00.955000+00:00,"Taiwan, Province of China",121.4421921,25.0519444,0.0
717638920978275,d9lKxpYOUPaqR8v1E4MrAz,101914818722206,hcyen,2025-06-27T19:00:00.124000+00:00,"Taiwan, Province of China",121.482706,25.0508938,0.0
718021867781172,d9lKxpYOUPaqR8v1E4MrAz,101914818722206,hcyen,2025-06-27T19:00:00.184000+00:00,"Taiwan, Province of China",121.4743317,25.0461595,0.0
718265567488099,cIT1fmlvHZwh6DM7PYtCk9,101914818722206,hcyen,2025-06-27T19:00:00.670000+00:00,"Taiwan, Province of China",121.4343736,25.032516,0.0
718457667561076,d9lKxpYOUPaqR8v1E4MrAz,101914818722206,hcyen,2025-06-27T19:00:00.391000+00:00,"Taiwan, Province of China",121.4577986,25.0358027,0.0
718579160777887,cIT1fmlvHZwh6DM7PYtCk9,101914818722206,hcyen,2025-06-27T19:00:00.738000+00:00,"Taiwan, Province of China",121.4386787,25.0297138,0.0
718799104120359,d9lKxpYOUPaqR8v1E4MrAz,101914818722206,hcyen,2025-06-27T19:00:00.112000+00:00,"Taiwan, Province of China",121.4843933,25.0519444,0.0
719349200685685,cIT1fmlvHZwh6DM7PYtCk9,101914818722206,hcyen,2025-06-27T19:00:00.859000+00:00,"Taiwan, Province of China",121.4422085,25.0460697,0.0
719377160942945,d9lKxpYOUPaqR8v1E4MrAz,101914818722206,hcyen,2025-06-27T19:00:00.002000+00:00,"Taiwan, Province of China",121.5003221,25.0452635,0.0
720271854293721,cIT1fmlvHZwh6DM7PYtCk9,101914818722206,hcyen,2025-06-27T19:00:00.661000+00:00,"Taiwan, Province of China",121.4338922,25.0315974,0.0
720661867335172,d9lKxpYOUPaqR8v1E4MrAz,101914818722206,hcyen,2025-06-27T19:00:00.361000+00:00,"Taiwan, Province of China",121.4620185,25.0382049,0.0
721073040502846,d9lKxpYOUPaqR8v1E4MrAz,101914818722206,hcyen,2025-06-27T19:00:00.143000+00:00,"Taiwan, Province of China",121.4798981,25.0495503,0.0
721769637508819,d9lKxpYOUPaqR8v1E4MrAz,101914818722206,hcyen,2025-06-27T19:00:00.298000+00:00,"Taiwan, Province of China",121.4711396,25.043433,0.0
722125393900604,d9lKxpYOUPaqR8v1E4MrAz,101914818722206,hcyen,2025-06-27T19:00:00.332000+00:00,"Taiwan, Province of China",121.4662076,25.0408584,0.0
722329510776233,d9lKxpYOUPaqR8v1E4MrAz,101914818722206,hcyen,2025-06-27T19:00:00.138000+00:00,"Taiwan, Province of China",121.4806001,25.0498862,0.0
722412044081369,d9lKxpYOUPaqR8v1E4MrAz,101914818722206,hcyen,2025-06-27T19:00:00.449000+00:00,"Taiwan, Province of China",121.4495882,25.0313377,0.0
722453423729478,d9lKxpYOUPaqR8v1E4MrAz,101914818722206,hcyen,2025-06-27T19:00:00.254000+00:00,"Taiwan, Province of China",121.4737686,25.0470488,0.0
722587834037813,d9lKxpYOUPaqR8v1E4MrAz,101914818722206,hcyen,2025-06-27T19:00:00.436000+00:00,"Taiwan, Province of China",121.4512412,25.0326724,0.0
722956800698439,cIT1fmlvHZwh6DM7PYtCk9,101914818722206,hcyen,2025-06-27T19:00:00.708000+00:00,"Taiwan, Province of China",121.4406109,25.0335541,0.0
723194727099841,d9lKxpYOUPaqR8v1E4MrAz,101914818722206,hcyen,2025-06-27T19:00:00.341000+00:00,"Taiwan, Province of China",121.4648854,25.0402079,0.0
723337640627695,cIT1fmlvHZwh6DM7PYtCk9,101914818722206,hcyen,2025-06-27T19:00:00.602000+00:00,"Taiwan, Province of China",121.4358041,25.0238495,0.0
723661413484035,d9lKxpYOUPaqR8v1E4MrAz,101914818722206,hcyen,2025-06-27T19:00:00.286000+00:00,"Taiwan, Province of China",121.4725646,25.0445276,0.0
723705897017152,d9lKxpYOUPaqR8v1E4MrAz,101914818722206,hcyen,2025-06-27T19:00:00.459000+00:00,"Taiwan, Province of China",121.4484632,25.0303272,0.0
724359730180872,cIT1fmlvHZwh6DM7PYtCk9,101914818722206,hcyen,2025-06-27T19:00:00.637000+00:00,"Taiwan, Province of China",121.434921,25.0280253,0.0
724443036654562,d9lKxpYOUPaqR8v1E4MrAz,101914818722206,hcyen,2025-06-27T19:00:00.032000+00:00,"Taiwan, Province of China",121.4958361,25.0473692,0.0
725555409884157,cIT1fmlvHZwh6DM7PYtCk9,101914818722206,hcyen,2025-06-27T19:00:00.710000+00:00,"Taiwan, Province of China",121.4409229,25.0336073,0.0
725594926860680,d9lKxpYOUPaqR8v1E4MrAz,101914818722206,hcyen,2025-06-27T19:00:00.398000+00:00,"Taiwan, Province of China",121.4568841,25.0352326,0.0
725825343576988,d9lKxpYOUPaqR8v1E4MrAz,101914818722206,hcyen,2025-06-27T19:00:00.100000+00:00,"Taiwan, Province of China",121.4859102,25.0524505,0.0
725948933700857,cIT1fmlvHZwh6DM7PYtCk9,101914818722206,hcyen,2025-06-27T19:00:00.512000+00:00,"Taiwan, Province of China",121.4432106,25.0315648,0.0
726173093336232,d9lKxpYOUPaqR8v1E4MrAz,101914818722206,hcyen,2025-06-27T19:00:00.017000+00:00,"Taiwan, Province of China",121.4981054,25.0461866,0.0
726278473432668,cIT1fmlvHZwh6DM7PYtCk9,101914818722206,hcyen,2025-06-27T19:00:00.716000+00:00,"Taiwan, Province of China",121.4406579,25.03285,0.0
726337019987105,d9lKxpYOUPaqR8v1E4MrAz,101914818722206,hcyen,2025-06-27T19:00:00.420000+00:00,"Taiwan, Province of China",121.4536783,25.0335778,0.0
726684530053194,d9lKxpYOUPaqR8v1E4MrAz,101914818722206,hcyen,2025-06-27T19:00:00.171000+00:00,"Taiwan, Province of China",121.4757323,25.0476456,0.0
726787000053404,cIT1fmlvHZwh6DM7PYtCk9,101914818722206,hcyen,2025-06-27T19:00:00.589000+00:00,"Taiwan, Province of China",121.4370334,25.0254603,0.0
726964173603719,cIT1fmlvHZwh6DM7PYtCk9,101914818722206,hcyen,2025-06-27T19:00:00.755000+00:00,"Taiwan, Province of China",121.4391705,25.0302025,0.0
727137796733596,cIT1fmlvHZwh6DM7PYtCk9,101914818722206,hcyen,2025-06-27T19:00:00.837000+00:00,"Taiwan, Province of China",121.4421747,25.0407291,0.0
727274026823466,d9lKxpYOUPaqR8v1E4MrAz,101914818722206,hcyen,2025-06-27T19:00:00.213000+00:00,"Taiwan, Province of China",121.4710062,25.0435344,0.0
727359073273441,d9lKxpYOUPaqR8v1E4MrAz,101914818722206,hcyen,2025-06-27T19:00:00.132000+00:00,"Taiwan, Province of China",121.4815106,25.0503266,0.0
727381483783891,cIT1fmlvHZwh6DM7PYtCk9,101914818722206,hcyen,2025-06-27T19:00:00.785000+00:00,"Taiwan, Province of China",121.4419702,25.0328593,0.0
727413339770820,d9lKxpYOUPaqR8v1E4MrAz,101914818722206,hcyen,2025-06-27T19:00:00.356000+00:00,"Taiwan, Province of China",121.4627348,25.0386561,0.0
727825723514000,d9lKxpYOUPaqR8v1E4MrAz,101914818722206,hcyen,2025-06-27T19:00:00.007000+00:00,"Taiwan, Province of China",121.4996284,25.0454181,0.0
727930166371879,d9lKxpYOUPaqR8v1E4MrAz,101914818722206,hcyen,2025-06-27T19:00:00.379000+00:00,"Taiwan, Province of China",121.4594498,25.0367981,0.0
728148613490767,cIT1fmlvHZwh6DM7PYtCk9,101914818722206,hcyen,2025-06-27T19:00:00.675000+00:00,"Taiwan, Province of China",121.4352331,25.0326378,0.0
728761086294351,cIT1fmlvHZwh6DM7PYtCk9,101914818722206,hcyen,2025-06-27T19:00:00.804000+00:00,"Taiwan, Province of China",121.4421236,25.0356971,0.0
728838469733548,d9lKxpYOUPaqR8v1E4MrAz,101914818722206,hcyen,2025-06-27T19:00:00.272000+00:00,"Taiwan, Province of China",121.4741704,25.0458768,0.0
728878302836300,cIT1fmlvHZwh6DM7PYtCk9,101914818722206,hcyen,2025-06-27T19:00:00.573000+00:00,"Taiwan, Province of China",121.4377079,25.0275587,0.0
728883586392251,d9lKxpYOUPaqR8v1E4MrAz,101914818722206,hcyen,2025-06-27T19:00:00.426000+00:00,"Taiwan, Province of China",121.4527378,25.0333379,0.0
728894146748610,cIT1fmlvHZwh6DM7PYtCk9,101914818722206,hcyen,2025-06-27T19:00:00.839000+00:00,"Taiwan, Province of China",121.4421926,25.0410164,0.0
729065256334993,d9lKxpYOUPaqR8v1E4MrAz,101914818722206,hcyen,2025-06-27T19:00:00.167000+00:00,"Taiwan, Province of China",121.4762527,25.0478137,0.0
729126666268222,cIT1fmlvHZwh6DM7PYtCk9,101914818722206,hcyen,2025-06-27T19:00:00.786000+00:00,"Taiwan, Province of China",121.4421838,25.0328995,0.0
729153293384045,cIT1fmlvHZwh6DM7PYtCk9,101914818722206,hcyen,2025-06-27T19:00:00.482000+00:00,"Taiwan, Province of China",121.4451578,25.0286672,0.0
729239629966227,d9lKxpYOUPaqR8v1E4MrAz,101914818722206,hcyen,2025-06-27T19:00:00.176000+00:00,"Taiwan, Province of China",121.4749188,25.047244,0.0
729362106337459,d9lKxpYOUPaqR8v1E4MrAz,101914818722206,hcyen,2025-06-27T19:00:00.047000+00:00,"Taiwan, Province of China",121.493779,25.0484565,0.0
729715712749449,cIT1fmlvHZwh6DM7PYtCk9,101914818722206,hcyen,2025-06-27T19:00:00.480000+00:00,"Taiwan, Province of China",121.4453955,25.02868,0.0
730071389426835,d9lKxpYOUPaqR8v1E4MrAz,101914818722206,hcyen,2025-06-27T19:00:00.318000+00:00,"Taiwan, Province of China",121.4681317,25.0419905,0.0
730104696079859,d9lKxpYOUPaqR8v1E4MrAz,101914818722206,hcyen,2025-06-27T19:00:00.279000+00:00,"Taiwan, Province of China",121.4732814,25.0452282,0.0
730218936569234,d9lKxpYOUPaqR8v1E4MrAz,101914818722206,hcyen,2025-06-27T19:00:00.456000+00:00,"Taiwan, Province of China",121.4487527,25.0305731,0.0
730232046260683,d9lKxpYOUPaqR8v1E4MrAz,101914818722206,hcyen,2025-06-27T19:00:00.330000+00:00,"Taiwan, Province of China",121.4664946,25.0409816,0.0
730478019518516,cIT1fmlvHZwh6DM7PYtCk9,101914818722206,hcyen,2025-06-27T19:00:00.919000+00:00,"Taiwan, Province of China",121.4424811,25.0555979,0.0
730512746232048,d9lKxpYOUPaqR8v1E4MrAz,101914818722206,hcyen,2025-06-27T19:00:00.144000+00:00,"Taiwan, Province of China",121.4797566,25.0494853,0.0
730731042799736,cIT1fmlvHZwh6DM7PYtCk9,101914818722206,hcyen,2025-06-27T19:00:00.502000+00:00,"Taiwan, Province of China",121.4432315,25.0300554,0.0
730843959643149,d9lKxpYOUPaqR8v1E4MrAz,101914818722206,hcyen,2025-06-27T19:00:00.006000+00:00,"Taiwan, Province of China",121.4997812,25.045379,0.0
730877436309309,d9lKxpYOUPaqR8v1E4MrAz,101914818722206,hcyen,2025-06-27T19:00:00.085000+00:00,"Taiwan, Province of China",121.4881713,25.051407,0.0
731100232802730,cIT1fmlvHZwh6DM7PYtCk9,101914818722206,hcyen,2025-06-27T19:00:00.486000+00:00,"Taiwan, Province of China",121.4443666,25.0286201,0.0
731320426054265,d9lKxpYOUPaqR8v1E4MrAz,101914818722206,hcyen,2025-06-27T19:00:00.284000+00:00,"Taiwan, Province of China",121.4728849,25.0447395,0.0
731423256303865,cIT1fmlvHZwh6DM7PYtCk9,101914818722206,hcyen,2025-06-27T19:00:00.709000+00:00,"Taiwan, Province of China",121.4407664,25.0335831,0.0
731943666450660,d9lKxpYOUPaqR8v1E4MrAz,101914818722206,hcyen,2025-06-27T19:00:00.174000+00:00,"Taiwan, Province of China",121.4751672,25.0474963,0.0
731964345995763,cIT1fmlvHZwh6DM7PYtCk9,101914818722206,hcyen,2025-06-27T19:00:00.656000+00:00,"Taiwan, Province of China",121.4342372,25.0308051,0.0
732207722656273,q0UQO5zWMgJyVfsZu7rRAj,101914818722206,hcyen,2025-06-27T19:00:00.979000+00:00,"Taiwan, Province of China",121.4411966,25.0490808,0.0
732495332566140,d9lKxpYOUPaqR8v1E4MrAz,101914818722206,hcyen,2025-06-27T19:00:00.155000+00:00,"Taiwan, Province of China",121.4780744,25.048679,0.0
733030152608794,cIT1fmlvHZwh6DM7PYtCk9,101914818722206,hcyen,2025-06-27T19:00:00.541000+00:00,"Taiwan, Province of China",121.4400858,25.031937,0.0
733104192759951,q0UQO5zWMgJyVfsZu7rRAj,101914818722206,hcyen,2025-06-27T19:00:00.973000+00:00,"Taiwan, Province of China",121.4421146,25.0492853,0.0
733614839142789,q0UQO5zWMgJyVfsZu7rRAj,101914818722206,hcyen,2025-06-27T19:00:00.968000+00:00,"Taiwan, Province of China",121.4421301,25.0499314,0.0
733736992469240,cIT1fmlvHZwh6DM7PYtCk9,101914818722206,hcyen,2025-06-27T19:00:00.877000+00:00,"Taiwan, Province of China",121.4422754,25.0491597,0.0
733933885698883,cIT1fmlvHZwh6DM7PYtCk9,101914818722206,hcyen,2025-06-27T19:00:00.533000+00:00,"Taiwan, Province of China",121.4409773,25.0326883,0.0
734228399562155,d9lKxpYOUPaqR8v1E4MrAz,101914818722206,hcyen,2025-06-27T19:00:00.318000+00:00,"Taiwan, Province of China",121.4682032,25.0420218,0.0
734319629539457,d9lKxpYOUPaqR8v1E4MrAz,101914818722206,hcyen,2025-06-27T19:00:00.122000+00:00,"Taiwan, Province of China",121.4830589,25.0510584,0.0
734418395829080,cIT1fmlvHZwh6DM7PYtCk9,101914818722206,hcyen,2025-06-27T19:00:00.569000+00:00,"Taiwan, Province of China",121.4377251,25.0281935,0.0
734436222280879,cIT1fmlvHZwh6DM7PYtCk9,101914818722206,hcyen,2025-06-27T19:00:00.554000+00:00,"Taiwan, Province of China",121.4388611,25.0303009,0.0
734564559469600,cIT1fmlvHZwh6DM7PYtCk9,101914818722206,hcyen,2025-06-27T19:00:00.905000+00:00,"Taiwan, Province of China",121.4423893,25.0534434,0.0
734664649499824,cIT1fmlvHZwh6DM7PYtCk9,101914818722206,hcyen,2025-06-27T19:00:00.474000+00:00,"Taiwan, Province of China",121.4463916,25.0289144,0.0
734689379262813,d9lKxpYOUPaqR8v1E4MrAz,101914818722206,hcyen,2025-06-27T19:00:00.395000+00:00,"Taiwan, Province of China",121.4572888,25.0354596,0.0
734885888997656,d9lKxpYOUPaqR8v1E4MrAz,101914818722206,hcyen,2025-06-27T19:00:00.453000+00:00,"Taiwan, Province of China",121.4491212,25.03095,0.0
734973512224356,d9lKxpYOUPaqR8v1E4MrAz,101914818722206,hcyen,2025-06-27T19:00:00.290000+00:00,"Taiwan, Province of China",121.471956,25.0441899,0.0
734998525673586,cIT1fmlvHZwh6DM7PYtCk9,101914818722206,hcyen,2025-06-27T19:00:00.891000+00:00,"Taiwan, Province of China",121.4422766,25.0513138,0.0
735196022389771,cIT1fmlvHZwh6DM7PYtCk9,101914818722206,hcyen,2025-06-27T19:00:00.640000+00:00,"Taiwan, Province of China",121.4349055,25.0285286,0.0
735209235553455,d9lKxpYOUPaqR8v1E4MrAz,101914818722206,hcyen,2025-06-27T19:00:00.250000+00:00,"Taiwan, Province of China",121.4730973,25.0468327,0.0
735317775649321,cIT1fmlvHZwh6DM7PYtCk9,101914818722206,hcyen,2025-06-27T19:00:00.725000+00:00,"Taiwan, Province of China",121.4399673,25.0317167,0.0
735450225635522,cIT1fmlvHZwh6DM7PYtCk9,101914818722206,hcyen,2025-06-27T19:00:00.896000+00:00,"Taiwan, Province of China",121.4422917,25.0520208,0.0
735498628885787,d9lKxpYOUPaqR8v1E4MrAz,101914818722206,hcyen,2025-06-27T19:00:00.234000+00:00,"Taiwan, Province of China",121.470525,25.0459525,0.0
735637635512922,d9lKxpYOUPaqR8v1E4MrAz,101914818722206,hcyen,2025-06-27T19:00:00.392000+00:00,"Taiwan, Province of China",121.457674,25.0357135,0.0
735660685712349,cIT1fmlvHZwh6DM7PYtCk9,101914818722206,hcyen,2025-06-27T19:00:00.848000+00:00,"Taiwan, Province of China",121.4421947,25.0423108,0.0
735716305585461,cIT1fmlvHZwh6DM7PYtCk9,101914818722206,hcyen,2025-06-27T19:00:00.893000+00:00,"Taiwan, Province of China",121.4422859,25.0515289,0.0
735909705627200,cIT1fmlvHZwh6DM7PYtCk9,101914818722206,hcyen,2025-06-27T19:00:00.472000+00:00,"Taiwan, Province of China",121.4466752,25.0290438,0.0
735950822289403,cIT1fmlvHZwh6DM7PYtCk9,101914818722206,hcyen,2025-06-27T19:00:00.539000+00:00,"Taiwan, Province of China",121.4402835,25.0322489,0.0
735978455782156,q0UQO5zWMgJyVfsZu7rRAj,101914818722206,hcyen,2025-06-27T19:00:00.994000+00:00,"Taiwan, Province of China",121.439603,25.0508584,0.0
736163022323338,d9lKxpYOUPaqR8v1E4MrAz,101914818722206,hcyen,2025-06-27T19:00:00.105000+00:00,"Taiwan, Province of China",121.4851589,25.0526209,0.0
736174795449538,q0UQO5zWMgJyVfsZu7rRAj,101914818722206,hcyen,2025-06-27T19:00:00.967000+00:00,"Taiwan, Province of China",121.4421319,25.0500753,0.0
736269132893644,d9lKxpYOUPaqR8v1E4MrAz,101914818722206,hcyen,2025-06-27T19:00:00.140000+00:00,"Taiwan, Province of China",121.4803205,25.0497497,0.0
736400708859462,q0UQO5zWMgJyVfsZu7rRAj,101914818722206,hcyen,2025-06-27T19:00:00.983000+00:00,"Taiwan, Province of China",121.4406107,25.0492074,0.0
736634042064941,d9lKxpYOUPaqR8v1E4MrAz,101914818722206,hcyen,2025-06-27T19:00:00.319000+00:00,"Taiwan, Province of China",121.4679213,25.0418894,0.0
736713158909839,cIT1fmlvHZwh6DM7PYtCk9,101914818722206,hcyen,2025-06-27T19:00:00.870000+00:00,"Taiwan, Province of China",121.4422619,25.0480809,0.0
736716715667134,cIT1fmlvHZwh6DM7PYtCk9,101914818722206,hcyen,2025-06-27T19:00:00.737000+00:00,"Taiwan, Province of China",121.4388313,25.0299635,0.0
736718539039093,cIT1fmlvHZwh6DM7PYtCk9,101914818722206,hcyen,2025-06-27T19:00:00.879000+00:00,"Taiwan, Province of China",121.442281,25.049519,0.0
736818795412996,d9lKxpYOUPaqR8v1E4MrAz,101914818722206,hcyen,2025-06-27T19:00:00.279000+00:00,"Taiwan, Province of China",121.4733601,25.0452374,0.0
737061632336190,cIT1fmlvHZwh6DM7PYtCk9,101914818722206,hcyen,2025-06-27T19:00:00.753000+00:00,"Taiwan, Province of China",121.4395511,25.0302551,0.0
737072495438138,d9lKxpYOUPaqR8v1E4MrAz,101914818722206,hcyen,2025-06-27T19:00:00.324000+00:00,"Taiwan, Province of China",121.4672689,25.0414827,0.0
737316615363820,d9lKxpYOUPaqR8v1E4MrAz,101914818722206,hcyen,2025-06-27T19:00:00.216000+00:00,"Taiwan, Province of China",121.4707863,25.0439147,0.0
737632785400535,cIT1fmlvHZwh6DM7PYtCk9,101914818722206,hcyen,2025-06-27T19:00:00.479000+00:00,"Taiwan, Province of China",121.4456307,25.028713,0.0
737805565434180,q0UQO5zWMgJyVfsZu7rRAj,101914818722206,hcyen,2025-06-27T19:00:00.975000+00:00,"Taiwan, Province of China",121.4419901,25.0490735,0.0
737835198717506,cIT1fmlvHZwh6DM7PYtCk9,101914818722206,hcyen,2025-06-27T19:00:00.474000+00:00,"Taiwan, Province of China",121.4464625,25.0289466,0.0
738208828687542,cIT1fmlvHZwh6DM7PYtCk9,101914818722206,hcyen,2025-06-27T19:00:00.536000+00:00,"Taiwan, Province of China",121.4404851,25.0325587,0.0
738230915358775,d9lKxpYOUPaqR8v1E4MrAz,101914818722206,hcyen,2025-06-27T19:00:00.441000+00:00,"Taiwan, Province of China",121.4506035,25.0322478,0.0
738246382117811,d9lKxpYOUPaqR8v1E4MrAz,101914818722206,hcyen,2025-06-27T19:00:00.378000+00:00,"Taiwan, Province of China",121.4595875,25.0368695,0.0
738276568747448,cIT1fmlvHZwh6DM7PYtCk9,101914818722206,hcyen,2025-06-27T19:00:00.793000+00:00,"Taiwan, Province of China",121.442365,25.0339239,0.0
738346215443317,cIT1fmlvHZwh6DM7PYtCk9,101914818722206,hcyen,2025-06-27T19:00:00.879000+00:00,"Taiwan, Province of China",121.4422838,25.0494472,0.0
738384098843319,d9lKxpYOUPaqR8v1E4MrAz,101914818722206,hcyen,2025-06-27T19:00:00.398000+00:00,"Taiwan, Province of China",121.4568193,25.035191,0.0
738576071887760,d9lKxpYOUPaqR8v1E4MrAz,101914818722206,hcyen,2025-06-27T19:00:00.239000+00:00,"Taiwan, Province of China",121.4713941,25.0462465,0.0
738631161976605,cIT1fmlvHZwh6DM7PYtCk9,101914818722206,hcyen,2025-06-27T19:00:00.901000+00:00,"Taiwan, Province of China",121.4422992,25.0527357,0.0
738949988595765,d9lKxpYOUPaqR8v1E4MrAz,101914818722206,hcyen,2025-06-27T19:00:00.432000+00:00,"Taiwan, Province of China",121.4518091,25.0329298,0.0
739132381976579,d9lKxpYOUPaqR8v1E4MrAz,101914818722206,hcyen,2025-06-27T19:00:00.150000+00:00,"Taiwan, Province of China",121.4788511,25.04904,0.0
739491079031733,cIT1fmlvHZwh6DM7PYtCk9,101914818722206,hcyen,2025-06-27T19:00:00.925000+00:00,"Taiwan, Province of China",121.4423296,25.056433,0.0
739577348619330,cIT1fmlvHZwh6DM7PYtCk9,101914818722206,hcyen,2025-06-27T19:00:00.717000+00:00,"Taiwan, Province of China",121.4405771,25.0327261,0.0
739788065659138,cIT1fmlvHZwh6DM7PYtCk9,101914818722206,hcyen,2025-06-27T19:00:00.793000+00:00,"Taiwan, Province of China",121.4423604,25.0339958,0.0
739981295167081,d9lKxpYOUPaqR8v1E4MrAz,101914818722206,hcyen,2025-06-27T19:00:00.367000+00:00,"Taiwan, Province of China",121.4613283,25.0377219,0.0
740032715141051,cIT1fmlvHZwh6DM7PYtCk9,101914818722206,hcyen,2025-06-27T19:00:00.891000+00:00,"Taiwan, Province of China",121.4422717,25.0512421,0.0
740235725125707,q0UQO5zWMgJyVfsZu7rRAj,101914818722206,hcyen,2025-06-27T19:00:00.998000+00:00,"Taiwan, Province of China",121.4392785,25.0513451,0.0
740291105348860,cIT1fmlvHZwh6DM7PYtCk9,101914818722206,hcyen,2025-06-27T19:00:00.763000+00:00,"Taiwan, Province of China",121.4394319,25.031049,0.0
740355408397063,cIT1fmlvHZwh6DM7PYtCk9,101914818722206,hcyen,2025-06-27T19:00:00.923000+00:00,"Taiwan, Province of China",121.4424812,25.0561711,0.0
740719035092271,cIT1fmlvHZwh6DM7PYtCk9,101914818722206,hcyen,2025-06-27T19:00:00.798000+00:00,"Taiwan, Province of China",121.4422844,25.0347778,0.0
740865228593973,q0UQO5zWMgJyVfsZu7rRAj,101914818722206,hcyen,2025-06-27T19:00:00.983000+00:00,"Taiwan, Province of China",121.440687,25.0490812,0.0
740981781889675,cIT1fmlvHZwh6DM7PYtCk9,101914818722206,hcyen,2025-06-27T19:00:00.621000+00:00,"Taiwan, Province of China",121.4349972,25.0255809,0.0
741125031645771,q0UQO5zWMgJyVfsZu7rRAj,101914818722206,hcyen,2025-06-27T19:00:00.970000+00:00,"Taiwan, Province of China",121.4421271,25.0497156,0.0
741222831645659,d9lKxpYOUPaqR8v1E4MrAz,101914818722206,hcyen,2025-06-27T19:00:00.342000+00:00,"Taiwan, Province of China",121.4646981,25.0400746,0.0
741273468431288,d9lKxpYOUPaqR8v1E4MrAz,101914818722206,hcyen,2025-06-27T19:00:00.002000+00:00,"Taiwan, Province of China",121.5003984,25.0452436,0.0
741365218411896,cIT1fmlvHZwh6DM7PYtCk9,101914818722206,hcyen,2025-06-27T19:00:00.788000+00:00,"Taiwan, Province of China",121.4423226,25.0332793,0.0
741978035008996,d9lKxpYOUPaqR8v1E4MrAz,101914818722206,hcyen,2025-06-27T19:00:00.424000+00:00,"Taiwan, Province of China",121.4530286,25.0334535,0.0
742040715067709,d9lKxpYOUPaqR8v1E4MrAz,101914818722206,hcyen,2025-06-27T19:00:00.041000+00:00,"Taiwan, Province of China",121.4946088,25.0480328,0.0
742197101649804,cIT1fmlvHZwh6DM7PYtCk9,101914818722206,hcyen,2025-06-27T19:00:00.760000+00:00,"Taiwan, Province of China",121.4390385,25.0308077,0.0
742918001461924,cIT1fmlvHZwh6DM7PYtCk9,101914818722206,hcyen,2025-06-27T19:00:00.720000+00:00,"Taiwan, Province of China",121.4403822,25.0324128,0.0
742978211555747,d9lKxpYOUPaqR8v1E4MrAz,101914818722206,hcyen,2025-06-27T19:00:00.214000+00:00,"Taiwan, Province of China",121.4709448,25.0436669,0.0
743146014832656,d9lKxpYOUPaqR8v1E4MrAz,101914818722206,hcyen,2025-06-27T19:00:00.211000+00:00,"Taiwan, Province of China",121.471301,25.0436447,0.0
743175794914603,d9lKxpYOUPaqR8v1E4MrAz,101914818722206,hcyen,2025-06-27T19:00:00.166000+00:00,"Taiwan, Province of China",121.4763797,25.0479,0.0
743177124974101,d9lKxpYOUPaqR8v1E4MrAz,101914818722206,hcyen,2025-06-27T19:00:00.143000+00:00,"Taiwan, Province of China",121.4798287,25.0495153,0.0
743418231971848,cIT1fmlvHZwh6DM7PYtCk9,101914818722206,hcyen,2025-06-27T19:00:00.823000+00:00,"Taiwan, Province of China",121.4421768,25.0385715,0.0
743644321497397,cIT1fmlvHZwh6DM7PYtCk9,101914818722206,hcyen,2025-06-27T19:00:00.838000+00:00,"Taiwan, Province of China",121.4421803,25.0408009,0.0
743657984793360,cIT1fmlvHZwh6DM7PYtCk9,101914818722206,hcyen,2025-06-27T19:00:00.710000+00:00,"Taiwan, Province of China",121.4410019,25.0336144,0.0
743847061663054,cIT1fmlvHZwh6DM7PYtCk9,101914818722206,hcyen,2025-06-27T19:00:00.538000+00:00,"Taiwan, Province of China",121.4403627,25.0323736,0.0
744609858019368,d9lKxpYOUPaqR8v1E4MrAz,101914818722206,hcyen,2025-06-27T19:00:00.375000+00:00,"Taiwan, Province of China",121.4600646,25.0371273,0.0
744973464580641,d9lKxpYOUPaqR8v1E4MrAz,101914818722206,hcyen,2025-06-27T19:00:00.068000+00:00,"Taiwan, Province of China",121.4906105,25.0500801,0.0
745047941202413,d9lKxpYOUPaqR8v1E4MrAz,101914818722206,hcyen,2025-06-27T19:00:00.170000+00:00,"Taiwan, Province of China",121.4758108,25.0476564,0.0
745209921561472,cIT1fmlvHZwh6DM7PYtCk9,101914818722206,hcyen,2025-06-27T19:00:00.524000+00:00,"Taiwan, Province of China",121.4424819,25.0327317,0.0
745284494825385,d9lKxpYOUPaqR8v1E4MrAz,101914818722206,hcyen,2025-06-27T19:00:00.137000+00:00,"Taiwan, Province of China",121.4808099,25.0499883,0.0
745414918646619,cIT1fmlvHZwh6DM7PYtCk9,101914818722206,hcyen,2025-06-27T19:00:00.676000+00:00,"Taiwan, Province of China",121.4353865,25.0326751,0.0
745821897865841,d9lKxpYOUPaqR8v1E4MrAz,101914818722206,hcyen,2025-06-27T19:00:00.139000+00:00,"Taiwan, Province of China",121.4804586,25.0498209,0.0
745890898023171,d9lKxpYOUPaqR8v1E4MrAz,101914818722206,hcyen,2025-06-27T19:00:00.272000+00:00,"Taiwan, Province of China",121.4741384,25.0458109,0.0
746080037791891,d9lKxpYOUPaqR8v1E4MrAz,101914818722206,hcyen,2025-06-27T19:00:00.397000+00:00,"Taiwan, Province of China",121.4570175,25.0353105,0.0
746616214526451,cIT1fmlvHZwh6DM7PYtCk9,101914818722206,hcyen,2025-06-27T19:00:00.916000+00:00,"Taiwan, Province of China",121.4424518,25.0550959,0.0
746661431278279,cIT1fmlvHZwh6DM7PYtCk9,101914818722206,hcyen,2025-06-27T19:00:00.524000+00:00,"Taiwan, Province of China",121.4424029,25.0327242,0.0
746674901376156,cIT1fmlvHZwh6DM7PYtCk9,101914818722206,hcyen,2025-06-27T19:00:00.889000+00:00,"Taiwan, Province of China",121.4422803,25.0509553,0.0
746826321033898,cIT1fmlvHZwh6DM7PYtCk9,101914818722206,hcyen,2025-06-27T19:00:00.577000+00:00,"Taiwan, Province of China",121.4375383,25.0270185,0.0
747045747781850,d9lKxpYOUPaqR8v1E4MrAz,101914818722206,hcyen,2025-06-27T19:00:00.076000+00:00,"Taiwan, Province of China",121.4894444,25.0506882,0.0
747071557891526,cIT1fmlvHZwh6DM7PYtCk9,101914818722206,hcyen,2025-06-27T19:00:00.917000+00:00,"Taiwan, Province of China",121.4424492,25.0551678,0.0
747358145118228,d9lKxpYOUPaqR8v1E4MrAz,101914818722206,hcyen,2025-06-27T19:00:00.147000+00:00,"Taiwan, Province of China",121.479267,25.0492502,0.0
747689944485614,d9lKxpYOUPaqR8v1E4MrAz,101914818722206,hcyen,2025-06-27T19:00:00.404000+00:00,"Taiwan, Province of China",121.4559174,25.0347948,0.0
747822134373061,cIT1fmlvHZwh6DM7PYtCk9,101914818722206,hcyen,2025-06-27T19:00:00.529000+00:00,"Taiwan, Province of China",121.4416893,25.0327371,0.0
747980104458328,cIT1fmlvHZwh6DM7PYtCk9,101914818722206,hcyen,2025-06-27T19:00:00.828000+00:00,"Taiwan, Province of China",121.4421689,25.0392909,0.0
748644564354732,d9lKxpYOUPaqR8v1E4MrAz,101914818722206,hcyen,2025-06-27T19:00:00.004000+00:00,"Taiwan, Province of China",121.5000122,25.0453265,0.0
748680314384523,cIT1fmlvHZwh6DM7PYtCk9,101914818722206,hcyen,2025-06-27T19:00:00.716000+00:00,"Taiwan, Province of China",121.4407003,25.0329108,0.0
748798401054695,d9lKxpYOUPaqR8v1E4MrAz,101914818722206,hcyen,2025-06-27T19:00:00.296000+00:00,"Taiwan, Province of China",121.4713061,25.0436758,0.0
748817931007298,cIT1fmlvHZwh6DM7PYtCk9,101914818722206,hcyen,2025-06-27T19:00:00.811000+00:00,"Taiwan, Province of China",121.4420961,25.0367745,0.0
748994437708516,d9lKxpYOUPaqR8v1E4MrAz,101914818722206,hcyen,2025-06-27T19:00:00.196000+00:00,"Taiwan, Province of China",121.4730238,25.0449449,0.0
749310387679178,cIT1fmlvHZwh6DM7PYtCk9,101914818722206,hcyen,2025-06-27T19:00:00.512000+00:00,"Taiwan, Province of China",121.4432047,25.0316365,0.0
749623020928546,q0UQO5zWMgJyVfsZu7rRAj,101914818722206,hcyen,2025-06-27T19:00:00.967000+00:00,"Taiwan, Province of China",121.4421327,25.0501472,0.0
749983554382523,cIT1fmlvHZwh6DM7PYtCk9,101914818722206,hcyen,2025-06-27T19:00:00.664000+00:00,"Taiwan, Province of China",121.4336986,25.0321432,0.0
750574037402265,cIT1fmlvHZwh6DM7PYtCk9,101914818722206,hcyen,2025-06-27T19:00:00.844000+00:00,"Taiwan, Province of China",121.4421865,25.0418073,0.0
750620060861829,d9lKxpYOUPaqR8v1E4MrAz,101914818722206,hcyen,2025-06-27T19:00:00.046000+00:00,"Taiwan, Province of China",121.4938498,25.0484239,0.0
750711270622937,d9lKxpYOUPaqR8v1E4MrAz,101914818722206,hcyen,2025-06-27T19:00:00.030000+00:00,"Taiwan, Province of China",121.4961806,25.0471913,0.0
750748890946448,cIT1fmlvHZwh6DM7PYtCk9,101914818722206,hcyen,2025-06-27T19:00:00.492000+00:00,"Taiwan, Province of China",121.4433415,25.0286389,0.0
750956327453675,cIT1fmlvHZwh6DM7PYtCk9,101914818722206,hcyen,2025-06-27T19:00:00.695000+00:00,"Taiwan, Province of China",121.4385057,25.0331937,0.0
750965957378752,d9lKxpYOUPaqR8v1E4MrAz,101914818722206,hcyen,2025-06-27T19:00:00.411000+00:00,"Taiwan, Province of China",121.4549467,25.0341704,0.0
751211007364654,cIT1fmlvHZwh6DM7PYtCk9,101914818722206,hcyen,2025-06-27T19:00:00.646000+00:00,"Taiwan, Province of China",121.4348134,25.0293135,0.0
751355447332449,d9lKxpYOUPaqR8v1E4MrAz,101914818722206,hcyen,2025-06-27T19:00:00.051000+00:00,"Taiwan, Province of China",121.4931037,25.0488339,0.0
751868070662643,cIT1fmlvHZwh6DM7PYtCk9,101914818722206,hcyen,2025-06-27T19:00:00.631000+00:00,"Taiwan, Province of China",121.4349615,25.027019,0.0
751974727507415,d9lKxpYOUPaqR8v1E4MrAz,101914818722206,hcyen,2025-06-27T19:00:00.095000+00:00,"Taiwan, Province of China",121.4867817,25.0521022,0.0
752376100567199,d9lKxpYOUPaqR8v1E4MrAz,101914818722206,hcyen,2025-06-27T19:00:00.321000+00:00,"Taiwan, Province of China",121.4677131,25.0417851,0.0
752856953914078,d9lKxpYOUPaqR8v1E4MrAz,101914818722206,hcyen,2025-06-27T19:00:00.131000+00:00,"Taiwan, Province of China",121.4816525,25.0503911,0.0
753167963820050,d9lKxpYOUPaqR8v1E4MrAz,101914818722206,hcyen,2025-06-27T19:00:00.349000+00:00,"Taiwan, Province of China",121.4638311,25.0394444,0.0
753220277229702,d9lKxpYOUPaqR8v1E4MrAz,101914818722206,hcyen,2025-06-27T19:00:00.192000+00:00,"Taiwan, Province of China",121.4735649,25.0452402,0.0
753682460564502,cIT1fmlvHZwh6DM7PYtCk9,101914818722206,hcyen,2025-06-27T19:00:00.721000+00:00,"Taiwan, Province of China",121.4402322,25.0321592,0.0
753951683637172,q0UQO5zWMgJyVfsZu7rRAj,101914818722206,hcyen,2025-06-27T19:00:00.980000+00:00,"Taiwan, Province of China",121.4411178,25.049072,0.0
754005510402576,cIT1fmlvHZwh6DM7PYtCk9,101914818722206,hcyen,2025-06-27T19:00:00.477000+00:00,"Taiwan, Province of China",121.4459394,25.0287807,0.0
754066513743902,d9lKxpYOUPaqR8v1E4MrAz,101914818722206,hcyen,2025-06-27T19:00:00.374000+00:00,"Taiwan, Province of China",121.4602696,25.0372372,0.0
754345130373704,cIT1fmlvHZwh6DM7PYtCk9,101914818722206,hcyen,2025-06-27T19:00:00.665000+00:00,"Taiwan, Province of China",121.4336537,25.0322799,0.0
754394083920691,cIT1fmlvHZwh6DM7PYtCk9,101914818722206,hcyen,2025-06-27T19:00:00.783000+00:00,"Taiwan, Province of China",121.4417399,25.0328994,0.0
754712207225964,cIT1fmlvHZwh6DM7PYtCk9,101914818722206,hcyen,2025-06-27T19:00:00.589000+00:00,"Taiwan, Province of China",121.4369601,25.0254326,0.0
754745967127464,d9lKxpYOUPaqR8v1E4MrAz,101914818722206,hcyen,2025-06-27T19:00:00.018000+00:00,"Taiwan, Province of China",121.4979049,25.0463027,0.0
754873640396282,cIT1fmlvHZwh6DM7PYtCk9,101914818722206,hcyen,2025-06-27T19:00:00.918000+00:00,"Taiwan, Province of China",121.4424654,25.055455,0.0
754882283706667,d9lKxpYOUPaqR8v1E4MrAz,101914818722206,hcyen,2025-06-27T19:00:00.162000+00:00,"Taiwan, Province of China",121.4770266,25.048169,0.0
755086826949762,d9lKxpYOUPaqR8v1E4MrAz,101914818722206,hcyen,2025-06-27T19:00:00.096000+00:00,"Taiwan, Province of China",121.4866381,25.0521637,0.0
755447620341573,cIT1fmlvHZwh6DM7PYtCk9,101914818722206,hcyen,2025-06-27T19:00:00.579000+00:00,"Taiwan, Province of China",121.4374251,25.0268286,0.0
755509300171300,cIT1fmlvHZwh6DM7PYtCk9,101914818722206,hcyen,2025-06-27T19:00:00.517000+00:00,"Taiwan, Province of China",121.4432202,25.0323556,0.0
755599010490531,d9lKxpYOUPaqR8v1E4MrAz,101914818722206,hcyen,2025-06-27T19:00:00.183000+00:00,"Taiwan, Province of China",121.4744904,25.0463205,0.0
447310948476997,CPVvHeOhXqZrlW8azw0nA4,101914818722206,hcyen,2025-06-27T20:00:00.165000+00:00,"Taiwan, Province of China",121.4443695,25.0578652,0.0
501118329725189,VqZKl8IbB4vTMWE1Yn2cGS,101914818722206,hcyen,2025-06-27T20:00:00.644000+00:00,"Taiwan, Province of China",121.497227,25.0645801,0.0
506948945795914,VqZKl8IbB4vTMWE1Yn2cGS,101914818722206,hcyen,2025-06-27T20:00:00.591000+00:00,"Taiwan, Province of China",121.4989116,25.0574972,0.0
513605341780222,CPVvHeOhXqZrlW8azw0nA4,101914818722206,hcyen,2025-06-27T20:00:00.080000+00:00,"Taiwan, Province of China",121.440727,25.0489595,0.0
513674601772279,CPVvHeOhXqZrlW8azw0nA4,101914818722206,hcyen,2025-06-27T20:00:00.492000+00:00,"Taiwan, Province of China",121.4935234,25.0630633,0.0
516529588213697,VqZKl8IbB4vTMWE1Yn2cGS,101914818722206,hcyen,2025-06-27T20:00:00.878000+00:00,"Taiwan, Province of China",121.4899417,25.085447,0.0
527206433811713,VqZKl8IbB4vTMWE1Yn2cGS,101914818722206,hcyen,2025-06-27T20:00:00.720000+00:00,"Taiwan, Province of China",121.4911143,25.071976,0.0
528284113606899,CPVvHeOhXqZrlW8azw0nA4,101914818722206,hcyen,2025-06-27T20:00:00.268000+00:00,"Taiwan, Province of China",121.458859,25.0603704,0.0
542291078852504,VqZKl8IbB4vTMWE1Yn2cGS,101914818722206,hcyen,2025-06-27T20:00:00.762000+00:00,"Taiwan, Province of China",121.4869889,25.0738056,0.0
542800778799208,VqZKl8IbB4vTMWE1Yn2cGS,101914818722206,hcyen,2025-06-27T20:00:00.747000+00:00,"Taiwan, Province of China",121.4871801,25.0717554,0.0
556189554091591,CPVvHeOhXqZrlW8azw0nA4,101914818722206,hcyen,2025-06-27T20:00:00.073000+00:00,"Taiwan, Province of China",121.4412676,25.0480804,0.0
567249069800552,CPVvHeOhXqZrlW8azw0nA4,101914818722206,hcyen,2025-06-27T20:00:00.529000+00:00,"Taiwan, Province of China",121.4974598,25.0632681,0.0
567257463129668,CPVvHeOhXqZrlW8azw0nA4,101914818722206,hcyen,2025-06-27T20:00:00.254000+00:00,"Taiwan, Province of China",121.4568049,25.0603773,0.0
568425856337119,CPVvHeOhXqZrlW8azw0nA4,101914818722206,hcyen,2025-06-27T20:00:00.461000+00:00,"Taiwan, Province of China",121.4919617,25.0613048,0.0
570815009220665,CPVvHeOhXqZrlW8azw0nA4,101914818722206,hcyen,2025-06-27T20:00:00.306000+00:00,"Taiwan, Province of China",121.4644162,25.0610508,0.0
571673562474031,VqZKl8IbB4vTMWE1Yn2cGS,101914818722206,hcyen,2025-06-27T20:00:00.765000+00:00,"Taiwan, Province of China",121.4870662,25.0741578,0.0
572318049291040,VqZKl8IbB4vTMWE1Yn2cGS,101914818722206,hcyen,2025-06-27T20:00:00.603000+00:00,"Taiwan, Province of China",121.4985608,25.0592106,0.0
572572909045009,VqZKl8IbB4vTMWE1Yn2cGS,101914818722206,hcyen,2025-06-27T20:00:00.898000+00:00,"Taiwan, Province of China",121.487836,25.0872888,0.0
573126522536229,CPVvHeOhXqZrlW8azw0nA4,101914818722206,hcyen,2025-06-27T20:00:00.509000+00:00,"Taiwan, Province of China",121.4954983,25.0642611,0.0
574319532199730,VqZKl8IbB4vTMWE1Yn2cGS,101914818722206,hcyen,2025-06-27T20:00:00.737000+00:00,"Taiwan, Province of China",121.4885227,25.0720396,0.0
574478285511136,VqZKl8IbB4vTMWE1Yn2cGS,101914818722206,hcyen,2025-06-27T20:00:00.562000+00:00,"Taiwan, Province of China",121.4985442,25.0589582,0.0
574825525683902,VqZKl8IbB4vTMWE1Yn2cGS,101914818722206,hcyen,2025-06-27T20:00:00.616000+00:00,"Taiwan, Province of China",121.4981451,25.0608937,0.0
575584262076477,CPVvHeOhXqZrlW8azw0nA4,101914818722206,hcyen,2025-06-27T20:00:00.220000+00:00,"Taiwan, Province of China",121.4517289,25.0604238,0.0
576268361975620,VqZKl8IbB4vTMWE1Yn2cGS,101914818722206,hcyen,2025-06-27T20:00:00.681000+00:00,"Taiwan, Province of China",121.4957569,25.0693426,0.0
579091781938845,VqZKl8IbB4vTMWE1Yn2cGS,101914818722206,hcyen,2025-06-27T20:00:00.624000+00:00,"Taiwan, Province of China",121.4979128,25.0618739,0.0
579605821610868,VqZKl8IbB4vTMWE1Yn2cGS,101914818722206,hcyen,2025-06-27T20:00:00.869000+00:00,"Taiwan, Province of China",121.4908361,25.0845348,0.0
579888848249742,VqZKl8IbB4vTMWE1Yn2cGS,101914818722206,hcyen,2025-06-27T20:00:00.926000+00:00,"Taiwan, Province of China",121.4849892,25.0900595,0.0
580079074889983,VqZKl8IbB4vTMWE1Yn2cGS,101914818722206,hcyen,2025-06-27T20:00:00.907000+00:00,"Taiwan, Province of China",121.4869359,25.0881935,0.0
580303958487061,VqZKl8IbB4vTMWE1Yn2cGS,101914818722206,hcyen,2025-06-27T20:00:00.940000+00:00,"Taiwan, Province of China",121.4846427,25.0914073,0.0
580542168458603,CPVvHeOhXqZrlW8azw0nA4,101914818722206,hcyen,2025-06-27T20:00:00.398000+00:00,"Taiwan, Province of China",121.4835785,25.0613574,0.0
582685534914022,VqZKl8IbB4vTMWE1Yn2cGS,101914818722206,hcyen,2025-06-27T20:00:00.912000+00:00,"Taiwan, Province of China",121.4864902,25.088763,0.0
583834824484594,VqZKl8IbB4vTMWE1Yn2cGS,101914818722206,hcyen,2025-06-27T20:00:00.600000+00:00,"Taiwan, Province of China",121.4986593,25.0587884,0.0
584252621418923,VqZKl8IbB4vTMWE1Yn2cGS,101914818722206,hcyen,2025-06-27T20:00:00.544000+00:00,"Taiwan, Province of China",121.4979193,25.0614069,0.0
584599134692647,VqZKl8IbB4vTMWE1Yn2cGS,101914818722206,hcyen,2025-06-27T20:00:00.810000+00:00,"Taiwan, Province of China",121.4908233,25.0791743,0.0
584955074370963,VqZKl8IbB4vTMWE1Yn2cGS,101914818722206,hcyen,2025-06-27T20:00:00.562000+00:00,"Taiwan, Province of China",121.4985262,25.0590285,0.0
586129894235709,VqZKl8IbB4vTMWE1Yn2cGS,101914818722206,hcyen,2025-06-27T20:00:00.585000+00:00,"Taiwan, Province of China",121.4993884,25.0571304,0.0
586381811187630,CPVvHeOhXqZrlW8azw0nA4,101914818722206,hcyen,2025-06-27T20:00:00.499000+00:00,"Taiwan, Province of China",121.4943289,25.0636139,0.0
586403220865488,VqZKl8IbB4vTMWE1Yn2cGS,101914818722206,hcyen,2025-06-27T20:00:00.555000+00:00,"Taiwan, Province of China",121.4983115,25.0598691,0.0
588586567287406,VqZKl8IbB4vTMWE1Yn2cGS,101914818722206,hcyen,2025-06-27T20:00:00.674000+00:00,"Taiwan, Province of China",121.4961079,25.0683885,0.0
588722787274091,VqZKl8IbB4vTMWE1Yn2cGS,101914818722206,hcyen,2025-06-27T20:00:00.822000+00:00,"Taiwan, Province of China",121.4920317,25.080305,0.0
588763623947169,VqZKl8IbB4vTMWE1Yn2cGS,101914818722206,hcyen,2025-06-27T20:00:00.933000+00:00,"Taiwan, Province of China",121.4844124,25.0908333,0.0
588936254264958,CPVvHeOhXqZrlW8azw0nA4,101914818722206,hcyen,2025-06-27T20:00:00.509000+00:00,"Taiwan, Province of China",121.4955654,25.0642988,0.0
590134320454696,CPVvHeOhXqZrlW8azw0nA4,101914818722206,hcyen,2025-06-27T20:00:00.457000+00:00,"Taiwan, Province of China",121.4913273,25.0613335,0.0
590474460420647,VqZKl8IbB4vTMWE1Yn2cGS,101914818722206,hcyen,2025-06-27T20:00:00.973000+00:00,"Taiwan, Province of China",121.4891575,25.0919151,0.0
591329424012745,VqZKl8IbB4vTMWE1Yn2cGS,101914818722206,hcyen,2025-06-27T20:00:00.861000+00:00,"Taiwan, Province of China",121.4916109,25.0836717,0.0
591336520317842,VqZKl8IbB4vTMWE1Yn2cGS,101914818722206,hcyen,2025-06-27T20:00:00.595000+00:00,"Taiwan, Province of China",121.4988072,25.0580601,0.0
591380796988245,CPVvHeOhXqZrlW8azw0nA4,101914818722206,hcyen,2025-06-27T20:00:00.435000+00:00,"Taiwan, Province of China",121.4889325,25.0614243,0.0
591568093640823,CPVvHeOhXqZrlW8azw0nA4,101914818722206,hcyen,2025-06-27T20:00:00.108000+00:00,"Taiwan, Province of China",121.4387829,25.0522758,0.0
592959460549278,CPVvHeOhXqZrlW8azw0nA4,101914818722206,hcyen,2025-06-27T20:00:00.285000+00:00,"Taiwan, Province of China",121.4614531,25.0605792,0.0
593144926793582,CPVvHeOhXqZrlW8azw0nA4,101914818722206,hcyen,2025-06-27T20:00:00.300000+00:00,"Taiwan, Province of China",121.463567,25.0608919,0.0
593547470090849,VqZKl8IbB4vTMWE1Yn2cGS,101914818722206,hcyen,2025-06-27T20:00:00.942000+00:00,"Taiwan, Province of China",121.4849308,25.0915271,0.0
593623160078710,VqZKl8IbB4vTMWE1Yn2cGS,101914818722206,hcyen,2025-06-27T20:00:00.630000+00:00,"Taiwan, Province of China",121.497678,25.0627678,0.0
593652556736602,VqZKl8IbB4vTMWE1Yn2cGS,101914818722206,hcyen,2025-06-27T20:00:00.825000+00:00,"Taiwan, Province of China",121.4923733,25.0804882,0.0
593842270049823,VqZKl8IbB4vTMWE1Yn2cGS,101914818722206,hcyen,2025-06-27T20:00:00.605000+00:00,"Taiwan, Province of China",121.4984874,25.0594906,0.0
596111236876297,VqZKl8IbB4vTMWE1Yn2cGS,101914818722206,hcyen,2025-06-27T20:00:00.965000+00:00,"Taiwan, Province of China",121.4880831,25.0925235,0.0
597435903398375,CPVvHeOhXqZrlW8azw0nA4,101914818722206,hcyen,2025-06-27T20:00:00.016000+00:00,"Taiwan, Province of China",121.4390141,25.0517157,0.0
599236613228077,VqZKl8IbB4vTMWE1Yn2cGS,101914818722206,hcyen,2025-06-27T20:00:00.614000+00:00,"Taiwan, Province of China",121.498215,25.060613,0.0
600785016413928,VqZKl8IbB4vTMWE1Yn2cGS,101914818722206,hcyen,2025-06-27T20:00:00.576000+00:00,"Taiwan, Province of China",121.4992225,25.0575067,0.0
602614559107305,VqZKl8IbB4vTMWE1Yn2cGS,101914818722206,hcyen,2025-06-27T20:00:00.928000+00:00,"Taiwan, Province of China",121.4849022,25.0901799,0.0
602929939069232,VqZKl8IbB4vTMWE1Yn2cGS,101914818722206,hcyen,2025-06-27T20:00:00.848000+00:00,"Taiwan, Province of China",121.4929746,25.0823752,0.0
606627582480909,VqZKl8IbB4vTMWE1Yn2cGS,101914818722206,hcyen,2025-06-27T20:00:00.542000+00:00,"Taiwan, Province of China",121.4978764,25.0615453,0.0
606876301969851,VqZKl8IbB4vTMWE1Yn2cGS,101914818722206,hcyen,2025-06-27T20:00:00.952000+00:00,"Taiwan, Province of China",121.4862461,25.0920302,0.0
608068835656870,CPVvHeOhXqZrlW8azw0nA4,101914818722206,hcyen,2025-06-27T20:00:00.312000+00:00,"Taiwan, Province of China",121.4652431,25.0612969,0.0
612358561394787,CPVvHeOhXqZrlW8azw0nA4,101914818722206,hcyen,2025-06-27T20:00:00.075000+00:00,"Taiwan, Province of China",121.4411139,25.0483306,0.0
612610431865411,VqZKl8IbB4vTMWE1Yn2cGS,101914818722206,hcyen,2025-06-27T20:00:00.588000+00:00,"Taiwan, Province of China",121.4990311,25.057155,0.0
613190181809113,VqZKl8IbB4vTMWE1Yn2cGS,101914818722206,hcyen,2025-06-27T20:00:00.731000+00:00,"Taiwan, Province of China",121.4893874,25.0721446,0.0
613436334584431,CPVvHeOhXqZrlW8azw0nA4,101914818722206,hcyen,2025-06-27T20:00:00.248000+00:00,"Taiwan, Province of China",121.4559321,25.0603712,0.0
613592405093244,VqZKl8IbB4vTMWE1Yn2cGS,101914818722206,hcyen,2025-06-27T20:00:00.885000+00:00,"Taiwan, Province of China",121.4891491,25.0861526,0.0
613961521725310,VqZKl8IbB4vTMWE1Yn2cGS,101914818722206,hcyen,2025-06-27T20:00:00.620000+00:00,"Taiwan, Province of China",121.4980344,25.0614603,0.0
613976124508309,CPVvHeOhXqZrlW8azw0nA4,101914818722206,hcyen,2025-06-27T20:00:00.356000+00:00,"Taiwan, Province of China",121.4746342,25.0614203,0.0
614116331133415,VqZKl8IbB4vTMWE1Yn2cGS,101914818722206,hcyen,2025-06-27T20:00:00.795000+00:00,"Taiwan, Province of China",121.4894529,25.0774972,0.0
614666984981897,CPVvHeOhXqZrlW8azw0nA4,101914818722206,hcyen,2025-06-27T20:00:00.501000+00:00,"Taiwan, Province of China",121.4946442,25.0636454,0.0
615282781052353,CPVvHeOhXqZrlW8azw0nA4,101914818722206,hcyen,2025-06-27T20:00:00.090000+00:00,"Taiwan, Province of China",121.44,25.0501551,0.0
616388297609862,CPVvHeOhXqZrlW8azw0nA4,101914818722206,hcyen,2025-06-27T20:00:00.253000+00:00,"Taiwan, Province of China",121.4567261,25.0603704,0.0
617074921406604,VqZKl8IbB4vTMWE1Yn2cGS,101914818722206,hcyen,2025-06-27T20:00:00.913000+00:00,"Taiwan, Province of China",121.4864544,25.0889027,0.0
618124564058173,CPVvHeOhXqZrlW8azw0nA4,101914818722206,hcyen,2025-06-27T20:00:00.531000+00:00,"Taiwan, Province of China",121.4975223,25.06306,0.0
618762240653880,VqZKl8IbB4vTMWE1Yn2cGS,101914818722206,hcyen,2025-06-27T20:00:00.987000+00:00,"Taiwan, Province of China",121.4883461,25.090294,0.0
620384061074637,VqZKl8IbB4vTMWE1Yn2cGS,101914818722206,hcyen,2025-06-27T20:00:00.871000+00:00,"Taiwan, Province of China",121.4906344,25.0847566,0.0
620417900495239,VqZKl8IbB4vTMWE1Yn2cGS,101914818722206,hcyen,2025-06-27T20:00:00.851000+00:00,"Taiwan, Province of China",121.4926139,25.0826566,0.0
622284800888537,VqZKl8IbB4vTMWE1Yn2cGS,101914818722206,hcyen,2025-06-27T20:00:00.663000+00:00,"Taiwan, Province of China",121.4964925,25.0669992,0.0
622846780209173,CPVvHeOhXqZrlW8azw0nA4,101914818722206,hcyen,2025-06-27T20:00:00.426000+00:00,"Taiwan, Province of China",121.487618,25.0613995,0.0
623199980794778,VqZKl8IbB4vTMWE1Yn2cGS,101914818722206,hcyen,2025-06-27T20:00:00.561000+00:00,"Taiwan, Province of China",121.4985072,25.0590981,0.0
623382310789259,VqZKl8IbB4vTMWE1Yn2cGS,101914818722206,hcyen,2025-06-27T20:00:00.660000+00:00,"Taiwan, Province of China",121.496622,25.0665839,0.0
623549686803661,VqZKl8IbB4vTMWE1Yn2cGS,101914818722206,hcyen,2025-06-27T20:00:00.857000+00:00,"Taiwan, Province of China",121.4919675,25.0832883,0.0
624160720180904,CPVvHeOhXqZrlW8azw0nA4,101914818722206,hcyen,2025-06-27T20:00:00.064000+00:00,"Taiwan, Province of China",121.4419835,25.0470623,0.0
624646787308644,VqZKl8IbB4vTMWE1Yn2cGS,101914818722206,hcyen,2025-06-27T20:00:00.789000+00:00,"Taiwan, Province of China",121.4890006,25.0769072,0.0
625295157249876,CPVvHeOhXqZrlW8azw0nA4,101914818722206,hcyen,2025-06-27T20:00:00.208000+00:00,"Taiwan, Province of China",121.4499879,25.0603006,0.0
626509503156315,CPVvHeOhXqZrlW8azw0nA4,101914818722206,hcyen,2025-06-27T20:00:00.239000+00:00,"Taiwan, Province of China",121.4545826,25.0603788,0.0
627104559736930,CPVvHeOhXqZrlW8azw0nA4,101914818722206,hcyen,2025-06-27T20:00:00.467000+00:00,"Taiwan, Province of China",121.4926262,25.0609112,0.0
627307656384357,CPVvHeOhXqZrlW8azw0nA4,101914818722206,hcyen,2025-06-27T20:00:00.160000+00:00,"Taiwan, Province of China",121.4436652,25.0575372,0.0
627493533046616,CPVvHeOhXqZrlW8azw0nA4,101914818722206,hcyen,2025-06-27T20:00:00.464000+00:00,"Taiwan, Province of China",121.4923517,25.0612493,0.0
628401362920887,VqZKl8IbB4vTMWE1Yn2cGS,101914818722206,hcyen,2025-06-27T20:00:00.800000+00:00,"Taiwan, Province of China",121.4899193,25.0780804,0.0
628796840230492,VqZKl8IbB4vTMWE1Yn2cGS,101914818722206,hcyen,2025-06-27T20:00:00.595000+00:00,"Taiwan, Province of China",121.4988219,25.0579893,0.0
629405840169446,VqZKl8IbB4vTMWE1Yn2cGS,101914818722206,hcyen,2025-06-27T20:00:00.641000+00:00,"Taiwan, Province of China",121.4973152,25.0640886,0.0
632239099982941,CPVvHeOhXqZrlW8azw0nA4,101914818722206,hcyen,2025-06-27T20:00:00.213000+00:00,"Taiwan, Province of China",121.450699,25.0603621,0.0
632516382471114,CPVvHeOhXqZrlW8azw0nA4,101914818722206,hcyen,2025-06-27T20:00:00.116000+00:00,"Taiwan, Province of China",121.4394629,25.0531492,0.0
637035239400794,CPVvHeOhXqZrlW8azw0nA4,101914818722206,hcyen,2025-06-27T20:00:00.421000+00:00,"Taiwan, Province of China",121.4869849,25.0613769,0.0
638774568490718,VqZKl8IbB4vTMWE1Yn2cGS,101914818722206,hcyen,2025-06-27T20:00:00.576000+00:00,"Taiwan, Province of China",121.4993004,25.0575206,0.0
638964049205007,VqZKl8IbB4vTMWE1Yn2cGS,101914818722206,hcyen,2025-06-27T20:00:00.985000+00:00,"Taiwan, Province of China",121.4885031,25.0905441,0.0
639956909100550,CPVvHeOhXqZrlW8azw0nA4,101914818722206,hcyen,2025-06-27T20:00:00.477000+00:00,"Taiwan, Province of China",121.4926561,25.061654,0.0
645330028525365,CPVvHeOhXqZrlW8azw0nA4,101914818722206,hcyen,2025-06-27T20:00:00.416000+00:00,"Taiwan, Province of China",121.4861817,25.0613583,0.0
645821435141473,VqZKl8IbB4vTMWE1Yn2cGS,101914818722206,hcyen,2025-06-27T20:00:00.785000+00:00,"Taiwan, Province of China",121.4886287,25.0764409,0.0
645868128509820,CPVvHeOhXqZrlW8azw0nA4,101914818722206,hcyen,2025-06-27T20:00:00.506000+00:00,"Taiwan, Province of China",121.495329,25.0639391,0.0
647417031662773,VqZKl8IbB4vTMWE1Yn2cGS,101914818722206,hcyen,2025-06-27T20:00:00.849000+00:00,"Taiwan, Province of China",121.4927886,25.0825101,0.0
647873504940127,VqZKl8IbB4vTMWE1Yn2cGS,101914818722206,hcyen,2025-06-27T20:00:00.662000+00:00,"Taiwan, Province of China",121.4965327,25.06686,0.0
648974234827824,CPVvHeOhXqZrlW8azw0nA4,101914818722206,hcyen,2025-06-27T20:00:00.223000+00:00,"Taiwan, Province of China",121.4522054,25.0604282,0.0
650224744709625,VqZKl8IbB4vTMWE1Yn2cGS,101914818722206,hcyen,2025-06-27T20:00:00.665000+00:00,"Taiwan, Province of China",121.4964263,25.0672065,0.0
652084211176528,VqZKl8IbB4vTMWE1Yn2cGS,101914818722206,hcyen,2025-06-27T20:00:00.734000+00:00,"Taiwan, Province of China",121.4889924,25.0721082,0.0
652458374515058,CPVvHeOhXqZrlW8azw0nA4,101914818722206,hcyen,2025-06-27T20:00:00.341000+00:00,"Taiwan, Province of China",121.4724127,25.0614164,0.0
653091167762459,CPVvHeOhXqZrlW8azw0nA4,101914818722206,hcyen,2025-06-27T20:00:00.395000+00:00,"Taiwan, Province of China",121.4831065,25.0613968,0.0
653526167725558,CPVvHeOhXqZrlW8azw0nA4,101914818722206,hcyen,2025-06-27T20:00:00.481000+00:00,"Taiwan, Province of China",121.4924274,25.0619444,0.0
655705320817928,VqZKl8IbB4vTMWE1Yn2cGS,101914818722206,hcyen,2025-06-27T20:00:00.699000+00:00,"Taiwan, Province of China",121.4940184,25.0712568,0.0
655778200831364,VqZKl8IbB4vTMWE1Yn2cGS,101914818722206,hcyen,2025-06-27T20:00:00.893000+00:00,"Taiwan, Province of China",121.4883682,25.0868673,0.0
656412114085586,CPVvHeOhXqZrlW8azw0nA4,101914818722206,hcyen,2025-06-27T20:00:00.273000+00:00,"Taiwan, Province of China",121.4595718,25.0603859,0.0
657453640671728,VqZKl8IbB4vTMWE1Yn2cGS,101914818722206,hcyen,2025-06-27T20:00:00.653000+00:00,"Taiwan, Province of China",121.4968515,25.0656754,0.0
657919797294262,VqZKl8IbB4vTMWE1Yn2cGS,101914818722206,hcyen,2025-06-27T20:00:00.762000+00:00,"Taiwan, Province of China",121.486973,25.0737352,0.0
658274473895024,CPVvHeOhXqZrlW8azw0nA4,101914818722206,hcyen,2025-06-27T20:00:00.054000+00:00,"Taiwan, Province of China",121.4421096,25.0483099,0.0
659270953828329,VqZKl8IbB4vTMWE1Yn2cGS,101914818722206,hcyen,2025-06-27T20:00:00.732000+00:00,"Taiwan, Province of China",121.4893083,25.0721386,0.0
659506263807421,CPVvHeOhXqZrlW8azw0nA4,101914818722206,hcyen,2025-06-27T20:00:00.072000+00:00,"Taiwan, Province of China",121.441346,25.0479552,0.0
659594437128904,VqZKl8IbB4vTMWE1Yn2cGS,101914818722206,hcyen,2025-06-27T20:00:00.730000+00:00,"Taiwan, Province of China",121.489546,25.0721526,0.0
660774030346045,CPVvHeOhXqZrlW8azw0nA4,101914818722206,hcyen,2025-06-27T20:00:00.104000+00:00,"Taiwan, Province of China",121.4390395,25.0518097,0.0
661089953624998,CPVvHeOhXqZrlW8azw0nA4,101914818722206,hcyen,2025-06-27T20:00:00.453000+00:00,"Taiwan, Province of China",121.4907756,25.0613792,0.0
661556670265442,CPVvHeOhXqZrlW8azw0nA4,101914818722206,hcyen,2025-06-27T20:00:00.116000+00:00,"Taiwan, Province of China",121.4395101,25.0532071,0.0
662330843495622,VqZKl8IbB4vTMWE1Yn2cGS,101914818722206,hcyen,2025-06-27T20:00:00.636000+00:00,"Taiwan, Province of China",121.4975,25.0634674,0.0
662537773465946,VqZKl8IbB4vTMWE1Yn2cGS,101914818722206,hcyen,2025-06-27T20:00:00.977000+00:00,"Taiwan, Province of China",121.4891567,25.0915296,0.0
664367529950342,CPVvHeOhXqZrlW8azw0nA4,101914818722206,hcyen,2025-06-27T20:00:00.311000+00:00,"Taiwan, Province of China",121.4651662,25.0612803,0.0
665578426510364,CPVvHeOhXqZrlW8azw0nA4,101914818722206,hcyen,2025-06-27T20:00:00.206000+00:00,"Taiwan, Province of China",121.4496723,25.0602707,0.0
666461359770758,CPVvHeOhXqZrlW8azw0nA4,101914818722206,hcyen,2025-06-27T20:00:00.030000+00:00,"Taiwan, Province of China",121.4399907,25.0501246,0.0
668310776242328,CPVvHeOhXqZrlW8azw0nA4,101914818722206,hcyen,2025-06-27T20:00:00.065000+00:00,"Taiwan, Province of China",121.4418214,25.0472074,0.0
668847386158721,VqZKl8IbB4vTMWE1Yn2cGS,101914818722206,hcyen,2025-06-27T20:00:00.662000+00:00,"Taiwan, Province of China",121.4965115,25.0669293,0.0
670098262690766,CPVvHeOhXqZrlW8azw0nA4,101914818722206,hcyen,2025-06-27T20:00:00.188000+00:00,"Taiwan, Province of China",121.4471917,25.0596122,0.0
670349645964221,CPVvHeOhXqZrlW8azw0nA4,101914818722206,hcyen,2025-06-27T20:00:00.261000+00:00,"Taiwan, Province of China",121.4578366,25.0603795,0.0
671610745840508,VqZKl8IbB4vTMWE1Yn2cGS,101914818722206,hcyen,2025-06-27T20:00:00.828000+00:00,"Taiwan, Province of China",121.4928403,25.0807609,0.0
671744639154095,CPVvHeOhXqZrlW8azw0nA4,101914818722206,hcyen,2025-06-27T20:00:00.238000+00:00,"Taiwan, Province of China",121.4544242,25.0603776,0.0
676836222019956,CPVvHeOhXqZrlW8azw0nA4,101914818722206,hcyen,2025-06-27T20:00:00.357000+00:00,"Taiwan, Province of China",121.4748724,25.0614183,0.0
677208668607252,CPVvHeOhXqZrlW8azw0nA4,101914818722206,hcyen,2025-06-27T20:00:00.060000+00:00,"Taiwan, Province of China",121.4420938,25.0475194,0.0
677567568604134,VqZKl8IbB4vTMWE1Yn2cGS,101914818722206,hcyen,2025-06-27T20:00:00.542000+00:00,"Taiwan, Province of China",121.4978405,25.0616093,0.0
677757441929575,CPVvHeOhXqZrlW8azw0nA4,101914818722206,hcyen,2025-06-27T20:00:00+00:00,"Taiwan, Province of China",121.4389928,25.0512401,0.0
677922078573696,VqZKl8IbB4vTMWE1Yn2cGS,101914818722206,hcyen,2025-06-27T20:00:00.750000+00:00,"Taiwan, Province of China",121.4870549,25.0721715,0.0
678447641856755,VqZKl8IbB4vTMWE1Yn2cGS,101914818722206,hcyen,2025-06-27T20:00:00.983000+00:00,"Taiwan, Province of China",121.4886826,25.0907815,0.0
680598258355958,CPVvHeOhXqZrlW8azw0nA4,101914818722206,hcyen,2025-06-27T20:00:00.415000+00:00,"Taiwan, Province of China",121.4860265,25.0613296,0.0
680840444791354,CPVvHeOhXqZrlW8azw0nA4,101914818722206,hcyen,2025-06-27T20:00:00.131000+00:00,"Taiwan, Province of China",121.4407028,25.054819,0.0
681078158088206,VqZKl8IbB4vTMWE1Yn2cGS,101914818722206,hcyen,2025-06-27T20:00:00.881000+00:00,"Taiwan, Province of China",121.4896037,25.0857507,0.0
681860574665379,VqZKl8IbB4vTMWE1Yn2cGS,101914818722206,hcyen,2025-06-27T20:00:00.715000+00:00,"Taiwan, Province of China",121.4918196,25.0718823,0.0
682735398086547,CPVvHeOhXqZrlW8azw0nA4,101914818722206,hcyen,2025-06-27T20:00:00.218000+00:00,"Taiwan, Province of China",121.4514908,25.0604167,0.0
682919684908759,CPVvHeOhXqZrlW8azw0nA4,101914818722206,hcyen,2025-06-27T20:00:00.444000+00:00,"Taiwan, Province of China",121.4903466,25.061328,0.0
683082151386309,VqZKl8IbB4vTMWE1Yn2cGS,101914818722206,hcyen,2025-06-27T20:00:00.822000+00:00,"Taiwan, Province of China",121.4920979,25.0803447,0.0
685002221195550,CPVvHeOhXqZrlW8azw0nA4,101914818722206,hcyen,2025-06-27T20:00:00.426000+00:00,"Taiwan, Province of China",121.4876974,25.0613974,0.0
685208307673658,VqZKl8IbB4vTMWE1Yn2cGS,101914818722206,hcyen,2025-06-27T20:00:00.953000+00:00,"Taiwan, Province of China",121.4863184,25.09206,0.0
685276804505265,CPVvHeOhXqZrlW8azw0nA4,101914818722206,hcyen,2025-06-27T20:00:00.154000+00:00,"Taiwan, Province of China",121.4430198,25.0571183,0.0
686099330990432,CPVvHeOhXqZrlW8azw0nA4,101914818722206,hcyen,2025-06-27T20:00:00.302000+00:00,"Taiwan, Province of China",121.4639573,25.0609425,0.0
686141564250857,VqZKl8IbB4vTMWE1Yn2cGS,101914818722206,hcyen,2025-06-27T20:00:00.903000+00:00,"Taiwan, Province of China",121.4873224,25.0878318,0.0
687331857515608,VqZKl8IbB4vTMWE1Yn2cGS,101914818722206,hcyen,2025-06-27T20:00:00.580000+00:00,"Taiwan, Province of China",121.4998433,25.0576213,0.0
687542030824021,CPVvHeOhXqZrlW8azw0nA4,101914818722206,hcyen,2025-06-27T20:00:00.107000+00:00,"Taiwan, Province of China",121.4388272,25.0521392,0.0
688256670697690,VqZKl8IbB4vTMWE1Yn2cGS,101914818722206,hcyen,2025-06-27T20:00:00.870000+00:00,"Taiwan, Province of China",121.4907306,25.0846421,0.0
689206657350886,CPVvHeOhXqZrlW8azw0nA4,101914818722206,hcyen,2025-06-27T20:00:00.102000+00:00,"Taiwan, Province of China",121.4391543,25.0516205,0.0
689329763912481,CPVvHeOhXqZrlW8azw0nA4,101914818722206,hcyen,2025-06-27T20:00:00.115000+00:00,"Taiwan, Province of China",121.4393676,25.0530341,0.0
689872300483899,CPVvHeOhXqZrlW8azw0nA4,101914818722206,hcyen,2025-06-27T20:00:00.051000+00:00,"Taiwan, Province of China",121.4421236,25.0487414,0.0
689963407534358,CPVvHeOhXqZrlW8azw0nA4,101914818722206,hcyen,2025-06-27T20:00:00.301000+00:00,"Taiwan, Province of China",121.4637242,25.0609035,0.0
690054343847836,CPVvHeOhXqZrlW8azw0nA4,101914818722206,hcyen,2025-06-27T20:00:00.482000+00:00,"Taiwan, Province of China",121.4925343,25.0620511,0.0
690257883846824,VqZKl8IbB4vTMWE1Yn2cGS,101914818722206,hcyen,2025-06-27T20:00:00.696000+00:00,"Taiwan, Province of China",121.494332,25.0710394,0.0
690276540501455,VqZKl8IbB4vTMWE1Yn2cGS,101914818722206,hcyen,2025-06-27T20:00:00.778000+00:00,"Taiwan, Province of China",121.4879467,25.0756583,0.0
690425307157431,CPVvHeOhXqZrlW8azw0nA4,101914818722206,hcyen,2025-06-27T20:00:00.001000+00:00,"Taiwan, Province of China",121.4389246,25.0512033,0.0
690806333866135,VqZKl8IbB4vTMWE1Yn2cGS,101914818722206,hcyen,2025-06-27T20:00:00.992000+00:00,"Taiwan, Province of China",121.4879798,25.0897387,0.0
691171113679742,CPVvHeOhXqZrlW8azw0nA4,101914818722206,hcyen,2025-06-27T20:00:00.409000+00:00,"Taiwan, Province of China",121.4851587,25.0613631,0.0
691684643729406,CPVvHeOhXqZrlW8azw0nA4,101914818722206,hcyen,2025-06-27T20:00:00.371000+00:00,"Taiwan, Province of China",121.4795475,25.0614257,0.0
691944990350024,CPVvHeOhXqZrlW8azw0nA4,101914818722206,hcyen,2025-06-27T20:00:00.176000+00:00,"Taiwan, Province of China",121.4457731,25.058523,0.0
692105303744379,CPVvHeOhXqZrlW8azw0nA4,101914818722206,hcyen,2025-06-27T20:00:00.078000+00:00,"Taiwan, Province of China",121.4408829,25.0487089,0.0
692161200470862,CPVvHeOhXqZrlW8azw0nA4,101914818722206,hcyen,2025-06-27T20:00:00.527000+00:00,"Taiwan, Province of China",121.497394,25.0635486,0.0
692454586915697,CPVvHeOhXqZrlW8azw0nA4,101914818722206,hcyen,2025-06-27T20:00:00.096000+00:00,"Taiwan, Province of China",121.4395966,25.0508566,0.0
692489850359033,CPVvHeOhXqZrlW8azw0nA4,101914818722206,hcyen,2025-06-27T20:00:00.203000+00:00,"Taiwan, Province of China",121.4492787,25.0602229,0.0
692952670225861,CPVvHeOhXqZrlW8azw0nA4,101914818722206,hcyen,2025-06-27T20:00:00.162000+00:00,"Taiwan, Province of China",121.4439453,25.0576711,0.0
693148526934638,VqZKl8IbB4vTMWE1Yn2cGS,101914818722206,hcyen,2025-06-27T20:00:00.755000+00:00,"Taiwan, Province of China",121.4869113,25.0728782,0.0
694833806877477,VqZKl8IbB4vTMWE1Yn2cGS,101914818722206,hcyen,2025-06-27T20:00:00.667000+00:00,"Taiwan, Province of China",121.4962933,25.0675454,0.0
695179550009831,CPVvHeOhXqZrlW8azw0nA4,101914818722206,hcyen,2025-06-27T20:00:00.326000+00:00,"Taiwan, Province of China",121.4701903,25.0614232,0.0
695184526640460,VqZKl8IbB4vTMWE1Yn2cGS,101914818722206,hcyen,2025-06-27T20:00:00.725000+00:00,"Taiwan, Province of China",121.4902598,25.0721315,0.0
695570709985216,CPVvHeOhXqZrlW8azw0nA4,101914818722206,hcyen,2025-06-27T20:00:00.409000+00:00,"Taiwan, Province of China",121.4850793,25.0613616,0.0
696319883219379,CPVvHeOhXqZrlW8azw0nA4,101914818722206,hcyen,2025-06-27T20:00:00.019000+00:00,"Taiwan, Province of China",121.4391995,25.0513982,0.0
696402726536678,CPVvHeOhXqZrlW8azw0nA4,101914818722206,hcyen,2025-06-27T20:00:00.155000+00:00,"Taiwan, Province of China",121.443152,25.0571981,0.0
696747423163033,VqZKl8IbB4vTMWE1Yn2cGS,101914818722206,hcyen,2025-06-27T20:00:00.865000+00:00,"Taiwan, Province of China",121.4912152,25.0841218,0.0
697073659759203,VqZKl8IbB4vTMWE1Yn2cGS,101914818722206,hcyen,2025-06-27T20:00:00.547000+00:00,"Taiwan, Province of China",121.4980477,25.0609913,0.0
697841829705890,VqZKl8IbB4vTMWE1Yn2cGS,101914818722206,hcyen,2025-06-27T20:00:00.978000+00:00,"Taiwan, Province of China",121.4890458,25.0913385,0.0
698108669524024,VqZKl8IbB4vTMWE1Yn2cGS,101914818722206,hcyen,2025-06-27T20:00:00.577000+00:00,"Taiwan, Province of China",121.4993786,25.0575333,0.0
698160113135575,VqZKl8IbB4vTMWE1Yn2cGS,101914818722206,hcyen,2025-06-27T20:00:00.805000+00:00,"Taiwan, Province of China",121.4903541,25.0785939,0.0
698354629496776,VqZKl8IbB4vTMWE1Yn2cGS,101914818722206,hcyen,2025-06-27T20:00:00.585000+00:00,"Taiwan, Province of China",121.4994541,25.0571709,0.0
698376142978766,CPVvHeOhXqZrlW8azw0nA4,101914818722206,hcyen,2025-06-27T20:00:00.446000+00:00,"Taiwan, Province of China",121.4904458,25.0611077,0.0
699251559546043,VqZKl8IbB4vTMWE1Yn2cGS,101914818722206,hcyen,2025-06-27T20:00:00.776000+00:00,"Taiwan, Province of China",121.4877558,25.0754288,0.0
699738672977428,CPVvHeOhXqZrlW8azw0nA4,101914818722206,hcyen,2025-06-27T20:00:00.366000+00:00,"Taiwan, Province of China",121.4787549,25.0614504,0.0
700287672919479,CPVvHeOhXqZrlW8azw0nA4,101914818722206,hcyen,2025-06-27T20:00:00.165000+00:00,"Taiwan, Province of China",121.4444397,25.0578979,0.0
700435556486755,VqZKl8IbB4vTMWE1Yn2cGS,101914818722206,hcyen,2025-06-27T20:00:00.860000+00:00,"Taiwan, Province of China",121.4916563,25.0836139,0.0
700783402761368,CPVvHeOhXqZrlW8azw0nA4,101914818722206,hcyen,2025-06-27T20:00:00.035000+00:00,"Taiwan, Province of China",121.4403828,25.0495018,0.0
700806282858148,CPVvHeOhXqZrlW8azw0nA4,101914818722206,hcyen,2025-06-27T20:00:00.270000+00:00,"Taiwan, Province of China",121.4592547,25.0603732,0.0
701109709505696,CPVvHeOhXqZrlW8azw0nA4,101914818722206,hcyen,2025-06-27T20:00:00.261000+00:00,"Taiwan, Province of China",121.457916,25.0603809,0.0
701220832830496,CPVvHeOhXqZrlW8azw0nA4,101914818722206,hcyen,2025-06-27T20:00:00.491000+00:00,"Taiwan, Province of China",121.493467,25.0630126,0.0
701479579425722,VqZKl8IbB4vTMWE1Yn2cGS,101914818722206,hcyen,2025-06-27T20:00:00.832000+00:00,"Taiwan, Province of China",121.4932885,25.0810579,0.0
701788875822077,VqZKl8IbB4vTMWE1Yn2cGS,101914818722206,hcyen,2025-06-27T20:00:00.696000+00:00,"Taiwan, Province of China",121.4944046,25.0710101,0.0
701869995887132,VqZKl8IbB4vTMWE1Yn2cGS,101914818722206,hcyen,2025-06-27T20:00:00.544000+00:00,"Taiwan, Province of China",121.4979378,25.0613369,0.0
701966522442473,CPVvHeOhXqZrlW8azw0nA4,101914818722206,hcyen,2025-06-27T20:00:00.160000+00:00,"Taiwan, Province of China",121.4437308,25.0575778,0.0
702347132419496,CPVvHeOhXqZrlW8azw0nA4,101914818722206,hcyen,2025-06-27T20:00:00.014000+00:00,"Taiwan, Province of China",121.4388605,25.0519675,0.0
702604869245284,VqZKl8IbB4vTMWE1Yn2cGS,101914818722206,hcyen,2025-06-27T20:00:00.753000+00:00,"Taiwan, Province of China",121.4869679,25.0725224,0.0
702866312374671,VqZKl8IbB4vTMWE1Yn2cGS,101914818722206,hcyen,2025-06-27T20:00:00.842000+00:00,"Taiwan, Province of China",121.4935606,25.0818912,0.0
703278469262379,VqZKl8IbB4vTMWE1Yn2cGS,101914818722206,hcyen,2025-06-27T20:00:00.675000+00:00,"Taiwan, Province of China",121.4960724,25.0685288,0.0
703283795816894,VqZKl8IbB4vTMWE1Yn2cGS,101914818722206,hcyen,2025-06-27T20:00:00.940000+00:00,"Taiwan, Province of China",121.484571,25.0913763,0.0
703388482587295,CPVvHeOhXqZrlW8azw0nA4,101914818722206,hcyen,2025-06-27T20:00:00.049000+00:00,"Taiwan, Province of China",121.4420764,25.0489512,0.0
703791255596703,VqZKl8IbB4vTMWE1Yn2cGS,101914818722206,hcyen,2025-06-27T20:00:00.754000+00:00,"Taiwan, Province of China",121.486941,25.0726642,0.0
703988582356286,CPVvHeOhXqZrlW8azw0nA4,101914818722206,hcyen,2025-06-27T20:00:00.139000+00:00,"Taiwan, Province of China",121.4414324,25.0557604,0.0
704320045828854,VqZKl8IbB4vTMWE1Yn2cGS,101914818722206,hcyen,2025-06-27T20:00:00.687000+00:00,"Taiwan, Province of China",121.4953241,25.0700295,0.0
705014705499096,VqZKl8IbB4vTMWE1Yn2cGS,101914818722206,hcyen,2025-06-27T20:00:00.580000+00:00,"Taiwan, Province of China",121.499895,25.0575756,0.0
705581412453081,VqZKl8IbB4vTMWE1Yn2cGS,101914818722206,hcyen,2025-06-27T20:00:00.634000+00:00,"Taiwan, Province of China",121.4975839,25.0631896,0.0
705588002317667,VqZKl8IbB4vTMWE1Yn2cGS,101914818722206,hcyen,2025-06-27T20:00:00.864000+00:00,"Taiwan, Province of China",121.4913142,25.0840095,0.0
705620645626975,CPVvHeOhXqZrlW8azw0nA4,101914818722206,hcyen,2025-06-27T20:00:00.486000+00:00,"Taiwan, Province of China",121.4929509,25.0625697,0.0
705753948829589,CPVvHeOhXqZrlW8azw0nA4,101914818722206,hcyen,2025-06-27T20:00:00.504000+00:00,"Taiwan, Province of China",121.4951017,25.0637402,0.0
705997925371753,VqZKl8IbB4vTMWE1Yn2cGS,101914818722206,hcyen,2025-06-27T20:00:00.972000+00:00,"Taiwan, Province of China",121.4890271,25.0919974,0.0
706741639004574,VqZKl8IbB4vTMWE1Yn2cGS,101914818722206,hcyen,2025-06-27T20:00:00.770000+00:00,"Taiwan, Province of China",121.4872955,25.0747581,0.0
706802625543045,CPVvHeOhXqZrlW8azw0nA4,101914818722206,hcyen,2025-06-27T20:00:00.170000+00:00,"Taiwan, Province of China",121.4450123,25.0581398,0.0
707066102219832,CPVvHeOhXqZrlW8azw0nA4,101914818722206,hcyen,2025-06-27T20:00:00.201000+00:00,"Taiwan, Province of China",121.4489634,25.0601886,0.0
707163698942372,CPVvHeOhXqZrlW8azw0nA4,101914818722206,hcyen,2025-06-27T20:00:00.348000+00:00,"Taiwan, Province of China",121.4734434,25.061418,0.0
707477095384157,CPVvHeOhXqZrlW8azw0nA4,101914818722206,hcyen,2025-06-27T20:00:00.293000+00:00,"Taiwan, Province of China",121.4626302,25.0607373,0.0
707628852164647,VqZKl8IbB4vTMWE1Yn2cGS,101914818722206,hcyen,2025-06-27T20:00:00.966000+00:00,"Taiwan, Province of China",121.4882018,25.0924281,0.0
707945358548771,CPVvHeOhXqZrlW8azw0nA4,101914818722206,hcyen,2025-06-27T20:00:00.038000+00:00,"Taiwan, Province of China",121.440615,25.0491253,0.0
708278281914395,CPVvHeOhXqZrlW8azw0nA4,101914818722206,hcyen,2025-06-27T20:00:00.245000+00:00,"Taiwan, Province of China",121.4554564,25.0603804,0.0
708328305432680,VqZKl8IbB4vTMWE1Yn2cGS,101914818722206,hcyen,2025-06-27T20:00:00.847000+00:00,"Taiwan, Province of China",121.4930334,25.0823269,0.0
708330155284178,CPVvHeOhXqZrlW8azw0nA4,101914818722206,hcyen,2025-06-27T20:00:00.093000+00:00,"Taiwan, Province of China",121.4397818,25.0505383,0.0
708466118771945,VqZKl8IbB4vTMWE1Yn2cGS,101914818722206,hcyen,2025-06-27T20:00:00.916000+00:00,"Taiwan, Province of China",121.486153,25.0891187,0.0
708668438797321,CPVvHeOhXqZrlW8azw0nA4,101914818722206,hcyen,2025-06-27T20:00:00.516000+00:00,"Taiwan, Province of China",121.4966177,25.0645317,0.0
708682652128921,CPVvHeOhXqZrlW8azw0nA4,101914818722206,hcyen,2025-06-27T20:00:00.346000+00:00,"Taiwan, Province of China",121.473126,25.0614067,0.0
708761138580197,CPVvHeOhXqZrlW8azw0nA4,101914818722206,hcyen,2025-06-27T20:00:00.159000+00:00,"Taiwan, Province of China",121.4435996,25.0574967,0.0
708867355304641,CPVvHeOhXqZrlW8azw0nA4,101914818722206,hcyen,2025-06-27T20:00:00.252000+00:00,"Taiwan, Province of China",121.4565674,25.0603667,0.0
708888655114215,CPVvHeOhXqZrlW8azw0nA4,101914818722206,hcyen,2025-06-27T20:00:00.513000+00:00,"Taiwan, Province of China",121.4962371,25.0644323,0.0
709140322005738,VqZKl8IbB4vTMWE1Yn2cGS,101914818722206,hcyen,2025-06-27T20:00:00.654000+00:00,"Taiwan, Province of China",121.4968049,25.0658866,0.0
709200615418995,CPVvHeOhXqZrlW8azw0nA4,101914818722206,hcyen,2025-06-27T20:00:00.472000+00:00,"Taiwan, Province of China",121.493142,25.0611038,0.0
709275968519132,VqZKl8IbB4vTMWE1Yn2cGS,101914818722206,hcyen,2025-06-27T20:00:00.859000+00:00,"Taiwan, Province of China",121.49175,25.0834967,0.0
709346628500459,CPVvHeOhXqZrlW8azw0nA4,101914818722206,hcyen,2025-06-27T20:00:00.067000+00:00,"Taiwan, Province of China",121.4417052,25.0473958,0.0
709430515399151,CPVvHeOhXqZrlW8azw0nA4,101914818722206,hcyen,2025-06-27T20:00:00.349000+00:00,"Taiwan, Province of China",121.473602,25.0614253,0.0
709446571832841,VqZKl8IbB4vTMWE1Yn2cGS,101914818722206,hcyen,2025-06-27T20:00:00.944000+00:00,"Taiwan, Province of China",121.4850797,25.0915772,0.0
709765361839346,VqZKl8IbB4vTMWE1Yn2cGS,101914818722206,hcyen,2025-06-27T20:00:00.647000+00:00,"Taiwan, Province of China",121.4970833,25.064914,0.0
710137698326419,CPVvHeOhXqZrlW8azw0nA4,101914818722206,hcyen,2025-06-27T20:00:00.188000+00:00,"Taiwan, Province of China",121.4471245,25.0595739,0.0
710341365069968,CPVvHeOhXqZrlW8azw0nA4,101914818722206,hcyen,2025-06-27T20:00:00.521000+00:00,"Taiwan, Province of China",121.4972035,25.064319,0.0
710553154939938,CPVvHeOhXqZrlW8azw0nA4,101914818722206,hcyen,2025-06-27T20:00:00.360000+00:00,"Taiwan, Province of China",121.4778824,25.0614592,0.0
710583355013646,VqZKl8IbB4vTMWE1Yn2cGS,101914818722206,hcyen,2025-06-27T20:00:00.850000+00:00,"Taiwan, Province of China",121.492728,25.0825566,0.0
711096895049528,CPVvHeOhXqZrlW8azw0nA4,101914818722206,hcyen,2025-06-27T20:00:00.361000+00:00,"Taiwan, Province of China",121.4779618,25.0614606,0.0
711109534853646,CPVvHeOhXqZrlW8azw0nA4,101914818722206,hcyen,2025-06-27T20:00:00.277000+00:00,"Taiwan, Province of China",121.4601981,25.0604693,0.0
711193004989649,CPVvHeOhXqZrlW8azw0nA4,101914818722206,hcyen,2025-06-27T20:00:00.174000+00:00,"Taiwan, Province of China",121.4455731,25.0584079,0.0
711330681511001,CPVvHeOhXqZrlW8azw0nA4,101914818722206,hcyen,2025-06-27T20:00:00.033000+00:00,"Taiwan, Province of China",121.440186,25.0498138,0.0
711641138493786,VqZKl8IbB4vTMWE1Yn2cGS,101914818722206,hcyen,2025-06-27T20:00:00.923000+00:00,"Taiwan, Province of China",121.4852992,25.0897325,0.0
711892104805553,VqZKl8IbB4vTMWE1Yn2cGS,101914818722206,hcyen,2025-06-27T20:00:00.694000+00:00,"Taiwan, Province of China",121.49453,25.0709246,0.0
712045098256018,CPVvHeOhXqZrlW8azw0nA4,101914818722206,hcyen,2025-06-27T20:00:00.330000+00:00,"Taiwan, Province of China",121.4708256,25.061422,0.0
712870548147130,CPVvHeOhXqZrlW8azw0nA4,101914818722206,hcyen,2025-06-27T20:00:00.080000+00:00,"Taiwan, Province of China",121.4407668,25.0488973,0.0
713088404759069,CPVvHeOhXqZrlW8azw0nA4,101914818722206,hcyen,2025-06-27T20:00:00.240000+00:00,"Taiwan, Province of China",121.4547418,25.0603816,0.0
713122144793483,CPVvHeOhXqZrlW8azw0nA4,101914818722206,hcyen,2025-06-27T20:00:00.401000+00:00,"Taiwan, Province of China",121.4838916,25.061369,0.0
713385191404954,VqZKl8IbB4vTMWE1Yn2cGS,101914818722206,hcyen,2025-06-27T20:00:00.788000+00:00,"Taiwan, Province of China",121.4888567,25.0767352,0.0
713672351270634,CPVvHeOhXqZrlW8azw0nA4,101914818722206,hcyen,2025-06-27T20:00:00.365000+00:00,"Taiwan, Province of China",121.478597,25.0614642,0.0
714334608055737,VqZKl8IbB4vTMWE1Yn2cGS,101914818722206,hcyen,2025-06-27T20:00:00.784000+00:00,"Taiwan, Province of China",121.4884955,25.0762619,0.0
714374784675210,VqZKl8IbB4vTMWE1Yn2cGS,101914818722206,hcyen,2025-06-27T20:00:00.978000+00:00,"Taiwan, Province of China",121.4890824,25.0914024,0.0
714471724742497,VqZKl8IbB4vTMWE1Yn2cGS,101914818722206,hcyen,2025-06-27T20:00:00.867000+00:00,"Taiwan, Province of China",121.491042,25.0843161,0.0
714547771292301,CPVvHeOhXqZrlW8azw0nA4,101914818722206,hcyen,2025-06-27T20:00:00.179000+00:00,"Taiwan, Province of China",121.4460857,25.0589208,0.0
714959211279007,CPVvHeOhXqZrlW8azw0nA4,101914818722206,hcyen,2025-06-27T20:00:00.501000+00:00,"Taiwan, Province of China",121.4947222,25.0636514,0.0
715029687798783,VqZKl8IbB4vTMWE1Yn2cGS,101914818722206,hcyen,2025-06-27T20:00:00.937000+00:00,"Taiwan, Province of China",121.4841544,25.0911705,0.0
715034057893079,VqZKl8IbB4vTMWE1Yn2cGS,101914818722206,hcyen,2025-06-27T20:00:00.628000+00:00,"Taiwan, Province of China",121.4977196,25.062419,0.0
715040744583209,CPVvHeOhXqZrlW8azw0nA4,101914818722206,hcyen,2025-06-27T20:00:00.453000+00:00,"Taiwan, Province of China",121.4906962,25.0613782,0.0
715152504464503,CPVvHeOhXqZrlW8azw0nA4,101914818722206,hcyen,2025-06-27T20:00:00.302000+00:00,"Taiwan, Province of China",121.4638781,25.0609368,0.0
715427401377001,VqZKl8IbB4vTMWE1Yn2cGS,101914818722206,hcyen,2025-06-27T20:00:00.832000+00:00,"Taiwan, Province of China",121.4932211,25.0810197,0.0
716275301299881,VqZKl8IbB4vTMWE1Yn2cGS,101914818722206,hcyen,2025-06-27T20:00:00.892000+00:00,"Taiwan, Province of China",121.4884765,25.0867624,0.0
716508121348742,CPVvHeOhXqZrlW8azw0nA4,101914818722206,hcyen,2025-06-27T20:00:00.236000+00:00,"Taiwan, Province of China",121.4541871,25.0603797,0.0
716659017895709,CPVvHeOhXqZrlW8azw0nA4,101914818722206,hcyen,2025-06-27T20:00:00.243000+00:00,"Taiwan, Province of China",121.4552182,25.0603854,0.0
716676067941886,CPVvHeOhXqZrlW8azw0nA4,101914818722206,hcyen,2025-06-27T20:00:00.244000+00:00,"Taiwan, Province of China",121.455377,25.0603819,0.0
716747970966291,VqZKl8IbB4vTMWE1Yn2cGS,101914818722206,hcyen,2025-06-27T20:00:00.910000+00:00,"Taiwan, Province of China",121.4865544,25.0885576,0.0
716763317625656,VqZKl8IbB4vTMWE1Yn2cGS,101914818722206,hcyen,2025-06-27T20:00:00.845000+00:00,"Taiwan, Province of China",121.493205,25.0821773,0.0
717032937625793,CPVvHeOhXqZrlW8azw0nA4,101914818722206,hcyen,2025-06-27T20:00:00.183000+00:00,"Taiwan, Province of China",121.446526,25.0592275,0.0
717444270991312,VqZKl8IbB4vTMWE1Yn2cGS,101914818722206,hcyen,2025-06-27T20:00:00.704000+00:00,"Taiwan, Province of China",121.4934283,25.0716184,0.0
717904660860020,CPVvHeOhXqZrlW8azw0nA4,101914818722206,hcyen,2025-06-27T20:00:00.377000+00:00,"Taiwan, Province of China",121.4804211,25.0614172,0.0
718042647704083,CPVvHeOhXqZrlW8azw0nA4,101914818722206,hcyen,2025-06-27T20:00:00.050000+00:00,"Taiwan, Province of China",121.4421027,25.0488837,0.0
718202741059502,CPVvHeOhXqZrlW8azw0nA4,101914818722206,hcyen,2025-06-27T20:00:00.403000+00:00,"Taiwan, Province of China",121.4842859,25.061352,0.0
718502944231233,CPVvHeOhXqZrlW8azw0nA4,101914818722206,hcyen,2025-06-27T20:00:00.373000+00:00,"Taiwan, Province of China",121.4797858,25.0614213,0.0
718625087444258,VqZKl8IbB4vTMWE1Yn2cGS,101914818722206,hcyen,2025-06-27T20:00:00.717000+00:00,"Taiwan, Province of China",121.491425,25.0719209,0.0
718763351080334,CPVvHeOhXqZrlW8azw0nA4,101914818722206,hcyen,2025-06-27T20:00:00.462000+00:00,"Taiwan, Province of China",121.4921204,25.0613,0.0
718836221307146,VqZKl8IbB4vTMWE1Yn2cGS,101914818722206,hcyen,2025-06-27T20:00:00.645000+00:00,"Taiwan, Province of China",121.497194,25.0646456,0.0
719219904061461,VqZKl8IbB4vTMWE1Yn2cGS,101914818722206,hcyen,2025-06-27T20:00:00.560000+00:00,"Taiwan, Province of China",121.4984678,25.0592373,0.0
719276870888196,VqZKl8IbB4vTMWE1Yn2cGS,101914818722206,hcyen,2025-06-27T20:00:00.754000+00:00,"Taiwan, Province of China",121.4869287,25.0727353,0.0
719331820711796,CPVvHeOhXqZrlW8azw0nA4,101914818722206,hcyen,2025-06-27T20:00:00.229000+00:00,"Taiwan, Province of China",121.4531565,25.0604204,0.0
720335160706979,VqZKl8IbB4vTMWE1Yn2cGS,101914818722206,hcyen,2025-06-27T20:00:00.852000+00:00,"Taiwan, Province of China",121.4925036,25.0827593,0.0
720482714095449,VqZKl8IbB4vTMWE1Yn2cGS,101914818722206,hcyen,2025-06-27T20:00:00.579000+00:00,"Taiwan, Province of China",121.4997662,25.0576063,0.0
720775490854128,CPVvHeOhXqZrlW8azw0nA4,101914818722206,hcyen,2025-06-27T20:00:00.376000+00:00,"Taiwan, Province of China",121.4802623,25.0614198,0.0
720801033653343,VqZKl8IbB4vTMWE1Yn2cGS,101914818722206,hcyen,2025-06-27T20:00:00.782000+00:00,"Taiwan, Province of China",121.4884051,25.0761436,0.0
721479377475279,CPVvHeOhXqZrlW8azw0nA4,101914818722206,hcyen,2025-06-27T20:00:00.497000+00:00,"Taiwan, Province of China",121.4941024,25.0635481,0.0
721624557133617,CPVvHeOhXqZrlW8azw0nA4,101914818722206,hcyen,2025-06-27T20:00:00.109000+00:00,"Taiwan, Province of China",121.438835,25.0524095,0.0
722237293837729,VqZKl8IbB4vTMWE1Yn2cGS,101914818722206,hcyen,2025-06-27T20:00:00.979000+00:00,"Taiwan, Province of China",121.488972,25.0912112,0.0
722359610955318,CPVvHeOhXqZrlW8azw0nA4,101914818722206,hcyen,2025-06-27T20:00:00.032000+00:00,"Taiwan, Province of China",121.4401169,25.0499431,0.0
722747430360654,VqZKl8IbB4vTMWE1Yn2cGS,101914818722206,hcyen,2025-06-27T20:00:00.939000+00:00,"Taiwan, Province of China",121.484431,25.0913083,0.0
722847877369331,VqZKl8IbB4vTMWE1Yn2cGS,101914818722206,hcyen,2025-06-27T20:00:00.604000+00:00,"Taiwan, Province of China",121.4985249,25.0593508,0.0
723048086977740,CPVvHeOhXqZrlW8azw0nA4,101914818722206,hcyen,2025-06-27T20:00:00.290000+00:00,"Taiwan, Province of China",121.4620808,25.0606624,0.0
723165290408068,VqZKl8IbB4vTMWE1Yn2cGS,101914818722206,hcyen,2025-06-27T20:00:00.800000+00:00,"Taiwan, Province of China",121.4898721,25.0780225,0.0
723483226984805,CPVvHeOhXqZrlW8azw0nA4,101914818722206,hcyen,2025-06-27T20:00:00.256000+00:00,"Taiwan, Province of China",121.4570428,25.0603776,0.0
724361927004033,VqZKl8IbB4vTMWE1Yn2cGS,101914818722206,hcyen,2025-06-27T20:00:00.757000+00:00,"Taiwan, Province of China",121.4868978,25.0730937,0.0
725819396704412,CPVvHeOhXqZrlW8azw0nA4,101914818722206,hcyen,2025-06-27T20:00:00.428000+00:00,"Taiwan, Province of China",121.487934,25.0613889,0.0
726055030379017,CPVvHeOhXqZrlW8azw0nA4,101914818722206,hcyen,2025-06-27T20:00:00.431000+00:00,"Taiwan, Province of China",121.4884097,25.0613752,0.0
726242170013831,CPVvHeOhXqZrlW8azw0nA4,101914818722206,hcyen,2025-06-27T20:00:00.395000+00:00,"Taiwan, Province of China",121.4830271,25.0613973,0.0
726437609791930,VqZKl8IbB4vTMWE1Yn2cGS,101914818722206,hcyen,2025-06-27T20:00:00.763000+00:00,"Taiwan, Province of China",121.4870281,25.073945,0.0
726686773102899,VqZKl8IbB4vTMWE1Yn2cGS,101914818722206,hcyen,2025-06-27T20:00:00.673000+00:00,"Taiwan, Province of China",121.4961422,25.068248,0.0
726784716431445,CPVvHeOhXqZrlW8azw0nA4,101914818722206,hcyen,2025-06-27T20:00:00.293000+00:00,"Taiwan, Province of China",121.4625517,25.0607264,0.0
726829356389229,CPVvHeOhXqZrlW8azw0nA4,101914818722206,hcyen,2025-06-27T20:00:00.129000+00:00,"Taiwan, Province of China",121.4405717,25.0546388,0.0
726864266393505,VqZKl8IbB4vTMWE1Yn2cGS,101914818722206,hcyen,2025-06-27T20:00:00.998000+00:00,"Taiwan, Province of China",121.4871102,25.08943,0.0
727017056593784,CPVvHeOhXqZrlW8azw0nA4,101914818722206,hcyen,2025-06-27T20:00:00.392000+00:00,"Taiwan, Province of China",121.4825619,25.0614247,0.0
727150903234346,VqZKl8IbB4vTMWE1Yn2cGS,101914818722206,hcyen,2025-06-27T20:00:00.713000+00:00,"Taiwan, Province of China",121.492056,25.0718552,0.0
727206383579209,CPVvHeOhXqZrlW8azw0nA4,101914818722206,hcyen,2025-06-27T20:00:00.522000+00:00,"Taiwan, Province of China",121.4972165,25.064248,0.0
727946273087366,CPVvHeOhXqZrlW8azw0nA4,101914818722206,hcyen,2025-06-27T20:00:00.138000+00:00,"Taiwan, Province of China",121.4413306,25.0556499,0.0
728723102982980,CPVvHeOhXqZrlW8azw0nA4,101914818722206,hcyen,2025-06-27T20:00:00.056000+00:00,"Taiwan, Province of China",121.4420922,25.0480226,0.0
728843609641250,CPVvHeOhXqZrlW8azw0nA4,101914818722206,hcyen,2025-06-27T20:00:00.015000+00:00,"Taiwan, Province of China",121.4389353,25.0518406,0.0
728845712960866,VqZKl8IbB4vTMWE1Yn2cGS,101914818722206,hcyen,2025-06-27T20:00:00.934000+00:00,"Taiwan, Province of China",121.4843326,25.090956,0.0
729246570051905,VqZKl8IbB4vTMWE1Yn2cGS,101914818722206,hcyen,2025-06-27T20:00:00.745000+00:00,"Taiwan, Province of China",121.4874657,25.0717323,0.0
729841529433987,VqZKl8IbB4vTMWE1Yn2cGS,101914818722206,hcyen,2025-06-27T20:00:00.569000+00:00,"Taiwan, Province of China",121.4987543,25.0580436,0.0
729959536065234,CPVvHeOhXqZrlW8azw0nA4,101914818722206,hcyen,2025-06-27T20:00:00.087000+00:00,"Taiwan, Province of China",121.4402347,25.0497801,0.0
730672366567378,CPVvHeOhXqZrlW8azw0nA4,101914818722206,hcyen,2025-06-27T20:00:00.079000+00:00,"Taiwan, Province of China",121.440807,25.0488352,0.0
730969945957697,VqZKl8IbB4vTMWE1Yn2cGS,101914818722206,hcyen,2025-06-27T20:00:00.566000+00:00,"Taiwan, Province of China",121.4986715,25.0584686,0.0
730979435975288,VqZKl8IbB4vTMWE1Yn2cGS,101914818722206,hcyen,2025-06-27T20:00:00.774000+00:00,"Taiwan, Province of China",121.4876129,25.0752561,0.0
731079073151994,CPVvHeOhXqZrlW8azw0nA4,101914818722206,hcyen,2025-06-27T20:00:00.301000+00:00,"Taiwan, Province of China",121.4638004,25.0609238,0.0
731218912972939,CPVvHeOhXqZrlW8azw0nA4,101914818722206,hcyen,2025-06-27T20:00:00.112000+00:00,"Taiwan, Province of China",121.4390682,25.0527007,0.0
731227016078147,VqZKl8IbB4vTMWE1Yn2cGS,101914818722206,hcyen,2025-06-27T20:00:00.660000+00:00,"Taiwan, Province of China",121.4965975,25.0666523,0.0
731293116109912,VqZKl8IbB4vTMWE1Yn2cGS,101914818722206,hcyen,2025-06-27T20:00:00.603000+00:00,"Taiwan, Province of China",121.498577,25.0591402,0.0
731955016053822,CPVvHeOhXqZrlW8azw0nA4,101914818722206,hcyen,2025-06-27T20:00:00.510000+00:00,"Taiwan, Province of China",121.4956382,25.0643273,0.0
731962686147817,VqZKl8IbB4vTMWE1Yn2cGS,101914818722206,hcyen,2025-06-27T20:00:00.610000+00:00,"Taiwan, Province of China",121.4983384,25.0600487,0.0
732114592631092,CPVvHeOhXqZrlW8azw0nA4,101914818722206,hcyen,2025-06-27T20:00:00.460000+00:00,"Taiwan, Province of China",121.4918031,25.0613112,0.0
732182559597277,CPVvHeOhXqZrlW8azw0nA4,101914818722206,hcyen,2025-06-27T20:00:00.046000+00:00,"Taiwan, Province of China",121.4416071,25.0490175,0.0
732212805842706,CPVvHeOhXqZrlW8azw0nA4,101914818722206,hcyen,2025-06-27T20:00:00.214000+00:00,"Taiwan, Province of China",121.4508572,25.0603748,0.0
732390182741172,VqZKl8IbB4vTMWE1Yn2cGS,101914818722206,hcyen,2025-06-27T20:00:00.841000+00:00,"Taiwan, Province of China",121.4937472,25.0817571,0.0
732502492480658,VqZKl8IbB4vTMWE1Yn2cGS,101914818722206,hcyen,2025-06-27T20:00:00.901000+00:00,"Taiwan, Province of China",121.4875243,25.0876121,0.0
732575202754510,VqZKl8IbB4vTMWE1Yn2cGS,101914818722206,hcyen,2025-06-27T20:00:00.629000+00:00,"Taiwan, Province of China",121.4976767,25.0625574,0.0
732585089153732,CPVvHeOhXqZrlW8azw0nA4,101914818722206,hcyen,2025-06-27T20:00:00.344000+00:00,"Taiwan, Province of China",121.4728093,25.0614028,0.0
732913739682400,VqZKl8IbB4vTMWE1Yn2cGS,101914818722206,hcyen,2025-06-27T20:00:00.601000+00:00,"Taiwan, Province of China",121.4986283,25.0589295,0.0
733201182412682,CPVvHeOhXqZrlW8azw0nA4,101914818722206,hcyen,2025-06-27T20:00:00.275000+00:00,"Taiwan, Province of China",121.4598874,25.0604117,0.0
733208449065122,CPVvHeOhXqZrlW8azw0nA4,101914818722206,hcyen,2025-06-27T20:00:00.502000+00:00,"Taiwan, Province of China",121.4948027,25.0636546,0.0
733290929424641,CPVvHeOhXqZrlW8azw0nA4,101914818722206,hcyen,2025-06-27T20:00:00.292000+00:00,"Taiwan, Province of China",121.4624732,25.0607155,0.0
733344292437116,CPVvHeOhXqZrlW8azw0nA4,101914818722206,hcyen,2025-06-27T20:00:00.250000+00:00,"Taiwan, Province of China",121.45625,25.0603704,0.0
733723492472903,CPVvHeOhXqZrlW8azw0nA4,101914818722206,hcyen,2025-06-27T20:00:00.336000+00:00,"Taiwan, Province of China",121.4716988,25.0614416,0.0
733937659002629,CPVvHeOhXqZrlW8azw0nA4,101914818722206,hcyen,2025-06-27T20:00:00.021000+00:00,"Taiwan, Province of China",121.4392821,25.0510554,0.0
734310475671303,CPVvHeOhXqZrlW8azw0nA4,101914818722206,hcyen,2025-06-27T20:00:00.110000+00:00,"Taiwan, Province of China",121.4389299,25.0525249,0.0
734490825745191,CPVvHeOhXqZrlW8azw0nA4,101914818722206,hcyen,2025-06-27T20:00:00.411000+00:00,"Taiwan, Province of China",121.4854722,25.0613374,0.0
734527692274805,VqZKl8IbB4vTMWE1Yn2cGS,101914818722206,hcyen,2025-06-27T20:00:00.630000+00:00,"Taiwan, Province of China",121.4976834,25.062696,0.0
734671478946685,VqZKl8IbB4vTMWE1Yn2cGS,101914818722206,hcyen,2025-06-27T20:00:00.713000+00:00,"Taiwan, Province of China",121.4921349,25.0718466,0.0
734771582475924,VqZKl8IbB4vTMWE1Yn2cGS,101914818722206,hcyen,2025-06-27T20:00:00.744000+00:00,"Taiwan, Province of China",121.4876138,25.0717843,0.0
735019139078550,CPVvHeOhXqZrlW8azw0nA4,101914818722206,hcyen,2025-06-27T20:00:00.455000+00:00,"Taiwan, Province of China",121.4910101,25.061348,0.0
735065332350809,VqZKl8IbB4vTMWE1Yn2cGS,101914818722206,hcyen,2025-06-27T20:00:00.843000+00:00,"Taiwan, Province of China",121.4934982,25.0819358,0.0
735143532337127,VqZKl8IbB4vTMWE1Yn2cGS,101914818722206,hcyen,2025-06-27T20:00:00.990000+00:00,"Taiwan, Province of China",121.4881383,25.0899877,0.0
735262198886675,VqZKl8IbB4vTMWE1Yn2cGS,101914818722206,hcyen,2025-06-27T20:00:00.977000+00:00,"Taiwan, Province of China",121.4891197,25.0914659,0.0
735289135669087,VqZKl8IbB4vTMWE1Yn2cGS,101914818722206,hcyen,2025-06-27T20:00:00.604000+00:00,"Taiwan, Province of China",121.4985429,25.0592807,0.0
735438872270755,CPVvHeOhXqZrlW8azw0nA4,101914818722206,hcyen,2025-06-27T20:00:00.300000+00:00,"Taiwan, Province of China",121.4636464,25.0608929,0.0
735822785564790,CPVvHeOhXqZrlW8azw0nA4,101914818722206,hcyen,2025-06-27T20:00:00.308000+00:00,"Taiwan, Province of China",121.4647847,25.0611816,0.0
736243599185917,CPVvHeOhXqZrlW8azw0nA4,101914818722206,hcyen,2025-06-27T20:00:00.327000+00:00,"Taiwan, Province of China",121.4703491,25.0614241,0.0
736266072316177,CPVvHeOhXqZrlW8azw0nA4,101914818722206,hcyen,2025-06-27T20:00:00.310000+00:00,"Taiwan, Province of China",121.465016,25.0612336,0.0
736306348812897,VqZKl8IbB4vTMWE1Yn2cGS,101914818722206,hcyen,2025-06-27T20:00:00.785000+00:00,"Taiwan, Province of China",121.488585,25.0763808,0.0
736386832131134,CPVvHeOhXqZrlW8azw0nA4,101914818722206,hcyen,2025-06-27T20:00:00.466000+00:00,"Taiwan, Province of China",121.492528,25.0610207,0.0
736658575396739,VqZKl8IbB4vTMWE1Yn2cGS,101914818722206,hcyen,2025-06-27T20:00:00.902000+00:00,"Taiwan, Province of China",121.4873779,25.0877805,0.0
736949452063632,CPVvHeOhXqZrlW8azw0nA4,101914818722206,hcyen,2025-06-27T20:00:00.222000+00:00,"Taiwan, Province of China",121.4520466,25.0604267,0.0
737169135388777,VqZKl8IbB4vTMWE1Yn2cGS,101914818722206,hcyen,2025-06-27T20:00:00.613000+00:00,"Taiwan, Province of China",121.4982439,25.0604716,0.0
737225722151456,CPVvHeOhXqZrlW8azw0nA4,101914818722206,hcyen,2025-06-27T20:00:00.172000+00:00,"Taiwan, Province of China",121.445285,25.0582873,0.0
737324962022981,CPVvHeOhXqZrlW8azw0nA4,101914818722206,hcyen,2025-06-27T20:00:00.226000+00:00,"Taiwan, Province of China",121.4526816,25.060441,0.0
737576425430293,VqZKl8IbB4vTMWE1Yn2cGS,101914818722206,hcyen,2025-06-27T20:00:00.650000+00:00,"Taiwan, Province of China",121.4969417,25.0653253,0.0
738817638888418,VqZKl8IbB4vTMWE1Yn2cGS,101914818722206,hcyen,2025-06-27T20:00:00.584000+00:00,"Taiwan, Province of China",121.4995178,25.0572134,0.0
738820795290875,CPVvHeOhXqZrlW8azw0nA4,101914818722206,hcyen,2025-06-27T20:00:00.206000+00:00,"Taiwan, Province of China",121.4497515,25.060275,0.0
738928628527209,VqZKl8IbB4vTMWE1Yn2cGS,101914818722206,hcyen,2025-06-27T20:00:00.760000+00:00,"Taiwan, Province of China",121.4869207,25.0734514,0.0
739172781972371,CPVvHeOhXqZrlW8azw0nA4,101914818722206,hcyen,2025-06-27T20:00:00.085000+00:00,"Taiwan, Province of China",121.4403828,25.0495259,0.0
739361545159951,CPVvHeOhXqZrlW8azw0nA4,101914818722206,hcyen,2025-06-27T20:00:00.179000+00:00,"Taiwan, Province of China",121.4460249,25.0588746,0.0
739362741928062,VqZKl8IbB4vTMWE1Yn2cGS,101914818722206,hcyen,2025-06-27T20:00:00.719000+00:00,"Taiwan, Province of China",121.4911928,25.0719652,0.0
739451082372170,VqZKl8IbB4vTMWE1Yn2cGS,101914818722206,hcyen,2025-06-27T20:00:00.844000+00:00,"Taiwan, Province of China",121.4933157,25.0820741,0.0
739531008725959,CPVvHeOhXqZrlW8azw0nA4,101914818722206,hcyen,2025-06-27T20:00:00.086000+00:00,"Taiwan, Province of China",121.4403146,25.0496557,0.0
739572122158641,CPVvHeOhXqZrlW8azw0nA4,101914818722206,hcyen,2025-06-27T20:00:00.069000+00:00,"Taiwan, Province of China",121.4415046,25.0477059,0.0
739599701815182,CPVvHeOhXqZrlW8azw0nA4,101914818722206,hcyen,2025-06-27T20:00:00.203000+00:00,"Taiwan, Province of China",121.4491999,25.0602141,0.0
739682635223786,VqZKl8IbB4vTMWE1Yn2cGS,101914818722206,hcyen,2025-06-27T20:00:00.633000+00:00,"Taiwan, Province of China",121.4976241,25.0630505,0.0
739903555053190,CPVvHeOhXqZrlW8azw0nA4,101914818722206,hcyen,2025-06-27T20:00:00.031000+00:00,"Taiwan, Province of China",121.4400747,25.050004,0.0
739919435092821,CPVvHeOhXqZrlW8azw0nA4,101914818722206,hcyen,2025-06-27T20:00:00.306000+00:00,"Taiwan, Province of China",121.4644873,25.0610827,0.0
740013265153989,VqZKl8IbB4vTMWE1Yn2cGS,101914818722206,hcyen,2025-06-27T20:00:00.609000+00:00,"Taiwan, Province of China",121.4983578,25.0599789,0.0
740049478489695,CPVvHeOhXqZrlW8azw0nA4,101914818722206,hcyen,2025-06-27T20:00:00.180000+00:00,"Taiwan, Province of China",121.4461466,25.058967,0.0
740108321711588,CPVvHeOhXqZrlW8azw0nA4,101914818722206,hcyen,2025-06-27T20:00:00.217000+00:00,"Taiwan, Province of China",121.4512529,25.0604059,0.0
740111581803981,CPVvHeOhXqZrlW8azw0nA4,101914818722206,hcyen,2025-06-27T20:00:00.082000+00:00,"Taiwan, Province of China",121.4405724,25.0492109,0.0
740166645838342,VqZKl8IbB4vTMWE1Yn2cGS,101914818722206,hcyen,2025-06-27T20:00:00.963000+00:00,"Taiwan, Province of China",121.4877855,25.0926104,0.0
740422631830638,VqZKl8IbB4vTMWE1Yn2cGS,101914818722206,hcyen,2025-06-27T20:00:00.765000+00:00,"Taiwan, Province of China",121.4870779,25.0742289,0.0
740486205299173,VqZKl8IbB4vTMWE1Yn2cGS,101914818722206,hcyen,2025-06-27T20:00:00.672000+00:00,"Taiwan, Province of China",121.4961767,25.0681075,0.0
740982665036061,CPVvHeOhXqZrlW8azw0nA4,101914818722206,hcyen,2025-06-27T20:00:00.002000+00:00,"Taiwan, Province of China",121.438784,25.0511366,0.0
741075054956681,CPVvHeOhXqZrlW8azw0nA4,101914818722206,hcyen,2025-06-27T20:00:00.273000+00:00,"Taiwan, Province of China",121.4596512,25.0603836,0.0
741075795745269,VqZKl8IbB4vTMWE1Yn2cGS,101914818722206,hcyen,2025-06-27T20:00:00.768000+00:00,"Taiwan, Province of China",121.4871428,25.07451,0.0
741095158784553,VqZKl8IbB4vTMWE1Yn2cGS,101914818722206,hcyen,2025-06-27T20:00:00.623000+00:00,"Taiwan, Province of China",121.4979488,25.0618098,0.0
741256438283181,CPVvHeOhXqZrlW8azw0nA4,101914818722206,hcyen,2025-06-27T20:00:00.339000+00:00,"Taiwan, Province of China",121.4721746,25.0614243,0.0
741807741553614,CPVvHeOhXqZrlW8azw0nA4,101914818722206,hcyen,2025-06-27T20:00:00.046000+00:00,"Taiwan, Province of China",121.4416864,25.0490203,0.0
742190821639699,CPVvHeOhXqZrlW8azw0nA4,101914818722206,hcyen,2025-06-27T20:00:00.361000+00:00,"Taiwan, Province of China",121.4780412,25.061461,0.0
742234261606543,VqZKl8IbB4vTMWE1Yn2cGS,101914818722206,hcyen,2025-06-27T20:00:00.690000+00:00,"Taiwan, Province of China",121.4951096,25.0703322,0.0
742456431532118,VqZKl8IbB4vTMWE1Yn2cGS,101914818722206,hcyen,2025-06-27T20:00:00.796000+00:00,"Taiwan, Province of China",121.4895474,25.0776137,0.0
742927998105023,VqZKl8IbB4vTMWE1Yn2cGS,101914818722206,hcyen,2025-06-27T20:00:00.943000+00:00,"Taiwan, Province of China",121.4850048,25.0915534,0.0
743166151528025,VqZKl8IbB4vTMWE1Yn2cGS,101914818722206,hcyen,2025-06-27T20:00:00.672000+00:00,"Taiwan, Province of China",121.4961592,25.0681777,0.0
743174368224277,CPVvHeOhXqZrlW8azw0nA4,101914818722206,hcyen,2025-06-27T20:00:00.367000+00:00,"Taiwan, Province of China",121.4789136,25.0614539,0.0
743258984827447,VqZKl8IbB4vTMWE1Yn2cGS,101914818722206,hcyen,2025-06-27T20:00:00.781000+00:00,"Taiwan, Province of China",121.4883131,25.0760263,0.0
743452184764933,CPVvHeOhXqZrlW8azw0nA4,101914818722206,hcyen,2025-06-27T20:00:00.406000+00:00,"Taiwan, Province of China",121.4846827,25.0613616,0.0
743481034860077,CPVvHeOhXqZrlW8azw0nA4,101914818722206,hcyen,2025-06-27T20:00:00.419000+00:00,"Taiwan, Province of China",121.486676,25.0613819,0.0
744322728329750,VqZKl8IbB4vTMWE1Yn2cGS,101914818722206,hcyen,2025-06-27T20:00:00.907000+00:00,"Taiwan, Province of China",121.4868768,25.0882415,0.0
744322884660649,CPVvHeOhXqZrlW8azw0nA4,101914818722206,hcyen,2025-06-27T20:00:00.459000+00:00,"Taiwan, Province of China",121.4915652,25.0613238,0.0
744369411597807,CPVvHeOhXqZrlW8azw0nA4,101914818722206,hcyen,2025-06-27T20:00:00.168000+00:00,"Taiwan, Province of China",121.4447285,25.0580106,0.0
744494901388697,CPVvHeOhXqZrlW8azw0nA4,101914818722206,hcyen,2025-06-27T20:00:00.460000+00:00,"Taiwan, Province of China",121.4917239,25.061316,0.0
744654591508607,CPVvHeOhXqZrlW8azw0nA4,101914818722206,hcyen,2025-06-27T20:00:00.090000+00:00,"Taiwan, Province of China",121.440037,25.0500918,0.0
745896107906561,VqZKl8IbB4vTMWE1Yn2cGS,101914818722206,hcyen,2025-06-27T20:00:00.835000+00:00,"Taiwan, Province of China",121.4936245,25.0812473,0.0
747097481162775,CPVvHeOhXqZrlW8azw0nA4,101914818722206,hcyen,2025-06-27T20:00:00.444000+00:00,"Taiwan, Province of China",121.4902676,25.0613338,0.0
747246387761926,VqZKl8IbB4vTMWE1Yn2cGS,101914818722206,hcyen,2025-06-27T20:00:00.964000+00:00,"Taiwan, Province of China",121.4880288,25.092576,0.0
747447517780198,VqZKl8IbB4vTMWE1Yn2cGS,101914818722206,hcyen,2025-06-27T20:00:00.710000+00:00,"Taiwan, Province of China",121.49245,25.0718113,0.0
747948191142171,VqZKl8IbB4vTMWE1Yn2cGS,101914818722206,hcyen,2025-06-27T20:00:00.689000+00:00,"Taiwan, Province of China",121.4951513,25.0702709,0.0
747994047720500,VqZKl8IbB4vTMWE1Yn2cGS,101914818722206,hcyen,2025-06-27T20:00:00.976000+00:00,"Taiwan, Province of China",121.4892281,25.091658,0.0
748663640951268,CPVvHeOhXqZrlW8azw0nA4,101914818722206,hcyen,2025-06-27T20:00:00.057000+00:00,"Taiwan, Province of China",121.4420902,25.0479509,0.0
748728044270498,VqZKl8IbB4vTMWE1Yn2cGS,101914818722206,hcyen,2025-06-27T20:00:00.692000+00:00,"Taiwan, Province of China",121.4948601,25.0706109,0.0
748815964148912,VqZKl8IbB4vTMWE1Yn2cGS,101914818722206,hcyen,2025-06-27T20:00:00.793000+00:00,"Taiwan, Province of China",121.4893152,25.0773219,0.0
748863334260346,VqZKl8IbB4vTMWE1Yn2cGS,101914818722206,hcyen,2025-06-27T20:00:00.787000+00:00,"Taiwan, Province of China",121.4887621,25.0766196,0.0
749134244279694,VqZKl8IbB4vTMWE1Yn2cGS,101914818722206,hcyen,2025-06-27T20:00:00.568000+00:00,"Taiwan, Province of China",121.4987117,25.0582559,0.0
749180797669142,CPVvHeOhXqZrlW8azw0nA4,101914818722206,hcyen,2025-06-27T20:00:00.434000+00:00,"Taiwan, Province of China",121.4888576,25.0614482,0.0
749866020945388,CPVvHeOhXqZrlW8azw0nA4,101914818722206,hcyen,2025-06-27T20:00:00.171000+00:00,"Taiwan, Province of China",121.4452172,25.0582499,0.0
749946530890409,CPVvHeOhXqZrlW8azw0nA4,101914818722206,hcyen,2025-06-27T20:00:00.485000+00:00,"Taiwan, Province of China",121.4928616,25.0624523,0.0
749999804346828,VqZKl8IbB4vTMWE1Yn2cGS,101914818722206,hcyen,2025-06-27T20:00:00.727000+00:00,"Taiwan, Province of China",121.4900221,25.0721357,0.0
750081794139805,CPVvHeOhXqZrlW8azw0nA4,101914818722206,hcyen,2025-06-27T20:00:00.225000+00:00,"Taiwan, Province of China",121.4524436,25.0604304,0.0
750308907490428,CPVvHeOhXqZrlW8azw0nA4,101914818722206,hcyen,2025-06-27T20:00:00.408000+00:00,"Taiwan, Province of China",121.485,25.0613605,0.0
750452190778028,VqZKl8IbB4vTMWE1Yn2cGS,101914818722206,hcyen,2025-06-27T20:00:00.570000+00:00,"Taiwan, Province of China",121.4987695,25.0579729,0.0
750578110864949,CPVvHeOhXqZrlW8azw0nA4,101914818722206,hcyen,2025-06-27T20:00:00.103000+00:00,"Taiwan, Province of China",121.4391166,25.0516839,0.0
750662004057628,CPVvHeOhXqZrlW8azw0nA4,101914818722206,hcyen,2025-06-27T20:00:00.225000+00:00,"Taiwan, Province of China",121.4525229,25.0604338,0.0
751676384057559,VqZKl8IbB4vTMWE1Yn2cGS,101914818722206,hcyen,2025-06-27T20:00:00.990000+00:00,"Taiwan, Province of China",121.4881015,25.0899239,0.0
751690924203821,CPVvHeOhXqZrlW8azw0nA4,101914818722206,hcyen,2025-06-27T20:00:00.029000+00:00,"Taiwan, Province of China",121.4399583,25.0501903,0.0
752029284217271,CPVvHeOhXqZrlW8azw0nA4,101914818722206,hcyen,2025-06-27T20:00:00.130000+00:00,"Taiwan, Province of China",121.440659,25.054759,0.0
752967720417016,CPVvHeOhXqZrlW8azw0nA4,101914818722206,hcyen,2025-06-27T20:00:00.101000+00:00,"Taiwan, Province of China",121.4392277,25.0514929,0.0
753032203740150,VqZKl8IbB4vTMWE1Yn2cGS,101914818722206,hcyen,2025-06-27T20:00:00.764000+00:00,"Taiwan, Province of China",121.4870582,25.0740862,0.0
753074980560637,VqZKl8IbB4vTMWE1Yn2cGS,101914818722206,hcyen,2025-06-27T20:00:00.617000+00:00,"Taiwan, Province of China",121.4981311,25.0609645,0.0
753393543684949,VqZKl8IbB4vTMWE1Yn2cGS,101914818722206,hcyen,2025-06-27T20:00:00.825000+00:00,"Taiwan, Province of China",121.4924416,25.080525,0.0
753668050335013,VqZKl8IbB4vTMWE1Yn2cGS,101914818722206,hcyen,2025-06-27T20:00:00.661000+00:00,"Taiwan, Province of China",121.4965536,25.0667906,0.0
754007980333816,VqZKl8IbB4vTMWE1Yn2cGS,101914818722206,hcyen,2025-06-27T20:00:00.837000+00:00,"Taiwan, Province of China",121.4938916,25.0814021,0.0
754961743759469,CPVvHeOhXqZrlW8azw0nA4,101914818722206,hcyen,2025-06-27T20:00:00.404000+00:00,"Taiwan, Province of China",121.4843652,25.0613566,0.0
755331513688459,VqZKl8IbB4vTMWE1Yn2cGS,101914818722206,hcyen,2025-06-27T20:00:00.606000+00:00,"Taiwan, Province of China",121.4984712,25.059561,0.0
755402290385873,VqZKl8IbB4vTMWE1Yn2cGS,101914818722206,hcyen,2025-06-27T20:00:00.914000+00:00,"Taiwan, Province of China",121.4863625,25.0890183,0.0
755419436834529,VqZKl8IbB4vTMWE1Yn2cGS,101914818722206,hcyen,2025-06-27T20:00:00.834000+00:00,"Taiwan, Province of China",121.4934931,25.0811684,0.0
755491303706556,CPVvHeOhXqZrlW8azw0nA4,101914818722206,hcyen,2025-06-27T20:00:00.336000+00:00,"Taiwan, Province of China",121.4716194,25.0614399,0.0
755561907000622,CPVvHeOhXqZrlW8azw0nA4,101914818722206,hcyen,2025-06-27T20:00:00.117000+00:00,"Taiwan, Province of China",121.4396048,25.0533226,0.0
756760476858306,VqZKl8IbB4vTMWE1Yn2cGS,101914818722206,hcyen,2025-06-27T20:00:00.729000+00:00,"Taiwan, Province of China",121.4897049,25.072152,0.0
758257429870513,CPVvHeOhXqZrlW8azw0nA4,101914818722206,hcyen,2025-06-27T20:00:00.442000+00:00,"Taiwan, Province of China",121.4900316,25.061349,0.0
761108999602613,VqZKl8IbB4vTMWE1Yn2cGS,101914818722206,hcyen,2025-06-27T20:00:00.722000+00:00,"Taiwan, Province of China",121.4907281,25.0720593,0.0
762777143040226,VqZKl8IbB4vTMWE1Yn2cGS,101914818722206,hcyen,2025-06-27T20:00:00.726000+00:00,"Taiwan, Province of China",121.4901015,25.0721362,0.0
765238756434893,CPVvHeOhXqZrlW8azw0nA4,101914818722206,hcyen,2025-06-27T20:00:00.360000+00:00,"Taiwan, Province of China",121.4778031,25.0614564,0.0
765470025830522,CPVvHeOhXqZrlW8azw0nA4,101914818722206,hcyen,2025-06-27T20:00:00.385000+00:00,"Taiwan, Province of China",121.4815322,25.061431,0.0
765982655759334,VqZKl8IbB4vTMWE1Yn2cGS,101914818722206,hcyen,2025-06-27T20:00:00.875000+00:00,"Taiwan, Province of China",121.4902622,25.0851305,0.0
767803745917578,CPVvHeOhXqZrlW8azw0nA4,101914818722206,hcyen,2025-06-27T20:00:00.108000+00:00,"Taiwan, Province of China",121.4388002,25.0523456,0.0
768256145768106,CPVvHeOhXqZrlW8azw0nA4,101914818722206,hcyen,2025-06-27T20:00:00.140000+00:00,"Taiwan, Province of China",121.4415181,25.0558815,0.0
769225668865391,CPVvHeOhXqZrlW8azw0nA4,101914818722206,hcyen,2025-06-27T20:00:00.017000+00:00,"Taiwan, Province of China",121.4390561,25.0516547,0.0
771530745312547,CPVvHeOhXqZrlW8azw0nA4,101914818722206,hcyen,2025-06-27T20:00:00.018000+00:00,"Taiwan, Province of China",121.4391667,25.0514638,0.0
773358371784220,VqZKl8IbB4vTMWE1Yn2cGS,101914818722206,hcyen,2025-06-27T20:00:00.691000+00:00,"Taiwan, Province of China",121.4949618,25.0705006,0.0
776820471576193,CPVvHeOhXqZrlW8azw0nA4,101914818722206,hcyen,2025-06-27T20:00:00.237000+00:00,"Taiwan, Province of China",121.4542656,25.0603692,0.0
778021037895021,VqZKl8IbB4vTMWE1Yn2cGS,101914818722206,hcyen,2025-06-27T20:00:00.643000+00:00,"Taiwan, Province of China",121.4972915,25.0643731,0.0
783856580881538,VqZKl8IbB4vTMWE1Yn2cGS,101914818722206,hcyen,2025-06-27T20:00:00.838000+00:00,"Taiwan, Province of China",121.49399,25.0815738,0.0
792057973690263,CPVvHeOhXqZrlW8azw0nA4,101914818722206,hcyen,2025-06-27T20:00:00.042000+00:00,"Taiwan, Province of China",121.4410538,25.0489787,0.0
797875092570698,VqZKl8IbB4vTMWE1Yn2cGS,101914818722206,hcyen,2025-06-27T20:00:00.894000+00:00,"Taiwan, Province of China",121.4882354,25.0869444,0.0
814930687860700,VqZKl8IbB4vTMWE1Yn2cGS,101914818722206,hcyen,2025-06-27T20:00:00.698000+00:00,"Taiwan, Province of China",121.494085,25.0712177,0.0
887700860239895,VqZKl8IbB4vTMWE1Yn2cGS,101914818722206,hcyen,2025-06-27T20:00:00.571000+00:00,"Taiwan, Province of China",121.4988011,25.0578319,0.0
899543829036302,CPVvHeOhXqZrlW8azw0nA4,101914818722206,hcyen,2025-06-27T20:00:00.068000+00:00,"Taiwan, Province of China",121.4416303,25.0475227,0.0
900035652324329,CPVvHeOhXqZrlW8azw0nA4,101914818722206,hcyen,2025-06-27T20:00:00.381000+00:00,"Taiwan, Province of China",121.4809765,25.0614375,0.0
905732001720558,VqZKl8IbB4vTMWE1Yn2cGS,101914818722206,hcyen,2025-06-27T20:00:00.773000+00:00,"Taiwan, Province of China",121.4875248,25.0751364,0.0
908033171488300,VqZKl8IbB4vTMWE1Yn2cGS,101914818722206,hcyen,2025-06-27T20:00:00.584000+00:00,"Taiwan, Province of China",121.4995761,25.0572622,0.0
908390624778161,VqZKl8IbB4vTMWE1Yn2cGS,101914818722206,hcyen,2025-06-27T20:00:00.586000+00:00,"Taiwan, Province of China",121.4992661,25.0570388,0.0
919747360297248,VqZKl8IbB4vTMWE1Yn2cGS,101914818722206,hcyen,2025-06-27T20:00:00.899000+00:00,"Taiwan, Province of China",121.4876968,25.0874637,0.0
925076546414316,VqZKl8IbB4vTMWE1Yn2cGS,101914818722206,hcyen,2025-06-27T20:00:00.632000+00:00,"Taiwan, Province of China",121.4976593,25.0629106,0.0
930571995849012,VqZKl8IbB4vTMWE1Yn2cGS,101914818722206,hcyen,2025-06-27T20:00:00.676000+00:00,"Taiwan, Province of China",121.4960304,25.0686675,0.0
936173141961639,VqZKl8IbB4vTMWE1Yn2cGS,101914818722206,hcyen,2025-06-27T20:00:00.541000+00:00,"Taiwan, Province of China",121.4978149,25.0616774,0.0
936880685230576,CPVvHeOhXqZrlW8azw0nA4,101914818722206,hcyen,2025-06-27T20:00:00.468000+00:00,"Taiwan, Province of China",121.4926979,25.0608802,0.0
943230027881856,VqZKl8IbB4vTMWE1Yn2cGS,101914818722206,hcyen,2025-06-27T20:00:00.751000+00:00,"Taiwan, Province of China",121.4870174,25.0723113,0.0
950175163841479,VqZKl8IbB4vTMWE1Yn2cGS,101914818722206,hcyen,2025-06-27T20:00:00.958000+00:00,"Taiwan, Province of China",121.48705,25.0923397,0.0
958911839581283,CPVvHeOhXqZrlW8azw0nA4,101914818722206,hcyen,2025-06-27T20:00:00.220000+00:00,"Taiwan, Province of China",121.4518083,25.0604254,0.0
962910329198931,VqZKl8IbB4vTMWE1Yn2cGS,101914818722206,hcyen,2025-06-27T20:00:00.786000+00:00,"Taiwan, Province of China",121.488716,25.076561,0.0
963036562500783,VqZKl8IbB4vTMWE1Yn2cGS,101914818722206,hcyen,2025-06-27T20:00:00.724000+00:00,"Taiwan, Province of China",121.490416,25.0721122,0.0
970509135051358,CPVvHeOhXqZrlW8azw0nA4,101914818722206,hcyen,2025-06-27T20:00:00.425000+00:00,"Taiwan, Province of China",121.4874592,25.0614005,0.0
970745821692323,CPVvHeOhXqZrlW8azw0nA4,101914818722206,hcyen,2025-06-27T20:00:00.493000+00:00,"Taiwan, Province of China",121.4936892,25.0632182,0.0
975543191200934,VqZKl8IbB4vTMWE1Yn2cGS,101914818722206,hcyen,2025-06-27T20:00:00.716000+00:00,"Taiwan, Province of China",121.4916623,25.0719024,0.0
977447317674718,CPVvHeOhXqZrlW8azw0nA4,101914818722206,hcyen,2025-06-27T20:00:00.040000+00:00,"Taiwan, Province of China",121.4407508,25.0489512,0.0
979266774159462,CPVvHeOhXqZrlW8azw0nA4,101914818722206,hcyen,2025-06-27T20:00:00.233000+00:00,"Taiwan, Province of China",121.453633,25.0604174,0.0
980202150720248,CPVvHeOhXqZrlW8azw0nA4,101914818722206,hcyen,2025-06-27T20:00:00.474000+00:00,"Taiwan, Province of China",121.4930875,25.0613801,0.0
980402944042645,CPVvHeOhXqZrlW8azw0nA4,101914818722206,hcyen,2025-06-27T20:00:00.474000+00:00,"Taiwan, Province of China",121.493066,25.0614494,0.0
983643077048417,CPVvHeOhXqZrlW8azw0nA4,101914818722206,hcyen,2025-06-27T20:00:00.440000+00:00,"Taiwan, Province of China",121.4896349,25.0613573,0.0
985110987062577,VqZKl8IbB4vTMWE1Yn2cGS,101914818722206,hcyen,2025-06-27T20:00:00.605000+00:00,"Taiwan, Province of China",121.4985068,25.0594208,0.0
988873796501376,CPVvHeOhXqZrlW8azw0nA4,101914818722206,hcyen,2025-06-27T20:00:00.462000+00:00,"Taiwan, Province of China",121.4920411,25.0613042,0.0
989755646405292,CPVvHeOhXqZrlW8azw0nA4,101914818722206,hcyen,2025-06-27T20:00:00.246000+00:00,"Taiwan, Province of China",121.4556944,25.0603767,0.0
994196852610692,VqZKl8IbB4vTMWE1Yn2cGS,101914818722206,hcyen,2025-06-27T20:00:00.704000+00:00,"Taiwan, Province of China",121.4933605,25.0716557,0.0
998487735695319,CPVvHeOhXqZrlW8azw0nA4,101914818722206,hcyen,2025-06-27T20:00:00.315000+00:00,"Taiwan, Province of China",121.4686027,25.0614186,0.0
1003281125003709,CPVvHeOhXqZrlW8azw0nA4,101914818722206,hcyen,2025-06-27T20:00:00.059000+00:00,"Taiwan, Province of China",121.4420951,25.0476633,0.0
1003392571869032,VqZKl8IbB4vTMWE1Yn2cGS,101914818722206,hcyen,2025-06-27T20:00:00.879000+00:00,"Taiwan, Province of China",121.4898299,25.0855486,0.0
1003678435174887,CPVvHeOhXqZrlW8azw0nA4,101914818722206,hcyen,2025-06-27T20:00:00.483000+00:00,"Taiwan, Province of China",121.4926929,25.0622119,0.0
1003992641816940,VqZKl8IbB4vTMWE1Yn2cGS,101914818722206,hcyen,2025-06-27T20:00:00.714000+00:00,"Taiwan, Province of China",121.4918983,25.0718727,0.0
1004685468193205,CPVvHeOhXqZrlW8azw0nA4,101914818722206,hcyen,2025-06-27T20:00:00.173000+00:00,"Taiwan, Province of China",121.4454277,25.0583501,0.0
1005281518346579,VqZKl8IbB4vTMWE1Yn2cGS,101914818722206,hcyen,2025-06-27T20:00:00.965000+00:00,"Taiwan, Province of China",121.4881406,25.0924739,0.0
1005665298116035,CPVvHeOhXqZrlW8azw0nA4,101914818722206,hcyen,2025-06-27T20:00:00.335000+00:00,"Taiwan, Province of China",121.47154,25.0614373,0.0
1009262761278472,CPVvHeOhXqZrlW8azw0nA4,101914818722206,hcyen,2025-06-27T20:00:00.177000+00:00,"Taiwan, Province of China",121.4458846,25.0586254,0.0
1009267594613110,CPVvHeOhXqZrlW8azw0nA4,101914818722206,hcyen,2025-06-27T20:00:00.199000+00:00,"Taiwan, Province of China",121.4486494,25.0601452,0.0
1012405550966840,CPVvHeOhXqZrlW8azw0nA4,101914818722206,hcyen,2025-06-27T20:00:00.382000+00:00,"Taiwan, Province of China",121.4811353,25.0614368,0.0
1013105354326542,CPVvHeOhXqZrlW8azw0nA4,101914818722206,hcyen,2025-06-27T20:00:00.121000+00:00,"Taiwan, Province of China",121.4399321,25.0537296,0.0
1013812593885017,CPVvHeOhXqZrlW8azw0nA4,101914818722206,hcyen,2025-06-27T20:00:00.258000+00:00,"Taiwan, Province of China",121.4574398,25.0603849,0.0
1014605013806486,CPVvHeOhXqZrlW8azw0nA4,101914818722206,hcyen,2025-06-27T20:00:00.274000+00:00,"Taiwan, Province of China",121.4598085,25.0604037,0.0
1017015150262273,VqZKl8IbB4vTMWE1Yn2cGS,101914818722206,hcyen,2025-06-27T20:00:00.758000+00:00,"Taiwan, Province of China",121.4868946,25.0732375,0.0
1018481690365543,CPVvHeOhXqZrlW8azw0nA4,101914818722206,hcyen,2025-06-27T20:00:00.037000+00:00,"Taiwan, Province of China",121.4405349,25.0492495,0.0
1018887150453261,VqZKl8IbB4vTMWE1Yn2cGS,101914818722206,hcyen,2025-06-27T20:00:00.812000+00:00,"Taiwan, Province of China",121.4909676,25.0793461,0.0
1021307723422020,VqZKl8IbB4vTMWE1Yn2cGS,101914818722206,hcyen,2025-06-27T20:00:00.908000+00:00,"Taiwan, Province of China",121.4867603,25.0883394,0.0
1021437030147909,CPVvHeOhXqZrlW8azw0nA4,101914818722206,hcyen,2025-06-27T20:00:00.354000+00:00,"Taiwan, Province of China",121.474396,25.0614216,0.0
1021617566622661,VqZKl8IbB4vTMWE1Yn2cGS,101914818722206,hcyen,2025-06-27T20:00:00.790000+00:00,"Taiwan, Province of China",121.4890933,25.077024,0.0
1021979153057736,CPVvHeOhXqZrlW8azw0nA4,101914818722206,hcyen,2025-06-27T20:00:00.530000+00:00,"Taiwan, Province of China",121.4974777,25.0631981,0.0
1022257633311846,CPVvHeOhXqZrlW8azw0nA4,101914818722206,hcyen,2025-06-27T20:00:00.204000+00:00,"Taiwan, Province of China",121.4494363,25.0602409,0.0
499203449918889,6PXzcZFVf2ipDUxSQvs8hg,101914818722206,hcyen,2025-06-27T21:00:00.878000+00:00,"Taiwan, Province of China",121.4441038,25.0809083,0.0
499539329883861,dOtyUEmsePJZwuYR62Knbp,101914818722206,hcyen,2025-06-27T21:00:00.499000+00:00,"Taiwan, Province of China",121.4805916,25.0733666,0.0
500054519830943,6PXzcZFVf2ipDUxSQvs8hg,101914818722206,hcyen,2025-06-27T21:00:00.924000+00:00,"Taiwan, Province of China",121.453542,25.0738663,0.0
500485503122673,6PXzcZFVf2ipDUxSQvs8hg,101914818722206,hcyen,2025-06-27T21:00:00.962000+00:00,"Taiwan, Province of China",121.4624265,25.0672135,0.0
513319995140992,6PXzcZFVf2ipDUxSQvs8hg,101914818722206,hcyen,2025-06-27T21:00:00.988000+00:00,"Taiwan, Province of China",121.4672068,25.0646481,0.0
513546321785381,0c7LOmTgjMSBUrqtfRGkz3,101914818722206,hcyen,2025-06-27T21:00:00.275000+00:00,"Taiwan, Province of China",121.4915756,25.0695044,0.0
513899741749321,dOtyUEmsePJZwuYR62Knbp,101914818722206,hcyen,2025-06-27T21:00:00.657000+00:00,"Taiwan, Province of China",121.4482197,25.0718738,0.0
513950508412211,dOtyUEmsePJZwuYR62Knbp,101914818722206,hcyen,2025-06-27T21:00:00.714000+00:00,"Taiwan, Province of China",121.4370833,25.0714917,0.0
514099555064628,dOtyUEmsePJZwuYR62Knbp,101914818722206,hcyen,2025-06-27T21:00:00.482000+00:00,"Taiwan, Province of China",121.4841556,25.0735237,0.0
514276621706595,6PXzcZFVf2ipDUxSQvs8hg,101914818722206,hcyen,2025-06-27T21:00:00.961000+00:00,"Taiwan, Province of China",121.4622222,25.0673236,0.0
517181718084107,0c7LOmTgjMSBUrqtfRGkz3,101914818722206,hcyen,2025-06-27T21:00:00.343000+00:00,"Taiwan, Province of China",121.4915251,25.0668622,0.0
527706760336385,6PXzcZFVf2ipDUxSQvs8hg,101914818722206,hcyen,2025-06-27T21:00:00.874000+00:00,"Taiwan, Province of China",121.4433419,25.0811111,0.0
527737457001051,0c7LOmTgjMSBUrqtfRGkz3,101914818722206,hcyen,2025-06-27T21:00:00.126000+00:00,"Taiwan, Province of China",121.4819477,25.0855611,0.0
528178186957372,dOtyUEmsePJZwuYR62Knbp,101914818722206,hcyen,2025-06-27T21:00:00.513000+00:00,"Taiwan, Province of China",121.4777641,25.0737416,0.0
528473910255525,6PXzcZFVf2ipDUxSQvs8hg,101914818722206,hcyen,2025-06-27T21:00:00.763000+00:00,"Taiwan, Province of China",121.4393828,25.0804069,0.0
529294306843228,dOtyUEmsePJZwuYR62Knbp,101914818722206,hcyen,2025-06-27T21:00:00.385000+00:00,"Taiwan, Province of China",121.4930472,25.0716888,0.0
542520412160607,0c7LOmTgjMSBUrqtfRGkz3,101914818722206,hcyen,2025-06-27T21:00:00.069000+00:00,"Taiwan, Province of China",121.476083,25.081698,0.0
542614055486574,0c7LOmTgjMSBUrqtfRGkz3,101914818722206,hcyen,2025-06-27T21:00:00.199000+00:00,"Taiwan, Province of China",121.487651,25.0819871,0.0
543042092109888,0c7LOmTgjMSBUrqtfRGkz3,101914818722206,hcyen,2025-06-27T21:00:00.253000+00:00,"Taiwan, Province of China",121.4927109,25.0731207,0.0
543620108833730,dOtyUEmsePJZwuYR62Knbp,101914818722206,hcyen,2025-06-27T21:00:00.459000+00:00,"Taiwan, Province of China",121.4890043,25.0746098,0.0
547282855005722,0c7LOmTgjMSBUrqtfRGkz3,101914818722206,hcyen,2025-06-27T21:00:00.049000+00:00,"Taiwan, Province of China",121.4803856,25.0827173,0.0
548669438199516,0c7LOmTgjMSBUrqtfRGkz3,101914818722206,hcyen,2025-06-27T21:00:00.095000+00:00,"Taiwan, Province of China",121.4789693,25.0810218,0.0
555379547512237,0c7LOmTgjMSBUrqtfRGkz3,101914818722206,hcyen,2025-06-27T21:00:00.143000+00:00,"Taiwan, Province of China",121.4840553,25.0880687,0.0
556695687377412,dOtyUEmsePJZwuYR62Knbp,101914818722206,hcyen,2025-06-27T21:00:00.477000+00:00,"Taiwan, Province of China",121.4853249,25.0737296,0.0
558575087191033,dOtyUEmsePJZwuYR62Knbp,101914818722206,hcyen,2025-06-27T21:00:00.598000+00:00,"Taiwan, Province of China",121.4601779,25.0752849,0.0
569424012904546,dOtyUEmsePJZwuYR62Knbp,101914818722206,hcyen,2025-06-27T21:00:00.557000+00:00,"Taiwan, Province of China",121.468759,25.0757953,0.0
569449406244275,0c7LOmTgjMSBUrqtfRGkz3,101914818722206,hcyen,2025-06-27T21:00:00.214000+00:00,"Taiwan, Province of China",121.4892977,25.0796311,0.0
570558332799331,0c7LOmTgjMSBUrqtfRGkz3,101914818722206,hcyen,2025-06-27T21:00:00.178000+00:00,"Taiwan, Province of China",121.4889094,25.0856431,0.0
570896095904126,0c7LOmTgjMSBUrqtfRGkz3,101914818722206,hcyen,2025-06-27T21:00:00.374000+00:00,"Taiwan, Province of China",121.4917412,25.0699809,0.0
570945579215125,dOtyUEmsePJZwuYR62Knbp,101914818722206,hcyen,2025-06-27T21:00:00.483000+00:00,"Taiwan, Province of China",121.4839987,25.0735013,0.0
571598496006910,0c7LOmTgjMSBUrqtfRGkz3,101914818722206,hcyen,2025-06-27T21:00:00.353000+00:00,"Taiwan, Province of China",121.4901177,25.0659369,0.0
572529572387310,6PXzcZFVf2ipDUxSQvs8hg,101914818722206,hcyen,2025-06-27T21:00:00.863000+00:00,"Taiwan, Province of China",121.4410867,25.0817897,0.0
573090182535441,6PXzcZFVf2ipDUxSQvs8hg,101914818722206,hcyen,2025-06-27T21:00:00.897000+00:00,"Taiwan, Province of China",121.4477175,25.0793187,0.0
573141962342361,dOtyUEmsePJZwuYR62Knbp,101914818722206,hcyen,2025-06-27T21:00:00.637000+00:00,"Taiwan, Province of China",121.4523314,25.0729551,0.0
573912399122329,dOtyUEmsePJZwuYR62Knbp,101914818722206,hcyen,2025-06-27T21:00:00.556000+00:00,"Taiwan, Province of China",121.4689154,25.0757699,0.0
574526218844202,6PXzcZFVf2ipDUxSQvs8hg,101914818722206,hcyen,2025-06-27T21:00:00.983000+00:00,"Taiwan, Province of China",121.4663246,25.0651336,0.0
575133362338887,6PXzcZFVf2ipDUxSQvs8hg,101914818722206,hcyen,2025-06-27T21:00:00.778000+00:00,"Taiwan, Province of China",121.4410523,25.0829355,0.0
575723465376048,6PXzcZFVf2ipDUxSQvs8hg,101914818722206,hcyen,2025-06-27T21:00:00.776000+00:00,"Taiwan, Province of China",121.4408866,25.08269,0.0
575833098702715,dOtyUEmsePJZwuYR62Knbp,101914818722206,hcyen,2025-06-27T21:00:00.529000+00:00,"Taiwan, Province of China",121.4745435,25.0745252,0.0
575844762269127,6PXzcZFVf2ipDUxSQvs8hg,101914818722206,hcyen,2025-06-27T21:00:00.836000+00:00,"Taiwan, Province of China",121.4428176,25.0858677,0.0
576053032020209,dOtyUEmsePJZwuYR62Knbp,101914818722206,hcyen,2025-06-27T21:00:00.466000+00:00,"Taiwan, Province of China",121.4876231,25.0742875,0.0
576078675576481,dOtyUEmsePJZwuYR62Knbp,101914818722206,hcyen,2025-06-27T21:00:00.700000+00:00,"Taiwan, Province of China",121.4391306,25.0701527,0.0
576124775320804,0c7LOmTgjMSBUrqtfRGkz3,101914818722206,hcyen,2025-06-27T21:00:00.188000+00:00,"Taiwan, Province of China",121.4877072,25.0841466,0.0
576975755236271,6PXzcZFVf2ipDUxSQvs8hg,101914818722206,hcyen,2025-06-27T21:00:00.874000+00:00,"Taiwan, Province of China",121.4432656,25.0811314,0.0
577511898527841,dOtyUEmsePJZwuYR62Knbp,101914818722206,hcyen,2025-06-27T21:00:00.582000+00:00,"Taiwan, Province of China",121.4633719,25.0758476,0.0
578098862022266,dOtyUEmsePJZwuYR62Knbp,101914818722206,hcyen,2025-06-27T21:00:00.611000+00:00,"Taiwan, Province of China",121.457452,25.074504,0.0
578566195307888,dOtyUEmsePJZwuYR62Knbp,101914818722206,hcyen,2025-06-27T21:00:00.630000+00:00,"Taiwan, Province of China",121.4536041,25.0733622,0.0
579341774985157,dOtyUEmsePJZwuYR62Knbp,101914818722206,hcyen,2025-06-27T21:00:00.520000+00:00,"Taiwan, Province of China",121.4763761,25.0740502,0.0
579739745210241,0c7LOmTgjMSBUrqtfRGkz3,101914818722206,hcyen,2025-06-27T21:00:00.181000+00:00,"Taiwan, Province of China",121.4884839,25.0852168,0.0
580621754847960,dOtyUEmsePJZwuYR62Knbp,101914818722206,hcyen,2025-06-27T21:00:00.517000+00:00,"Taiwan, Province of China",121.4769906,25.0739051,0.0
580689841510125,0c7LOmTgjMSBUrqtfRGkz3,101914818722206,hcyen,2025-06-27T21:00:00.079000+00:00,"Taiwan, Province of China",121.4753414,25.0815731,0.0
580935578401850,6PXzcZFVf2ipDUxSQvs8hg,101914818722206,hcyen,2025-06-27T21:00:00.856000+00:00,"Taiwan, Province of China",121.4407009,25.0827009,0.0
581093764793885,dOtyUEmsePJZwuYR62Knbp,101914818722206,hcyen,2025-06-27T21:00:00.400000+00:00,"Taiwan, Province of China",121.4943965,25.0744149,0.0
581117511522730,dOtyUEmsePJZwuYR62Knbp,101914818722206,hcyen,2025-06-27T21:00:00.559000+00:00,"Taiwan, Province of China",121.4683653,25.0758424,0.0
581124028111682,dOtyUEmsePJZwuYR62Knbp,101914818722206,hcyen,2025-06-27T21:00:00.394000+00:00,"Taiwan, Province of China",121.4941932,25.0733589,0.0
581294241723078,6PXzcZFVf2ipDUxSQvs8hg,101914818722206,hcyen,2025-06-27T21:00:00.766000+00:00,"Taiwan, Province of China",121.4396772,25.0809161,0.0
581954914720854,6PXzcZFVf2ipDUxSQvs8hg,101914818722206,hcyen,2025-06-27T21:00:00.895000+00:00,"Taiwan, Province of China",121.4475028,25.0796205,0.0
582568894923032,6PXzcZFVf2ipDUxSQvs8hg,101914818722206,hcyen,2025-06-27T21:00:00.903000+00:00,"Taiwan, Province of China",121.4504961,25.0768859,0.0
582634647958270,dOtyUEmsePJZwuYR62Knbp,101914818722206,hcyen,2025-06-27T21:00:00.644000+00:00,"Taiwan, Province of China",121.4507459,25.0724894,0.0
583222517878435,6PXzcZFVf2ipDUxSQvs8hg,101914818722206,hcyen,2025-06-27T21:00:00.842000+00:00,"Taiwan, Province of China",121.4421365,25.0848973,0.0
583337161499838,dOtyUEmsePJZwuYR62Knbp,101914818722206,hcyen,2025-06-27T21:00:00.615000+00:00,"Taiwan, Province of China",121.456621,25.07426,0.0
583451047855827,0c7LOmTgjMSBUrqtfRGkz3,101914818722206,hcyen,2025-06-27T21:00:00.182000+00:00,"Taiwan, Province of China",121.4882822,25.085,0.0
583695034794086,dOtyUEmsePJZwuYR62Knbp,101914818722206,hcyen,2025-06-27T21:00:00.583000+00:00,"Taiwan, Province of China",121.4632931,25.0758385,0.0
583989238100367,6PXzcZFVf2ipDUxSQvs8hg,101914818722206,hcyen,2025-06-27T21:00:00.981000+00:00,"Taiwan, Province of China",121.465863,25.0654136,0.0
584118937791442,0c7LOmTgjMSBUrqtfRGkz3,101914818722206,hcyen,2025-06-27T21:00:00.347000+00:00,"Taiwan, Province of China",121.4909796,25.0662836,0.0
585614737619772,0c7LOmTgjMSBUrqtfRGkz3,101914818722206,hcyen,2025-06-27T21:00:00.207000+00:00,"Taiwan, Province of China",121.4885512,25.0807182,0.0
585701211251721,0c7LOmTgjMSBUrqtfRGkz3,101914818722206,hcyen,2025-06-27T21:00:00.270000+00:00,"Taiwan, Province of China",121.4919683,25.0704418,0.0
585710250945578,6PXzcZFVf2ipDUxSQvs8hg,101914818722206,hcyen,2025-06-27T21:00:00.898000+00:00,"Taiwan, Province of China",121.4478314,25.0791293,0.0
585843751251139,0c7LOmTgjMSBUrqtfRGkz3,101914818722206,hcyen,2025-06-27T21:00:00.119000+00:00,"Taiwan, Province of China",121.4812812,25.0844214,0.0
586589640847319,0c7LOmTgjMSBUrqtfRGkz3,101914818722206,hcyen,2025-06-27T21:00:00.016000+00:00,"Taiwan, Province of China",121.4838798,25.0880204,0.0
586721287822894,dOtyUEmsePJZwuYR62Knbp,101914818722206,hcyen,2025-06-27T21:00:00.524000+00:00,"Taiwan, Province of China",121.475538,25.0742734,0.0
587038674480221,dOtyUEmsePJZwuYR62Knbp,101914818722206,hcyen,2025-06-27T21:00:00.724000+00:00,"Taiwan, Province of China",121.4369528,25.0734198,0.0
587040877469480,0c7LOmTgjMSBUrqtfRGkz3,101914818722206,hcyen,2025-06-27T21:00:00.374000+00:00,"Taiwan, Province of China",121.4916461,25.0698657,0.0
587224827443378,6PXzcZFVf2ipDUxSQvs8hg,101914818722206,hcyen,2025-06-27T21:00:00.965000+00:00,"Taiwan, Province of China",121.4629128,25.0669695,0.0
588218054015761,6PXzcZFVf2ipDUxSQvs8hg,101914818722206,hcyen,2025-06-27T21:00:00.892000+00:00,"Taiwan, Province of China",121.4469392,25.0800081,0.0
588488484305078,0c7LOmTgjMSBUrqtfRGkz3,101914818722206,hcyen,2025-06-27T21:00:00.115000+00:00,"Taiwan, Province of China",121.4809511,25.0836111,0.0
589132540905313,6PXzcZFVf2ipDUxSQvs8hg,101914818722206,hcyen,2025-06-27T21:00:00.926000+00:00,"Taiwan, Province of China",121.4538607,25.0735454,0.0
589399683890060,dOtyUEmsePJZwuYR62Knbp,101914818722206,hcyen,2025-06-27T21:00:00.545000+00:00,"Taiwan, Province of China",121.471252,25.0753496,0.0
590108507125667,dOtyUEmsePJZwuYR62Knbp,101914818722206,hcyen,2025-06-27T21:00:00.638000+00:00,"Taiwan, Province of China",121.4520318,25.0728594,0.0
590171300455944,6PXzcZFVf2ipDUxSQvs8hg,101914818722206,hcyen,2025-06-27T21:00:00.786000+00:00,"Taiwan, Province of China",121.4419742,25.0842779,0.0
590623577419628,0c7LOmTgjMSBUrqtfRGkz3,101914818722206,hcyen,2025-06-27T21:00:00.241000+00:00,"Taiwan, Province of China",121.4915239,25.0749651,0.0
590697527412426,6PXzcZFVf2ipDUxSQvs8hg,101914818722206,hcyen,2025-06-27T21:00:00.890000+00:00,"Taiwan, Province of China",121.4466438,25.0801131,0.0
590767174084265,dOtyUEmsePJZwuYR62Knbp,101914818722206,hcyen,2025-06-27T21:00:00.390000+00:00,"Taiwan, Province of China",121.4936631,25.0724345,0.0
590878680369688,0c7LOmTgjMSBUrqtfRGkz3,101914818722206,hcyen,2025-06-27T21:00:00.136000+00:00,"Taiwan, Province of China",121.4831006,25.0870131,0.0
591813016946859,dOtyUEmsePJZwuYR62Knbp,101914818722206,hcyen,2025-06-27T21:00:00.410000+00:00,"Taiwan, Province of China",121.4945443,25.0762629,0.0
591902023648696,0c7LOmTgjMSBUrqtfRGkz3,101914818722206,hcyen,2025-06-27T21:00:00.335000+00:00,"Taiwan, Province of China",121.491853,25.0680435,0.0
592092463940015,0c7LOmTgjMSBUrqtfRGkz3,101914818722206,hcyen,2025-06-27T21:00:00.114000+00:00,"Taiwan, Province of China",121.4808627,25.0834113,0.0
592584613537064,dOtyUEmsePJZwuYR62Knbp,101914818722206,hcyen,2025-06-27T21:00:00.397000+00:00,"Taiwan, Province of China",121.4943259,25.0738448,0.0
592756303890828,0c7LOmTgjMSBUrqtfRGkz3,101914818722206,hcyen,2025-06-27T21:00:00.356000+00:00,"Taiwan, Province of China",121.4896469,25.0660356,0.0
592862003472407,6PXzcZFVf2ipDUxSQvs8hg,101914818722206,hcyen,2025-06-27T21:00:00.833000+00:00,"Taiwan, Province of China",121.4431628,25.0863506,0.0
593707630461244,dOtyUEmsePJZwuYR62Knbp,101914818722206,hcyen,2025-06-27T21:00:00.422000+00:00,"Taiwan, Province of China",121.4963552,25.0766478,0.0
593807940048251,0c7LOmTgjMSBUrqtfRGkz3,101914818722206,hcyen,2025-06-27T21:00:00.062000+00:00,"Taiwan, Province of China",121.4774724,25.0814383,0.0
594165166689916,dOtyUEmsePJZwuYR62Knbp,101914818722206,hcyen,2025-06-27T21:00:00.673000+00:00,"Taiwan, Province of China",121.4445202,25.0708716,0.0
594530817027248,dOtyUEmsePJZwuYR62Knbp,101914818722206,hcyen,2025-06-27T21:00:00.607000+00:00,"Taiwan, Province of China",121.4582841,25.0747452,0.0
594805900334097,dOtyUEmsePJZwuYR62Knbp,101914818722206,hcyen,2025-06-27T21:00:00.431000+00:00,"Taiwan, Province of China",121.4945985,25.0759787,0.0
595330240282283,dOtyUEmsePJZwuYR62Knbp,101914818722206,hcyen,2025-06-27T21:00:00.641000+00:00,"Taiwan, Province of China",121.4515025,25.0727055,0.0
595905746892902,0c7LOmTgjMSBUrqtfRGkz3,101914818722206,hcyen,2025-06-27T21:00:00.230000+00:00,"Taiwan, Province of China",121.4910113,25.0768447,0.0
596807503468971,dOtyUEmsePJZwuYR62Knbp,101914818722206,hcyen,2025-06-27T21:00:00.434000+00:00,"Taiwan, Province of China",121.4941329,25.0758869,0.0
596900690128999,0c7LOmTgjMSBUrqtfRGkz3,101914818722206,hcyen,2025-06-27T21:00:00.257000+00:00,"Taiwan, Province of China",121.4934478,25.0725438,0.0
596992140129985,0c7LOmTgjMSBUrqtfRGkz3,101914818722206,hcyen,2025-06-27T21:00:00.064000+00:00,"Taiwan, Province of China",121.4772476,25.0815089,0.0
598620473285112,dOtyUEmsePJZwuYR62Knbp,101914818722206,hcyen,2025-06-27T21:00:00.612000+00:00,"Taiwan, Province of China",121.4573005,25.0744607,0.0
599953749394061,dOtyUEmsePJZwuYR62Knbp,101914818722206,hcyen,2025-06-27T21:00:00.649000+00:00,"Taiwan, Province of China",121.4498188,25.0722895,0.0
600244493120403,0c7LOmTgjMSBUrqtfRGkz3,101914818722206,hcyen,2025-06-27T21:00:00.156000+00:00,"Taiwan, Province of China",121.4864508,25.0887701,0.0
600770709745417,dOtyUEmsePJZwuYR62Knbp,101914818722206,hcyen,2025-06-27T21:00:00.657000+00:00,"Taiwan, Province of China",121.4481438,25.0718525,0.0
601006176366631,0c7LOmTgjMSBUrqtfRGkz3,101914818722206,hcyen,2025-06-27T21:00:00.182000+00:00,"Taiwan, Province of China",121.4883764,25.0851124,0.0
601159896350491,0c7LOmTgjMSBUrqtfRGkz3,101914818722206,hcyen,2025-06-27T21:00:00.337000+00:00,"Taiwan, Province of China",121.4920997,25.0678627,0.0
601620329646756,0c7LOmTgjMSBUrqtfRGkz3,101914818722206,hcyen,2025-06-27T21:00:00.247000+00:00,"Taiwan, Province of China",121.4917717,25.0737795,0.0
602509835777252,dOtyUEmsePJZwuYR62Knbp,101914818722206,hcyen,2025-06-27T21:00:00.631000+00:00,"Taiwan, Province of China",121.4534528,25.0733183,0.0
602827849080511,dOtyUEmsePJZwuYR62Knbp,101914818722206,hcyen,2025-06-27T21:00:00.743000+00:00,"Taiwan, Province of China",121.4377227,25.0770664,0.0
602930059069001,6PXzcZFVf2ipDUxSQvs8hg,101914818722206,hcyen,2025-06-27T21:00:00.808000+00:00,"Taiwan, Province of China",121.4442266,25.0878085,0.0
603095466155399,6PXzcZFVf2ipDUxSQvs8hg,101914818722206,hcyen,2025-06-27T21:00:00.934000+00:00,"Taiwan, Province of China",121.454842,25.0725071,0.0
603325465696486,0c7LOmTgjMSBUrqtfRGkz3,101914818722206,hcyen,2025-06-27T21:00:00.308000+00:00,"Taiwan, Province of China",121.4882136,25.070333,0.0
603686246087358,dOtyUEmsePJZwuYR62Knbp,101914818722206,hcyen,2025-06-27T21:00:00.453000+00:00,"Taiwan, Province of China",121.490155,25.0748894,0.0
603711008992492,dOtyUEmsePJZwuYR62Knbp,101914818722206,hcyen,2025-06-27T21:00:00.673000+00:00,"Taiwan, Province of China",121.4445968,25.0708907,0.0
603983682307106,dOtyUEmsePJZwuYR62Knbp,101914818722206,hcyen,2025-06-27T21:00:00.700000+00:00,"Taiwan, Province of China",121.4392587,25.0700675,0.0
604222482714211,6PXzcZFVf2ipDUxSQvs8hg,101914818722206,hcyen,2025-06-27T21:00:00.790000+00:00,"Taiwan, Province of China",121.4423429,25.0848317,0.0
604897272212207,0c7LOmTgjMSBUrqtfRGkz3,101914818722206,hcyen,2025-06-27T21:00:00.342000+00:00,"Taiwan, Province of China",121.4917043,25.0670998,0.0
605272932605181,dOtyUEmsePJZwuYR62Knbp,101914818722206,hcyen,2025-06-27T21:00:00.667000+00:00,"Taiwan, Province of China",121.4458914,25.0712312,0.0
605364692602001,0c7LOmTgjMSBUrqtfRGkz3,101914818722206,hcyen,2025-06-27T21:00:00.086000+00:00,"Taiwan, Province of China",121.4771326,25.0814777,0.0
605370155920017,6PXzcZFVf2ipDUxSQvs8hg,101914818722206,hcyen,2025-06-27T21:00:00.806000+00:00,"Taiwan, Province of China",121.4441358,25.087609,0.0
606105285422842,dOtyUEmsePJZwuYR62Knbp,101914818722206,hcyen,2025-06-27T21:00:00.631000+00:00,"Taiwan, Province of China",121.4535285,25.0733402,0.0
606192782050724,0c7LOmTgjMSBUrqtfRGkz3,101914818722206,hcyen,2025-06-27T21:00:00.053000+00:00,"Taiwan, Province of China",121.4792711,25.080913,0.0
606834081987132,dOtyUEmsePJZwuYR62Knbp,101914818722206,hcyen,2025-06-27T21:00:00.535000+00:00,"Taiwan, Province of China",121.4731678,25.074878,0.0
606957852434510,6PXzcZFVf2ipDUxSQvs8hg,101914818722206,hcyen,2025-06-27T21:00:00.910000+00:00,"Taiwan, Province of China",121.451422,25.0758096,0.0
607045931950397,dOtyUEmsePJZwuYR62Knbp,101914818722206,hcyen,2025-06-27T21:00:00.533000+00:00,"Taiwan, Province of China",121.4735499,25.0747797,0.0
607302939078362,0c7LOmTgjMSBUrqtfRGkz3,101914818722206,hcyen,2025-06-27T21:00:00.208000+00:00,"Taiwan, Province of China",121.4886841,25.0805391,0.0
607449778588173,6PXzcZFVf2ipDUxSQvs8hg,101914818722206,hcyen,2025-06-27T21:00:00.828000+00:00,"Taiwan, Province of China",121.4437417,25.087276,0.0
607581765245639,6PXzcZFVf2ipDUxSQvs8hg,101914818722206,hcyen,2025-06-27T21:00:00.970000+00:00,"Taiwan, Province of China",121.4638083,25.0665046,0.0
607620331896009,dOtyUEmsePJZwuYR62Knbp,101914818722206,hcyen,2025-06-27T21:00:00.557000+00:00,"Taiwan, Province of China",121.4686016,25.075815,0.0
607746519008962,0c7LOmTgjMSBUrqtfRGkz3,101914818722206,hcyen,2025-06-27T21:00:00.280000+00:00,"Taiwan, Province of China",121.4920334,25.0687491,0.0
607804995725049,dOtyUEmsePJZwuYR62Knbp,101914818722206,hcyen,2025-06-27T21:00:00.554000+00:00,"Taiwan, Province of China",121.469307,25.07571,0.0
608990345597126,dOtyUEmsePJZwuYR62Knbp,101914818722206,hcyen,2025-06-27T21:00:00.557000+00:00,"Taiwan, Province of China",121.4686803,25.0758051,0.0
609925958796680,dOtyUEmsePJZwuYR62Knbp,101914818722206,hcyen,2025-06-27T21:00:00.467000+00:00,"Taiwan, Province of China",121.4872428,25.0741849,0.0
610202855434821,dOtyUEmsePJZwuYR62Knbp,101914818722206,hcyen,2025-06-27T21:00:00.470000+00:00,"Taiwan, Province of China",121.4867118,25.0740366,0.0
611778698091389,dOtyUEmsePJZwuYR62Knbp,101914818722206,hcyen,2025-06-27T21:00:00.728000+00:00,"Taiwan, Province of China",121.4369985,25.0741377,0.0
612223514715934,6PXzcZFVf2ipDUxSQvs8hg,101914818722206,hcyen,2025-06-27T21:00:00.782000+00:00,"Taiwan, Province of China",121.4415349,25.0836795,0.0
612415798030170,dOtyUEmsePJZwuYR62Knbp,101914818722206,hcyen,2025-06-27T21:00:00.503000+00:00,"Taiwan, Province of China",121.4798019,25.0734427,0.0
612465064691821,dOtyUEmsePJZwuYR62Knbp,101914818722206,hcyen,2025-06-27T21:00:00.590000+00:00,"Taiwan, Province of China",121.4616481,25.0755924,0.0
612602804677990,0c7LOmTgjMSBUrqtfRGkz3,101914818722206,hcyen,2025-06-27T21:00:00.114000+00:00,"Taiwan, Province of China",121.4808928,25.0834779,0.0
612872835172839,0c7LOmTgjMSBUrqtfRGkz3,101914818722206,hcyen,2025-06-27T21:00:00.019000+00:00,"Taiwan, Province of China",121.4834738,25.0875783,0.0
613680261756677,dOtyUEmsePJZwuYR62Knbp,101914818722206,hcyen,2025-06-27T21:00:00.566000+00:00,"Taiwan, Province of China",121.466702,25.0759526,0.0
613972047842256,0c7LOmTgjMSBUrqtfRGkz3,101914818722206,hcyen,2025-06-27T21:00:00.012000+00:00,"Taiwan, Province of China",121.4845501,25.0885259,0.0
614122197821783,dOtyUEmsePJZwuYR62Knbp,101914818722206,hcyen,2025-06-27T21:00:00.429000+00:00,"Taiwan, Province of China",121.4951312,25.0761204,0.0
614122204488449,dOtyUEmsePJZwuYR62Knbp,101914818722206,hcyen,2025-06-27T21:00:00.616000+00:00,"Taiwan, Province of China",121.4564708,25.074213,0.0
614251075037672,dOtyUEmsePJZwuYR62Knbp,101914818722206,hcyen,2025-06-27T21:00:00.457000+00:00,"Taiwan, Province of China",121.4893111,25.0746846,0.0
614288038357420,6PXzcZFVf2ipDUxSQvs8hg,101914818722206,hcyen,2025-06-27T21:00:00.858000+00:00,"Taiwan, Province of China",121.4404901,25.0823978,0.0
614376574462359,dOtyUEmsePJZwuYR62Knbp,101914818722206,hcyen,2025-06-27T21:00:00.676000+00:00,"Taiwan, Province of China",121.4439184,25.0706883,0.0
614524934428786,dOtyUEmsePJZwuYR62Knbp,101914818722206,hcyen,2025-06-27T21:00:00.490000+00:00,"Taiwan, Province of China",121.4824969,25.0733752,0.0
614886021088011,dOtyUEmsePJZwuYR62Knbp,101914818722206,hcyen,2025-06-27T21:00:00.425000+00:00,"Taiwan, Province of China",121.4958131,25.0763142,0.0
618248744044600,0c7LOmTgjMSBUrqtfRGkz3,101914818722206,hcyen,2025-06-27T21:00:00.161000+00:00,"Taiwan, Province of China",121.4870204,25.0880186,0.0
618730961242383,dOtyUEmsePJZwuYR62Knbp,101914818722206,hcyen,2025-06-27T21:00:00.641000+00:00,"Taiwan, Province of China",121.4513543,25.0726537,0.0
618737967327850,0c7LOmTgjMSBUrqtfRGkz3,101914818722206,hcyen,2025-06-27T21:00:00.044000+00:00,"Taiwan, Province of China",121.4807629,25.0835879,0.0
619125831200711,dOtyUEmsePJZwuYR62Knbp,101914818722206,hcyen,2025-06-27T21:00:00.734000+00:00,"Taiwan, Province of China",121.4371494,25.0753495,0.0
619310434526550,dOtyUEmsePJZwuYR62Knbp,101914818722206,hcyen,2025-06-27T21:00:00.446000+00:00,"Taiwan, Province of China",121.4916022,25.075275,0.0
619629904494089,dOtyUEmsePJZwuYR62Knbp,101914818722206,hcyen,2025-06-27T21:00:00.526000+00:00,"Taiwan, Province of China",121.4750028,25.0744091,0.0
619637924521062,0c7LOmTgjMSBUrqtfRGkz3,101914818722206,hcyen,2025-06-27T21:00:00.023000+00:00,"Taiwan, Province of China",121.482921,25.0869671,0.0
620520854386327,0c7LOmTgjMSBUrqtfRGkz3,101914818722206,hcyen,2025-06-27T21:00:00.292000+00:00,"Taiwan, Province of China",121.4910689,25.0686964,0.0
620706610466367,0c7LOmTgjMSBUrqtfRGkz3,101914818722206,hcyen,2025-06-27T21:00:00.224000+00:00,"Taiwan, Province of China",121.490413,25.0778261,0.0
621031431104745,0c7LOmTgjMSBUrqtfRGkz3,101914818722206,hcyen,2025-06-27T21:00:00.098000+00:00,"Taiwan, Province of China",121.4794093,25.0808581,0.0
621384003705540,0c7LOmTgjMSBUrqtfRGkz3,101914818722206,hcyen,2025-06-27T21:00:00.265000+00:00,"Taiwan, Province of China",121.4924862,25.071166,0.0
621387563791774,6PXzcZFVf2ipDUxSQvs8hg,101914818722206,hcyen,2025-06-27T21:00:00.982000+00:00,"Taiwan, Province of China",121.4661322,25.0652609,0.0
622175907592371,0c7LOmTgjMSBUrqtfRGkz3,101914818722206,hcyen,2025-06-27T21:00:00.206000+00:00,"Taiwan, Province of China",121.4883776,25.080957,0.0
622386240254776,0c7LOmTgjMSBUrqtfRGkz3,101914818722206,hcyen,2025-06-27T21:00:00.010000+00:00,"Taiwan, Province of China",121.4849506,25.0887596,0.0
622762740218739,0c7LOmTgjMSBUrqtfRGkz3,101914818722206,hcyen,2025-06-27T21:00:00.352000+00:00,"Taiwan, Province of China",121.4901944,25.0660628,0.0
623088514138304,dOtyUEmsePJZwuYR62Knbp,101914818722206,hcyen,2025-06-27T21:00:00.720000+00:00,"Taiwan, Province of China",121.4369116,25.0726307,0.0
624121670080762,0c7LOmTgjMSBUrqtfRGkz3,101914818722206,hcyen,2025-06-27T21:00:00.080000+00:00,"Taiwan, Province of China",121.4756545,25.0816157,0.0
624645696668775,dOtyUEmsePJZwuYR62Knbp,101914818722206,hcyen,2025-06-27T21:00:00.719000+00:00,"Taiwan, Province of China",121.4369225,25.0725594,0.0
626171419854741,dOtyUEmsePJZwuYR62Knbp,101914818722206,hcyen,2025-06-27T21:00:00.593000+00:00,"Taiwan, Province of China",121.4611842,25.0754936,0.0
627500929691006,dOtyUEmsePJZwuYR62Knbp,101914818722206,hcyen,2025-06-27T21:00:00.655000+00:00,"Taiwan, Province of China",121.4485151,25.0719797,0.0
627502100359526,dOtyUEmsePJZwuYR62Knbp,101914818722206,hcyen,2025-06-27T21:00:00.628000+00:00,"Taiwan, Province of China",121.4539787,25.0734811,0.0
627567247027455,dOtyUEmsePJZwuYR62Knbp,101914818722206,hcyen,2025-06-27T21:00:00.707000+00:00,"Taiwan, Province of China",121.4379045,25.070742,0.0
629013742855600,6PXzcZFVf2ipDUxSQvs8hg,101914818722206,hcyen,2025-06-27T21:00:00.976000+00:00,"Taiwan, Province of China",121.4649094,25.065931,0.0
629488449480731,6PXzcZFVf2ipDUxSQvs8hg,101914818722206,hcyen,2025-06-27T21:00:00.999000+00:00,"Taiwan, Province of China",121.4716593,25.0622846,0.0
630019972769039,0c7LOmTgjMSBUrqtfRGkz3,101914818722206,hcyen,2025-06-27T21:00:00.202000+00:00,"Taiwan, Province of China",121.4879065,25.081623,0.0
630087542751370,0c7LOmTgjMSBUrqtfRGkz3,101914818722206,hcyen,2025-06-27T21:00:00.233000+00:00,"Taiwan, Province of China",121.4911749,25.0763652,0.0
630110056063710,6PXzcZFVf2ipDUxSQvs8hg,101914818722206,hcyen,2025-06-27T21:00:00.832000+00:00,"Taiwan, Province of China",121.4433268,25.086597,0.0
631990609186410,6PXzcZFVf2ipDUxSQvs8hg,101914818722206,hcyen,2025-06-27T21:00:00.838000+00:00,"Taiwan, Province of China",121.4426538,25.085622,0.0
632335602496043,6PXzcZFVf2ipDUxSQvs8hg,101914818722206,hcyen,2025-06-27T21:00:00.991000+00:00,"Taiwan, Province of China",121.4676114,25.0644202,0.0
632894829094263,0c7LOmTgjMSBUrqtfRGkz3,101914818722206,hcyen,2025-06-27T21:00:00.135000+00:00,"Taiwan, Province of China",121.4830629,25.0869498,0.0
634656412968823,dOtyUEmsePJZwuYR62Knbp,101914818722206,hcyen,2025-06-27T21:00:00.669000+00:00,"Taiwan, Province of China",121.4453628,25.0710751,0.0
635142398860942,0c7LOmTgjMSBUrqtfRGkz3,101914818722206,hcyen,2025-06-27T21:00:00.277000+00:00,"Taiwan, Province of China",121.4917739,25.0691938,0.0
635391552156315,6PXzcZFVf2ipDUxSQvs8hg,101914818722206,hcyen,2025-06-27T21:00:00.960000+00:00,"Taiwan, Province of China",121.4620157,25.0674321,0.0
635850972098898,6PXzcZFVf2ipDUxSQvs8hg,101914818722206,hcyen,2025-06-27T21:00:00.849000+00:00,"Taiwan, Province of China",121.4413861,25.0838322,0.0
635860322098372,6PXzcZFVf2ipDUxSQvs8hg,101914818722206,hcyen,2025-06-27T21:00:00.989000+00:00,"Taiwan, Province of China",121.4673405,25.0645704,0.0
636658212767154,dOtyUEmsePJZwuYR62Knbp,101914818722206,hcyen,2025-06-27T21:00:00.730000+00:00,"Taiwan, Province of China",121.4370143,25.0744971,0.0
639699205792341,0c7LOmTgjMSBUrqtfRGkz3,101914818722206,hcyen,2025-06-27T21:00:00.070000+00:00,"Taiwan, Province of China",121.4760039,25.0817037,0.0
639719469124770,6PXzcZFVf2ipDUxSQvs8hg,101914818722206,hcyen,2025-06-27T21:00:00.787000+00:00,"Taiwan, Province of China",121.4420515,25.0844036,0.0
639986579102212,6PXzcZFVf2ipDUxSQvs8hg,101914818722206,hcyen,2025-06-27T21:00:00.920000+00:00,"Taiwan, Province of China",121.4529893,25.0743823,0.0
641654772373567,0c7LOmTgjMSBUrqtfRGkz3,101914818722206,hcyen,2025-06-27T21:00:00.119000+00:00,"Taiwan, Province of China",121.4812522,25.0843545,0.0
642918788761705,0c7LOmTgjMSBUrqtfRGkz3,101914818722206,hcyen,2025-06-27T21:00:00.140000+00:00,"Taiwan, Province of China",121.4837023,25.0876802,0.0
643505052072864,0c7LOmTgjMSBUrqtfRGkz3,101914818722206,hcyen,2025-06-27T21:00:00.035000+00:00,"Taiwan, Province of China",121.4814777,25.0850215,0.0
644286331986690,6PXzcZFVf2ipDUxSQvs8hg,101914818722206,hcyen,2025-06-27T21:00:00.797000+00:00,"Taiwan, Province of China",121.4431228,25.0860676,0.0
645039808587428,dOtyUEmsePJZwuYR62Knbp,101914818722206,hcyen,2025-06-27T21:00:00.676000+00:00,"Taiwan, Province of China",121.4439937,25.070711,0.0
646337528464174,dOtyUEmsePJZwuYR62Knbp,101914818722206,hcyen,2025-06-27T21:00:00.672000+00:00,"Taiwan, Province of China",121.4448294,25.0709359,0.0
646604988430160,dOtyUEmsePJZwuYR62Knbp,101914818722206,hcyen,2025-06-27T21:00:00.707000+00:00,"Taiwan, Province of China",121.4378252,25.0707466,0.0
646853565034172,0c7LOmTgjMSBUrqtfRGkz3,101914818722206,hcyen,2025-06-27T21:00:00.078000+00:00,"Taiwan, Province of China",121.4751855,25.0815467,0.0
647528871638356,0c7LOmTgjMSBUrqtfRGkz3,101914818722206,hcyen,2025-06-27T21:00:00.157000+00:00,"Taiwan, Province of China",121.4864799,25.0886288,0.0
648834891512588,0c7LOmTgjMSBUrqtfRGkz3,101914818722206,hcyen,2025-06-27T21:00:00.289000+00:00,"Taiwan, Province of China",121.491732,25.068234,0.0
649186044794472,dOtyUEmsePJZwuYR62Knbp,101914818722206,hcyen,2025-06-27T21:00:00.484000+00:00,"Taiwan, Province of China",121.4837627,25.0734714,0.0
649821521410770,0c7LOmTgjMSBUrqtfRGkz3,101914818722206,hcyen,2025-06-27T21:00:00.095000+00:00,"Taiwan, Province of China",121.4788164,25.081061,0.0
650414214722897,6PXzcZFVf2ipDUxSQvs8hg,101914818722206,hcyen,2025-06-27T21:00:00.754000+00:00,"Taiwan, Province of China",121.4385494,25.0788569,0.0
650711387999332,6PXzcZFVf2ipDUxSQvs8hg,101914818722206,hcyen,2025-06-27T21:00:00.931000+00:00,"Taiwan, Province of China",121.4544329,25.0729474,0.0
650915044623785,0c7LOmTgjMSBUrqtfRGkz3,101914818722206,hcyen,2025-06-27T21:00:00.068000+00:00,"Taiwan, Province of China",121.4762416,25.0816908,0.0
651120664055077,dOtyUEmsePJZwuYR62Knbp,101914818722206,hcyen,2025-06-27T21:00:00.535000+00:00,"Taiwan, Province of China",121.4732442,25.0748582,0.0
651619907922863,dOtyUEmsePJZwuYR62Knbp,101914818722206,hcyen,2025-06-27T21:00:00.407000+00:00,"Taiwan, Province of China",121.4944025,25.0757051,0.0
652000237858547,dOtyUEmsePJZwuYR62Knbp,101914818722206,hcyen,2025-06-27T21:00:00.680000+00:00,"Taiwan, Province of China",121.4431692,25.0704496,0.0
653036637779941,dOtyUEmsePJZwuYR62Knbp,101914818722206,hcyen,2025-06-27T21:00:00.706000+00:00,"Taiwan, Province of China",121.4382182,25.0706976,0.0
653092751228660,0c7LOmTgjMSBUrqtfRGkz3,101914818722206,hcyen,2025-06-27T21:00:00.099000+00:00,"Taiwan, Province of China",121.4797023,25.0808236,0.0
654450613721308,0c7LOmTgjMSBUrqtfRGkz3,101914818722206,hcyen,2025-06-27T21:00:00.312000+00:00,"Taiwan, Province of China",121.4878283,25.0705909,0.0
656648550729620,dOtyUEmsePJZwuYR62Knbp,101914818722206,hcyen,2025-06-27T21:00:00.538000+00:00,"Taiwan, Province of China",121.4726332,25.0750164,0.0
656946384032407,dOtyUEmsePJZwuYR62Knbp,101914818722206,hcyen,2025-06-27T21:00:00.632000+00:00,"Taiwan, Province of China",121.4531549,25.0732186,0.0
656969384023939,dOtyUEmsePJZwuYR62Knbp,101914818722206,hcyen,2025-06-27T21:00:00.552000+00:00,"Taiwan, Province of China",121.4697764,25.0756356,0.0
657307607341214,6PXzcZFVf2ipDUxSQvs8hg,101914818722206,hcyen,2025-06-27T21:00:00.849000+00:00,"Taiwan, Province of China",121.4414273,25.0838941,0.0
657389514018459,dOtyUEmsePJZwuYR62Knbp,101914818722206,hcyen,2025-06-27T21:00:00.407000+00:00,"Taiwan, Province of China",121.494408,25.0757769,0.0
657640923988941,dOtyUEmsePJZwuYR62Knbp,101914818722206,hcyen,2025-06-27T21:00:00.438000+00:00,"Taiwan, Province of China",121.4932864,25.0756927,0.0
658355007213121,0c7LOmTgjMSBUrqtfRGkz3,101914818722206,hcyen,2025-06-27T21:00:00.179000+00:00,"Taiwan, Province of China",121.4888066,25.0855338,0.0
659281273798536,0c7LOmTgjMSBUrqtfRGkz3,101914818722206,hcyen,2025-06-27T21:00:00.002000+00:00,"Taiwan, Province of China",121.4864288,25.0892342,0.0
659570063799139,6PXzcZFVf2ipDUxSQvs8hg,101914818722206,hcyen,2025-06-27T21:00:00.918000+00:00,"Taiwan, Province of China",121.4526155,25.0747551,0.0
661085820308299,0c7LOmTgjMSBUrqtfRGkz3,101914818722206,hcyen,2025-06-27T21:00:00.226000+00:00,"Taiwan, Province of China",121.4906303,25.0776161,0.0
662364253518904,6PXzcZFVf2ipDUxSQvs8hg,101914818722206,hcyen,2025-06-27T21:00:00.939000+00:00,"Taiwan, Province of China",121.4556258,25.0716946,0.0
664701806573205,0c7LOmTgjMSBUrqtfRGkz3,101914818722206,hcyen,2025-06-27T21:00:00.340000+00:00,"Taiwan, Province of China",121.4918952,25.0673277,0.0
665739463142329,dOtyUEmsePJZwuYR62Knbp,101914818722206,hcyen,2025-06-27T21:00:00.446000+00:00,"Taiwan, Province of China",121.4916791,25.0752936,0.0
665968176486140,0c7LOmTgjMSBUrqtfRGkz3,101914818722206,hcyen,2025-06-27T21:00:00.175000+00:00,"Taiwan, Province of China",121.4891667,25.0861046,0.0
670781019329050,dOtyUEmsePJZwuYR62Knbp,101914818722206,hcyen,2025-06-27T21:00:00.739000+00:00,"Taiwan, Province of China",121.4374063,25.0762546,0.0
672442502441961,0c7LOmTgjMSBUrqtfRGkz3,101914818722206,hcyen,2025-06-27T21:00:00.056000+00:00,"Taiwan, Province of China",121.478774,25.081132,0.0
673728205648920,dOtyUEmsePJZwuYR62Knbp,101914818722206,hcyen,2025-06-27T21:00:00.717000+00:00,"Taiwan, Province of China",121.4369665,25.0721299,0.0
674445615644517,dOtyUEmsePJZwuYR62Knbp,101914818722206,hcyen,2025-06-27T21:00:00.621000+00:00,"Taiwan, Province of China",121.4554868,25.0739296,0.0
675116292215307,0c7LOmTgjMSBUrqtfRGkz3,101914818722206,hcyen,2025-06-27T21:00:00.277000+00:00,"Taiwan, Province of China",121.4917053,25.0693236,0.0
675403412156840,dOtyUEmsePJZwuYR62Knbp,101914818722206,hcyen,2025-06-27T21:00:00.587000+00:00,"Taiwan, Province of China",121.462274,25.075691,0.0
675455155540839,dOtyUEmsePJZwuYR62Knbp,101914818722206,hcyen,2025-06-27T21:00:00.629000+00:00,"Taiwan, Province of China",121.4537562,25.0734038,0.0
677023845336325,dOtyUEmsePJZwuYR62Knbp,101914818722206,hcyen,2025-06-27T21:00:00.403000+00:00,"Taiwan, Province of China",121.494399,25.0749902,0.0
680170795020080,0c7LOmTgjMSBUrqtfRGkz3,101914818722206,hcyen,2025-06-27T21:00:00.263000+00:00,"Taiwan, Province of China",121.492775,25.0715083,0.0
681145621603406,0c7LOmTgjMSBUrqtfRGkz3,101914818722206,hcyen,2025-06-27T21:00:00.253000+00:00,"Taiwan, Province of China",121.4928347,25.0730305,0.0
682444834792778,dOtyUEmsePJZwuYR62Knbp,101914818722206,hcyen,2025-06-27T21:00:00.392000+00:00,"Taiwan, Province of China",121.4938745,25.0727383,0.0
682666974765026,0c7LOmTgjMSBUrqtfRGkz3,101914818722206,hcyen,2025-06-27T21:00:00.237000+00:00,"Taiwan, Province of China",121.4913663,25.0755964,0.0
682959928067465,dOtyUEmsePJZwuYR62Knbp,101914818722206,hcyen,2025-06-27T21:00:00.686000+00:00,"Taiwan, Province of China",121.4419006,25.0700316,0.0
683586454500363,dOtyUEmsePJZwuYR62Knbp,101914818722206,hcyen,2025-06-27T21:00:00.545000+00:00,"Taiwan, Province of China",121.4710965,25.0753791,0.0
684198434455439,dOtyUEmsePJZwuYR62Knbp,101914818722206,hcyen,2025-06-27T21:00:00.431000+00:00,"Taiwan, Province of China",121.4946724,25.0760052,0.0
684497384413787,0c7LOmTgjMSBUrqtfRGkz3,101914818722206,hcyen,2025-06-27T21:00:00.325000+00:00,"Taiwan, Province of China",121.4900542,25.0689758,0.0
684603244575945,0c7LOmTgjMSBUrqtfRGkz3,101914818722206,hcyen,2025-06-27T21:00:00.215000+00:00,"Taiwan, Province of China",121.4894383,25.0794581,0.0
685447657695975,0c7LOmTgjMSBUrqtfRGkz3,101914818722206,hcyen,2025-06-27T21:00:00.197000+00:00,"Taiwan, Province of China",121.4875309,25.0823922,0.0
685802210950331,dOtyUEmsePJZwuYR62Knbp,101914818722206,hcyen,2025-06-27T21:00:00.568000+00:00,"Taiwan, Province of China",121.4664639,25.0759624,0.0
686069470988895,0c7LOmTgjMSBUrqtfRGkz3,101914818722206,hcyen,2025-06-27T21:00:00.188000+00:00,"Taiwan, Province of China",121.4876835,25.084078,0.0
686346044239607,dOtyUEmsePJZwuYR62Knbp,101914818722206,hcyen,2025-06-27T21:00:00.703000+00:00,"Taiwan, Province of China",121.4387774,25.0704418,0.0
686379970885079,dOtyUEmsePJZwuYR62Knbp,101914818722206,hcyen,2025-06-27T21:00:00.704000+00:00,"Taiwan, Province of China",121.4385887,25.0705726,0.0
687058044321822,dOtyUEmsePJZwuYR62Knbp,101914818722206,hcyen,2025-06-27T21:00:00.431000+00:00,"Taiwan, Province of China",121.4947474,25.0760286,0.0
687161267472577,dOtyUEmsePJZwuYR62Knbp,101914818722206,hcyen,2025-06-27T21:00:00.418000+00:00,"Taiwan, Province of China",121.4957488,25.0771591,0.0
687592313833800,0c7LOmTgjMSBUrqtfRGkz3,101914818722206,hcyen,2025-06-27T21:00:00.273000+00:00,"Taiwan, Province of China",121.4915821,25.0699041,0.0
687804590910081,0c7LOmTgjMSBUrqtfRGkz3,101914818722206,hcyen,2025-06-27T21:00:00.194000+00:00,"Taiwan, Province of China",121.4874504,25.0829504,0.0
688525904176960,dOtyUEmsePJZwuYR62Knbp,101914818722206,hcyen,2025-06-27T21:00:00.481000+00:00,"Taiwan, Province of China",121.4844683,25.0735748,0.0
689053974117413,dOtyUEmsePJZwuYR62Knbp,101914818722206,hcyen,2025-06-27T21:00:00.727000+00:00,"Taiwan, Province of China",121.4369901,25.0739941,0.0
689632307244412,0c7LOmTgjMSBUrqtfRGkz3,101914818722206,hcyen,2025-06-27T21:00:00.301000+00:00,"Taiwan, Province of China",121.4895154,25.0693998,0.0
690293510549634,dOtyUEmsePJZwuYR62Knbp,101914818722206,hcyen,2025-06-27T21:00:00.538000+00:00,"Taiwan, Province of China",121.4727099,25.0749972,0.0
690375160540747,6PXzcZFVf2ipDUxSQvs8hg,101914818722206,hcyen,2025-06-27T21:00:00.919000+00:00,"Taiwan, Province of China",121.4527735,25.0745935,0.0
690658490679020,dOtyUEmsePJZwuYR62Knbp,101914818722206,hcyen,2025-06-27T21:00:00.505000+00:00,"Taiwan, Province of China",121.4794869,25.0734802,0.0
691201660572383,0c7LOmTgjMSBUrqtfRGkz3,101914818722206,hcyen,2025-06-27T21:00:00.267000+00:00,"Taiwan, Province of China",121.4923135,25.0709246,0.0
691821917053827,0c7LOmTgjMSBUrqtfRGkz3,101914818722206,hcyen,2025-06-27T21:00:00.276000+00:00,"Taiwan, Province of China",121.4916196,25.0694444,0.0
691933060314234,6PXzcZFVf2ipDUxSQvs8hg,101914818722206,hcyen,2025-06-27T21:00:00.769000+00:00,"Taiwan, Province of China",121.4400083,25.081407,0.0
692338580278896,6PXzcZFVf2ipDUxSQvs8hg,101914818722206,hcyen,2025-06-27T21:00:00.946000+00:00,"Taiwan, Province of China",121.4566944,25.0707305,0.0
692432427104190,0c7LOmTgjMSBUrqtfRGkz3,101914818722206,hcyen,2025-06-27T21:00:00.036000+00:00,"Taiwan, Province of China",121.4814385,25.0849589,0.0
692835516896319,0c7LOmTgjMSBUrqtfRGkz3,101914818722206,hcyen,2025-06-27T21:00:00.148000+00:00,"Taiwan, Province of China",121.4848663,25.0886385,0.0
692987663553197,dOtyUEmsePJZwuYR62Knbp,101914818722206,hcyen,2025-06-27T21:00:00.454000+00:00,"Taiwan, Province of China",121.4899237,25.0748375,0.0
693196437021935,0c7LOmTgjMSBUrqtfRGkz3,101914818722206,hcyen,2025-06-27T21:00:00.127000+00:00,"Taiwan, Province of China",121.482032,25.085683,0.0
693303910187263,0c7LOmTgjMSBUrqtfRGkz3,101914818722206,hcyen,2025-06-27T21:00:00.101000+00:00,"Taiwan, Province of China",121.4798867,25.0812155,0.0
693449953451791,dOtyUEmsePJZwuYR62Knbp,101914818722206,hcyen,2025-06-27T21:00:00.460000+00:00,"Taiwan, Province of China",121.4887733,25.0745571,0.0
693727820216922,0c7LOmTgjMSBUrqtfRGkz3,101914818722206,hcyen,2025-06-27T21:00:00.226000+00:00,"Taiwan, Province of China",121.4905761,25.0776687,0.0
694109366931271,0c7LOmTgjMSBUrqtfRGkz3,101914818722206,hcyen,2025-06-27T21:00:00.362000+00:00,"Taiwan, Province of China",121.4892546,25.0668515,0.0
694295340267818,0c7LOmTgjMSBUrqtfRGkz3,101914818722206,hcyen,2025-06-27T21:00:00.305000+00:00,"Taiwan, Province of China",121.4888135,25.069871,0.0
694396710054240,0c7LOmTgjMSBUrqtfRGkz3,101914818722206,hcyen,2025-06-27T21:00:00.201000+00:00,"Taiwan, Province of China",121.4878179,25.0817423,0.0
694619703346944,dOtyUEmsePJZwuYR62Knbp,101914818722206,hcyen,2025-06-27T21:00:00.661000+00:00,"Taiwan, Province of China",121.4474563,25.0716754,0.0
694633420057430,0c7LOmTgjMSBUrqtfRGkz3,101914818722206,hcyen,2025-06-27T21:00:00.248000+00:00,"Taiwan, Province of China",121.4920361,25.0736211,0.0
695213170158163,dOtyUEmsePJZwuYR62Knbp,101914818722206,hcyen,2025-06-27T21:00:00.559000+00:00,"Taiwan, Province of China",121.4682864,25.0758511,0.0
695605296810455,dOtyUEmsePJZwuYR62Knbp,101914818722206,hcyen,2025-06-27T21:00:00.516000+00:00,"Taiwan, Province of China",121.4771453,25.0738724,0.0
695687346666387,6PXzcZFVf2ipDUxSQvs8hg,101914818722206,hcyen,2025-06-27T21:00:00.771000+00:00,"Taiwan, Province of China",121.4402439,25.0817821,0.0
695865696763924,0c7LOmTgjMSBUrqtfRGkz3,101914818722206,hcyen,2025-06-27T21:00:00.073000+00:00,"Taiwan, Province of China",121.4753798,25.0818106,0.0
696202406562373,6PXzcZFVf2ipDUxSQvs8hg,101914818722206,hcyen,2025-06-27T21:00:00.902000+00:00,"Taiwan, Province of China",121.450389,25.076992,0.0
696231569876422,0c7LOmTgjMSBUrqtfRGkz3,101914818722206,hcyen,2025-06-27T21:00:00.054000+00:00,"Taiwan, Province of China",121.4791992,25.0809435,0.0
696782173247921,6PXzcZFVf2ipDUxSQvs8hg,101914818722206,hcyen,2025-06-27T21:00:00.801000+00:00,"Taiwan, Province of China",121.4435966,25.0867317,0.0
696800843325174,6PXzcZFVf2ipDUxSQvs8hg,101914818722206,hcyen,2025-06-27T21:00:00.753000+00:00,"Taiwan, Province of China",121.4385189,25.0787907,0.0
696980966436183,6PXzcZFVf2ipDUxSQvs8hg,101914818722206,hcyen,2025-06-27T21:00:00.932000+00:00,"Taiwan, Province of China",121.4546894,25.0726728,0.0
697120679959250,6PXzcZFVf2ipDUxSQvs8hg,101914818722206,hcyen,2025-06-27T21:00:00.952000+00:00,"Taiwan, Province of China",121.4575931,25.0700224,0.0
697235589965102,0c7LOmTgjMSBUrqtfRGkz3,101914818722206,hcyen,2025-06-27T21:00:00.032000+00:00,"Taiwan, Province of China",121.4818529,25.0856529,0.0
697550306427562,6PXzcZFVf2ipDUxSQvs8hg,101914818722206,hcyen,2025-06-27T21:00:00.930000+00:00,"Taiwan, Province of China",121.4543799,25.073001,0.0
697555273257045,0c7LOmTgjMSBUrqtfRGkz3,101914818722206,hcyen,2025-06-27T21:00:00.160000+00:00,"Taiwan, Province of China",121.4868626,25.0881797,0.0
697858663410843,0c7LOmTgjMSBUrqtfRGkz3,101914818722206,hcyen,2025-06-27T21:00:00.100000+00:00,"Taiwan, Province of China",121.4797509,25.0808803,0.0
697887759792229,6PXzcZFVf2ipDUxSQvs8hg,101914818722206,hcyen,2025-06-27T21:00:00.848000+00:00,"Taiwan, Province of China",121.4415103,25.0840168,0.0
697952156539713,0c7LOmTgjMSBUrqtfRGkz3,101914818722206,hcyen,2025-06-27T21:00:00.124000+00:00,"Taiwan, Province of China",121.4816772,25.0852061,0.0
698108723132390,6PXzcZFVf2ipDUxSQvs8hg,101914818722206,hcyen,2025-06-27T21:00:00.835000+00:00,"Taiwan, Province of China",121.4430295,25.086172,0.0
698187916323678,dOtyUEmsePJZwuYR62Knbp,101914818722206,hcyen,2025-06-27T21:00:00.629000+00:00,"Taiwan, Province of China",121.4538305,25.0734292,0.0
698255936357466,0c7LOmTgjMSBUrqtfRGkz3,101914818722206,hcyen,2025-06-27T21:00:00.296000+00:00,"Taiwan, Province of China",121.4902665,25.0688686,0.0
698267703115574,dOtyUEmsePJZwuYR62Knbp,101914818722206,hcyen,2025-06-27T21:00:00.721000+00:00,"Taiwan, Province of China",121.4369213,25.0729175,0.0
698415566323340,6PXzcZFVf2ipDUxSQvs8hg,101914818722206,hcyen,2025-06-27T21:00:00.750000+00:00,"Taiwan, Province of China",121.4382732,25.0782605,0.0
698549809835696,dOtyUEmsePJZwuYR62Knbp,101914818722206,hcyen,2025-06-27T21:00:00.401000+00:00,"Taiwan, Province of China",121.494396,25.0745586,0.0
698605709619537,6PXzcZFVf2ipDUxSQvs8hg,101914818722206,hcyen,2025-06-27T21:00:00.800000+00:00,"Taiwan, Province of China",121.443459,25.0865558,0.0
698649396665182,dOtyUEmsePJZwuYR62Knbp,101914818722206,hcyen,2025-06-27T21:00:00.413000+00:00,"Taiwan, Province of China",121.4949506,25.0768776,0.0
698770572972005,6PXzcZFVf2ipDUxSQvs8hg,101914818722206,hcyen,2025-06-27T21:00:00.793000+00:00,"Taiwan, Province of China",121.4427668,25.0854317,0.0
698815679452720,dOtyUEmsePJZwuYR62Knbp,101914818722206,hcyen,2025-06-27T21:00:00.457000+00:00,"Taiwan, Province of China",121.4893879,25.0747031,0.0
699206476249829,dOtyUEmsePJZwuYR62Knbp,101914818722206,hcyen,2025-06-27T21:00:00.661000+00:00,"Taiwan, Province of China",121.4473793,25.071658,0.0
699288266351161,dOtyUEmsePJZwuYR62Knbp,101914818722206,hcyen,2025-06-27T21:00:00.474000+00:00,"Taiwan, Province of China",121.4858647,25.0738504,0.0
699293119387232,dOtyUEmsePJZwuYR62Knbp,101914818722206,hcyen,2025-06-27T21:00:00.384000+00:00,"Taiwan, Province of China",121.4928777,25.071446,0.0
699386796163462,dOtyUEmsePJZwuYR62Knbp,101914818722206,hcyen,2025-06-27T21:00:00.713000+00:00,"Taiwan, Province of China",121.4371093,25.0713498,0.0
699474862898071,0c7LOmTgjMSBUrqtfRGkz3,101914818722206,hcyen,2025-06-27T21:00:00.122000+00:00,"Taiwan, Province of China",121.4815345,25.0849491,0.0
699768106007753,0c7LOmTgjMSBUrqtfRGkz3,101914818722206,hcyen,2025-06-27T21:00:00.338000+00:00,"Taiwan, Province of China",121.4921919,25.0677506,0.0
699807652841163,0c7LOmTgjMSBUrqtfRGkz3,101914818722206,hcyen,2025-06-27T21:00:00.187000+00:00,"Taiwan, Province of China",121.4877926,25.084348,0.0
700131492928180,0c7LOmTgjMSBUrqtfRGkz3,101914818722206,hcyen,2025-06-27T21:00:00.080000+00:00,"Taiwan, Province of China",121.4755752,25.0816125,0.0
700510056071027,0c7LOmTgjMSBUrqtfRGkz3,101914818722206,hcyen,2025-06-27T21:00:00.229000+00:00,"Taiwan, Province of China",121.4909639,25.0770561,0.0
700653329543747,0c7LOmTgjMSBUrqtfRGkz3,101914818722206,hcyen,2025-06-27T21:00:00.364000+00:00,"Taiwan, Province of China",121.4894386,25.0670862,0.0
700784979242296,dOtyUEmsePJZwuYR62Knbp,101914818722206,hcyen,2025-06-27T21:00:00.388000+00:00,"Taiwan, Province of China",121.493425,25.0721475,0.0
701050189423761,dOtyUEmsePJZwuYR62Knbp,101914818722206,hcyen,2025-06-27T21:00:00.379000+00:00,"Taiwan, Province of China",121.4922584,25.0707033,0.0
701168666411414,dOtyUEmsePJZwuYR62Knbp,101914818722206,hcyen,2025-06-27T21:00:00.550000+00:00,"Taiwan, Province of China",121.4700882,25.0755801,0.0
701254556115725,dOtyUEmsePJZwuYR62Knbp,101914818722206,hcyen,2025-06-27T21:00:00.567000+00:00,"Taiwan, Province of China",121.4666226,25.0759562,0.0
701551556176687,0c7LOmTgjMSBUrqtfRGkz3,101914818722206,hcyen,2025-06-27T21:00:00.065000+00:00,"Taiwan, Province of China",121.4768662,25.0815922,0.0
701729969433956,dOtyUEmsePJZwuYR62Knbp,101914818722206,hcyen,2025-06-27T21:00:00.569000+00:00,"Taiwan, Province of China",121.4662257,25.0759692,0.0
701741186099935,0c7LOmTgjMSBUrqtfRGkz3,101914818722206,hcyen,2025-06-27T21:00:00.310000+00:00,"Taiwan, Province of China",121.4880345,25.0704736,0.0
701746592761491,0c7LOmTgjMSBUrqtfRGkz3,101914818722206,hcyen,2025-06-27T21:00:00.127000+00:00,"Taiwan, Province of China",121.4820725,25.0857449,0.0
701752892704951,dOtyUEmsePJZwuYR62Knbp,101914818722206,hcyen,2025-06-27T21:00:00.440000+00:00,"Taiwan, Province of China",121.4929033,25.0755989,0.0
701935396089658,0c7LOmTgjMSBUrqtfRGkz3,101914818722206,hcyen,2025-06-27T21:00:00.144000+00:00,"Taiwan, Province of China",121.484213,25.08823,0.0
701994762759756,0c7LOmTgjMSBUrqtfRGkz3,101914818722206,hcyen,2025-06-27T21:00:00.047000+00:00,"Taiwan, Province of China",121.4805041,25.0829843,0.0
702118115987864,0c7LOmTgjMSBUrqtfRGkz3,101914818722206,hcyen,2025-06-27T21:00:00.158000+00:00,"Taiwan, Province of China",121.4866901,25.0883285,0.0
702180139268382,dOtyUEmsePJZwuYR62Knbp,101914818722206,hcyen,2025-06-27T21:00:00.527000+00:00,"Taiwan, Province of China",121.4747734,25.0744683,0.0
702258442778963,0c7LOmTgjMSBUrqtfRGkz3,101914818722206,hcyen,2025-06-27T21:00:00.257000+00:00,"Taiwan, Province of China",121.493434,25.0724066,0.0
702296832658783,dOtyUEmsePJZwuYR62Knbp,101914818722206,hcyen,2025-06-27T21:00:00.663000+00:00,"Taiwan, Province of China",121.4470061,25.0715354,0.0
702566882559797,0c7LOmTgjMSBUrqtfRGkz3,101914818722206,hcyen,2025-06-27T21:00:00.282000+00:00,"Taiwan, Province of China",121.4922482,25.0684473,0.0
703061609023297,0c7LOmTgjMSBUrqtfRGkz3,101914818722206,hcyen,2025-06-27T21:00:00.352000+00:00,"Taiwan, Province of China",121.4902738,25.0661874,0.0
703163192526781,0c7LOmTgjMSBUrqtfRGkz3,101914818722206,hcyen,2025-06-27T21:00:00.117000+00:00,"Taiwan, Province of China",121.4811111,25.084018,0.0
703285512507569,dOtyUEmsePJZwuYR62Knbp,101914818722206,hcyen,2025-06-27T21:00:00.730000+00:00,"Taiwan, Province of China",121.4370196,25.074641,0.0
703337176027441,6PXzcZFVf2ipDUxSQvs8hg,101914818722206,hcyen,2025-06-27T21:00:00.767000+00:00,"Taiwan, Province of China",121.4398818,25.0812242,0.0
703699369218130,0c7LOmTgjMSBUrqtfRGkz3,101914818722206,hcyen,2025-06-27T21:00:00.190000+00:00,"Taiwan, Province of China",121.4875733,25.0837332,0.0
703811875795503,0c7LOmTgjMSBUrqtfRGkz3,101914818722206,hcyen,2025-06-27T21:00:00.274000+00:00,"Taiwan, Province of China",121.4915209,25.0697721,0.0
703872995611953,dOtyUEmsePJZwuYR62Knbp,101914818722206,hcyen,2025-06-27T21:00:00.598000+00:00,"Taiwan, Province of China",121.4601013,25.0752655,0.0
704040262240353,dOtyUEmsePJZwuYR62Knbp,101914818722206,hcyen,2025-06-27T21:00:00.549000+00:00,"Taiwan, Province of China",121.470322,25.0755383,0.0
704361759057252,dOtyUEmsePJZwuYR62Knbp,101914818722206,hcyen,2025-06-27T21:00:00.516000+00:00,"Taiwan, Province of China",121.4770679,25.0738889,0.0
704406672397313,6PXzcZFVf2ipDUxSQvs8hg,101914818722206,hcyen,2025-06-27T21:00:00.975000+00:00,"Taiwan, Province of China",121.4648409,25.0659673,0.0
704495002415586,0c7LOmTgjMSBUrqtfRGkz3,101914818722206,hcyen,2025-06-27T21:00:00.265000+00:00,"Taiwan, Province of China",121.4925295,25.0712264,0.0
704579402440048,dOtyUEmsePJZwuYR62Knbp,101914818722206,hcyen,2025-06-27T21:00:00.737000+00:00,"Taiwan, Province of China",121.4373179,25.0759783,0.0
704605492325003,0c7LOmTgjMSBUrqtfRGkz3,101914818722206,hcyen,2025-06-27T21:00:00.120000+00:00,"Taiwan, Province of China",121.4813096,25.0844886,0.0
704715112444523,0c7LOmTgjMSBUrqtfRGkz3,101914818722206,hcyen,2025-06-27T21:00:00.153000+00:00,"Taiwan, Province of China",121.4858718,25.089059,0.0
704822045749647,0c7LOmTgjMSBUrqtfRGkz3,101914818722206,hcyen,2025-06-27T21:00:00.079000+00:00,"Taiwan, Province of China",121.4754184,25.0815906,0.0
704929685849499,dOtyUEmsePJZwuYR62Knbp,101914818722206,hcyen,2025-06-27T21:00:00.624000+00:00,"Taiwan, Province of China",121.4548816,25.0737543,0.0
704985529055016,6PXzcZFVf2ipDUxSQvs8hg,101914818722206,hcyen,2025-06-27T21:00:00.858000+00:00,"Taiwan, Province of China",121.4404577,25.0823321,0.0
705052612322974,0c7LOmTgjMSBUrqtfRGkz3,101914818722206,hcyen,2025-06-27T21:00:00.143000+00:00,"Taiwan, Province of China",121.4841562,25.0881797,0.0
705186635622436,dOtyUEmsePJZwuYR62Knbp,101914818722206,hcyen,2025-06-27T21:00:00.640000+00:00,"Taiwan, Province of China",121.4517278,25.072775,0.0
705274275705679,6PXzcZFVf2ipDUxSQvs8hg,101914818722206,hcyen,2025-06-27T21:00:00.971000+00:00,"Taiwan, Province of China",121.4640097,25.0663889,0.0
705505022257485,0c7LOmTgjMSBUrqtfRGkz3,101914818722206,hcyen,2025-06-27T21:00:00.055000+00:00,"Taiwan, Province of China",121.4789214,25.0810783,0.0
705540595572858,dOtyUEmsePJZwuYR62Knbp,101914818722206,hcyen,2025-06-27T21:00:00.523000+00:00,"Taiwan, Province of China",121.4757667,25.0742128,0.0
705584625426839,0c7LOmTgjMSBUrqtfRGkz3,101914818722206,hcyen,2025-06-27T21:00:00.046000+00:00,"Taiwan, Province of China",121.4805611,25.0831186,0.0
705612578917364,dOtyUEmsePJZwuYR62Knbp,101914818722206,hcyen,2025-06-27T21:00:00.688000+00:00,"Taiwan, Province of China",121.4415302,25.0699026,0.0
705613128989099,0c7LOmTgjMSBUrqtfRGkz3,101914818722206,hcyen,2025-06-27T21:00:00.171000+00:00,"Taiwan, Province of China",121.4886001,25.0866052,0.0
705685655514042,0c7LOmTgjMSBUrqtfRGkz3,101914818722206,hcyen,2025-06-27T21:00:00.135000+00:00,"Taiwan, Province of China",121.4830238,25.0868872,0.0
705744262261629,0c7LOmTgjMSBUrqtfRGkz3,101914818722206,hcyen,2025-06-27T21:00:00.139000+00:00,"Taiwan, Province of China",121.4835982,25.0875715,0.0
705991588728286,0c7LOmTgjMSBUrqtfRGkz3,101914818722206,hcyen,2025-06-27T21:00:00.119000+00:00,"Taiwan, Province of China",121.481224,25.0842872,0.0
706051025515442,6PXzcZFVf2ipDUxSQvs8hg,101914818722206,hcyen,2025-06-27T21:00:00.755000+00:00,"Taiwan, Province of China",121.4387042,25.0791875,0.0
706211802022403,6PXzcZFVf2ipDUxSQvs8hg,101914818722206,hcyen,2025-06-27T21:00:00.892000+00:00,"Taiwan, Province of China",121.4470148,25.0799863,0.0
706319622371674,dOtyUEmsePJZwuYR62Knbp,101914818722206,hcyen,2025-06-27T21:00:00.449000+00:00,"Taiwan, Province of China",121.4909951,25.0751059,0.0
706540115639994,dOtyUEmsePJZwuYR62Knbp,101914818722206,hcyen,2025-06-27T21:00:00.565000+00:00,"Taiwan, Province of China",121.4670986,25.0759352,0.0
706730531989691,0c7LOmTgjMSBUrqtfRGkz3,101914818722206,hcyen,2025-06-27T21:00:00.289000+00:00,"Taiwan, Province of China",121.4915736,25.0683487,0.0
706918675278762,0c7LOmTgjMSBUrqtfRGkz3,101914818722206,hcyen,2025-06-27T21:00:00.302000+00:00,"Taiwan, Province of China",121.4892589,25.0695697,0.0
706983208610883,0c7LOmTgjMSBUrqtfRGkz3,101914818722206,hcyen,2025-06-27T21:00:00.335000+00:00,"Taiwan, Province of China",121.4917901,25.0680874,0.0
707096538704766,0c7LOmTgjMSBUrqtfRGkz3,101914818722206,hcyen,2025-06-27T21:00:00.321000+00:00,"Taiwan, Province of China",121.4893519,25.0694444,0.0
707101878591824,0c7LOmTgjMSBUrqtfRGkz3,101914818722206,hcyen,2025-06-27T21:00:00.133000+00:00,"Taiwan, Province of China",121.4828461,25.0866494,0.0
707109495560635,0c7LOmTgjMSBUrqtfRGkz3,101914818722206,hcyen,2025-06-27T21:00:00.128000+00:00,"Taiwan, Province of China",121.4821524,25.0858692,0.0
707174425632894,6PXzcZFVf2ipDUxSQvs8hg,101914818722206,hcyen,2025-06-27T21:00:00.977000+00:00,"Taiwan, Province of China",121.4651175,25.0658259,0.0
707346661919397,dOtyUEmsePJZwuYR62Knbp,101914818722206,hcyen,2025-06-27T21:00:00.683000+00:00,"Taiwan, Province of China",121.4425,25.0702221,0.0
707421132058582,dOtyUEmsePJZwuYR62Knbp,101914818722206,hcyen,2025-06-27T21:00:00.671000+00:00,"Taiwan, Province of China",121.4450607,25.0709859,0.0
707427698807590,dOtyUEmsePJZwuYR62Knbp,101914818722206,hcyen,2025-06-27T21:00:00.544000+00:00,"Taiwan, Province of China",121.471485,25.0753042,0.0
707959518884461,0c7LOmTgjMSBUrqtfRGkz3,101914818722206,hcyen,2025-06-27T21:00:00.315000+00:00,"Taiwan, Province of China",121.4882926,25.0702006,0.0
708003522191399,6PXzcZFVf2ipDUxSQvs8hg,101914818722206,hcyen,2025-06-27T21:00:00.805000+00:00,"Taiwan, Province of China",121.4440057,25.0873466,0.0
708175048850978,6PXzcZFVf2ipDUxSQvs8hg,101914818722206,hcyen,2025-06-27T21:00:00.772000+00:00,"Taiwan, Province of China",121.4403745,25.0819627,0.0
708307202165726,0c7LOmTgjMSBUrqtfRGkz3,101914818722206,hcyen,2025-06-27T21:00:00.088000+00:00,"Taiwan, Province of China",121.4773664,25.0814373,0.0
708316381910305,0c7LOmTgjMSBUrqtfRGkz3,101914818722206,hcyen,2025-06-27T21:00:00.205000+00:00,"Taiwan, Province of China",121.4882957,25.0810802,0.0
708526435279183,6PXzcZFVf2ipDUxSQvs8hg,101914818722206,hcyen,2025-06-27T21:00:00.822000+00:00,"Taiwan, Province of China",121.4442217,25.0882562,0.0
708550385430784,0c7LOmTgjMSBUrqtfRGkz3,101914818722206,hcyen,2025-06-27T21:00:00.367000+00:00,"Taiwan, Province of China",121.4898075,25.0675543,0.0
708573801914290,6PXzcZFVf2ipDUxSQvs8hg,101914818722206,hcyen,2025-06-27T21:00:00.779000+00:00,"Taiwan, Province of China",121.4411773,25.0831192,0.0
708774318563065,6PXzcZFVf2ipDUxSQvs8hg,101914818722206,hcyen,2025-06-27T21:00:00.883000+00:00,"Taiwan, Province of China",121.4451656,25.0806197,0.0
709039692102816,dOtyUEmsePJZwuYR62Knbp,101914818722206,hcyen,2025-06-27T21:00:00.377000+00:00,"Taiwan, Province of China",121.4920194,25.0703312,0.0
709081975062971,dOtyUEmsePJZwuYR62Knbp,101914818722206,hcyen,2025-06-27T21:00:00.518000+00:00,"Taiwan, Province of China",121.4766803,25.073967,0.0
709227981900448,dOtyUEmsePJZwuYR62Knbp,101914818722206,hcyen,2025-06-27T21:00:00.687000+00:00,"Taiwan, Province of China",121.4418279,25.0700028,0.0
709343778521957,dOtyUEmsePJZwuYR62Knbp,101914818722206,hcyen,2025-06-27T21:00:00.448000+00:00,"Taiwan, Province of China",121.4911476,25.0751463,0.0
709370218612827,0c7LOmTgjMSBUrqtfRGkz3,101914818722206,hcyen,2025-06-27T21:00:00.125000+00:00,"Taiwan, Province of China",121.4818587,25.0854419,0.0
709487811677958,dOtyUEmsePJZwuYR62Knbp,101914818722206,hcyen,2025-06-27T21:00:00.684000+00:00,"Taiwan, Province of China",121.4424248,25.0701988,0.0
709530655173049,0c7LOmTgjMSBUrqtfRGkz3,101914818722206,hcyen,2025-06-27T21:00:00.369000+00:00,"Taiwan, Province of China",121.4900871,25.0679038,0.0
710077781773295,6PXzcZFVf2ipDUxSQvs8hg,101914818722206,hcyen,2025-06-27T21:00:00.902000+00:00,"Taiwan, Province of China",121.4503312,25.0770413,0.0
710084108594623,6PXzcZFVf2ipDUxSQvs8hg,101914818722206,hcyen,2025-06-27T21:00:00.963000+00:00,"Taiwan, Province of China",121.4625649,25.0671429,0.0
710224538654963,dOtyUEmsePJZwuYR62Knbp,101914818722206,hcyen,2025-06-27T21:00:00.471000+00:00,"Taiwan, Province of China",121.4865598,25.0739947,0.0
710372461634519,0c7LOmTgjMSBUrqtfRGkz3,101914818722206,hcyen,2025-06-27T21:00:00.034000+00:00,"Taiwan, Province of China",121.4816767,25.0853327,0.0
710509848576209,dOtyUEmsePJZwuYR62Knbp,101914818722206,hcyen,2025-06-27T21:00:00.542000+00:00,"Taiwan, Province of China",121.4718677,25.0752082,0.0
710526421605739,0c7LOmTgjMSBUrqtfRGkz3,101914818722206,hcyen,2025-06-27T21:00:00.261000+00:00,"Taiwan, Province of China",121.4930089,25.0717993,0.0
710716641927408,dOtyUEmsePJZwuYR62Knbp,101914818722206,hcyen,2025-06-27T21:00:00.397000+00:00,"Taiwan, Province of China",121.4943425,25.0739152,0.0
710799345020667,dOtyUEmsePJZwuYR62Knbp,101914818722206,hcyen,2025-06-27T21:00:00.508000+00:00,"Taiwan, Province of China",121.4787018,25.0735889,0.0
710860061786893,6PXzcZFVf2ipDUxSQvs8hg,101914818722206,hcyen,2025-06-27T21:00:00.923000+00:00,"Taiwan, Province of China",121.4534345,25.0739723,0.0
710915878468256,0c7LOmTgjMSBUrqtfRGkz3,101914818722206,hcyen,2025-06-27T21:00:00.334000+00:00,"Taiwan, Province of China",121.4916639,25.0681759,0.0
711215238331188,dOtyUEmsePJZwuYR62Knbp,101914818722206,hcyen,2025-06-27T21:00:00.727000+00:00,"Taiwan, Province of China",121.4369852,25.0739223,0.0
711256114949647,dOtyUEmsePJZwuYR62Knbp,101914818722206,hcyen,2025-06-27T21:00:00.423000+00:00,"Taiwan, Province of China",121.4962559,25.0764567,0.0
711491921737919,0c7LOmTgjMSBUrqtfRGkz3,101914818722206,hcyen,2025-06-27T21:00:00.190000+00:00,"Taiwan, Province of China",121.4875891,25.0838037,0.0
712130548189029,dOtyUEmsePJZwuYR62Knbp,101914818722206,hcyen,2025-06-27T21:00:00.710000+00:00,"Taiwan, Province of China",121.4372442,25.0708647,0.0
712172274997288,dOtyUEmsePJZwuYR62Knbp,101914818722206,hcyen,2025-06-27T21:00:00.749000+00:00,"Taiwan, Province of China",121.4381871,25.0780593,0.0
712175541562335,6PXzcZFVf2ipDUxSQvs8hg,101914818722206,hcyen,2025-06-27T21:00:00.857000+00:00,"Taiwan, Province of China",121.4405275,25.0824613,0.0
712232094895730,dOtyUEmsePJZwuYR62Knbp,101914818722206,hcyen,2025-06-27T21:00:00.722000+00:00,"Taiwan, Province of China",121.4369327,25.0731331,0.0
712313518098107,dOtyUEmsePJZwuYR62Knbp,101914818722206,hcyen,2025-06-27T21:00:00.697000+00:00,"Taiwan, Province of China",121.4397507,25.0698369,0.0
712324911538461,0c7LOmTgjMSBUrqtfRGkz3,101914818722206,hcyen,2025-06-27T21:00:00.062000+00:00,"Taiwan, Province of China",121.4776276,25.0814075,0.0
712519028343190,6PXzcZFVf2ipDUxSQvs8hg,101914818722206,hcyen,2025-06-27T21:00:00.781000+00:00,"Taiwan, Province of China",121.4413368,25.0833679,0.0
713295551321882,0c7LOmTgjMSBUrqtfRGkz3,101914818722206,hcyen,2025-06-27T21:00:00.106000+00:00,"Taiwan, Province of China",121.4802293,25.0820965,0.0
713318938009021,0c7LOmTgjMSBUrqtfRGkz3,101914818722206,hcyen,2025-06-27T21:00:00.196000+00:00,"Taiwan, Province of China",121.4875032,25.0826045,0.0
713631487938018,6PXzcZFVf2ipDUxSQvs8hg,101914818722206,hcyen,2025-06-27T21:00:00.783000+00:00,"Taiwan, Province of China",121.4416205,25.0838008,0.0
713652344594402,0c7LOmTgjMSBUrqtfRGkz3,101914818722206,hcyen,2025-06-27T21:00:00.011000+00:00,"Taiwan, Province of China",121.4846834,25.0886042,0.0
713745311300254,0c7LOmTgjMSBUrqtfRGkz3,101914818722206,hcyen,2025-06-27T21:00:00.107000+00:00,"Taiwan, Province of China",121.4802581,25.0821636,0.0
713990378259791,6PXzcZFVf2ipDUxSQvs8hg,101914818722206,hcyen,2025-06-27T21:00:00.799000+00:00,"Taiwan, Province of China",121.4433762,25.0864331,0.0
714015424721663,6PXzcZFVf2ipDUxSQvs8hg,101914818722206,hcyen,2025-06-27T21:00:00.990000+00:00,"Taiwan, Province of China",121.4675428,25.0644563,0.0
714039114718588,6PXzcZFVf2ipDUxSQvs8hg,101914818722206,hcyen,2025-06-27T21:00:00.854000+00:00,"Taiwan, Province of China",121.4408591,25.0829487,0.0
714244001214060,6PXzcZFVf2ipDUxSQvs8hg,101914818722206,hcyen,2025-06-27T21:00:00.851000+00:00,"Taiwan, Province of China",121.4412202,25.0835069,0.0
714266591303717,dOtyUEmsePJZwuYR62Knbp,101914818722206,hcyen,2025-06-27T21:00:00.481000+00:00,"Taiwan, Province of China",121.4845463,25.0735884,0.0
714291114855851,0c7LOmTgjMSBUrqtfRGkz3,101914818722206,hcyen,2025-06-27T21:00:00.006000+00:00,"Taiwan, Province of China",121.4856551,25.08909,0.0
714519421549329,dOtyUEmsePJZwuYR62Knbp,101914818722206,hcyen,2025-06-27T21:00:00.602000+00:00,"Taiwan, Province of China",121.459192,25.0750072,0.0
714751624635956,0c7LOmTgjMSBUrqtfRGkz3,101914818722206,hcyen,2025-06-27T21:00:00.266000+00:00,"Taiwan, Province of China",121.4923983,25.0710462,0.0
714786057822649,dOtyUEmsePJZwuYR62Knbp,101914818722206,hcyen,2025-06-27T21:00:00.717000+00:00,"Taiwan, Province of China",121.4369737,25.0720582,0.0
715053247923434,0c7LOmTgjMSBUrqtfRGkz3,101914818722206,hcyen,2025-06-27T21:00:00.160000+00:00,"Taiwan, Province of China",121.4869689,25.0880733,0.0
715058904492191,dOtyUEmsePJZwuYR62Knbp,101914818722206,hcyen,2025-06-27T21:00:00.619000+00:00,"Taiwan, Province of China",121.4557892,25.0740179,0.0
715076407905764,0c7LOmTgjMSBUrqtfRGkz3,101914818722206,hcyen,2025-06-27T21:00:00.009000+00:00,"Taiwan, Province of China",121.4850894,25.0888296,0.0
715178897793978,6PXzcZFVf2ipDUxSQvs8hg,101914818722206,hcyen,2025-06-27T21:00:00.894000+00:00,"Taiwan, Province of China",121.4473327,25.0797722,0.0
715257138022579,dOtyUEmsePJZwuYR62Knbp,101914818722206,hcyen,2025-06-27T21:00:00.418000+00:00,"Taiwan, Province of China",121.4959061,25.0771447,0.0
715314458097312,dOtyUEmsePJZwuYR62Knbp,101914818722206,hcyen,2025-06-27T21:00:00.679000+00:00,"Taiwan, Province of China",121.4434669,25.0705502,0.0
715345781211919,0c7LOmTgjMSBUrqtfRGkz3,101914818722206,hcyen,2025-06-27T21:00:00.050000+00:00,"Taiwan, Province of China",121.4802845,25.0824448,0.0
715409034574220,dOtyUEmsePJZwuYR62Knbp,101914818722206,hcyen,2025-06-27T21:00:00.723000+00:00,"Taiwan, Province of China",121.4369331,25.073205,0.0
715420314408208,0c7LOmTgjMSBUrqtfRGkz3,101914818722206,hcyen,2025-06-27T21:00:00.151000+00:00,"Taiwan, Province of China",121.4854993,25.0889378,0.0
715536697907788,0c7LOmTgjMSBUrqtfRGkz3,101914818722206,hcyen,2025-06-27T21:00:00.185000+00:00,"Taiwan, Province of China",121.4879985,25.0846543,0.0
715718394685758,0c7LOmTgjMSBUrqtfRGkz3,101914818722206,hcyen,2025-06-27T21:00:00.221000+00:00,"Taiwan, Province of China",121.4899972,25.0782607,0.0
715898788084798,dOtyUEmsePJZwuYR62Knbp,101914818722206,hcyen,2025-06-27T21:00:00.457000+00:00,"Taiwan, Province of China",121.4894646,25.0747222,0.0
715958481219459,6PXzcZFVf2ipDUxSQvs8hg,101914818722206,hcyen,2025-06-27T21:00:00.820000+00:00,"Taiwan, Province of China",121.4442752,25.0887563,0.0
716010634721150,6PXzcZFVf2ipDUxSQvs8hg,101914818722206,hcyen,2025-06-27T21:00:00.823000+00:00,"Taiwan, Province of China",121.4441525,25.0880499,0.0
716065464340382,0c7LOmTgjMSBUrqtfRGkz3,101914818722206,hcyen,2025-06-27T21:00:00.111000+00:00,"Taiwan, Province of China",121.4806829,25.0829349,0.0
716080697922079,dOtyUEmsePJZwuYR62Knbp,101914818722206,hcyen,2025-06-27T21:00:00.662000+00:00,"Taiwan, Province of China",121.4470807,25.0715599,0.0
716119804507555,0c7LOmTgjMSBUrqtfRGkz3,101914818722206,hcyen,2025-06-27T21:00:00.071000+00:00,"Taiwan, Province of China",121.4757683,25.0817359,0.0
716205324529056,6PXzcZFVf2ipDUxSQvs8hg,101914818722206,hcyen,2025-06-27T21:00:00.908000+00:00,"Taiwan, Province of China",121.4511716,25.0760886,0.0
716257154440556,6PXzcZFVf2ipDUxSQvs8hg,101914818722206,hcyen,2025-06-27T21:00:00.941000+00:00,"Taiwan, Province of China",121.4558992,25.0714337,0.0
716479954632204,0c7LOmTgjMSBUrqtfRGkz3,101914818722206,hcyen,2025-06-27T21:00:00.227000+00:00,"Taiwan, Province of China",121.4908273,25.0773911,0.0
716535601288404,0c7LOmTgjMSBUrqtfRGkz3,101914818722206,hcyen,2025-06-27T21:00:00.091000+00:00,"Taiwan, Province of China",121.4780556,25.0812647,0.0
716782727778473,0c7LOmTgjMSBUrqtfRGkz3,101914818722206,hcyen,2025-06-27T21:00:00.024000+00:00,"Taiwan, Province of China",121.4828413,25.0868427,0.0
716984037876980,0c7LOmTgjMSBUrqtfRGkz3,101914818722206,hcyen,2025-06-27T21:00:00.038000+00:00,"Taiwan, Province of China",121.4812695,25.0846346,0.0
717036791078588,6PXzcZFVf2ipDUxSQvs8hg,101914818722206,hcyen,2025-06-27T21:00:00.977000+00:00,"Taiwan, Province of China",121.4652519,25.0657493,0.0
717278550885885,6PXzcZFVf2ipDUxSQvs8hg,101914818722206,hcyen,2025-06-27T21:00:00.904000+00:00,"Taiwan, Province of China",121.4507071,25.0766707,0.0
717387620909322,6PXzcZFVf2ipDUxSQvs8hg,101914818722206,hcyen,2025-06-27T21:00:00.841000+00:00,"Taiwan, Province of China",121.4423508,25.0852001,0.0
717454810926474,dOtyUEmsePJZwuYR62Knbp,101914818722206,hcyen,2025-06-27T21:00:00.403000+00:00,"Taiwan, Province of China",121.4943974,25.0750622,0.0
717472741179902,0c7LOmTgjMSBUrqtfRGkz3,101914818722206,hcyen,2025-06-27T21:00:00.113000+00:00,"Taiwan, Province of China",121.4808126,25.0832748,0.0
717664791233186,0c7LOmTgjMSBUrqtfRGkz3,101914818722206,hcyen,2025-06-27T21:00:00.271000+00:00,"Taiwan, Province of China",121.4917946,25.0702008,0.0
717763194486254,0c7LOmTgjMSBUrqtfRGkz3,101914818722206,hcyen,2025-06-27T21:00:00.184000+00:00,"Taiwan, Province of China",121.4880867,25.0847739,0.0
717880874182359,0c7LOmTgjMSBUrqtfRGkz3,101914818722206,hcyen,2025-06-27T21:00:00.041000+00:00,"Taiwan, Province of China",121.4810024,25.08404,0.0
717918887491995,0c7LOmTgjMSBUrqtfRGkz3,101914818722206,hcyen,2025-06-27T21:00:00.211000+00:00,"Taiwan, Province of China",121.4889283,25.0800929,0.0
717950190839492,0c7LOmTgjMSBUrqtfRGkz3,101914818722206,hcyen,2025-06-27T21:00:00.014000+00:00,"Taiwan, Province of China",121.4842327,25.08831,0.0
717964774178913,6PXzcZFVf2ipDUxSQvs8hg,101914818722206,hcyen,2025-06-27T21:00:00.968000+00:00,"Taiwan, Province of China",121.4636031,25.0666141,0.0
718211017478058,dOtyUEmsePJZwuYR62Knbp,101914818722206,hcyen,2025-06-27T21:00:00.390000+00:00,"Taiwan, Province of China",121.493616,25.0723765,0.0
718328990805035,dOtyUEmsePJZwuYR62Knbp,101914818722206,hcyen,2025-06-27T21:00:00.706000+00:00,"Taiwan, Province of China",121.4380619,25.0707229,0.0
718647054249519,0c7LOmTgjMSBUrqtfRGkz3,101914818722206,hcyen,2025-06-27T21:00:00.070000+00:00,"Taiwan, Province of China",121.4758466,25.0817238,0.0
718731820749666,6PXzcZFVf2ipDUxSQvs8hg,101914818722206,hcyen,2025-06-27T21:00:00.943000+00:00,"Taiwan, Province of China",121.4561768,25.0711766,0.0
718789667749260,dOtyUEmsePJZwuYR62Knbp,101914818722206,hcyen,2025-06-27T21:00:00.563000+00:00,"Taiwan, Province of China",121.4673365,25.0759217,0.0
718939070780274,0c7LOmTgjMSBUrqtfRGkz3,101914818722206,hcyen,2025-06-27T21:00:00.232000+00:00,"Taiwan, Province of China",121.4910748,25.0766375,0.0
718945350986189,0c7LOmTgjMSBUrqtfRGkz3,101914818722206,hcyen,2025-06-27T21:00:00.314000+00:00,"Taiwan, Province of China",121.4881797,25.0703018,0.0
719160377533693,0c7LOmTgjMSBUrqtfRGkz3,101914818722206,hcyen,2025-06-27T21:00:00.174000+00:00,"Taiwan, Province of China",121.4890653,25.0862152,0.0
719442980721518,dOtyUEmsePJZwuYR62Knbp,101914818722206,hcyen,2025-06-27T21:00:00.549000+00:00,"Taiwan, Province of China",121.4703997,25.0755237,0.0
719865147423505,0c7LOmTgjMSBUrqtfRGkz3,101914818722206,hcyen,2025-06-27T21:00:00.098000+00:00,"Taiwan, Province of China",121.4794803,25.0808259,0.0
720060777282994,dOtyUEmsePJZwuYR62Knbp,101914818722206,hcyen,2025-06-27T21:00:00.404000+00:00,"Taiwan, Province of China",121.4944049,25.0752059,0.0
720214634073375,0c7LOmTgjMSBUrqtfRGkz3,101914818722206,hcyen,2025-06-27T21:00:00.203000+00:00,"Taiwan, Province of China",121.4880824,25.0813836,0.0
720664020904886,6PXzcZFVf2ipDUxSQvs8hg,101914818722206,hcyen,2025-06-27T21:00:00.846000+00:00,"Taiwan, Province of China",121.4417114,25.0844067,0.0
721468373914521,0c7LOmTgjMSBUrqtfRGkz3,101914818722206,hcyen,2025-06-27T21:00:00.138000+00:00,"Taiwan, Province of China",121.4833923,25.0873523,0.0
721493717155046,dOtyUEmsePJZwuYR62Knbp,101914818722206,hcyen,2025-06-27T21:00:00.458000+00:00,"Taiwan, Province of China",121.4892345,25.0746658,0.0
721614103930199,dOtyUEmsePJZwuYR62Knbp,101914818722206,hcyen,2025-06-27T21:00:00.425000+00:00,"Taiwan, Province of China",121.495969,25.076334,0.0
721735677145633,6PXzcZFVf2ipDUxSQvs8hg,101914818722206,hcyen,2025-06-27T21:00:00.886000+00:00,"Taiwan, Province of China",121.4458487,25.0804291,0.0
721831960429450,dOtyUEmsePJZwuYR62Knbp,101914818722206,hcyen,2025-06-27T21:00:00.436000+00:00,"Taiwan, Province of China",121.493746,25.0758064,0.0
722046097475570,6PXzcZFVf2ipDUxSQvs8hg,101914818722206,hcyen,2025-06-27T21:00:00.814000+00:00,"Taiwan, Province of China",121.4443812,25.089136,0.0
722059650409959,dOtyUEmsePJZwuYR62Knbp,101914818722206,hcyen,2025-06-27T21:00:00.561000+00:00,"Taiwan, Province of China",121.4678118,25.0758901,0.0
722495783855840,dOtyUEmsePJZwuYR62Knbp,101914818722206,hcyen,2025-06-27T21:00:00.476000+00:00,"Taiwan, Province of China",121.4855556,25.0737806,0.0
722706480519491,6PXzcZFVf2ipDUxSQvs8hg,101914818722206,hcyen,2025-06-27T21:00:00.930000+00:00,"Taiwan, Province of China",121.4543269,25.0730556,0.0
722885003674847,dOtyUEmsePJZwuYR62Knbp,101914818722206,hcyen,2025-06-27T21:00:00.533000+00:00,"Taiwan, Province of China",121.4737027,25.0747405,0.0
722936403666854,dOtyUEmsePJZwuYR62Knbp,101914818722206,hcyen,2025-06-27T21:00:00.527000+00:00,"Taiwan, Province of China",121.4749262,25.0744289,0.0
723225573778580,6PXzcZFVf2ipDUxSQvs8hg,101914818722206,hcyen,2025-06-27T21:00:00.919000+00:00,"Taiwan, Province of China",121.4528276,25.0745408,0.0
723276200304867,dOtyUEmsePJZwuYR62Knbp,101914818722206,hcyen,2025-06-27T21:00:00.746000+00:00,"Taiwan, Province of China",121.4379735,25.0775949,0.0
723412727289361,0c7LOmTgjMSBUrqtfRGkz3,101914818722206,hcyen,2025-06-27T21:00:00.301000+00:00,"Taiwan, Province of China",121.4894505,25.0694413,0.0
723483157045220,6PXzcZFVf2ipDUxSQvs8hg,101914818722206,hcyen,2025-06-27T21:00:00.830000+00:00,"Taiwan, Province of China",121.4435419,25.0868886,0.0
723487790626258,0c7LOmTgjMSBUrqtfRGkz3,101914818722206,hcyen,2025-06-27T21:00:00.222000+00:00,"Taiwan, Province of China",121.4900444,25.0782026,0.0
723706250626368,6PXzcZFVf2ipDUxSQvs8hg,101914818722206,hcyen,2025-06-27T21:00:00.835000+00:00,"Taiwan, Province of China",121.4429877,25.0861111,0.0
723823810351314,0c7LOmTgjMSBUrqtfRGkz3,101914818722206,hcyen,2025-06-27T21:00:00.227000+00:00,"Taiwan, Province of China",121.4907842,25.0774515,0.0
724003670567198,dOtyUEmsePJZwuYR62Knbp,101914818722206,hcyen,2025-06-27T21:00:00.663000+00:00,"Taiwan, Province of China",121.4469306,25.071513,0.0
724084817259892,dOtyUEmsePJZwuYR62Knbp,101914818722206,hcyen,2025-06-27T21:00:00.607000+00:00,"Taiwan, Province of China",121.4583587,25.0747699,0.0
724308663864875,0c7LOmTgjMSBUrqtfRGkz3,101914818722206,hcyen,2025-06-27T21:00:00.011000+00:00,"Taiwan, Province of China",121.4846172,25.0885644,0.0
724355436852393,0c7LOmTgjMSBUrqtfRGkz3,101914818722206,hcyen,2025-06-27T21:00:00.254000+00:00,"Taiwan, Province of China",121.4928965,25.0729853,0.0
724424660207164,dOtyUEmsePJZwuYR62Knbp,101914818722206,hcyen,2025-06-27T21:00:00.570000+00:00,"Taiwan, Province of China",121.4659875,25.0759735,0.0
724568826860360,0c7LOmTgjMSBUrqtfRGkz3,101914818722206,hcyen,2025-06-27T21:00:00.056000+00:00,"Taiwan, Province of China",121.4787001,25.0811584,0.0
724861000160671,dOtyUEmsePJZwuYR62Knbp,101914818722206,hcyen,2025-06-27T21:00:00.709000+00:00,"Taiwan, Province of China",121.4374296,25.0707429,0.0
725489326557517,6PXzcZFVf2ipDUxSQvs8hg,101914818722206,hcyen,2025-06-27T21:00:00.984000+00:00,"Taiwan, Province of China",121.4663916,25.0650951,0.0
725499553421290,0c7LOmTgjMSBUrqtfRGkz3,101914818722206,hcyen,2025-06-27T21:00:00.041000+00:00,"Taiwan, Province of China",121.4809571,25.083982,0.0
725610143737961,6PXzcZFVf2ipDUxSQvs8hg,101914818722206,hcyen,2025-06-27T21:00:00.798000+00:00,"Taiwan, Province of China",121.4432456,25.0862525,0.0
726235956783224,dOtyUEmsePJZwuYR62Knbp,101914818722206,hcyen,2025-06-27T21:00:00.424000+00:00,"Taiwan, Province of China",121.4960429,25.0763605,0.0
726275653685842,0c7LOmTgjMSBUrqtfRGkz3,101914818722206,hcyen,2025-06-27T21:00:00.088000+00:00,"Taiwan, Province of China",121.4774429,25.0814181,0.0
726477150139029,dOtyUEmsePJZwuYR62Knbp,101914818722206,hcyen,2025-06-27T21:00:00.632000+00:00,"Taiwan, Province of China",121.4532287,25.0732451,0.0
726572420309120,6PXzcZFVf2ipDUxSQvs8hg,101914818722206,hcyen,2025-06-27T21:00:00.993000+00:00,"Taiwan, Province of China",121.4680293,25.0642129,0.0
726619643091000,6PXzcZFVf2ipDUxSQvs8hg,101914818722206,hcyen,2025-06-27T21:00:00.970000+00:00,"Taiwan, Province of China",121.4639425,25.0664277,0.0
726687433079507,dOtyUEmsePJZwuYR62Knbp,101914818722206,hcyen,2025-06-27T21:00:00.703000+00:00,"Taiwan, Province of China",121.4386566,25.0705353,0.0
726703429953638,0c7LOmTgjMSBUrqtfRGkz3,101914818722206,hcyen,2025-06-27T21:00:00.373000+00:00,"Taiwan, Province of China",121.4915981,25.0698084,0.0
727434676641969,dOtyUEmsePJZwuYR62Knbp,101914818722206,hcyen,2025-06-27T21:00:00.744000+00:00,"Taiwan, Province of China",121.4377872,25.0771979,0.0
727849749738950,dOtyUEmsePJZwuYR62Knbp,101914818722206,hcyen,2025-06-27T21:00:00.419000+00:00,"Taiwan, Province of China",121.4959838,25.07713,0.0
728030646473753,dOtyUEmsePJZwuYR62Knbp,101914818722206,hcyen,2025-06-27T21:00:00.421000+00:00,"Taiwan, Province of China",121.4963559,25.0767908,0.0
460270700513305,i70W65AfSZqFEeuUcJxsLl,101914818722206,hcyen,2025-06-27T22:00:00.854000+00:00,"Taiwan, Province of China",121.4673664,25.0437064,0.0
499760609895972,i70W65AfSZqFEeuUcJxsLl,101914818722206,hcyen,2025-06-27T22:00:00.451000+00:00,"Taiwan, Province of China",121.4767392,25.0557627,0.0
513198985154274,i70W65AfSZqFEeuUcJxsLl,101914818722206,hcyen,2025-06-27T22:00:00.851000+00:00,"Taiwan, Province of China",121.4674483,25.043829,0.0
514087178397074,i70W65AfSZqFEeuUcJxsLl,101914818722206,hcyen,2025-06-27T22:00:00.524000+00:00,"Taiwan, Province of China",121.4782228,25.05259,0.0
528597340242946,i70W65AfSZqFEeuUcJxsLl,101914818722206,hcyen,2025-06-27T22:00:00.115000+00:00,"Taiwan, Province of China",121.4755186,25.058068,0.0
544316371980447,i70W65AfSZqFEeuUcJxsLl,101914818722206,hcyen,2025-06-27T22:00:00.144000+00:00,"Taiwan, Province of China",121.476157,25.0568299,0.0
572282529287018,i70W65AfSZqFEeuUcJxsLl,101914818722206,hcyen,2025-06-27T22:00:00.750000+00:00,"Taiwan, Province of China",121.4716614,25.0464621,0.0
572535089057166,i70W65AfSZqFEeuUcJxsLl,101914818722206,hcyen,2025-06-27T22:00:00.284000+00:00,"Taiwan, Province of China",121.4749729,25.0571002,0.0
574507868846717,i70W65AfSZqFEeuUcJxsLl,101914818722206,hcyen,2025-06-27T22:00:00.150000+00:00,"Taiwan, Province of China",121.4762914,25.0565692,0.0
574902208817504,i70W65AfSZqFEeuUcJxsLl,101914818722206,hcyen,2025-06-27T22:00:00.946000+00:00,"Taiwan, Province of China",121.4633603,25.0407697,0.0
579902155174401,i70W65AfSZqFEeuUcJxsLl,101914818722206,hcyen,2025-06-27T22:00:00.250000+00:00,"Taiwan, Province of China",121.4749652,25.0560367,0.0
581560078115073,i70W65AfSZqFEeuUcJxsLl,101914818722206,hcyen,2025-06-27T22:00:00.759000+00:00,"Taiwan, Province of China",121.471221,25.0462979,0.0
584663871070732,i70W65AfSZqFEeuUcJxsLl,101914818722206,hcyen,2025-06-27T22:00:00.381000+00:00,"Taiwan, Province of China",121.4741886,25.0572348,0.0
585538207932930,i70W65AfSZqFEeuUcJxsLl,101914818722206,hcyen,2025-06-27T22:00:00.425000+00:00,"Taiwan, Province of China",121.4761682,25.0568704,0.0
587964744369125,i70W65AfSZqFEeuUcJxsLl,101914818722206,hcyen,2025-06-27T22:00:00.296000+00:00,"Taiwan, Province of China",121.4744052,25.0570101,0.0
588334487328887,i70W65AfSZqFEeuUcJxsLl,101914818722206,hcyen,2025-06-27T22:00:00.089000+00:00,"Taiwan, Province of China",121.4748493,25.0591198,0.0
591375207360081,i70W65AfSZqFEeuUcJxsLl,101914818722206,hcyen,2025-06-27T22:00:00.630000+00:00,"Taiwan, Province of China",121.4774664,25.0484929,0.0
591486164007429,i70W65AfSZqFEeuUcJxsLl,101914818722206,hcyen,2025-06-27T22:00:00.343000+00:00,"Taiwan, Province of China",121.4745771,25.0559882,0.0
598258076239520,i70W65AfSZqFEeuUcJxsLl,101914818722206,hcyen,2025-06-27T22:00:00.244000+00:00,"Taiwan, Province of China",121.4752298,25.056119,0.0
602683205759888,i70W65AfSZqFEeuUcJxsLl,101914818722206,hcyen,2025-06-27T22:00:00.191000+00:00,"Taiwan, Province of China",121.4753503,25.056326,0.0
603123752389301,i70W65AfSZqFEeuUcJxsLl,101914818722206,hcyen,2025-06-27T22:00:00.882000+00:00,"Taiwan, Province of China",121.4662968,25.0427444,0.0
603842198973226,i70W65AfSZqFEeuUcJxsLl,101914818722206,hcyen,2025-06-27T22:00:00.209000+00:00,"Taiwan, Province of China",121.4759322,25.0567202,0.0
607104339094996,i70W65AfSZqFEeuUcJxsLl,101914818722206,hcyen,2025-06-27T22:00:00.955000+00:00,"Taiwan, Province of China",121.462951,25.0405583,0.0
608667515596557,i70W65AfSZqFEeuUcJxsLl,101914818722206,hcyen,2025-06-27T22:00:00.996000+00:00,"Taiwan, Province of China",121.4621601,25.0410014,0.0
611081445352457,i70W65AfSZqFEeuUcJxsLl,101914818722206,hcyen,2025-06-27T22:00:00.785000+00:00,"Taiwan, Province of China",121.469952,25.045903,0.0
611136488694980,i70W65AfSZqFEeuUcJxsLl,101914818722206,hcyen,2025-06-27T22:00:00.714000+00:00,"Taiwan, Province of China",121.4734486,25.0470177,0.0
611639705301059,i70W65AfSZqFEeuUcJxsLl,101914818722206,hcyen,2025-06-27T22:00:00.793000+00:00,"Taiwan, Province of China",121.4696242,25.0457008,0.0
612392918034058,i70W65AfSZqFEeuUcJxsLl,101914818722206,hcyen,2025-06-27T22:00:00.019000+00:00,"Taiwan, Province of China",121.4724972,25.0616247,0.0
612693301853111,i70W65AfSZqFEeuUcJxsLl,101914818722206,hcyen,2025-06-27T22:00:00.691000+00:00,"Taiwan, Province of China",121.4745564,25.0473999,0.0
614590187754148,i70W65AfSZqFEeuUcJxsLl,101914818722206,hcyen,2025-06-27T22:00:00.566000+00:00,"Taiwan, Province of China",121.4789217,25.0505817,0.0
616792080947197,i70W65AfSZqFEeuUcJxsLl,101914818722206,hcyen,2025-06-27T22:00:00.138000+00:00,"Taiwan, Province of China",121.4760276,25.0570928,0.0
617725631345749,i70W65AfSZqFEeuUcJxsLl,101914818722206,hcyen,2025-06-27T22:00:00.068000+00:00,"Taiwan, Province of China",121.474263,25.0599736,0.0
617983864064239,i70W65AfSZqFEeuUcJxsLl,101914818722206,hcyen,2025-06-27T22:00:00.241000+00:00,"Taiwan, Province of China",121.4752235,25.0562625,0.0
618993237974113,i70W65AfSZqFEeuUcJxsLl,101914818722206,hcyen,2025-06-27T22:00:00.560000+00:00,"Taiwan, Province of China",121.478832,25.0508577,0.0
619273550608349,i70W65AfSZqFEeuUcJxsLl,101914818722206,hcyen,2025-06-27T22:00:00.931000+00:00,"Taiwan, Province of China",121.4640137,25.0411774,0.0
621575383686749,i70W65AfSZqFEeuUcJxsLl,101914818722206,hcyen,2025-06-27T22:00:00.311000+00:00,"Taiwan, Province of China",121.4744293,25.0562915,0.0
625791457193735,i70W65AfSZqFEeuUcJxsLl,101914818722206,hcyen,2025-06-27T22:00:00.855000+00:00,"Taiwan, Province of China",121.4673157,25.043651,0.0
626059763188285,i70W65AfSZqFEeuUcJxsLl,101914818722206,hcyen,2025-06-27T22:00:00.983000+00:00,"Taiwan, Province of China",121.4621139,25.0413401,0.0
632502625795646,i70W65AfSZqFEeuUcJxsLl,101914818722206,hcyen,2025-06-27T22:00:00.527000+00:00,"Taiwan, Province of China",121.4782707,25.0524529,0.0
639108069182674,i70W65AfSZqFEeuUcJxsLl,101914818722206,hcyen,2025-06-27T22:00:00.231000+00:00,"Taiwan, Province of China",121.4751663,25.0567519,0.0
641259828972251,i70W65AfSZqFEeuUcJxsLl,101914818722206,hcyen,2025-06-27T22:00:00.732000+00:00,"Taiwan, Province of China",121.4725589,25.0467518,0.0
646153078430720,i70W65AfSZqFEeuUcJxsLl,101914818722206,hcyen,2025-06-27T22:00:00.129000+00:00,"Taiwan, Province of China",121.4758279,25.0574847,0.0
648580901532427,i70W65AfSZqFEeuUcJxsLl,101914818722206,hcyen,2025-06-27T22:00:00.305000+00:00,"Taiwan, Province of China",121.4744181,25.0565788,0.0
656551364077681,i70W65AfSZqFEeuUcJxsLl,101914818722206,hcyen,2025-06-27T22:00:00.582000+00:00,"Taiwan, Province of China",121.479086,25.0498779,0.0
659346743815494,i70W65AfSZqFEeuUcJxsLl,101914818722206,hcyen,2025-06-27T22:00:00.899000+00:00,"Taiwan, Province of China",121.4656318,25.0422354,0.0
660660717138372,i70W65AfSZqFEeuUcJxsLl,101914818722206,hcyen,2025-06-27T22:00:00.861000+00:00,"Taiwan, Province of China",121.4670929,25.0434464,0.0
662846570120038,i70W65AfSZqFEeuUcJxsLl,101914818722206,hcyen,2025-06-27T22:00:00.186000+00:00,"Taiwan, Province of China",121.4752695,25.0561689,0.0
663128563421963,i70W65AfSZqFEeuUcJxsLl,101914818722206,hcyen,2025-06-27T22:00:00.036000+00:00,"Taiwan, Province of China",121.4731297,25.0610791,0.0
673346922332775,i70W65AfSZqFEeuUcJxsLl,101914818722206,hcyen,2025-06-27T22:00:00.873000+00:00,"Taiwan, Province of China",121.4666255,25.0430556,0.0
676617055378322,i70W65AfSZqFEeuUcJxsLl,101914818722206,hcyen,2025-06-27T22:00:00.522000+00:00,"Taiwan, Province of China",121.4782012,25.0526592,0.0
679155121783649,i70W65AfSZqFEeuUcJxsLl,101914818722206,hcyen,2025-06-27T22:00:00.158000+00:00,"Taiwan, Province of China",121.4764541,25.0562413,0.0
682105564652006,i70W65AfSZqFEeuUcJxsLl,101914818722206,hcyen,2025-06-27T22:00:00.322000+00:00,"Taiwan, Province of China",121.4746586,25.0560283,0.0
683981437973803,i70W65AfSZqFEeuUcJxsLl,101914818722206,hcyen,2025-06-27T22:00:00.302000+00:00,"Taiwan, Province of China",121.4744166,25.0567227,0.0
686966774202518,i70W65AfSZqFEeuUcJxsLl,101914818722206,hcyen,2025-06-27T22:00:00.802000+00:00,"Taiwan, Province of China",121.4692282,25.0454615,0.0
687081200809318,i70W65AfSZqFEeuUcJxsLl,101914818722206,hcyen,2025-06-27T22:00:00.696000+00:00,"Taiwan, Province of China",121.4743298,25.0473338,0.0
687294560802262,i70W65AfSZqFEeuUcJxsLl,101914818722206,hcyen,2025-06-27T22:00:00.376000+00:00,"Taiwan, Province of China",121.4741694,25.0570201,0.0
687733560761744,i70W65AfSZqFEeuUcJxsLl,101914818722206,hcyen,2025-06-27T22:00:00.329000+00:00,"Taiwan, Province of China",121.4744591,25.0558026,0.0
690090363905864,i70W65AfSZqFEeuUcJxsLl,101914818722206,hcyen,2025-06-27T22:00:00.673000+00:00,"Taiwan, Province of China",121.4754663,25.0476528,0.0
691071163801102,i70W65AfSZqFEeuUcJxsLl,101914818722206,hcyen,2025-06-27T22:00:00.045000+00:00,"Taiwan, Province of China",121.4734455,25.0607563,0.0
691576060305204,i70W65AfSZqFEeuUcJxsLl,101914818722206,hcyen,2025-06-27T22:00:00.258000+00:00,"Taiwan, Province of China",121.4747195,25.0561934,0.0
691596386980949,i70W65AfSZqFEeuUcJxsLl,101914818722206,hcyen,2025-06-27T22:00:00.170000+00:00,"Taiwan, Province of China",121.4760566,25.0560602,0.0
691975807168306,i70W65AfSZqFEeuUcJxsLl,101914818722206,hcyen,2025-06-27T22:00:00.589000+00:00,"Taiwan, Province of China",121.479175,25.0495275,0.0
692381300344522,i70W65AfSZqFEeuUcJxsLl,101914818722206,hcyen,2025-06-27T22:00:00.112000+00:00,"Taiwan, Province of China",121.4754752,25.0582064,0.0
692551760288463,i70W65AfSZqFEeuUcJxsLl,101914818722206,hcyen,2025-06-27T22:00:00.434000+00:00,"Taiwan, Province of China",121.476363,25.0564765,0.0
694340740170058,i70W65AfSZqFEeuUcJxsLl,101914818722206,hcyen,2025-06-27T22:00:00.639000+00:00,"Taiwan, Province of China",121.4770405,25.048301,0.0
695439623336573,i70W65AfSZqFEeuUcJxsLl,101914818722206,hcyen,2025-06-27T22:00:00.151000+00:00,"Taiwan, Province of China",121.4763262,25.0565045,0.0
695736486665556,i70W65AfSZqFEeuUcJxsLl,101914818722206,hcyen,2025-06-27T22:00:00.814000+00:00,"Taiwan, Province of China",121.4687763,25.0450619,0.0
697853973225450,i70W65AfSZqFEeuUcJxsLl,101914818722206,hcyen,2025-06-27T22:00:00.326000+00:00,"Taiwan, Province of China",121.4744569,25.0559442,0.0
698595649606144,i70W65AfSZqFEeuUcJxsLl,101914818722206,hcyen,2025-06-27T22:00:00.452000+00:00,"Taiwan, Province of China",121.4767772,25.0556995,0.0
701788869295998,i70W65AfSZqFEeuUcJxsLl,101914818722206,hcyen,2025-06-27T22:00:00.135000+00:00,"Taiwan, Province of China",121.4759591,25.0572222,0.0
702306779272036,i70W65AfSZqFEeuUcJxsLl,101914818722206,hcyen,2025-06-27T22:00:00.886000+00:00,"Taiwan, Province of China",121.4661839,25.0426432,0.0
702957762582787,i70W65AfSZqFEeuUcJxsLl,101914818722206,hcyen,2025-06-27T22:00:00.200000+00:00,"Taiwan, Province of China",121.4758264,25.0563322,0.0
703771628961634,i70W65AfSZqFEeuUcJxsLl,101914818722206,hcyen,2025-06-27T22:00:00.872000+00:00,"Taiwan, Province of China",121.4666845,25.0431048,0.0
704095929057096,i70W65AfSZqFEeuUcJxsLl,101914818722206,hcyen,2025-06-27T22:00:00.615000+00:00,"Taiwan, Province of China",121.4781743,25.0488182,0.0
705231979030793,i70W65AfSZqFEeuUcJxsLl,101914818722206,hcyen,2025-06-27T22:00:00.898000+00:00,"Taiwan, Province of China",121.4656952,25.0422788,0.0
705279802357440,i70W65AfSZqFEeuUcJxsLl,101914818722206,hcyen,2025-06-27T22:00:00.294000+00:00,"Taiwan, Province of China",121.4744226,25.0570797,0.0
706314915356160,i70W65AfSZqFEeuUcJxsLl,101914818722206,hcyen,2025-06-27T22:00:00.062000+00:00,"Taiwan, Province of China",121.4740288,25.060168,0.0
706957658867840,i70W65AfSZqFEeuUcJxsLl,101914818722206,hcyen,2025-06-27T22:00:00.408000+00:00,"Taiwan, Province of China",121.4755693,25.0572879,0.0
707015432296542,i70W65AfSZqFEeuUcJxsLl,101914818722206,hcyen,2025-06-27T22:00:00.226000+00:00,"Taiwan, Province of China",121.475253,25.0569444,0.0
708419352055798,i70W65AfSZqFEeuUcJxsLl,101914818722206,hcyen,2025-06-27T22:00:00.972000+00:00,"Taiwan, Province of China",121.462426,25.0409275,0.0
708459905220033,i70W65AfSZqFEeuUcJxsLl,101914818722206,hcyen,2025-06-27T22:00:00.034000+00:00,"Taiwan, Province of China",121.4730701,25.0611266,0.0
708624048544754,i70W65AfSZqFEeuUcJxsLl,101914818722206,hcyen,2025-06-27T22:00:00.287000+00:00,"Taiwan, Province of China",121.4748142,25.0571012,0.0
708731318446002,i70W65AfSZqFEeuUcJxsLl,101914818722206,hcyen,2025-06-27T22:00:00.354000+00:00,"Taiwan, Province of China",121.4743653,25.0560483,0.0
709547331717305,i70W65AfSZqFEeuUcJxsLl,101914818722206,hcyen,2025-06-27T22:00:00.586000+00:00,"Taiwan, Province of China",121.4791423,25.0496682,0.0
709674868631079,i70W65AfSZqFEeuUcJxsLl,101914818722206,hcyen,2025-06-27T22:00:00.384000+00:00,"Taiwan, Province of China",121.4742998,25.0573102,0.0
710294455121569,i70W65AfSZqFEeuUcJxsLl,101914818722206,hcyen,2025-06-27T22:00:00.182000+00:00,"Taiwan, Province of China",121.4754214,25.056052,0.0
710315895038871,i70W65AfSZqFEeuUcJxsLl,101914818722206,hcyen,2025-06-27T22:00:00.764000+00:00,"Taiwan, Province of China",121.4709988,25.0462203,0.0
710376561705762,i70W65AfSZqFEeuUcJxsLl,101914818722206,hcyen,2025-06-27T22:00:00.109000+00:00,"Taiwan, Province of China",121.4754114,25.0583382,0.0
710463461767613,i70W65AfSZqFEeuUcJxsLl,101914818722206,hcyen,2025-06-27T22:00:00.884000+00:00,"Taiwan, Province of China",121.4662394,25.0426947,0.0
710594795279050,i70W65AfSZqFEeuUcJxsLl,101914818722206,hcyen,2025-06-27T22:00:00.790000+00:00,"Taiwan, Province of China",121.469753,25.0457848,0.0
710797475029208,i70W65AfSZqFEeuUcJxsLl,101914818722206,hcyen,2025-06-27T22:00:00.598000+00:00,"Taiwan, Province of China",121.4789253,25.0492208,0.0
710803168545560,i70W65AfSZqFEeuUcJxsLl,101914818722206,hcyen,2025-06-27T22:00:00.477000+00:00,"Taiwan, Province of China",121.4773211,25.0546596,0.0
710915651726053,i70W65AfSZqFEeuUcJxsLl,101914818722206,hcyen,2025-06-27T22:00:00.563000+00:00,"Taiwan, Province of China",121.4788774,25.0507198,0.0
710990708527553,i70W65AfSZqFEeuUcJxsLl,101914818722206,hcyen,2025-06-27T22:00:00.813000+00:00,"Taiwan, Province of China",121.4688385,25.0451063,0.0
711025484990991,i70W65AfSZqFEeuUcJxsLl,101914818722206,hcyen,2025-06-27T22:00:00.641000+00:00,"Taiwan, Province of China",121.4769727,25.0482635,0.0
712644344733766,i70W65AfSZqFEeuUcJxsLl,101914818722206,hcyen,2025-06-27T22:00:00.791000+00:00,"Taiwan, Province of China",121.4696871,25.0457446,0.0
713939024832840,i70W65AfSZqFEeuUcJxsLl,101914818722206,hcyen,2025-06-27T22:00:00.747000+00:00,"Taiwan, Province of China",121.4718093,25.0465143,0.0
715227387913381,i70W65AfSZqFEeuUcJxsLl,101914818722206,hcyen,2025-06-27T22:00:00.285000+00:00,"Taiwan, Province of China",121.4748935,25.0571033,0.0
715730627742349,i70W65AfSZqFEeuUcJxsLl,101914818722206,hcyen,2025-06-27T22:00:00.577000+00:00,"Taiwan, Province of China",121.4790345,25.0500887,0.0
716651604433968,i70W65AfSZqFEeuUcJxsLl,101914818722206,hcyen,2025-06-27T22:00:00.398000+00:00,"Taiwan, Province of China",121.4750138,25.0573056,0.0
716718688187662,i70W65AfSZqFEeuUcJxsLl,101914818722206,hcyen,2025-06-27T22:00:00.066000+00:00,"Taiwan, Province of China",121.4742038,25.0600216,0.0
717447054346008,i70W65AfSZqFEeuUcJxsLl,101914818722206,hcyen,2025-06-27T22:00:00.417000+00:00,"Taiwan, Province of China",121.4760047,25.0571976,0.0
718475834218305,i70W65AfSZqFEeuUcJxsLl,101914818722206,hcyen,2025-06-27T22:00:00.531000+00:00,"Taiwan, Province of China",121.4783642,25.052255,0.0
720156030637529,i70W65AfSZqFEeuUcJxsLl,101914818722206,hcyen,2025-06-27T22:00:00.161000+00:00,"Taiwan, Province of China",121.4765066,25.0561075,0.0
722021340432750,i70W65AfSZqFEeuUcJxsLl,101914818722206,hcyen,2025-06-27T22:00:00.082000+00:00,"Taiwan, Province of China",121.4746357,25.0594227,0.0
722348513855561,i70W65AfSZqFEeuUcJxsLl,101914818722206,hcyen,2025-06-27T22:00:00.658000+00:00,"Taiwan, Province of China",121.476224,25.047857,0.0
723176630118720,i70W65AfSZqFEeuUcJxsLl,101914818722206,hcyen,2025-06-27T22:00:00.358000+00:00,"Taiwan, Province of China",121.4741904,25.0561577,0.0
723585540404168,i70W65AfSZqFEeuUcJxsLl,101914818722206,hcyen,2025-06-27T22:00:00.328000+00:00,"Taiwan, Province of China",121.4744515,25.0558742,0.0
724228586879150,i70W65AfSZqFEeuUcJxsLl,101914818722206,hcyen,2025-06-27T22:00:00.454000+00:00,"Taiwan, Province of China",121.4768144,25.0556359,0.0
724876860493025,i70W65AfSZqFEeuUcJxsLl,101914818722206,hcyen,2025-06-27T22:00:00.487000+00:00,"Taiwan, Province of China",121.4775406,25.0541973,0.0
725040364020137,i70W65AfSZqFEeuUcJxsLl,101914818722206,hcyen,2025-06-27T22:00:00.123000+00:00,"Taiwan, Province of China",121.4756832,25.0577407,0.0
726528263115056,i70W65AfSZqFEeuUcJxsLl,101914818722206,hcyen,2025-06-27T22:00:00.240000+00:00,"Taiwan, Province of China",121.4751988,25.0563306,0.0
726894429925771,i70W65AfSZqFEeuUcJxsLl,101914818722206,hcyen,2025-06-27T22:00:00.025000+00:00,"Taiwan, Province of China",121.4727253,25.0614245,0.0
727283003223429,i70W65AfSZqFEeuUcJxsLl,101914818722206,hcyen,2025-06-27T22:00:00.509000+00:00,"Taiwan, Province of China",121.4779635,25.053267,0.0
729677986092587,i70W65AfSZqFEeuUcJxsLl,101914818722206,hcyen,2025-06-27T22:00:00.288000+00:00,"Taiwan, Province of China",121.4747348,25.0570989,0.0
729967482946838,i70W65AfSZqFEeuUcJxsLl,101914818722206,hcyen,2025-06-27T22:00:00.331000+00:00,"Taiwan, Province of China",121.474493,25.0557404,0.0
731093349699897,i70W65AfSZqFEeuUcJxsLl,101914818722206,hcyen,2025-06-27T22:00:00.594000+00:00,"Taiwan, Province of China",121.4791323,25.0493269,0.0
731671269265536,i70W65AfSZqFEeuUcJxsLl,101914818722206,hcyen,2025-06-27T22:00:00.357000+00:00,"Taiwan, Province of China",121.4742195,25.0560913,0.0
731932649790459,i70W65AfSZqFEeuUcJxsLl,101914818722206,hcyen,2025-06-27T22:00:00.635000+00:00,"Taiwan, Province of China",121.4772567,25.048391,0.0
732748899131352,i70W65AfSZqFEeuUcJxsLl,101914818722206,hcyen,2025-06-27T22:00:00.414000+00:00,"Taiwan, Province of China",121.4758867,25.0572834,0.0
733686542603111,i70W65AfSZqFEeuUcJxsLl,101914818722206,hcyen,2025-06-27T22:00:00.247000+00:00,"Taiwan, Province of China",121.4751237,25.0560403,0.0
733803942352304,i70W65AfSZqFEeuUcJxsLl,101914818722206,hcyen,2025-06-27T22:00:00.875000+00:00,"Taiwan, Province of China",121.4665697,25.0430055,0.0
734719315721315,i70W65AfSZqFEeuUcJxsLl,101914818722206,hcyen,2025-06-27T22:00:00.208000+00:00,"Taiwan, Province of China",121.4759365,25.0566483,0.0
735368958947895,i70W65AfSZqFEeuUcJxsLl,101914818722206,hcyen,2025-06-27T22:00:00.893000+00:00,"Taiwan, Province of China",121.4658878,25.0424057,0.0
735446048990216,i70W65AfSZqFEeuUcJxsLl,101914818722206,hcyen,2025-06-27T22:00:00.767000+00:00,"Taiwan, Province of China",121.4708469,25.0461787,0.0
735809048908885,i70W65AfSZqFEeuUcJxsLl,101914818722206,hcyen,2025-06-27T22:00:00.132000+00:00,"Taiwan, Province of China",121.4758922,25.0573531,0.0
736040895841323,i70W65AfSZqFEeuUcJxsLl,101914818722206,hcyen,2025-06-27T22:00:00.816000+00:00,"Taiwan, Province of China",121.4687104,25.0450218,0.0
736150185484928,i70W65AfSZqFEeuUcJxsLl,101914818722206,hcyen,2025-06-27T22:00:00.270000+00:00,"Taiwan, Province of China",121.4750709,25.0565112,0.0
737709262075772,i70W65AfSZqFEeuUcJxsLl,101914818722206,hcyen,2025-06-27T22:00:00.702000+00:00,"Taiwan, Province of China",121.4740328,25.0472324,0.0
738055358738881,i70W65AfSZqFEeuUcJxsLl,101914818722206,hcyen,2025-06-27T22:00:00.133000+00:00,"Taiwan, Province of China",121.4759255,25.0572878,0.0
738583808720925,i70W65AfSZqFEeuUcJxsLl,101914818722206,hcyen,2025-06-27T22:00:00.638000+00:00,"Taiwan, Province of China",121.4771128,25.0483306,0.0
738728508701943,i70W65AfSZqFEeuUcJxsLl,101914818722206,hcyen,2025-06-27T22:00:00.724000+00:00,"Taiwan, Province of China",121.4729141,25.0469077,0.0
738833368594965,i70W65AfSZqFEeuUcJxsLl,101914818722206,hcyen,2025-06-27T22:00:00.189000+00:00,"Taiwan, Province of China",121.4752737,25.0563096,0.0
738844908520511,i70W65AfSZqFEeuUcJxsLl,101914818722206,hcyen,2025-06-27T22:00:00.925000+00:00,"Taiwan, Province of China",121.4642874,25.0413186,0.0
739092795438313,i70W65AfSZqFEeuUcJxsLl,101914818722206,hcyen,2025-06-27T22:00:00.942000+00:00,"Taiwan, Province of China",121.4635616,25.0408851,0.0
739724781874503,i70W65AfSZqFEeuUcJxsLl,101914818722206,hcyen,2025-06-27T22:00:00.782000+00:00,"Taiwan, Province of China",121.4701021,25.045949,0.0
739909011840532,i70W65AfSZqFEeuUcJxsLl,101914818722206,hcyen,2025-06-27T22:00:00.980000+00:00,"Taiwan, Province of China",121.4622222,25.0412366,0.0
740665478449094,i70W65AfSZqFEeuUcJxsLl,101914818722206,hcyen,2025-06-27T22:00:00.290000+00:00,"Taiwan, Province of China",121.4746555,25.0570992,0.0
742454221590415,i70W65AfSZqFEeuUcJxsLl,101914818722206,hcyen,2025-06-27T22:00:00.627000+00:00,"Taiwan, Province of China",121.4776104,25.0485533,0.0
743395298633947,i70W65AfSZqFEeuUcJxsLl,101914818722206,hcyen,2025-06-27T22:00:00.220000+00:00,"Taiwan, Province of China",121.4755623,25.0569766,0.0
743952128170206,i70W65AfSZqFEeuUcJxsLl,101914818722206,hcyen,2025-06-27T22:00:00.056000+00:00,"Taiwan, Province of China",121.4738224,25.0603865,0.0
745889947969140,i70W65AfSZqFEeuUcJxsLl,101914818722206,hcyen,2025-06-27T22:00:00.507000+00:00,"Taiwan, Province of China",121.4779316,25.0533333,0.0
747188960980871,i70W65AfSZqFEeuUcJxsLl,101914818722206,hcyen,2025-06-27T22:00:00.699000+00:00,"Taiwan, Province of China",121.4741804,25.0472852,0.0
748331280970192,i70W65AfSZqFEeuUcJxsLl,101914818722206,hcyen,2025-06-27T22:00:00.881000+00:00,"Taiwan, Province of China",121.4663531,25.0427951,0.0
748954487562686,i70W65AfSZqFEeuUcJxsLl,101914818722206,hcyen,2025-06-27T22:00:00.895000+00:00,"Taiwan, Province of China",121.4658225,25.0423648,0.0
749038650880748,i70W65AfSZqFEeuUcJxsLl,101914818722206,hcyen,2025-06-27T22:00:00.483000+00:00,"Taiwan, Province of China",121.4774539,25.0543983,0.0
749723760836689,i70W65AfSZqFEeuUcJxsLl,101914818722206,hcyen,2025-06-27T22:00:00.870000+00:00,"Taiwan, Province of China",121.4667436,25.0431529,0.0
749831617609430,i70W65AfSZqFEeuUcJxsLl,101914818722206,hcyen,2025-06-27T22:00:00.361000+00:00,"Taiwan, Province of China",121.4741772,25.0563009,0.0
750716970783528,i70W65AfSZqFEeuUcJxsLl,101914818722206,hcyen,2025-06-27T22:00:00.565000+00:00,"Taiwan, Province of China",121.4789022,25.0506515,0.0
751759990782012,i70W65AfSZqFEeuUcJxsLl,101914818722206,hcyen,2025-06-27T22:00:00.136000+00:00,"Taiwan, Province of China",121.4759931,25.0571576,0.0
752683320460832,i70W65AfSZqFEeuUcJxsLl,101914818722206,hcyen,2025-06-27T22:00:00.518000+00:00,"Taiwan, Province of China",121.478143,25.0528675,0.0
752961390404594,i70W65AfSZqFEeuUcJxsLl,101914818722206,hcyen,2025-06-27T22:00:00.188000+00:00,"Taiwan, Province of China",121.4752601,25.0562403,0.0
753730460447913,i70W65AfSZqFEeuUcJxsLl,101914818722206,hcyen,2025-06-27T22:00:00.098000+00:00,"Taiwan, Province of China",121.4751361,25.0587754,0.0
755015336947877,i70W65AfSZqFEeuUcJxsLl,101914818722206,hcyen,2025-06-27T22:00:00.943000+00:00,"Taiwan, Province of China",121.4634954,25.0408452,0.0
755126720380389,i70W65AfSZqFEeuUcJxsLl,101914818722206,hcyen,2025-06-27T22:00:00.387000+00:00,"Taiwan, Province of China",121.4744586,25.0573105,0.0
755287747135005,i70W65AfSZqFEeuUcJxsLl,101914818722206,hcyen,2025-06-27T22:00:00.571000+00:00,"Taiwan, Province of China",121.4789683,25.0503701,0.0
757220329994683,i70W65AfSZqFEeuUcJxsLl,101914818722206,hcyen,2025-06-27T22:00:00.975000+00:00,"Taiwan, Province of China",121.4623482,25.041053,0.0
758206040109065,i70W65AfSZqFEeuUcJxsLl,101914818722206,hcyen,2025-06-27T22:00:00.503000+00:00,"Taiwan, Province of China",121.4778502,25.0535356,0.0
758561993400233,i70W65AfSZqFEeuUcJxsLl,101914818722206,hcyen,2025-06-27T22:00:00.770000+00:00,"Taiwan, Province of China",121.4706929,25.0461436,0.0
760598449734404,i70W65AfSZqFEeuUcJxsLl,101914818722206,hcyen,2025-06-27T22:00:00.273000+00:00,"Taiwan, Province of China",121.47507,25.0566551,0.0
760659009959695,i70W65AfSZqFEeuUcJxsLl,101914818722206,hcyen,2025-06-27T22:00:00.314000+00:00,"Taiwan, Province of China",121.4745599,25.0562433,0.0
761920849508763,i70W65AfSZqFEeuUcJxsLl,101914818722206,hcyen,2025-06-27T22:00:00.966000+00:00,"Taiwan, Province of China",121.462579,25.0406755,0.0
763747506230367,i70W65AfSZqFEeuUcJxsLl,101914818722206,hcyen,2025-06-27T22:00:00.320000+00:00,"Taiwan, Province of China",121.4747129,25.0560779,0.0
765710866248365,i70W65AfSZqFEeuUcJxsLl,101914818722206,hcyen,2025-06-27T22:00:00.623000+00:00,"Taiwan, Province of China",121.4778231,25.0486506,0.0
766951808990343,i70W65AfSZqFEeuUcJxsLl,101914818722206,hcyen,2025-06-27T22:00:00.088000+00:00,"Taiwan, Province of China",121.4748044,25.0591792,0.0
768986492219333,i70W65AfSZqFEeuUcJxsLl,101914818722206,hcyen,2025-06-27T22:00:00.183000+00:00,"Taiwan, Province of China",121.4753425,25.0560466,0.0
769495302134884,i70W65AfSZqFEeuUcJxsLl,101914818722206,hcyen,2025-06-27T22:00:00.389000+00:00,"Taiwan, Province of China",121.4745379,25.0573087,0.0
783940940738079,i70W65AfSZqFEeuUcJxsLl,101914818722206,hcyen,2025-06-27T22:00:00.604000+00:00,"Taiwan, Province of China",121.4786589,25.0490649,0.0
790425916642793,i70W65AfSZqFEeuUcJxsLl,101914818722206,hcyen,2025-06-27T22:00:00.848000+00:00,"Taiwan, Province of China",121.4675521,25.0439379,0.0
884518857226052,i70W65AfSZqFEeuUcJxsLl,101914818722206,hcyen,2025-06-27T22:00:00.346000+00:00,"Taiwan, Province of China",121.4747292,25.0560045,0.0
886709240339007,i70W65AfSZqFEeuUcJxsLl,101914818722206,hcyen,2025-06-27T22:00:00.468000+00:00,"Taiwan, Province of China",121.4771251,25.055053,0.0
899895712332732,i70W65AfSZqFEeuUcJxsLl,101914818722206,hcyen,2025-06-27T22:00:00.705000+00:00,"Taiwan, Province of China",121.4738806,25.0471915,0.0
925206213070385,i70W65AfSZqFEeuUcJxsLl,101914818722206,hcyen,2025-06-27T22:00:00.264000+00:00,"Taiwan, Province of China",121.4749826,25.0562529,0.0
941881748012169,i70W65AfSZqFEeuUcJxsLl,101914818722206,hcyen,2025-06-27T22:00:00.911000+00:00,"Taiwan, Province of China",121.4651224,25.0418917,0.0
945623944295484,i70W65AfSZqFEeuUcJxsLl,101914818722206,hcyen,2025-06-27T22:00:00.613000+00:00,"Taiwan, Province of China",121.4782432,25.048854,0.0
980934130649454,i70W65AfSZqFEeuUcJxsLl,101914818722206,hcyen,2025-06-27T22:00:00.265000+00:00,"Taiwan, Province of China",121.4750689,25.0562958,0.0
986429470071456,i70W65AfSZqFEeuUcJxsLl,101914818722206,hcyen,2025-06-27T22:00:00.232000+00:00,"Taiwan, Province of China",121.475155,25.0566807,0.0
989404803117173,i70W65AfSZqFEeuUcJxsLl,101914818722206,hcyen,2025-06-27T22:00:00.650000+00:00,"Taiwan, Province of China",121.4765616,25.0480458,0.0
998653439010261,i70W65AfSZqFEeuUcJxsLl,101914818722206,hcyen,2025-06-27T22:00:00.806000+00:00,"Taiwan, Province of China",121.4690496,25.0453201,0.0
998663782141377,i70W65AfSZqFEeuUcJxsLl,101914818722206,hcyen,2025-06-27T22:00:00.130000+00:00,"Taiwan, Province of China",121.475859,25.0574184,0.0
1009199537713839,i70W65AfSZqFEeuUcJxsLl,101914818722206,hcyen,2025-06-27T22:00:00.901000+00:00,"Taiwan, Province of China",121.4655697,25.0421905,0.0
1011806871036282,i70W65AfSZqFEeuUcJxsLl,101914818722206,hcyen,2025-06-27T22:00:00.858000+00:00,"Taiwan, Province of China",121.4672075,25.0435457,0.0
1012598687361465,i70W65AfSZqFEeuUcJxsLl,101914818722206,hcyen,2025-06-27T22:00:00.913000+00:00,"Taiwan, Province of China",121.4647946,25.0416639,0.0
1014785204063540,i70W65AfSZqFEeuUcJxsLl,101914818722206,hcyen,2025-06-27T22:00:00.054000+00:00,"Taiwan, Province of China",121.4737715,25.0604417,0.0
1017812143487765,i70W65AfSZqFEeuUcJxsLl,101914818722206,hcyen,2025-06-27T22:00:00.203000+00:00,"Taiwan, Province of China",121.4759265,25.0564334,0.0
1019705486641605,i70W65AfSZqFEeuUcJxsLl,101914818722206,hcyen,2025-06-27T22:00:00.042000+00:00,"Taiwan, Province of China",121.4733441,25.0608671,0.0
1020244136891026,i70W65AfSZqFEeuUcJxsLl,101914818722206,hcyen,2025-06-27T22:00:00.542000+00:00,"Taiwan, Province of China",121.4785366,25.0517768,0.0
1020755893473591,i70W65AfSZqFEeuUcJxsLl,101914818722206,hcyen,2025-06-27T22:00:00.661000+00:00,"Taiwan, Province of China",121.4760784,25.0477998,0.0
1021806219739123,i70W65AfSZqFEeuUcJxsLl,101914818722206,hcyen,2025-06-27T22:00:00.843000+00:00,"Taiwan, Province of China",121.4677173,25.0440934,0.0
1023193406693176,i70W65AfSZqFEeuUcJxsLl,101914818722206,hcyen,2025-06-27T22:00:00.422000+00:00,"Taiwan, Province of China",121.476105,25.0570023,0.0
1024485572788977,i70W65AfSZqFEeuUcJxsLl,101914818722206,hcyen,2025-06-27T22:00:00.525000+00:00,"Taiwan, Province of China",121.4782443,25.0525208,0.0
1024715379850575,i70W65AfSZqFEeuUcJxsLl,101914818722206,hcyen,2025-06-27T22:00:00.965000+00:00,"Taiwan, Province of China",121.4626163,25.040612,0.0
1026492542989442,i70W65AfSZqFEeuUcJxsLl,101914818722206,hcyen,2025-06-27T22:00:00.223000+00:00,"Taiwan, Province of China",121.4754035,25.0569763,0.0
1026536442883696,i70W65AfSZqFEeuUcJxsLl,101914818722206,hcyen,2025-06-27T22:00:00.069000+00:00,"Taiwan, Province of China",121.4743008,25.0599104,0.0
1027359002719875,i70W65AfSZqFEeuUcJxsLl,101914818722206,hcyen,2025-06-27T22:00:00.957000+00:00,"Taiwan, Province of China",121.4628849,25.0405183,0.0
1027784529468621,i70W65AfSZqFEeuUcJxsLl,101914818722206,hcyen,2025-06-27T22:00:00.103000+00:00,"Taiwan, Province of China",121.4752582,25.05859,0.0
1028683942586597,i70W65AfSZqFEeuUcJxsLl,101914818722206,hcyen,2025-06-27T22:00:00.860000+00:00,"Taiwan, Province of China",121.4671535,25.0434929,0.0
1029549295825194,i70W65AfSZqFEeuUcJxsLl,101914818722206,hcyen,2025-06-27T22:00:00.568000+00:00,"Taiwan, Province of China",121.4789377,25.0505112,0.0
1031142015423054,i70W65AfSZqFEeuUcJxsLl,101914818722206,hcyen,2025-06-27T22:00:00.840000+00:00,"Taiwan, Province of China",121.467829,25.0441954,0.0
1031237935785947,i70W65AfSZqFEeuUcJxsLl,101914818722206,hcyen,2025-06-27T22:00:00.971000+00:00,"Taiwan, Province of China",121.4624628,25.0408638,0.0
1034373628839895,i70W65AfSZqFEeuUcJxsLl,101914818722206,hcyen,2025-06-27T22:00:00.325000+00:00,"Taiwan, Province of China",121.4745032,25.0559996,0.0
1035499152115982,i70W65AfSZqFEeuUcJxsLl,101914818722206,hcyen,2025-06-27T22:00:00.879000+00:00,"Taiwan, Province of China",121.4664083,25.0428469,0.0
1036315845290019,i70W65AfSZqFEeuUcJxsLl,101914818722206,hcyen,2025-06-27T22:00:00.969000+00:00,"Taiwan, Province of China",121.4625,25.0408007,0.0
1036750801973367,i70W65AfSZqFEeuUcJxsLl,101914818722206,hcyen,2025-06-27T22:00:00.844000+00:00,"Taiwan, Province of China",121.4676617,25.044042,0.0
1036822388606840,i70W65AfSZqFEeuUcJxsLl,101914818722206,hcyen,2025-06-27T22:00:00.557000+00:00,"Taiwan, Province of China",121.4787922,25.050997,0.0
1036884768426967,i70W65AfSZqFEeuUcJxsLl,101914818722206,hcyen,2025-06-27T22:00:00.536000+00:00,"Taiwan, Province of China",121.4784397,25.0520503,0.0
1039077818331207,i70W65AfSZqFEeuUcJxsLl,101914818722206,hcyen,2025-06-27T22:00:00.768000+00:00,"Taiwan, Province of China",121.4707697,25.046162,0.0
1039425445033932,i70W65AfSZqFEeuUcJxsLl,101914818722206,hcyen,2025-06-27T22:00:00.272000+00:00,"Taiwan, Province of China",121.47507,25.0565832,0.0
1040558344900558,i70W65AfSZqFEeuUcJxsLl,101914818722206,hcyen,2025-06-27T22:00:00.674000+00:00,"Taiwan, Province of China",121.4753916,25.0476286,0.0
1040733041117520,i70W65AfSZqFEeuUcJxsLl,101914818722206,hcyen,2025-06-27T22:00:00.834000+00:00,"Taiwan, Province of China",121.4680656,25.0443873,0.0
1042282794319374,i70W65AfSZqFEeuUcJxsLl,101914818722206,hcyen,2025-06-27T22:00:00.249000+00:00,"Taiwan, Province of China",121.4750446,25.0560372,0.0
1042882881290281,i70W65AfSZqFEeuUcJxsLl,101914818722206,hcyen,2025-06-27T22:00:00.864000+00:00,"Taiwan, Province of China",121.4669741,25.0433509,0.0
1044359864340971,i70W65AfSZqFEeuUcJxsLl,101914818722206,hcyen,2025-06-27T22:00:00.708000+00:00,"Taiwan, Province of China",121.47373,25.0471504,0.0
1046296827592201,i70W65AfSZqFEeuUcJxsLl,101914818722206,hcyen,2025-06-27T22:00:00.224000+00:00,"Taiwan, Province of China",121.4753243,25.0569737,0.0
1049288467270330,i70W65AfSZqFEeuUcJxsLl,101914818722206,hcyen,2025-06-27T22:00:00.449000+00:00,"Taiwan, Province of China",121.4767026,25.0558265,0.0
1051771673297724,i70W65AfSZqFEeuUcJxsLl,101914818722206,hcyen,2025-06-27T22:00:00.621000+00:00,"Taiwan, Province of China",121.4778932,25.0486844,0.0
1052189660385625,i70W65AfSZqFEeuUcJxsLl,101914818722206,hcyen,2025-06-27T22:00:00.050000+00:00,"Taiwan, Province of China",121.473606,25.0605969,0.0
1053685796380501,i70W65AfSZqFEeuUcJxsLl,101914818722206,hcyen,2025-06-27T22:00:00.363000+00:00,"Taiwan, Province of China",121.4741767,25.0563728,0.0
1054429730182587,i70W65AfSZqFEeuUcJxsLl,101914818722206,hcyen,2025-06-27T22:00:00.867000+00:00,"Taiwan, Province of China",121.4668585,25.0432523,0.0
1054670626276347,i70W65AfSZqFEeuUcJxsLl,101914818722206,hcyen,2025-06-27T22:00:00.352000+00:00,"Taiwan, Province of China",121.4744444,25.0560482,0.0
1056209449420453,i70W65AfSZqFEeuUcJxsLl,101914818722206,hcyen,2025-06-27T22:00:00.548000+00:00,"Taiwan, Province of China",121.4786292,25.0515016,0.0
1058488819765111,i70W65AfSZqFEeuUcJxsLl,101914818722206,hcyen,2025-06-27T22:00:00.772000+00:00,"Taiwan, Province of China",121.4706169,25.0461227,0.0
1060846608857329,i70W65AfSZqFEeuUcJxsLl,101914818722206,hcyen,2025-06-27T22:00:00.100000+00:00,"Taiwan, Province of China",121.4751761,25.0587132,0.0
1062482165978502,i70W65AfSZqFEeuUcJxsLl,101914818722206,hcyen,2025-06-27T22:00:00.306000+00:00,"Taiwan, Province of China",121.4744196,25.0565069,0.0
1063065248702018,i70W65AfSZqFEeuUcJxsLl,101914818722206,hcyen,2025-06-27T22:00:00.919000+00:00,"Taiwan, Province of China",121.4645402,25.0414927,0.0
1063611065314194,i70W65AfSZqFEeuUcJxsLl,101914818722206,hcyen,2025-06-27T22:00:00.411000+00:00,"Taiwan, Province of China",121.4757281,25.0572835,0.0
1065081465140109,i70W65AfSZqFEeuUcJxsLl,101914818722206,hcyen,2025-06-27T22:00:00.648000+00:00,"Taiwan, Province of China",121.4766276,25.0480859,0.0
1065373055063043,i70W65AfSZqFEeuUcJxsLl,101914818722206,hcyen,2025-06-27T22:00:00.018000+00:00,"Taiwan, Province of China",121.4724377,25.0616724,0.0
1065745238328487,i70W65AfSZqFEeuUcJxsLl,101914818722206,hcyen,2025-06-27T22:00:00.092000+00:00,"Taiwan, Province of China",121.4749412,25.0590025,0.0
1067942228619854,i70W65AfSZqFEeuUcJxsLl,101914818722206,hcyen,2025-06-27T22:00:00.752000+00:00,"Taiwan, Province of China",121.4715885,25.0464337,0.0
1068154744740693,i70W65AfSZqFEeuUcJxsLl,101914818722206,hcyen,2025-06-27T22:00:00.392000+00:00,"Taiwan, Province of China",121.4746967,25.0573081,0.0
1068157004739441,i70W65AfSZqFEeuUcJxsLl,101914818722206,hcyen,2025-06-27T22:00:00.168000+00:00,"Taiwan, Province of China",121.476136,25.0560615,0.0
1070284114615162,i70W65AfSZqFEeuUcJxsLl,101914818722206,hcyen,2025-06-27T22:00:00.832000+00:00,"Taiwan, Province of China",121.4681186,25.0444408,0.0
1070487411174616,i70W65AfSZqFEeuUcJxsLl,101914818722206,hcyen,2025-06-27T22:00:00.106000+00:00,"Taiwan, Province of China",121.4753365,25.0584648,0.0
1071418625087552,i70W65AfSZqFEeuUcJxsLl,101914818722206,hcyen,2025-06-27T22:00:00.460000+00:00,"Taiwan, Province of China",121.476954,25.0553776,0.0
1071472594309170,i70W65AfSZqFEeuUcJxsLl,101914818722206,hcyen,2025-06-27T22:00:00.221000+00:00,"Taiwan, Province of China",121.4754829,25.0569758,0.0
1072597031487734,i70W65AfSZqFEeuUcJxsLl,101914818722206,hcyen,2025-06-27T22:00:00.962000+00:00,"Taiwan, Province of China",121.4626882,25.0404837,0.0
1073003458228022,i70W65AfSZqFEeuUcJxsLl,101914818722206,hcyen,2025-06-27T22:00:00.039000+00:00,"Taiwan, Province of China",121.4732404,25.0609761,0.0
1075239487913257,i70W65AfSZqFEeuUcJxsLl,101914818722206,hcyen,2025-06-27T22:00:00.545000+00:00,"Taiwan, Province of China",121.4785818,25.0516389,0.0
1076624310617399,i70W65AfSZqFEeuUcJxsLl,101914818722206,hcyen,2025-06-27T22:00:00.171000+00:00,"Taiwan, Province of China",121.4759772,25.0560589,0.0
1077766927653197,i70W65AfSZqFEeuUcJxsLl,101914818722206,hcyen,2025-06-27T22:00:00.680000+00:00,"Taiwan, Province of China",121.475088,25.0475443,0.0
1078591117037530,i70W65AfSZqFEeuUcJxsLl,101914818722206,hcyen,2025-06-27T22:00:00.986000+00:00,"Taiwan, Province of China",121.4619968,25.0414279,0.0
1080657960693575,i70W65AfSZqFEeuUcJxsLl,101914818722206,hcyen,2025-06-27T22:00:00.504000+00:00,"Taiwan, Province of China",121.4778765,25.0534677,0.0
1082470830486043,i70W65AfSZqFEeuUcJxsLl,101914818722206,hcyen,2025-06-27T22:00:00.396000+00:00,"Taiwan, Province of China",121.4749346,25.057311,0.0
1083531657040785,i70W65AfSZqFEeuUcJxsLl,101914818722206,hcyen,2025-06-27T22:00:00.636000+00:00,"Taiwan, Province of China",121.4771858,25.048359,0.0
1083564117022571,i70W65AfSZqFEeuUcJxsLl,101914818722206,hcyen,2025-06-27T22:00:00.974000+00:00,"Taiwan, Province of China",121.4623877,25.0409906,0.0
1083814567145560,i70W65AfSZqFEeuUcJxsLl,101914818722206,hcyen,2025-06-27T22:00:00.237000+00:00,"Taiwan, Province of China",121.4751463,25.0564653,0.0
1085154003488314,i70W65AfSZqFEeuUcJxsLl,101914818722206,hcyen,2025-06-27T22:00:00.715000+00:00,"Taiwan, Province of China",121.4733747,25.0469914,0.0
1085373883456970,i70W65AfSZqFEeuUcJxsLl,101914818722206,hcyen,2025-06-27T22:00:00.399000+00:00,"Taiwan, Province of China",121.475093,25.0572998,0.0
1087278036613355,i70W65AfSZqFEeuUcJxsLl,101914818722206,hcyen,2025-06-27T22:00:00.510000+00:00,"Taiwan, Province of China",121.4779972,25.0532018,0.0
1089270792870688,i70W65AfSZqFEeuUcJxsLl,101914818722206,hcyen,2025-06-27T22:00:00.185000+00:00,"Taiwan, Province of China",121.4752898,25.0560996,0.0
1090140716344232,i70W65AfSZqFEeuUcJxsLl,101914818722206,hcyen,2025-06-27T22:00:00.689000+00:00,"Taiwan, Province of China",121.4746296,25.0474278,0.0
1091120943025061,i70W65AfSZqFEeuUcJxsLl,101914818722206,hcyen,2025-06-27T22:00:00.156000+00:00,"Taiwan, Province of China",121.4764177,25.0563053,0.0
1091571726260998,i70W65AfSZqFEeuUcJxsLl,101914818722206,hcyen,2025-06-27T22:00:00.811000+00:00,"Taiwan, Province of China",121.4688969,25.0451551,0.0
1092440749448729,i70W65AfSZqFEeuUcJxsLl,101914818722206,hcyen,2025-06-27T22:00:00.316000+00:00,"Taiwan, Province of China",121.4746384,25.056254,0.0
1092665406059988,i70W65AfSZqFEeuUcJxsLl,101914818722206,hcyen,2025-06-27T22:00:00.094000+00:00,"Taiwan, Province of China",121.4749898,25.0589456,0.0
1093146542672204,i70W65AfSZqFEeuUcJxsLl,101914818722206,hcyen,2025-06-27T22:00:00.303000+00:00,"Taiwan, Province of China",121.4744167,25.0566507,0.0
1093510969315259,i70W65AfSZqFEeuUcJxsLl,101914818722206,hcyen,2025-06-27T22:00:00.778000+00:00,"Taiwan, Province of China",121.4703109,25.0460518,0.0
1095967795760972,i70W65AfSZqFEeuUcJxsLl,101914818722206,hcyen,2025-06-27T22:00:00.579000+00:00,"Taiwan, Province of China",121.4790523,25.0500185,0.0
1096159052386710,i70W65AfSZqFEeuUcJxsLl,101914818722206,hcyen,2025-06-27T22:00:00.253000+00:00,"Taiwan, Province of China",121.4748064,25.056035,0.0
1096234929040876,i70W65AfSZqFEeuUcJxsLl,101914818722206,hcyen,2025-06-27T22:00:00.373000+00:00,"Taiwan, Province of China",121.4741639,25.0568763,0.0
1096694885698965,i70W65AfSZqFEeuUcJxsLl,101914818722206,hcyen,2025-06-27T22:00:00.530000+00:00,"Taiwan, Province of China",121.4783255,25.0523179,0.0
1096757228982661,i70W65AfSZqFEeuUcJxsLl,101914818722206,hcyen,2025-06-27T22:00:00.591000+00:00,"Taiwan, Province of China",121.4791868,25.0494564,0.0
1098413808861616,i70W65AfSZqFEeuUcJxsLl,101914818722206,hcyen,2025-06-27T22:00:00.869000+00:00,"Taiwan, Province of China",121.4668011,25.0432026,0.0
1102431938518573,i70W65AfSZqFEeuUcJxsLl,101914818722206,hcyen,2025-06-27T22:00:00.787000+00:00,"Taiwan, Province of China",121.4698836,25.0458664,0.0
1102860005231775,i70W65AfSZqFEeuUcJxsLl,101914818722206,hcyen,2025-06-27T22:00:00.553000+00:00,"Taiwan, Province of China",121.4787281,25.0512048,0.0
1103452418498133,i70W65AfSZqFEeuUcJxsLl,101914818722206,hcyen,2025-06-27T22:00:00.822000+00:00,"Taiwan, Province of China",121.4684828,25.0448213,0.0
1104585405151706,i70W65AfSZqFEeuUcJxsLl,101914818722206,hcyen,2025-06-27T22:00:00.655000+00:00,"Taiwan, Province of China",121.4763622,25.0479277,0.0
1108451874585447,i70W65AfSZqFEeuUcJxsLl,101914818722206,hcyen,2025-06-27T22:00:00.308000+00:00,"Taiwan, Province of China",121.4744211,25.0564349,0.0
1119055873589399,i70W65AfSZqFEeuUcJxsLl,101914818722206,hcyen,2025-06-27T22:00:00.735000+00:00,"Taiwan, Province of China",121.4724091,25.046704,0.0
1125664066247288,i70W65AfSZqFEeuUcJxsLl,101914818722206,hcyen,2025-06-27T22:00:00.410000+00:00,"Taiwan, Province of China",121.4756487,25.0572857,0.0
1127956319169645,i70W65AfSZqFEeuUcJxsLl,101914818722206,hcyen,2025-06-27T22:00:00.319000+00:00,"Taiwan, Province of China",121.4747189,25.0561492,0.0
1130635765776412,i70W65AfSZqFEeuUcJxsLl,101914818722206,hcyen,2025-06-27T22:00:00.776000+00:00,"Taiwan, Province of China",121.4703858,25.0460756,0.0
1130780065557786,i70W65AfSZqFEeuUcJxsLl,101914818722206,hcyen,2025-06-27T22:00:00.889000+00:00,"Taiwan, Province of China",121.4660744,25.0425392,0.0
1138220044783446,i70W65AfSZqFEeuUcJxsLl,101914818722206,hcyen,2025-06-27T22:00:00.668000+00:00,"Taiwan, Province of China",121.4756991,25.047694,0.0
1148471623989901,i70W65AfSZqFEeuUcJxsLl,101914818722206,hcyen,2025-06-27T22:00:00.626000+00:00,"Taiwan, Province of China",121.4776817,25.0485851,0.0
1153119190181144,i70W65AfSZqFEeuUcJxsLl,101914818722206,hcyen,2025-06-27T22:00:00.892000+00:00,"Taiwan, Province of China",121.4659527,25.042447,0.0
1154210529800094,i70W65AfSZqFEeuUcJxsLl,101914818722206,hcyen,2025-06-27T22:00:00.706000+00:00,"Taiwan, Province of China",121.473803,25.0471764,0.0
1155137006414710,i70W65AfSZqFEeuUcJxsLl,101914818722206,hcyen,2025-06-27T22:00:00.823000+00:00,"Taiwan, Province of China",121.4684302,25.0447673,0.0
1156489139569653,i70W65AfSZqFEeuUcJxsLl,101914818722206,hcyen,2025-06-27T22:00:00.442000+00:00,"Taiwan, Province of China",121.4765312,25.0561509,0.0
1157385216242659,i70W65AfSZqFEeuUcJxsLl,101914818722206,hcyen,2025-06-27T22:00:00.917000+00:00,"Taiwan, Province of China",121.4646041,25.0415354,0.0
1158618316305967,i70W65AfSZqFEeuUcJxsLl,101914818722206,hcyen,2025-06-27T22:00:00.984000+00:00,"Taiwan, Province of China",121.4620663,25.0413972,0.0
1160415469437658,i70W65AfSZqFEeuUcJxsLl,101914818722206,hcyen,2025-06-27T22:00:00.987000+00:00,"Taiwan, Province of China",121.4619444,25.0413798,0.0
1160649832762660,i70W65AfSZqFEeuUcJxsLl,101914818722206,hcyen,2025-06-27T22:00:00.199000+00:00,"Taiwan, Province of China",121.4757473,25.0563257,0.0
1162001659017895,i70W65AfSZqFEeuUcJxsLl,101914818722206,hcyen,2025-06-27T22:00:00.924000+00:00,"Taiwan, Province of China",121.4643522,25.0413602,0.0
1166041895329945,i70W65AfSZqFEeuUcJxsLl,101914818722206,hcyen,2025-06-27T22:00:00.551000+00:00,"Taiwan, Province of China",121.4787047,25.0512736,0.0
1171634561315785,i70W65AfSZqFEeuUcJxsLl,101914818722206,hcyen,2025-06-27T22:00:00.009000+00:00,"Taiwan, Province of China",121.4720929,25.0619703,0.0
1175108061057016,i70W65AfSZqFEeuUcJxsLl,101914818722206,hcyen,2025-06-27T22:00:00.547000+00:00,"Taiwan, Province of China",121.4786047,25.05157,0.0
1176469147617461,i70W65AfSZqFEeuUcJxsLl,101914818722206,hcyen,2025-06-27T22:00:00.846000+00:00,"Taiwan, Province of China",121.467606,25.0439907,0.0
1178199597398906,i70W65AfSZqFEeuUcJxsLl,101914818722206,hcyen,2025-06-27T22:00:00.323000+00:00,"Taiwan, Province of China",121.4745815,25.0560115,0.0
1179438487282060,i70W65AfSZqFEeuUcJxsLl,101914818722206,hcyen,2025-06-27T22:00:00.788000+00:00,"Taiwan, Province of China",121.4698177,25.0458265,0.0
1181312253746203,i70W65AfSZqFEeuUcJxsLl,101914818722206,hcyen,2025-06-27T22:00:00.711000+00:00,"Taiwan, Province of China",121.4735903,25.0470822,0.0
1183129643622268,i70W65AfSZqFEeuUcJxsLl,101914818722206,hcyen,2025-06-27T22:00:00.341000+00:00,"Taiwan, Province of China",121.4744992,25.0559777,0.0
1183827323515284,i70W65AfSZqFEeuUcJxsLl,101914818722206,hcyen,2025-06-27T22:00:00.120000+00:00,"Taiwan, Province of China",121.4756177,25.0578718,0.0
1186761393134207,i70W65AfSZqFEeuUcJxsLl,101914818722206,hcyen,2025-06-27T22:00:00.148000+00:00,"Taiwan, Province of China",121.4762574,25.0566342,0.0
1188087846406111,i70W65AfSZqFEeuUcJxsLl,101914818722206,hcyen,2025-06-27T22:00:00.457000+00:00,"Taiwan, Province of China",121.476883,25.0555062,0.0
1198027645399839,i70W65AfSZqFEeuUcJxsLl,101914818722206,hcyen,2025-06-27T22:00:00.173000+00:00,"Taiwan, Province of China",121.4758977,25.0560584,0.0
1200939275108274,i70W65AfSZqFEeuUcJxsLl,101914818722206,hcyen,2025-06-27T22:00:00.513000+00:00,"Taiwan, Province of China",121.478061,25.0530701,0.0
1209561800918382,i70W65AfSZqFEeuUcJxsLl,101914818722206,hcyen,2025-06-27T22:00:00.471000+00:00,"Taiwan, Province of China",121.4771935,25.0549231,0.0
1209886067582047,i70W65AfSZqFEeuUcJxsLl,101914818722206,hcyen,2025-06-27T22:00:00.364000+00:00,"Taiwan, Province of China",121.4741751,25.0564447,0.0
1211383124116434,i70W65AfSZqFEeuUcJxsLl,101914818722206,hcyen,2025-06-27T22:00:00.164000+00:00,"Taiwan, Province of China",121.4763742,25.0560575,0.0
1215433376552806,i70W65AfSZqFEeuUcJxsLl,101914818722206,hcyen,2025-06-27T22:00:00.731000+00:00,"Taiwan, Province of China",121.4726332,25.0467772,0.0
1215463977039850,i70W65AfSZqFEeuUcJxsLl,101914818722206,hcyen,2025-06-27T22:00:00.758000+00:00,"Taiwan, Province of China",121.4712942,25.0463257,0.0
1217565429689498,i70W65AfSZqFEeuUcJxsLl,101914818722206,hcyen,2025-06-27T22:00:00.031000+00:00,"Taiwan, Province of China",121.4729527,25.0612236,0.0
1220260939419460,i70W65AfSZqFEeuUcJxsLl,101914818722206,hcyen,2025-06-27T22:00:00.825000+00:00,"Taiwan, Province of China",121.4683789,25.0447124,0.0
1221341883099329,i70W65AfSZqFEeuUcJxsLl,101914818722206,hcyen,2025-06-27T22:00:00.677000+00:00,"Taiwan, Province of China",121.4752401,25.0475853,0.0
1221561295886152,i70W65AfSZqFEeuUcJxsLl,101914818722206,hcyen,2025-06-27T22:00:00.920000+00:00,"Taiwan, Province of China",121.4644773,25.0414487,0.0
1223418235651146,i70W65AfSZqFEeuUcJxsLl,101914818722206,hcyen,2025-06-27T22:00:00.492000+00:00,"Taiwan, Province of China",121.4776314,25.0539978,0.0
1224619112474979,i70W65AfSZqFEeuUcJxsLl,101914818722206,hcyen,2025-06-27T22:00:00.606000+00:00,"Taiwan, Province of China",121.4785905,25.0490285,0.0
1225261379147428,i70W65AfSZqFEeuUcJxsLl,101914818722206,hcyen,2025-06-27T22:00:00.765000+00:00,"Taiwan, Province of China",121.4709234,25.0461976,0.0
1227079865864547,i70W65AfSZqFEeuUcJxsLl,101914818722206,hcyen,2025-06-27T22:00:00.693000+00:00,"Taiwan, Province of China",121.4744818,25.0473753,0.0
1227511655319084,i70W65AfSZqFEeuUcJxsLl,101914818722206,hcyen,2025-06-27T22:00:00.609000+00:00,"Taiwan, Province of China",121.4784516,25.0489586,0.0
1229470705343453,i70W65AfSZqFEeuUcJxsLl,101914818722206,hcyen,2025-06-27T22:00:00.235000+00:00,"Taiwan, Province of China",121.4751446,25.0565372,0.0
1229585682001894,i70W65AfSZqFEeuUcJxsLl,101914818722206,hcyen,2025-06-27T22:00:00.993000+00:00,"Taiwan, Province of China",121.4620775,25.0411243,0.0
1231952001910275,i70W65AfSZqFEeuUcJxsLl,101914818722206,hcyen,2025-06-27T22:00:00.948000+00:00,"Taiwan, Province of China",121.4632874,25.0407435,0.0
1233921568415739,i70W65AfSZqFEeuUcJxsLl,101914818722206,hcyen,2025-06-27T22:00:00.246000+00:00,"Taiwan, Province of China",121.4752001,25.0560578,0.0
1234903524349732,i70W65AfSZqFEeuUcJxsLl,101914818722206,hcyen,2025-06-27T22:00:00.838000+00:00,"Taiwan, Province of China",121.4678903,25.0442411,0.0
1234977627636680,i70W65AfSZqFEeuUcJxsLl,101914818722206,hcyen,2025-06-27T22:00:00.370000+00:00,"Taiwan, Province of China",121.4741694,25.0567325,0.0
1235505768267703,i70W65AfSZqFEeuUcJxsLl,101914818722206,hcyen,2025-06-27T22:00:00.215000+00:00,"Taiwan, Province of China",121.4757987,25.0569561,0.0
1236002907631382,i70W65AfSZqFEeuUcJxsLl,101914818722206,hcyen,2025-06-27T22:00:00.500000+00:00,"Taiwan, Province of China",121.4777876,25.0536678,0.0
1236692161488785,i70W65AfSZqFEeuUcJxsLl,101914818722206,hcyen,2025-06-27T22:00:00.922000+00:00,"Taiwan, Province of China",121.4644148,25.0414044,0.0
1237101767964043,i70W65AfSZqFEeuUcJxsLl,101914818722206,hcyen,2025-06-27T22:00:00+00:00,"Taiwan, Province of China",121.4717197,25.0622379,0.0
1237414904778690,i70W65AfSZqFEeuUcJxsLl,101914818722206,hcyen,2025-06-27T22:00:00.139000+00:00,"Taiwan, Province of China",121.4760592,25.0570267,0.0
1237934644639719,i70W65AfSZqFEeuUcJxsLl,101914818722206,hcyen,2025-06-27T22:00:00.349000+00:00,"Taiwan, Province of China",121.4746034,25.0560535,0.0
1239155334499947,i70W65AfSZqFEeuUcJxsLl,101914818722206,hcyen,2025-06-27T22:00:00.610000+00:00,"Taiwan, Province of China",121.4783822,25.0489237,0.0
1241225087408915,i70W65AfSZqFEeuUcJxsLl,101914818722206,hcyen,2025-06-27T22:00:00.902000+00:00,"Taiwan, Province of China",121.4655069,25.0421465,0.0
1241565124332812,i70W65AfSZqFEeuUcJxsLl,101914818722206,hcyen,2025-06-27T22:00:00.293000+00:00,"Taiwan, Province of China",121.4744967,25.0571015,0.0
1243198527443497,i70W65AfSZqFEeuUcJxsLl,101914818722206,hcyen,2025-06-27T22:00:00.313000+00:00,"Taiwan, Province of China",121.4744813,25.0562437,0.0
1245628257100334,i70W65AfSZqFEeuUcJxsLl,101914818722206,hcyen,2025-06-27T22:00:00.378000+00:00,"Taiwan, Province of China",121.4741716,25.057092,0.0
1245879147141596,i70W65AfSZqFEeuUcJxsLl,101914818722206,hcyen,2025-06-27T22:00:00.784000+00:00,"Taiwan, Province of China",121.4700281,25.0459236,0.0
1246857513745676,i70W65AfSZqFEeuUcJxsLl,101914818722206,hcyen,2025-06-27T22:00:00.688000+00:00,"Taiwan, Province of China",121.4747045,25.0474511,0.0
1248107413470794,i70W65AfSZqFEeuUcJxsLl,101914818722206,hcyen,2025-06-27T22:00:00.053000+00:00,"Taiwan, Province of China",121.4737158,25.060493,0.0
1250696600027055,i70W65AfSZqFEeuUcJxsLl,101914818722206,hcyen,2025-06-27T22:00:00.960000+00:00,"Taiwan, Province of China",121.4627496,25.0404434,0.0
1251730446621783,i70W65AfSZqFEeuUcJxsLl,101914818722206,hcyen,2025-06-27T22:00:00.624000+00:00,"Taiwan, Province of China",121.4777528,25.0486172,0.0
1252325539904624,i70W65AfSZqFEeuUcJxsLl,101914818722206,hcyen,2025-06-27T22:00:00.079000+00:00,"Taiwan, Province of China",121.4745575,25.0595478,0.0
1253223283264154,i70W65AfSZqFEeuUcJxsLl,101914818722206,hcyen,2025-06-27T22:00:00.348000+00:00,"Taiwan, Province of China",121.4746827,25.0560561,0.0
1254043286326924,i70W65AfSZqFEeuUcJxsLl,101914818722206,hcyen,2025-06-27T22:00:00.905000+00:00,"Taiwan, Province of China",121.4653791,25.0420612,0.0
1254765719077059,i70W65AfSZqFEeuUcJxsLl,101914818722206,hcyen,2025-06-27T22:00:00.949000+00:00,"Taiwan, Province of China",121.4632136,25.0407187,0.0
1255151892637539,i70W65AfSZqFEeuUcJxsLl,101914818722206,hcyen,2025-06-27T22:00:00.393000+00:00,"Taiwan, Province of China",121.4747759,25.0573133,0.0
1255375889613886,i70W65AfSZqFEeuUcJxsLl,101914818722206,hcyen,2025-06-27T22:00:00.155000+00:00,"Taiwan, Province of China",121.4763861,25.0563714,0.0
1256155189521982,i70W65AfSZqFEeuUcJxsLl,101914818722206,hcyen,2025-06-27T22:00:00.015000+00:00,"Taiwan, Province of China",121.4723227,25.0617717,0.0
1257573778785569,i70W65AfSZqFEeuUcJxsLl,101914818722206,hcyen,2025-06-27T22:00:00.121000+00:00,"Taiwan, Province of China",121.4756512,25.0578065,0.0
1257676492667906,i70W65AfSZqFEeuUcJxsLl,101914818722206,hcyen,2025-06-27T22:00:00.896000+00:00,"Taiwan, Province of China",121.4657584,25.0423223,0.0
1258732455663432,i70W65AfSZqFEeuUcJxsLl,101914818722206,hcyen,2025-06-27T22:00:00.914000+00:00,"Taiwan, Province of China",121.4647321,25.0416205,0.0
1261687872143869,i70W65AfSZqFEeuUcJxsLl,101914818722206,hcyen,2025-06-27T22:00:00.113000+00:00,"Taiwan, Province of China",121.4754969,25.0581372,0.0
1262074302276825,i70W65AfSZqFEeuUcJxsLl,101914818722206,hcyen,2025-06-27T22:00:00.037000+00:00,"Taiwan, Province of China",121.4731865,25.0610289,0.0
1262687168897008,i70W65AfSZqFEeuUcJxsLl,101914818722206,hcyen,2025-06-27T22:00:00.167000+00:00,"Taiwan, Province of China",121.4762154,25.0560609,0.0
1263560725177065,i70W65AfSZqFEeuUcJxsLl,101914818722206,hcyen,2025-06-27T22:00:00.227000+00:00,"Taiwan, Province of China",121.4752016,25.056892,0.0
1263619741784771,i70W65AfSZqFEeuUcJxsLl,101914818722206,hcyen,2025-06-27T22:00:00.104000+00:00,"Taiwan, Province of China",121.4752968,25.0585271,0.0
1264366071745360,i70W65AfSZqFEeuUcJxsLl,101914818722206,hcyen,2025-06-27T22:00:00.281000+00:00,"Taiwan, Province of China",121.4750799,25.0570146,0.0
1265769188605330,i70W65AfSZqFEeuUcJxsLl,101914818722206,hcyen,2025-06-27T22:00:00.404000+00:00,"Taiwan, Province of China",121.4753311,25.0572936,0.0
1266558435115995,i70W65AfSZqFEeuUcJxsLl,101914818722206,hcyen,2025-06-27T22:00:00.390000+00:00,"Taiwan, Province of China",121.4746173,25.0573056,0.0
1267533524903988,i70W65AfSZqFEeuUcJxsLl,101914818722206,hcyen,2025-06-27T22:00:00.753000+00:00,"Taiwan, Province of China",121.4715141,25.0464086,0.0
1269975178185124,i70W65AfSZqFEeuUcJxsLl,101914818722206,hcyen,2025-06-27T22:00:00.738000+00:00,"Taiwan, Province of China",121.4722593,25.0466563,0.0
1273602367688656,i70W65AfSZqFEeuUcJxsLl,101914818722206,hcyen,2025-06-27T22:00:00.729000+00:00,"Taiwan, Province of China",121.4727065,25.0468049,0.0
1275690447609140,i70W65AfSZqFEeuUcJxsLl,101914818722206,hcyen,2025-06-27T22:00:00.939000+00:00,"Taiwan, Province of China",121.4636933,25.0409654,0.0
1276003257208070,i70W65AfSZqFEeuUcJxsLl,101914818722206,hcyen,2025-06-27T22:00:00.820000+00:00,"Taiwan, Province of China",121.4685373,25.0448735,0.0
1276093477205657,i70W65AfSZqFEeuUcJxsLl,101914818722206,hcyen,2025-06-27T22:00:00.217000+00:00,"Taiwan, Province of China",121.4757209,25.0569699,0.0
1277438597267644,i70W65AfSZqFEeuUcJxsLl,101914818722206,hcyen,2025-06-27T22:00:00.420000+00:00,"Taiwan, Province of China",121.4760737,25.0570684,0.0
1283529216782555,i70W65AfSZqFEeuUcJxsLl,101914818722206,hcyen,2025-06-27T22:00:00.486000+00:00,"Taiwan, Province of China",121.4775111,25.0542641,0.0
1285099579909404,i70W65AfSZqFEeuUcJxsLl,101914818722206,hcyen,2025-06-27T22:00:00.206000+00:00,"Taiwan, Province of China",121.4759398,25.0565765,0.0
1285319603221146,i70W65AfSZqFEeuUcJxsLl,101914818722206,hcyen,2025-06-27T22:00:00.355000+00:00,"Taiwan, Province of China",121.4742862,25.0560536,0.0
1286850739697707,i70W65AfSZqFEeuUcJxsLl,101914818722206,hcyen,2025-06-27T22:00:00.617000+00:00,"Taiwan, Province of China",121.4781052,25.0487827,0.0
1287873512675256,i70W65AfSZqFEeuUcJxsLl,101914818722206,hcyen,2025-06-27T22:00:00.683000+00:00,"Taiwan, Province of China",121.4749338,25.0475095,0.0
1289714442666073,i70W65AfSZqFEeuUcJxsLl,101914818722206,hcyen,2025-06-27T22:00:00.141000+00:00,"Taiwan, Province of China",121.4760915,25.056961,0.0
1290176039132118,i70W65AfSZqFEeuUcJxsLl,101914818722206,hcyen,2025-06-27T22:00:00.107000+00:00,"Taiwan, Province of China",121.4753774,25.0584032,0.0
1290749569373763,i70W65AfSZqFEeuUcJxsLl,101914818722206,hcyen,2025-06-27T22:00:00.337000+00:00,"Taiwan, Province of China",121.4744851,25.0558361,0.0
1293822062300081,i70W65AfSZqFEeuUcJxsLl,101914818722206,hcyen,2025-06-27T22:00:00.718000+00:00,"Taiwan, Province of China",121.4732171,25.0469754,0.0
1294195626046741,i70W65AfSZqFEeuUcJxsLl,101914818722206,hcyen,2025-06-27T22:00:00.612000+00:00,"Taiwan, Province of China",121.4783125,25.0488889,0.0
1297485598471110,i70W65AfSZqFEeuUcJxsLl,101914818722206,hcyen,2025-06-27T22:00:00.694000+00:00,"Taiwan, Province of China",121.4744062,25.0473533,0.0
1297635185316350,i70W65AfSZqFEeuUcJxsLl,101914818722206,hcyen,2025-06-27T22:00:00.003000+00:00,"Taiwan, Province of China",121.4718481,25.0621534,0.0
1299126128397818,i70W65AfSZqFEeuUcJxsLl,101914818722206,hcyen,2025-06-27T22:00:00.124000+00:00,"Taiwan, Province of China",121.4757203,25.0576771,0.0
1303032808110387,i70W65AfSZqFEeuUcJxsLl,101914818722206,hcyen,2025-06-27T22:00:00.466000+00:00,"Taiwan, Province of China",121.477091,25.055118,0.0
1303998864459763,i70W65AfSZqFEeuUcJxsLl,101914818722206,hcyen,2025-06-27T22:00:00.340000+00:00,"Taiwan, Province of China",121.4744852,25.0559069,0.0
1304006524485617,i70W65AfSZqFEeuUcJxsLl,101914818722206,hcyen,2025-06-27T22:00:00.472000+00:00,"Taiwan, Province of China",121.4772262,25.0548576,0.0
1306761804141350,i70W65AfSZqFEeuUcJxsLl,101914818722206,hcyen,2025-06-27T22:00:00.803000+00:00,"Taiwan, Province of China",121.4691667,25.0454175,0.0
1309765713889828,i70W65AfSZqFEeuUcJxsLl,101914818722206,hcyen,2025-06-27T22:00:00.065000+00:00,"Taiwan, Province of China",121.4741448,25.0600697,0.0
1317549176598571,i70W65AfSZqFEeuUcJxsLl,101914818722206,hcyen,2025-06-27T22:00:00.197000+00:00,"Taiwan, Province of China",121.475668,25.0563233,0.0
1332093118703478,i70W65AfSZqFEeuUcJxsLl,101914818722206,hcyen,2025-06-27T22:00:00.775000+00:00,"Taiwan, Province of China",121.4704609,25.046099,0.0
1339317204267606,i70W65AfSZqFEeuUcJxsLl,101914818722206,hcyen,2025-06-27T22:00:00.097000+00:00,"Taiwan, Province of China",121.4750889,25.0588332,0.0
1346406859758526,i70W65AfSZqFEeuUcJxsLl,101914818722206,hcyen,2025-06-27T22:00:00.255000+00:00,"Taiwan, Province of China",121.4747327,25.0560519,0.0
1346898359743366,i70W65AfSZqFEeuUcJxsLl,101914818722206,hcyen,2025-06-27T22:00:00.259000+00:00,"Taiwan, Province of China",121.4747472,25.0562567,0.0
1352263715847503,i70W65AfSZqFEeuUcJxsLl,101914818722206,hcyen,2025-06-27T22:00:00.667000+00:00,"Taiwan, Province of China",121.4757757,25.0477129,0.0
1353293845746514,i70W65AfSZqFEeuUcJxsLl,101914818722206,hcyen,2025-06-27T22:00:00.212000+00:00,"Taiwan, Province of China",121.4759112,25.0568623,0.0
1356900572041576,i70W65AfSZqFEeuUcJxsLl,101914818722206,hcyen,2025-06-27T22:00:00.963000+00:00,"Taiwan, Province of China",121.462652,25.0405477,0.0
1357142142061611,i70W65AfSZqFEeuUcJxsLl,101914818722206,hcyen,2025-06-27T22:00:00.644000+00:00,"Taiwan, Province of China",121.4768328,25.0481955,0.0
1361554211595213,i70W65AfSZqFEeuUcJxsLl,101914818722206,hcyen,2025-06-27T22:00:00.428000+00:00,"Taiwan, Province of China",121.4762327,25.0567389,0.0
1362071754850339,i70W65AfSZqFEeuUcJxsLl,101914818722206,hcyen,2025-06-27T22:00:00.703000+00:00,"Taiwan, Province of China",121.4739571,25.0472109,0.0
1362841174782230,i70W65AfSZqFEeuUcJxsLl,101914818722206,hcyen,2025-06-27T22:00:00.142000+00:00,"Taiwan, Province of China",121.4761246,25.0568956,0.0
1369376700991132,i70W65AfSZqFEeuUcJxsLl,101914818722206,hcyen,2025-06-27T22:00:00.006000+00:00,"Taiwan, Province of China",121.4719729,25.0620645,0.0
1373064043782873,i70W65AfSZqFEeuUcJxsLl,101914818722206,hcyen,2025-06-27T22:00:00.427000+00:00,"Taiwan, Province of China",121.4761988,25.056804,0.0
1374285347168326,i70W65AfSZqFEeuUcJxsLl,101914818722206,hcyen,2025-06-27T22:00:00.717000+00:00,"Taiwan, Province of China",121.4732961,25.0469813,0.0
1377383426675024,i70W65AfSZqFEeuUcJxsLl,101914818722206,hcyen,2025-06-27T22:00:00.180000+00:00,"Taiwan, Province of China",121.4755007,25.056055,0.0
1378016103310009,i70W65AfSZqFEeuUcJxsLl,101914818722206,hcyen,2025-06-27T22:00:00.989000+00:00,"Taiwan, Province of China",121.4619578,25.0413102,0.0
1379031080059598,i70W65AfSZqFEeuUcJxsLl,101914818722206,hcyen,2025-06-27T22:00:00.863000+00:00,"Taiwan, Province of China",121.4670324,25.0433998,0.0
1382447809695190,i70W65AfSZqFEeuUcJxsLl,101914818722206,hcyen,2025-06-27T22:00:00.177000+00:00,"Taiwan, Province of China",121.4756595,25.0560566,0.0
1384542972651735,i70W65AfSZqFEeuUcJxsLl,101914818722206,hcyen,2025-06-27T22:00:00.755000+00:00,"Taiwan, Province of China",121.47144,25.0463829,0.0
1385588259162636,i70W65AfSZqFEeuUcJxsLl,101914818722206,hcyen,2025-06-27T22:00:00.145000+00:00,"Taiwan, Province of China",121.4761902,25.0567646,0.0
1389381452348670,i70W65AfSZqFEeuUcJxsLl,101914818722206,hcyen,2025-06-27T22:00:00.162000+00:00,"Taiwan, Province of China",121.4764535,25.0560599,0.0
1392848191949140,i70W65AfSZqFEeuUcJxsLl,101914818722206,hcyen,2025-06-27T22:00:00.541000+00:00,"Taiwan, Province of China",121.4785131,25.0518453,0.0
1392932748659297,i70W65AfSZqFEeuUcJxsLl,101914818722206,hcyen,2025-06-27T22:00:00.600000+00:00,"Taiwan, Province of China",121.4788549,25.0491874,0.0
1393101675235311,i70W65AfSZqFEeuUcJxsLl,101914818722206,hcyen,2025-06-27T22:00:00.562000+00:00,"Taiwan, Province of China",121.4788549,25.0507888,0.0
1393133951945978,i70W65AfSZqFEeuUcJxsLl,101914818722206,hcyen,2025-06-27T22:00:00.205000+00:00,"Taiwan, Province of China",121.4759383,25.0565045,0.0
1393133955279311,i70W65AfSZqFEeuUcJxsLl,101914818722206,hcyen,2025-06-27T22:00:00.662000+00:00,"Taiwan, Province of China",121.4760036,25.047775,0.0
1395094908374608,i70W65AfSZqFEeuUcJxsLl,101914818722206,hcyen,2025-06-27T22:00:00.267000+00:00,"Taiwan, Province of China",121.4750747,25.0563674,0.0
1395704824995754,i70W65AfSZqFEeuUcJxsLl,101914818722206,hcyen,2025-06-27T22:00:00.214000+00:00,"Taiwan, Province of China",121.4758644,25.0569195,0.0
1396403668236262,i70W65AfSZqFEeuUcJxsLl,101914818722206,hcyen,2025-06-27T22:00:00.916000+00:00,"Taiwan, Province of China",121.4646687,25.0415773,0.0
1396769344932322,i70W65AfSZqFEeuUcJxsLl,101914818722206,hcyen,2025-06-27T22:00:00.857000+00:00,"Taiwan, Province of China",121.4672615,25.0435984,0.0
1398596048044739,i70W65AfSZqFEeuUcJxsLl,101914818722206,hcyen,2025-06-27T22:00:00.629000+00:00,"Taiwan, Province of China",121.4775389,25.048522,0.0
1403039131005026,i70W65AfSZqFEeuUcJxsLl,101914818722206,hcyen,2025-06-27T22:00:00.556000+00:00,"Taiwan, Province of China",121.4787721,25.0510666,0.0
1405109101201841,i70W65AfSZqFEeuUcJxsLl,101914818722206,hcyen,2025-06-27T22:00:00.685000+00:00,"Taiwan, Province of China",121.4748572,25.0474907,0.0
1405344670794918,i70W65AfSZqFEeuUcJxsLl,101914818722206,hcyen,2025-06-27T22:00:00.878000+00:00,"Taiwan, Province of China",121.4664623,25.0428995,0.0
1405811590636535,i70W65AfSZqFEeuUcJxsLl,101914818722206,hcyen,2025-06-27T22:00:00.998000+00:00,"Taiwan, Province of China",121.4622222,25.0409605,0.0
1405877303781264,i70W65AfSZqFEeuUcJxsLl,101914818722206,hcyen,2025-06-27T22:00:00.402000+00:00,"Taiwan, Province of China",121.4752517,25.0572948,0.0
1407884373782561,i70W65AfSZqFEeuUcJxsLl,101914818722206,hcyen,2025-06-27T22:00:00.990000+00:00,"Taiwan, Province of China",121.461992,25.0412455,0.0
1407958963774604,i70W65AfSZqFEeuUcJxsLl,101914818722206,hcyen,2025-06-27T22:00:00.928000+00:00,"Taiwan, Province of China",121.4641432,25.0412605,0.0
1408498263632555,i70W65AfSZqFEeuUcJxsLl,101914818722206,hcyen,2025-06-27T22:00:00.779000+00:00,"Taiwan, Province of China",121.4702383,25.0460227,0.0
1408749280326848,i70W65AfSZqFEeuUcJxsLl,101914818722206,hcyen,2025-06-27T22:00:00.952000+00:00,"Taiwan, Province of China",121.4630769,25.0406456,0.0
1410991860045072,i70W65AfSZqFEeuUcJxsLl,101914818722206,hcyen,2025-06-27T22:00:00.127000+00:00,"Taiwan, Province of China",121.475794,25.0575497,0.0
1412449536702156,i70W65AfSZqFEeuUcJxsLl,101914818722206,hcyen,2025-06-27T22:00:00.369000+00:00,"Taiwan, Province of China",121.4741714,25.0566605,0.0
1415295363111770,i70W65AfSZqFEeuUcJxsLl,101914818722206,hcyen,2025-06-27T22:00:00.799000+00:00,"Taiwan, Province of China",121.4693565,25.045546,0.0
1416013276389822,i70W65AfSZqFEeuUcJxsLl,101914818722206,hcyen,2025-06-27T22:00:00.051000+00:00,"Taiwan, Province of China",121.4736601,25.0605443,0.0
1418628033214068,i70W65AfSZqFEeuUcJxsLl,101914818722206,hcyen,2025-06-27T22:00:00.572000+00:00,"Taiwan, Province of China",121.4789847,25.0502997,0.0
1418642919141332,i70W65AfSZqFEeuUcJxsLl,101914818722206,hcyen,2025-06-27T22:00:00.642000+00:00,"Taiwan, Province of China",121.4769026,25.0482297,0.0
1420409772493938,i70W65AfSZqFEeuUcJxsLl,101914818722206,hcyen,2025-06-27T22:00:00.335000+00:00,"Taiwan, Province of China",121.4744939,25.0558361,0.0
1426501205336096,i70W65AfSZqFEeuUcJxsLl,101914818722206,hcyen,2025-06-27T22:00:00.904000+00:00,"Taiwan, Province of China",121.4654437,25.042103,0.0
1428149941577237,i70W65AfSZqFEeuUcJxsLl,101914818722206,hcyen,2025-06-27T22:00:00.945000+00:00,"Taiwan, Province of China",121.4634288,25.0408061,0.0
1430713524744483,i70W65AfSZqFEeuUcJxsLl,101914818722206,hcyen,2025-06-27T22:00:00.379000+00:00,"Taiwan, Province of China",121.4741768,25.0571638,0.0
1432881391232235,i70W65AfSZqFEeuUcJxsLl,101914818722206,hcyen,2025-06-27T22:00:00.275000+00:00,"Taiwan, Province of China",121.4750733,25.056727,0.0
1433160458034640,i70W65AfSZqFEeuUcJxsLl,101914818722206,hcyen,2025-06-27T22:00:00.762000+00:00,"Taiwan, Province of China",121.4710736,25.0462442,0.0
1434392661320076,i70W65AfSZqFEeuUcJxsLl,101914818722206,hcyen,2025-06-27T22:00:00.933000+00:00,"Taiwan, Province of China",121.4639517,25.0411323,0.0
1435201460837307,i70W65AfSZqFEeuUcJxsLl,101914818722206,hcyen,2025-06-27T22:00:00.126000+00:00,"Taiwan, Province of China",121.4757573,25.0576134,0.0
1435653947570555,i70W65AfSZqFEeuUcJxsLl,101914818722206,hcyen,2025-06-27T22:00:00.074000+00:00,"Taiwan, Province of China",121.4744265,25.0597281,0.0
1438444980675057,i70W65AfSZqFEeuUcJxsLl,101914818722206,hcyen,2025-06-27T22:00:00.910000+00:00,"Taiwan, Province of China",121.4651868,25.0419338,0.0
1440580890467254,i70W65AfSZqFEeuUcJxsLl,101914818722206,hcyen,2025-06-27T22:00:00.580000+00:00,"Taiwan, Province of China",121.4790692,25.0499482,0.0
1441022447094693,i70W65AfSZqFEeuUcJxsLl,101914818722206,hcyen,2025-06-27T22:00:00.194000+00:00,"Taiwan, Province of China",121.4755092,25.056325,0.0
1441869760157659,i70W65AfSZqFEeuUcJxsLl,101914818722206,hcyen,2025-06-27T22:00:00.001000+00:00,"Taiwan, Province of China",121.471785,25.062197,0.0
1442118157213059,i70W65AfSZqFEeuUcJxsLl,101914818722206,hcyen,2025-06-27T22:00:00.569000+00:00,"Taiwan, Province of China",121.4789526,25.0504406,0.0
1442607496757380,i70W65AfSZqFEeuUcJxsLl,101914818722206,hcyen,2025-06-27T22:00:00.826000+00:00,"Taiwan, Province of China",121.4683273,25.0446578,0.0
1442901753385350,i70W65AfSZqFEeuUcJxsLl,101914818722206,hcyen,2025-06-27T22:00:00.620000+00:00,"Taiwan, Province of China",121.4779639,25.0487172,0.0
1444073183270269,i70W65AfSZqFEeuUcJxsLl,101914818722206,hcyen,2025-06-27T22:00:00.978000+00:00,"Taiwan, Province of China",121.4622672,25.0411767,0.0
1446957936727600,i70W65AfSZqFEeuUcJxsLl,101914818722206,hcyen,2025-06-27T22:00:00.876000+00:00,"Taiwan, Province of China",121.4665153,25.0429531,0.0
1447338073367030,i70W65AfSZqFEeuUcJxsLl,101914818722206,hcyen,2025-06-27T22:00:00.445000+00:00,"Taiwan, Province of China",121.4766012,25.0560218,0.0
1451351322667405,i70W65AfSZqFEeuUcJxsLl,101914818722206,hcyen,2025-06-27T22:00:00.117000+00:00,"Taiwan, Province of China",121.4755498,25.0580018,0.0
1452423962422413,i70W65AfSZqFEeuUcJxsLl,101914818722206,hcyen,2025-06-27T22:00:00.071000+00:00,"Taiwan, Province of China",121.4743367,25.0598462,0.0
1453983149063334,i70W65AfSZqFEeuUcJxsLl,101914818722206,hcyen,2025-06-27T22:00:00.727000+00:00,"Taiwan, Province of China",121.4727723,25.0468436,0.0
1458134712117526,i70W65AfSZqFEeuUcJxsLl,101914818722206,hcyen,2025-06-27T22:00:00.297000+00:00,"Taiwan, Province of China",121.4744071,25.0569382,0.0
1459042255530519,i70W65AfSZqFEeuUcJxsLl,101914818722206,hcyen,2025-06-27T22:00:00.310000+00:00,"Taiwan, Province of China",121.4744217,25.056363,0.0
1460034518687562,i70W65AfSZqFEeuUcJxsLl,101914818722206,hcyen,2025-06-27T22:00:00.360000+00:00,"Taiwan, Province of China",121.474179,25.0562289,0.0
1462383925199518,i70W65AfSZqFEeuUcJxsLl,101914818722206,hcyen,2025-06-27T22:00:00.516000+00:00,"Taiwan, Province of China",121.4781158,25.0529351,0.0
1462473448252762,i70W65AfSZqFEeuUcJxsLl,101914818722206,hcyen,2025-06-27T22:00:00.633000+00:00,"Taiwan, Province of China",121.4773248,25.048428,0.0
1462679745086617,i70W65AfSZqFEeuUcJxsLl,101914818722206,hcyen,2025-06-27T22:00:00.202000+00:00,"Taiwan, Province of China",121.475893,25.0563688,0.0
1463731144980621,i70W65AfSZqFEeuUcJxsLl,101914818722206,hcyen,2025-06-27T22:00:00.462000+00:00,"Taiwan, Province of China",121.4769889,25.0553129,0.0
1464776651193527,i70W65AfSZqFEeuUcJxsLl,101914818722206,hcyen,2025-06-27T22:00:00.033000+00:00,"Taiwan, Province of China",121.4730111,25.0611748,0.0
1465575111545350,i70W65AfSZqFEeuUcJxsLl,101914818722206,hcyen,2025-06-27T22:00:00.416000+00:00,"Taiwan, Province of China",121.4759568,25.0572548,0.0
1471986123791236,i70W65AfSZqFEeuUcJxsLl,101914818722206,hcyen,2025-06-27T22:00:00.521000+00:00,"Taiwan, Province of China",121.478187,25.05273,0.0
1474551856868245,i70W65AfSZqFEeuUcJxsLl,101914818722206,hcyen,2025-06-27T22:00:00.016000+00:00,"Taiwan, Province of China",121.47238,25.0617218,0.0
1477920693585429,i70W65AfSZqFEeuUcJxsLl,101914818722206,hcyen,2025-06-27T22:00:00.475000+00:00,"Taiwan, Province of China",121.4772895,25.0547256,0.0
1478956873104457,i70W65AfSZqFEeuUcJxsLl,101914818722206,hcyen,2025-06-27T22:00:00.496000+00:00,"Taiwan, Province of China",121.4777335,25.0538031,0.0
1480391729993588,i70W65AfSZqFEeuUcJxsLl,101914818722206,hcyen,2025-06-27T22:00:00.095000+00:00,"Taiwan, Province of China",121.4750401,25.0588889,0.0
1483398883079518,i70W65AfSZqFEeuUcJxsLl,101914818722206,hcyen,2025-06-27T22:00:00.550000+00:00,"Taiwan, Province of China",121.4786821,25.0513426,0.0
1488184725502894,i70W65AfSZqFEeuUcJxsLl,101914818722206,hcyen,2025-06-27T22:00:00.495000+00:00,"Taiwan, Province of China",121.4777019,25.0538689,0.0
1489990502412701,i70W65AfSZqFEeuUcJxsLl,101914818722206,hcyen,2025-06-27T22:00:00.977000+00:00,"Taiwan, Province of China",121.4623083,25.0411152,0.0
1502891554030869,i70W65AfSZqFEeuUcJxsLl,101914818722206,hcyen,2025-06-27T22:00:00.256000+00:00,"Taiwan, Province of China",121.4747184,25.0561215,0.0
1505374993959675,i70W65AfSZqFEeuUcJxsLl,101914818722206,hcyen,2025-06-27T22:00:00.940000+00:00,"Taiwan, Province of China",121.4636271,25.0409256,0.0
1508589963445878,i70W65AfSZqFEeuUcJxsLl,101914818722206,hcyen,2025-06-27T22:00:00.478000+00:00,"Taiwan, Province of China",121.4773543,25.0545942,0.0
1510838293620514,i70W65AfSZqFEeuUcJxsLl,101914818722206,hcyen,2025-06-27T22:00:00.489000+00:00,"Taiwan, Province of China",121.4775702,25.0541306,0.0
1533880277354246,i70W65AfSZqFEeuUcJxsLl,101914818722206,hcyen,2025-06-27T22:00:00.890000+00:00,"Taiwan, Province of China",121.4660161,25.0424904,0.0
1547410023336139,i70W65AfSZqFEeuUcJxsLl,101914818722206,hcyen,2025-06-27T22:00:00.686000+00:00,"Taiwan, Province of China",121.4747812,25.0474699,0.0
1589557291963203,i70W65AfSZqFEeuUcJxsLl,101914818722206,hcyen,2025-06-27T22:00:00.515000+00:00,"Taiwan, Province of China",121.4780887,25.0530027,0.0
1597213634579643,i70W65AfSZqFEeuUcJxsLl,101914818722206,hcyen,2025-06-27T22:00:00.741000+00:00,"Taiwan, Province of China",121.4721089,25.0466101,0.0
1612878066074559,i70W65AfSZqFEeuUcJxsLl,101914818722206,hcyen,2025-06-27T22:00:00.366000+00:00,"Taiwan, Province of China",121.4741742,25.0565167,0.0
1618393995505463,i70W65AfSZqFEeuUcJxsLl,101914818722206,hcyen,2025-06-27T22:00:00.968000+00:00,"Taiwan, Province of China",121.4625398,25.040738,0.0
1625468108135058,i70W65AfSZqFEeuUcJxsLl,101914818722206,hcyen,2025-06-27T22:00:00.174000+00:00,"Taiwan, Province of China",121.4758183,25.0560574,0.0
1638072653479455,i70W65AfSZqFEeuUcJxsLl,101914818722206,hcyen,2025-06-27T22:00:00.981000+00:00,"Taiwan, Province of China",121.4621708,25.04129,0.0
1638796686830662,i70W65AfSZqFEeuUcJxsLl,101914818722206,hcyen,2025-06-27T22:00:00.866000+00:00,"Taiwan, Province of China",121.4669162,25.0433017,0.0
1638905060130074,i70W65AfSZqFEeuUcJxsLl,101914818722206,hcyen,2025-06-27T22:00:00.431000+00:00,"Taiwan, Province of China",121.4762976,25.0566076,0.0
1649065172455014,i70W65AfSZqFEeuUcJxsLl,101914818722206,hcyen,2025-06-27T22:00:00.907000+00:00,"Taiwan, Province of China",121.4653139,25.0420201,0.0
1649181669126056,i70W65AfSZqFEeuUcJxsLl,101914818722206,hcyen,2025-06-27T22:00:00.954000+00:00,"Taiwan, Province of China",121.4630152,25.0406004,0.0
1667597243960855,i70W65AfSZqFEeuUcJxsLl,101914818722206,hcyen,2025-06-27T22:00:00.992000+00:00,"Taiwan, Province of China",121.4620338,25.0411844,0.0
1671655606848509,i70W65AfSZqFEeuUcJxsLl,101914818722206,hcyen,2025-06-27T22:00:00.405000+00:00,"Taiwan, Province of China",121.4754105,25.0572923,0.0
1677453989605130,i70W65AfSZqFEeuUcJxsLl,101914818722206,hcyen,2025-06-27T22:00:00.665000+00:00,"Taiwan, Province of China",121.4758517,25.0477337,0.0
1684683418845983,i70W65AfSZqFEeuUcJxsLl,101914818722206,hcyen,2025-06-27T22:00:00.021000+00:00,"Taiwan, Province of China",121.4725556,25.0615759,0.0
1686179992052026,i70W65AfSZqFEeuUcJxsLl,101914818722206,hcyen,2025-06-27T22:00:00.574000+00:00,"Taiwan, Province of China",121.4790007,25.0502292,0.0
1707528716544556,i70W65AfSZqFEeuUcJxsLl,101914818722206,hcyen,2025-06-27T22:00:00.528000+00:00,"Taiwan, Province of China",121.4782977,25.0523853,0.0
1714733459409934,i70W65AfSZqFEeuUcJxsLl,101914818722206,hcyen,2025-06-27T22:00:00.004000+00:00,"Taiwan, Province of China",121.4719094,25.0621078,0.0
1717262312213839,i70W65AfSZqFEeuUcJxsLl,101914818722206,hcyen,2025-06-27T22:00:00.697000+00:00,"Taiwan, Province of China",121.4742544,25.0473112,0.0
1723325578389517,i70W65AfSZqFEeuUcJxsLl,101914818722206,hcyen,2025-06-27T22:00:00.044000+00:00,"Taiwan, Province of China",121.4733943,25.0608114,0.0
1725415615000786,i70W65AfSZqFEeuUcJxsLl,101914818722206,hcyen,2025-06-27T22:00:00.995000+00:00,"Taiwan, Province of China",121.4621189,25.0410629,0.0
1725424921697026,i70W65AfSZqFEeuUcJxsLl,101914818722206,hcyen,2025-06-27T22:00:00.781000+00:00,"Taiwan, Province of China",121.4701715,25.0459837,0.0
1734198187229828,i70W65AfSZqFEeuUcJxsLl,101914818722206,hcyen,2025-06-27T22:00:00.436000+00:00,"Taiwan, Province of China",121.4763971,25.0564116,0.0
1740263799916183,i70W65AfSZqFEeuUcJxsLl,101914818722206,hcyen,2025-06-27T22:00:00.024000+00:00,"Taiwan, Province of China",121.4726677,25.061474,0.0
1749418485967285,i70W65AfSZqFEeuUcJxsLl,101914818722206,hcyen,2025-06-27T22:00:00.268000+00:00,"Taiwan, Province of China",121.475075,25.0564394,0.0
1758557258085607,i70W65AfSZqFEeuUcJxsLl,101914818722206,hcyen,2025-06-27T22:00:00.664000+00:00,"Taiwan, Province of China",121.4759279,25.047754,0.0
1759066614964651,i70W65AfSZqFEeuUcJxsLl,101914818722206,hcyen,2025-06-27T22:00:00.743000+00:00,"Taiwan, Province of China",121.4720338,25.0465866,0.0
1760180684593236,i70W65AfSZqFEeuUcJxsLl,101914818722206,hcyen,2025-06-27T22:00:00.506000+00:00,"Taiwan, Province of China",121.4779013,25.0533994,0.0
1761999101368903,i70W65AfSZqFEeuUcJxsLl,101914818722206,hcyen,2025-06-27T22:00:00.794000+00:00,"Taiwan, Province of China",121.4695582,25.0456607,0.0
1764375277833024,i70W65AfSZqFEeuUcJxsLl,101914818722206,hcyen,2025-06-27T22:00:00.797000+00:00,"Taiwan, Province of China",121.4694227,25.0455858,0.0
1769582923627082,i70W65AfSZqFEeuUcJxsLl,101914818722206,hcyen,2025-06-27T22:00:00.656000+00:00,"Taiwan, Province of China",121.4762945,25.0478901,0.0
1769781557230552,i70W65AfSZqFEeuUcJxsLl,101914818722206,hcyen,2025-06-27T22:00:00.682000+00:00,"Taiwan, Province of China",121.4750109,25.0475267,0.0
498367726672642,wCTQ6HISErPxfMzJUOcWGY,101914818722206,hcyen,2025-06-27T23:00:00.542000+00:00,"Taiwan, Province of China",121.4900072,25.0579763,0.0
500393603136358,PRLhU8Byguvwjp4xCd63Hi,101914818722206,hcyen,2025-06-27T23:00:00.810000+00:00,"Taiwan, Province of China",121.5162731,25.0464585,0.0
513223315151584,wCTQ6HISErPxfMzJUOcWGY,101914818722206,hcyen,2025-06-27T23:00:00.493000+00:00,"Taiwan, Province of China",121.4865593,25.0614047,0.0
513262408479612,PRLhU8Byguvwjp4xCd63Hi,101914818722206,hcyen,2025-06-27T23:00:00.889000+00:00,"Taiwan, Province of China",121.5244192,25.0445226,0.0
513277445144070,wCTQ6HISErPxfMzJUOcWGY,101914818722206,hcyen,2025-06-27T23:00:00.678000+00:00,"Taiwan, Province of China",121.502612,25.0509225,0.0
515402868260098,PRLhU8Byguvwjp4xCd63Hi,101914818722206,hcyen,2025-06-27T23:00:00.768000+00:00,"Taiwan, Province of China",121.5119494,25.0477024,0.0
529308910198163,wCTQ6HISErPxfMzJUOcWGY,101914818722206,hcyen,2025-06-27T23:00:00.543000+00:00,"Taiwan, Province of China",121.4901494,25.0579122,0.0
542385928841045,wCTQ6HISErPxfMzJUOcWGY,101914818722206,hcyen,2025-06-27T23:00:00.550000+00:00,"Taiwan, Province of China",121.4907179,25.0575253,0.0
542626425482678,wCTQ6HISErPxfMzJUOcWGY,101914818722206,hcyen,2025-06-27T23:00:00.373000+00:00,"Taiwan, Province of China",121.473292,25.0614513,0.0
569731722878482,wCTQ6HISErPxfMzJUOcWGY,101914818722206,hcyen,2025-06-27T23:00:00.419000+00:00,"Taiwan, Province of China",121.4782906,25.0615041,0.0
569958725997862,wCTQ6HISErPxfMzJUOcWGY,101914818722206,hcyen,2025-06-27T23:00:00.501000+00:00,"Taiwan, Province of China",121.4872682,25.0610777,0.0
574882585455917,PRLhU8Byguvwjp4xCd63Hi,101914818722206,hcyen,2025-06-27T23:00:00.752000+00:00,"Taiwan, Province of China",121.5099673,25.0481069,0.0
575238728982908,wCTQ6HISErPxfMzJUOcWGY,101914818722206,hcyen,2025-06-27T23:00:00.297000+00:00,"Taiwan, Province of China",121.4649669,25.061042,0.0
576231485320086,wCTQ6HISErPxfMzJUOcWGY,101914818722206,hcyen,2025-06-27T23:00:00.321000+00:00,"Taiwan, Province of China",121.4675141,25.0615502,0.0
577930842040248,wCTQ6HISErPxfMzJUOcWGY,101914818722206,hcyen,2025-06-27T23:00:00.236000+00:00,"Taiwan, Province of China",121.46,25.0588705,0.0
580636748450714,wCTQ6HISErPxfMzJUOcWGY,101914818722206,hcyen,2025-06-27T23:00:00.444000+00:00,"Taiwan, Province of China",121.4810659,25.0614812,0.0
580751445083128,wCTQ6HISErPxfMzJUOcWGY,101914818722206,hcyen,2025-06-27T23:00:00.405000+00:00,"Taiwan, Province of China",121.4767027,25.0614829,0.0
581538344741313,wCTQ6HISErPxfMzJUOcWGY,101914818722206,hcyen,2025-06-27T23:00:00.418000+00:00,"Taiwan, Province of China",121.4782112,25.0615067,0.0
581921978313871,PRLhU8Byguvwjp4xCd63Hi,101914818722206,hcyen,2025-06-27T23:00:00.728000+00:00,"Taiwan, Province of China",121.5075092,25.0486429,0.0
582179304950346,wCTQ6HISErPxfMzJUOcWGY,101914818722206,hcyen,2025-06-27T23:00:00.705000+00:00,"Taiwan, Province of China",121.5051763,25.0494831,0.0
582947727914240,PRLhU8Byguvwjp4xCd63Hi,101914818722206,hcyen,2025-06-27T23:00:00.789000+00:00,"Taiwan, Province of China",121.5140413,25.0470605,0.0
583222738198242,wCTQ6HISErPxfMzJUOcWGY,101914818722206,hcyen,2025-06-27T23:00:00.686000+00:00,"Taiwan, Province of China",121.5034244,25.0504718,0.0
583522221192867,wCTQ6HISErPxfMzJUOcWGY,101914818722206,hcyen,2025-06-27T23:00:00.639000+00:00,"Taiwan, Province of China",121.4989567,25.0529524,0.0
583879361431162,PRLhU8Byguvwjp4xCd63Hi,101914818722206,hcyen,2025-06-27T23:00:00.884000+00:00,"Taiwan, Province of China",121.5238889,25.0446699,0.0
585809994596718,wCTQ6HISErPxfMzJUOcWGY,101914818722206,hcyen,2025-06-27T23:00:00.363000+00:00,"Taiwan, Province of China",121.4721889,25.0614678,0.0
585860190923170,PRLhU8Byguvwjp4xCd63Hi,101914818722206,hcyen,2025-06-27T23:00:00.970000+00:00,"Taiwan, Province of China",121.5329412,25.0443562,0.0
586843124481718,wCTQ6HISErPxfMzJUOcWGY,101914818722206,hcyen,2025-06-27T23:00:00.221000+00:00,"Taiwan, Province of China",121.460012,25.0574347,0.0
588532860976873,wCTQ6HISErPxfMzJUOcWGY,101914818722206,hcyen,2025-06-27T23:00:00.038000+00:00,"Taiwan, Province of China",121.4603399,25.0393896,0.0
589481147187956,wCTQ6HISErPxfMzJUOcWGY,101914818722206,hcyen,2025-06-27T23:00:00.552000+00:00,"Taiwan, Province of China",121.490944,25.0573244,0.0
590714953721844,wCTQ6HISErPxfMzJUOcWGY,101914818722206,hcyen,2025-06-27T23:00:00.072000+00:00,"Taiwan, Province of China",121.4601382,25.042659,0.0
590764107047804,wCTQ6HISErPxfMzJUOcWGY,101914818722206,hcyen,2025-06-27T23:00:00.546000+00:00,"Taiwan, Province of China",121.4904126,25.0577525,0.0
590876670371647,wCTQ6HISErPxfMzJUOcWGY,101914818722206,hcyen,2025-06-27T23:00:00.071000+00:00,"Taiwan, Province of China",121.4601351,25.0425871,0.0
593207233448374,wCTQ6HISErPxfMzJUOcWGY,101914818722206,hcyen,2025-06-27T23:00:00.185000+00:00,"Taiwan, Province of China",121.46,25.053881,0.0
593616260071917,wCTQ6HISErPxfMzJUOcWGY,101914818722206,hcyen,2025-06-27T23:00:00.065000+00:00,"Taiwan, Province of China",121.4601567,25.042012,0.0
593835530052072,wCTQ6HISErPxfMzJUOcWGY,101914818722206,hcyen,2025-06-27T23:00:00.148000+00:00,"Taiwan, Province of China",121.4600699,25.0502247,0.0
598733786597576,wCTQ6HISErPxfMzJUOcWGY,101914818722206,hcyen,2025-06-27T23:00:00.681000+00:00,"Taiwan, Province of China",121.5029458,25.0507278,0.0
598934536584143,wCTQ6HISErPxfMzJUOcWGY,101914818722206,hcyen,2025-06-27T23:00:00.239000+00:00,"Taiwan, Province of China",121.4599738,25.0592293,0.0
600163403144583,wCTQ6HISErPxfMzJUOcWGY,101914818722206,hcyen,2025-06-27T23:00:00.463000+00:00,"Taiwan, Province of China",121.4833042,25.0614084,0.0
601207099682952,wCTQ6HISErPxfMzJUOcWGY,101914818722206,hcyen,2025-06-27T23:00:00.513000+00:00,"Taiwan, Province of China",121.4879904,25.0601315,0.0
602105246270361,wCTQ6HISErPxfMzJUOcWGY,101914818722206,hcyen,2025-06-27T23:00:00.089000+00:00,"Taiwan, Province of China",121.4601668,25.044333,0.0
603222455716716,PRLhU8Byguvwjp4xCd63Hi,101914818722206,hcyen,2025-06-27T23:00:00.832000+00:00,"Taiwan, Province of China",121.5185566,25.0457568,0.0
603253032371727,PRLhU8Byguvwjp4xCd63Hi,101914818722206,hcyen,2025-06-27T23:00:00.874000+00:00,"Taiwan, Province of China",121.5228141,25.0449225,0.0
607535865235559,wCTQ6HISErPxfMzJUOcWGY,101914818722206,hcyen,2025-06-27T23:00:00.039000+00:00,"Taiwan, Province of China",121.4603135,25.0394574,0.0
607571138566087,PRLhU8Byguvwjp4xCd63Hi,101914818722206,hcyen,2025-06-27T23:00:00.897000+00:00,"Taiwan, Province of China",121.5252553,25.0442963,0.0
610990338699109,wCTQ6HISErPxfMzJUOcWGY,101914818722206,hcyen,2025-06-27T23:00:00.294000+00:00,"Taiwan, Province of China",121.464756,25.0609425,0.0
611015124860951,wCTQ6HISErPxfMzJUOcWGY,101914818722206,hcyen,2025-06-27T23:00:00.652000+00:00,"Taiwan, Province of China",121.5001722,25.0522709,0.0
612328478549502,PRLhU8Byguvwjp4xCd63Hi,101914818722206,hcyen,2025-06-27T23:00:00.922000+00:00,"Taiwan, Province of China",121.5278918,25.04366,0.0
615205421047252,wCTQ6HISErPxfMzJUOcWGY,101914818722206,hcyen,2025-06-27T23:00:00.169000+00:00,"Taiwan, Province of China",121.460003,25.0523002,0.0
616036634841209,wCTQ6HISErPxfMzJUOcWGY,101914818722206,hcyen,2025-06-27T23:00:00.248000+00:00,"Taiwan, Province of China",121.4599695,25.060204,0.0
617850124078759,wCTQ6HISErPxfMzJUOcWGY,101914818722206,hcyen,2025-06-27T23:00:00.354000+00:00,"Taiwan, Province of China",121.4711611,25.0614297,0.0
618380607954305,PRLhU8Byguvwjp4xCd63Hi,101914818722206,hcyen,2025-06-27T23:00:00.807000+00:00,"Taiwan, Province of China",121.5159737,25.0465517,0.0
619044924546702,PRLhU8Byguvwjp4xCd63Hi,101914818722206,hcyen,2025-06-27T23:00:00.896000+00:00,"Taiwan, Province of China",121.5251022,25.0443341,0.0
619326944542940,PRLhU8Byguvwjp4xCd63Hi,101914818722206,hcyen,2025-06-27T23:00:00.740000+00:00,"Taiwan, Province of China",121.5087402,25.0483588,0.0
619489443981708,wCTQ6HISErPxfMzJUOcWGY,101914818722206,hcyen,2025-06-27T23:00:00.291000+00:00,"Taiwan, Province of China",121.4643808,25.0609367,0.0
620769094463501,wCTQ6HISErPxfMzJUOcWGY,101914818722206,hcyen,2025-06-27T23:00:00.492000+00:00,"Taiwan, Province of China",121.4864799,25.0614037,0.0
621395023701883,PRLhU8Byguvwjp4xCd63Hi,101914818722206,hcyen,2025-06-27T23:00:00.734000+00:00,"Taiwan, Province of China",121.5080473,25.048517,0.0
621876877583391,wCTQ6HISErPxfMzJUOcWGY,101914818722206,hcyen,2025-06-27T23:00:00.662000+00:00,"Taiwan, Province of China",121.501122,25.0517476,0.0
621959293644697,wCTQ6HISErPxfMzJUOcWGY,101914818722206,hcyen,2025-06-27T23:00:00.505000+00:00,"Taiwan, Province of China",121.4874972,25.0607849,0.0
622970303528996,PRLhU8Byguvwjp4xCd63Hi,101914818722206,hcyen,2025-06-27T23:00:00.942000+00:00,"Taiwan, Province of China",121.5300486,25.0436347,0.0
627254247049204,wCTQ6HISErPxfMzJUOcWGY,101914818722206,hcyen,2025-06-27T23:00:00.408000+00:00,"Taiwan, Province of China",121.4770996,25.0614918,0.0
629664526146331,wCTQ6HISErPxfMzJUOcWGY,101914818722206,hcyen,2025-06-27T23:00:00.563000+00:00,"Taiwan, Province of China",121.4917794,25.0565554,0.0
629919369445772,wCTQ6HISErPxfMzJUOcWGY,101914818722206,hcyen,2025-06-27T23:00:00.660000+00:00,"Taiwan, Province of China",121.5009198,25.0518616,0.0
630157412735135,wCTQ6HISErPxfMzJUOcWGY,101914818722206,hcyen,2025-06-27T23:00:00.280000+00:00,"Taiwan, Province of China",121.4632212,25.0606967,0.0
630988982630706,wCTQ6HISErPxfMzJUOcWGY,101914818722206,hcyen,2025-06-27T23:00:00.172000+00:00,"Taiwan, Province of China",121.4600097,25.0525878,0.0
631188952612804,wCTQ6HISErPxfMzJUOcWGY,101914818722206,hcyen,2025-06-27T23:00:00.121000+00:00,"Taiwan, Province of China",121.4600704,25.0474943,0.0
631463886726954,wCTQ6HISErPxfMzJUOcWGY,101914818722206,hcyen,2025-06-27T23:00:00.605000+00:00,"Taiwan, Province of China",121.4958361,25.054666,0.0
632191635826714,wCTQ6HISErPxfMzJUOcWGY,101914818722206,hcyen,2025-06-27T23:00:00.357000+00:00,"Taiwan, Province of China",121.4715578,25.0614257,0.0
632476885791835,PRLhU8Byguvwjp4xCd63Hi,101914818722206,hcyen,2025-06-27T23:00:00.733000+00:00,"Taiwan, Province of China",121.5079702,25.0485343,0.0
632767719829267,wCTQ6HISErPxfMzJUOcWGY,101914818722206,hcyen,2025-06-27T23:00:00.447000+00:00,"Taiwan, Province of China",121.4815617,25.0614797,0.0
634171925626535,wCTQ6HISErPxfMzJUOcWGY,101914818722206,hcyen,2025-06-27T23:00:00.634000+00:00,"Taiwan, Province of China",121.4985551,25.0531844,0.0
634828155544664,wCTQ6HISErPxfMzJUOcWGY,101914818722206,hcyen,2025-06-27T23:00:00.481000+00:00,"Taiwan, Province of China",121.4852888,25.0614106,0.0
636157899485654,wCTQ6HISErPxfMzJUOcWGY,101914818722206,hcyen,2025-06-27T23:00:00+00:00,"Taiwan, Province of China",121.4620942,25.0409471,0.0
639538702472904,wCTQ6HISErPxfMzJUOcWGY,101914818722206,hcyen,2025-06-27T23:00:00.597000+00:00,"Taiwan, Province of China",121.4950363,25.0549818,0.0
640552439059539,wCTQ6HISErPxfMzJUOcWGY,101914818722206,hcyen,2025-06-27T23:00:00.014000+00:00,"Taiwan, Province of China",121.4624649,25.0402405,0.0
642519042180326,wCTQ6HISErPxfMzJUOcWGY,101914818722206,hcyen,2025-06-27T23:00:00.667000+00:00,"Taiwan, Province of China",121.5015953,25.0514836,0.0
648149330976008,PRLhU8Byguvwjp4xCd63Hi,101914818722206,hcyen,2025-06-27T23:00:00.902000+00:00,"Taiwan, Province of China",121.5257184,25.0441951,0.0
649388854775207,wCTQ6HISErPxfMzJUOcWGY,101914818722206,hcyen,2025-06-27T23:00:00.534000+00:00,"Taiwan, Province of China",121.4893591,25.0583809,0.0
649689001463923,wCTQ6HISErPxfMzJUOcWGY,101914818722206,hcyen,2025-06-27T23:00:00.034000+00:00,"Taiwan, Province of China",121.4605958,25.0391584,0.0
650504081336542,wCTQ6HISErPxfMzJUOcWGY,101914818722206,hcyen,2025-06-27T23:00:00.507000+00:00,"Taiwan, Province of China",121.487638,25.0606103,0.0
650822348007657,PRLhU8Byguvwjp4xCd63Hi,101914818722206,hcyen,2025-06-27T23:00:00.817000+00:00,"Taiwan, Province of China",121.5170469,25.0463154,0.0
653607957724284,wCTQ6HISErPxfMzJUOcWGY,101914818722206,hcyen,2025-06-27T23:00:00.081000+00:00,"Taiwan, Province of China",121.4601862,25.0435929,0.0
653889371000136,wCTQ6HISErPxfMzJUOcWGY,101914818722206,hcyen,2025-06-27T23:00:00.093000+00:00,"Taiwan, Province of China",121.4601544,25.0447631,0.0
654015061003038,PRLhU8Byguvwjp4xCd63Hi,101914818722206,hcyen,2025-06-27T23:00:00.847000+00:00,"Taiwan, Province of China",121.5201737,25.0458333,0.0
656519944074269,wCTQ6HISErPxfMzJUOcWGY,101914818722206,hcyen,2025-06-27T23:00:00.465000+00:00,"Taiwan, Province of China",121.483463,25.0614119,0.0
657151527351852,wCTQ6HISErPxfMzJUOcWGY,101914818722206,hcyen,2025-06-27T23:00:00.713000+00:00,"Taiwan, Province of China",121.5058439,25.0491011,0.0
658133450585923,PRLhU8Byguvwjp4xCd63Hi,101914818722206,hcyen,2025-06-27T23:00:00.993000+00:00,"Taiwan, Province of China",121.5354464,25.0454758,0.0
659373950459897,PRLhU8Byguvwjp4xCd63Hi,101914818722206,hcyen,2025-06-27T23:00:00.995000+00:00,"Taiwan, Province of China",121.5356215,25.0456216,0.0
659384277146999,PRLhU8Byguvwjp4xCd63Hi,101914818722206,hcyen,2025-06-27T23:00:00.998000+00:00,"Taiwan, Province of China",121.535871,25.045798,0.0
662820396804854,PRLhU8Byguvwjp4xCd63Hi,101914818722206,hcyen,2025-06-27T23:00:00.898000+00:00,"Taiwan, Province of China",121.5253323,25.0442788,0.0
666271689747461,wCTQ6HISErPxfMzJUOcWGY,101914818722206,hcyen,2025-06-27T23:00:00.510000+00:00,"Taiwan, Province of China",121.487813,25.0603704,0.0
672827045738634,wCTQ6HISErPxfMzJUOcWGY,101914818722206,hcyen,2025-06-27T23:00:00.008000+00:00,"Taiwan, Province of China",121.4626205,25.0406858,0.0
673449372341930,wCTQ6HISErPxfMzJUOcWGY,101914818722206,hcyen,2025-06-27T23:00:00.509000+00:00,"Taiwan, Province of China",121.4877674,25.0604292,0.0
674132625626990,PRLhU8Byguvwjp4xCd63Hi,101914818722206,hcyen,2025-06-27T23:00:00.914000+00:00,"Taiwan, Province of China",121.527061,25.043901,0.0
680381038311794,wCTQ6HISErPxfMzJUOcWGY,101914818722206,hcyen,2025-06-27T23:00:00.533000+00:00,"Taiwan, Province of China",121.4892381,25.058474,0.0
682977114735456,PRLhU8Byguvwjp4xCd63Hi,101914818722206,hcyen,2025-06-27T23:00:00.978000+00:00,"Taiwan, Province of China",121.5337681,25.04459,0.0
683328458087096,PRLhU8Byguvwjp4xCd63Hi,101914818722206,hcyen,2025-06-27T23:00:00.839000+00:00,"Taiwan, Province of China",121.5192593,25.045711,0.0
684152107765121,wCTQ6HISErPxfMzJUOcWGY,101914818722206,hcyen,2025-06-27T23:00:00.722000+00:00,"Taiwan, Province of China",121.5068221,25.0488209,0.0
684932327692724,wCTQ6HISErPxfMzJUOcWGY,101914818722206,hcyen,2025-06-27T23:00:00.208000+00:00,"Taiwan, Province of China",121.4600462,25.0561432,0.0
686590104349390,wCTQ6HISErPxfMzJUOcWGY,101914818722206,hcyen,2025-06-27T23:00:00.449000+00:00,"Taiwan, Province of China",121.4817204,25.0614815,0.0
686763431189441,wCTQ6HISErPxfMzJUOcWGY,101914818722206,hcyen,2025-06-27T23:00:00.066000+00:00,"Taiwan, Province of China",121.4601518,25.042084,0.0
687406667681192,PRLhU8Byguvwjp4xCd63Hi,101914818722206,hcyen,2025-06-27T23:00:00.926000+00:00,"Taiwan, Province of China",121.5282742,25.0435636,0.0
687738017426541,wCTQ6HISErPxfMzJUOcWGY,101914818722206,hcyen,2025-06-27T23:00:00.606000+00:00,"Taiwan, Province of China",121.4959058,25.0546323,0.0
688011050892583,wCTQ6HISErPxfMzJUOcWGY,101914818722206,hcyen,2025-06-27T23:00:00.571000+00:00,"Taiwan, Province of China",121.4923942,25.0561011,0.0
689897687199401,wCTQ6HISErPxfMzJUOcWGY,101914818722206,hcyen,2025-06-27T23:00:00.639000+00:00,"Taiwan, Province of China",121.4990242,25.0529144,0.0
692621030255148,wCTQ6HISErPxfMzJUOcWGY,101914818722206,hcyen,2025-06-27T23:00:00.711000+00:00,"Taiwan, Province of China",121.5057145,25.0491784,0.0
693006206899563,PRLhU8Byguvwjp4xCd63Hi,101914818722206,hcyen,2025-06-27T23:00:00.983000+00:00,"Taiwan, Province of China",121.5342883,25.0447171,0.0
693027920200938,wCTQ6HISErPxfMzJUOcWGY,101914818722206,hcyen,2025-06-27T23:00:00.560000+00:00,"Taiwan, Province of China",121.4914952,25.0568067,0.0
693135180171697,PRLhU8Byguvwjp4xCd63Hi,101914818722206,hcyen,2025-06-27T23:00:00.923000+00:00,"Taiwan, Province of China",121.5280457,25.0436246,0.0
693486770171229,wCTQ6HISErPxfMzJUOcWGY,101914818722206,hcyen,2025-06-27T23:00:00.122000+00:00,"Taiwan, Province of China",121.4600715,25.0476382,0.0
694623913556034,PRLhU8Byguvwjp4xCd63Hi,101914818722206,hcyen,2025-06-27T23:00:00.826000+00:00,"Taiwan, Province of China",121.5180265,25.0460277,0.0
694635413546919,PRLhU8Byguvwjp4xCd63Hi,101914818722206,hcyen,2025-06-27T23:00:00.965000+00:00,"Taiwan, Province of China",121.5324771,25.0442627,0.0
695017086840365,wCTQ6HISErPxfMzJUOcWGY,101914818722206,hcyen,2025-06-27T23:00:00.210000+00:00,"Taiwan, Province of China",121.4600394,25.056359,0.0
695481153468563,PRLhU8Byguvwjp4xCd63Hi,101914818722206,hcyen,2025-06-27T23:00:00.846000+00:00,"Taiwan, Province of China",121.5200196,25.0457977,0.0
695565023240672,PRLhU8Byguvwjp4xCd63Hi,101914818722206,hcyen,2025-06-27T23:00:00.925000+00:00,"Taiwan, Province of China",121.528198,25.0435838,0.0
696162880064702,PRLhU8Byguvwjp4xCd63Hi,101914818722206,hcyen,2025-06-27T23:00:00.873000+00:00,"Taiwan, Province of China",121.522738,25.0449432,0.0
696341379896904,PRLhU8Byguvwjp4xCd63Hi,101914818722206,hcyen,2025-06-27T23:00:00.765000+00:00,"Taiwan, Province of China",121.5117151,25.0478959,0.0
696652870000299,wCTQ6HISErPxfMzJUOcWGY,101914818722206,hcyen,2025-06-27T23:00:00.209000+00:00,"Taiwan, Province of China",121.460044,25.0562152,0.0
696895399996282,wCTQ6HISErPxfMzJUOcWGY,101914818722206,hcyen,2025-06-27T23:00:00.206000+00:00,"Taiwan, Province of China",121.4600526,25.0559275,0.0
697018976560445,wCTQ6HISErPxfMzJUOcWGY,101914818722206,hcyen,2025-06-27T23:00:00.410000+00:00,"Taiwan, Province of China",121.4773379,25.0614917,0.0
697549959766362,wCTQ6HISErPxfMzJUOcWGY,101914818722206,hcyen,2025-06-27T23:00:00.218000+00:00,"Taiwan, Province of China",121.460022,25.0571479,0.0
697599593142076,wCTQ6HISErPxfMzJUOcWGY,101914818722206,hcyen,2025-06-27T23:00:00.661000+00:00,"Taiwan, Province of China",121.5010551,25.0517863,0.0
697696936419742,wCTQ6HISErPxfMzJUOcWGY,101914818722206,hcyen,2025-06-27T23:00:00.260000+00:00,"Taiwan, Province of China",121.4611467,25.0605304,0.0
698258986398394,PRLhU8Byguvwjp4xCd63Hi,101914818722206,hcyen,2025-06-27T23:00:00.933000+00:00,"Taiwan, Province of China",121.5290428,25.0434291,0.0
698488066289133,wCTQ6HISErPxfMzJUOcWGY,101914818722206,hcyen,2025-06-27T23:00:00.423000+00:00,"Taiwan, Province of China",121.4786874,25.0615161,0.0
698508406296399,wCTQ6HISErPxfMzJUOcWGY,101914818722206,hcyen,2025-06-27T23:00:00.214000+00:00,"Taiwan, Province of China",121.4600389,25.0567181,0.0
698571206310541,wCTQ6HISErPxfMzJUOcWGY,101914818722206,hcyen,2025-06-27T23:00:00.612000+00:00,"Taiwan, Province of China",121.4964609,25.0543563,0.0
698605326325472,PRLhU8Byguvwjp4xCd63Hi,101914818722206,hcyen,2025-06-27T23:00:00.790000+00:00,"Taiwan, Province of China",121.5141936,25.0470197,0.0
698700426264095,wCTQ6HISErPxfMzJUOcWGY,101914818722206,hcyen,2025-06-27T23:00:00.568000+00:00,"Taiwan, Province of China",121.4922027,25.0562296,0.0
699129643097756,PRLhU8Byguvwjp4xCd63Hi,101914818722206,hcyen,2025-06-27T23:00:00.768000+00:00,"Taiwan, Province of China",121.5118934,25.0477535,0.0
699150803002294,wCTQ6HISErPxfMzJUOcWGY,101914818722206,hcyen,2025-06-27T23:00:00.539000+00:00,"Taiwan, Province of China",121.4897463,25.0581379,0.0
699441023061126,wCTQ6HISErPxfMzJUOcWGY,101914818722206,hcyen,2025-06-27T23:00:00.544000+00:00,"Taiwan, Province of China",121.4902198,25.057879,0.0
700267269301555,wCTQ6HISErPxfMzJUOcWGY,101914818722206,hcyen,2025-06-27T23:00:00.608000+00:00,"Taiwan, Province of China",121.4961242,25.0545467,0.0
700538302885407,wCTQ6HISErPxfMzJUOcWGY,101914818722206,hcyen,2025-06-27T23:00:00.326000+00:00,"Taiwan, Province of China",121.4680696,25.0615343,0.0
700838316203330,wCTQ6HISErPxfMzJUOcWGY,101914818722206,hcyen,2025-06-27T23:00:00.235000+00:00,"Taiwan, Province of China",121.46,25.0587985,0.0
701054656084517,wCTQ6HISErPxfMzJUOcWGY,101914818722206,hcyen,2025-06-27T23:00:00.687000+00:00,"Taiwan, Province of China",121.5034909,25.0504325,0.0
701209672682944,wCTQ6HISErPxfMzJUOcWGY,101914818722206,hcyen,2025-06-27T23:00:00.526000+00:00,"Taiwan, Province of China",121.4888393,25.0590038,0.0
701237689340924,wCTQ6HISErPxfMzJUOcWGY,101914818722206,hcyen,2025-06-27T23:00:00.452000+00:00,"Taiwan, Province of China",121.4821168,25.0614625,0.0
701315399549930,wCTQ6HISErPxfMzJUOcWGY,101914818722206,hcyen,2025-06-27T23:00:00.164000+00:00,"Taiwan, Province of China",121.4600053,25.0517997,0.0
701347192524179,PRLhU8Byguvwjp4xCd63Hi,101914818722206,hcyen,2025-06-27T23:00:00.872000+00:00,"Taiwan, Province of China",121.5225863,25.0449858,0.0
701358672640568,wCTQ6HISErPxfMzJUOcWGY,101914818722206,hcyen,2025-06-27T23:00:00.617000+00:00,"Taiwan, Province of China",121.4969333,25.0540909,0.0
702430316037153,wCTQ6HISErPxfMzJUOcWGY,101914818722206,hcyen,2025-06-27T23:00:00.154000+00:00,"Taiwan, Province of China",121.4600221,25.0507965,0.0
702800899161860,wCTQ6HISErPxfMzJUOcWGY,101914818722206,hcyen,2025-06-27T23:00:00.349000+00:00,"Taiwan, Province of China",121.4706066,25.0614528,0.0
703318835909861,PRLhU8Byguvwjp4xCd63Hi,101914818722206,hcyen,2025-06-27T23:00:00.847000+00:00,"Taiwan, Province of China",121.5200966,25.045815,0.0
703575502580024,wCTQ6HISErPxfMzJUOcWGY,101914818722206,hcyen,2025-06-27T23:00:00.161000+00:00,"Taiwan, Province of China",121.4600175,25.0515139,0.0
704334592566911,wCTQ6HISErPxfMzJUOcWGY,101914818722206,hcyen,2025-06-27T23:00:00.234000+00:00,"Taiwan, Province of China",121.4599972,25.0587266,0.0
704720762202981,PRLhU8Byguvwjp4xCd63Hi,101914818722206,hcyen,2025-06-27T23:00:00.821000+00:00,"Taiwan, Province of China",121.5175,25.0461847,0.0
704801418826885,PRLhU8Byguvwjp4xCd63Hi,101914818722206,hcyen,2025-06-27T23:00:00.973000+00:00,"Taiwan, Province of China",121.5332493,25.0444175,0.0
704844062412312,wCTQ6HISErPxfMzJUOcWGY,101914818722206,hcyen,2025-06-27T23:00:00.326000+00:00,"Taiwan, Province of China",121.4681491,25.0615333,0.0
704972155789385,wCTQ6HISErPxfMzJUOcWGY,101914818722206,hcyen,2025-06-27T23:00:00.440000+00:00,"Taiwan, Province of China",121.4805896,25.0614818,0.0
705137955761149,PRLhU8Byguvwjp4xCd63Hi,101914818722206,hcyen,2025-06-27T23:00:00.820000+00:00,"Taiwan, Province of China",121.517354,25.0462425,0.0
705197955638535,PRLhU8Byguvwjp4xCd63Hi,101914818722206,hcyen,2025-06-27T23:00:00.947000+00:00,"Taiwan, Province of China",121.5305742,25.0437925,0.0
705521795596506,PRLhU8Byguvwjp4xCd63Hi,101914818722206,hcyen,2025-06-27T23:00:00.788000+00:00,"Taiwan, Province of China",121.5139648,25.0470799,0.0
706171538990893,wCTQ6HISErPxfMzJUOcWGY,101914818722206,hcyen,2025-06-27T23:00:00.677000+00:00,"Taiwan, Province of China",121.5025432,25.0509585,0.0
706250695360449,wCTQ6HISErPxfMzJUOcWGY,101914818722206,hcyen,2025-06-27T23:00:00.300000+00:00,"Taiwan, Province of China",121.4652673,25.0611357,0.0
706273352318670,PRLhU8Byguvwjp4xCd63Hi,101914818722206,hcyen,2025-06-27T23:00:00.752000+00:00,"Taiwan, Province of China",121.5100467,25.048106,0.0
706464038674238,PRLhU8Byguvwjp4xCd63Hi,101914818722206,hcyen,2025-06-27T23:00:00.994000+00:00,"Taiwan, Province of China",121.5355056,25.0455237,0.0
706599352187338,wCTQ6HISErPxfMzJUOcWGY,101914818722206,hcyen,2025-06-27T23:00:00.628000+00:00,"Taiwan, Province of China",121.4980106,25.0534809,0.0
706672555474998,wCTQ6HISErPxfMzJUOcWGY,101914818722206,hcyen,2025-06-27T23:00:00.442000+00:00,"Taiwan, Province of China",121.4807484,25.0614821,0.0
707108305558923,PRLhU8Byguvwjp4xCd63Hi,101914818722206,hcyen,2025-06-27T23:00:00.828000+00:00,"Taiwan, Province of China",121.5182268,25.0459297,0.0
707686645326449,PRLhU8Byguvwjp4xCd63Hi,101914818722206,hcyen,2025-06-27T23:00:00.739000+00:00,"Taiwan, Province of China",121.508664,25.0483788,0.0
707944205366770,wCTQ6HISErPxfMzJUOcWGY,101914818722206,hcyen,2025-06-27T23:00:00.242000+00:00,"Taiwan, Province of China",121.4599714,25.0595686,0.0
708027851837203,wCTQ6HISErPxfMzJUOcWGY,101914818722206,hcyen,2025-06-27T23:00:00.295000+00:00,"Taiwan, Province of China",121.4648263,25.0609759,0.0
708221691807197,wCTQ6HISErPxfMzJUOcWGY,101914818722206,hcyen,2025-06-27T23:00:00.068000+00:00,"Taiwan, Province of China",121.4601408,25.0422994,0.0
708275235347100,wCTQ6HISErPxfMzJUOcWGY,101914818722206,hcyen,2025-06-27T23:00:00.643000+00:00,"Taiwan, Province of China",121.4993621,25.0527256,0.0
708645621775908,wCTQ6HISErPxfMzJUOcWGY,101914818722206,hcyen,2025-06-27T23:00:00.588000+00:00,"Taiwan, Province of China",121.494088,25.0553498,0.0
709053228649962,wCTQ6HISErPxfMzJUOcWGY,101914818722206,hcyen,2025-06-27T23:00:00.724000+00:00,"Taiwan, Province of China",121.5070502,25.0487585,0.0
709426888728427,PRLhU8Byguvwjp4xCd63Hi,101914818722206,hcyen,2025-06-27T23:00:00.981000+00:00,"Taiwan, Province of China",121.5340755,25.0446205,0.0
709608365108233,wCTQ6HISErPxfMzJUOcWGY,101914818722206,hcyen,2025-06-27T23:00:00.626000+00:00,"Taiwan, Province of China",121.4978094,25.0535963,0.0
709986114995116,wCTQ6HISErPxfMzJUOcWGY,101914818722206,hcyen,2025-06-27T23:00:00.102000+00:00,"Taiwan, Province of China",121.4600926,25.0456965,0.0
710076388581254,wCTQ6HISErPxfMzJUOcWGY,101914818722206,hcyen,2025-06-27T23:00:00.410000+00:00,"Taiwan, Province of China",121.4772585,25.0614917,0.0
710198058462385,wCTQ6HISErPxfMzJUOcWGY,101914818722206,hcyen,2025-06-27T23:00:00.499000+00:00,"Taiwan, Province of China",121.4871249,25.06125,0.0
710467048486240,wCTQ6HISErPxfMzJUOcWGY,101914818722206,hcyen,2025-06-27T23:00:00.333000+00:00,"Taiwan, Province of China",121.4688636,25.0615208,0.0
710962268517682,wCTQ6HISErPxfMzJUOcWGY,101914818722206,hcyen,2025-06-27T23:00:00.162000+00:00,"Taiwan, Province of China",121.4600063,25.0515851,0.0
711044524861802,PRLhU8Byguvwjp4xCd63Hi,101914818722206,hcyen,2025-06-27T23:00:00.921000+00:00,"Taiwan, Province of China",121.5277382,25.0436967,0.0
711533371630795,wCTQ6HISErPxfMzJUOcWGY,101914818722206,hcyen,2025-06-27T23:00:00.018000+00:00,"Taiwan, Province of China",121.4621372,25.0400376,0.0
711765638252418,wCTQ6HISErPxfMzJUOcWGY,101914818722206,hcyen,2025-06-27T23:00:00.577000+00:00,"Taiwan, Province of China",121.492975,25.0557239,0.0
711801735143586,wCTQ6HISErPxfMzJUOcWGY,101914818722206,hcyen,2025-06-27T23:00:00.437000+00:00,"Taiwan, Province of China",121.4802721,25.061489,0.0
712090665144743,PRLhU8Byguvwjp4xCd63Hi,101914818722206,hcyen,2025-06-27T23:00:00.811000+00:00,"Taiwan, Province of China",121.5164311,25.046451,0.0
712360604887816,wCTQ6HISErPxfMzJUOcWGY,101914818722206,hcyen,2025-06-27T23:00:00.065000+00:00,"Taiwan, Province of China",121.4601605,25.0419402,0.0
712485145006530,wCTQ6HISErPxfMzJUOcWGY,101914818722206,hcyen,2025-06-27T23:00:00.598000+00:00,"Taiwan, Province of China",121.4951114,25.0549585,0.0
712615331373451,PRLhU8Byguvwjp4xCd63Hi,101914818722206,hcyen,2025-06-27T23:00:00.726000+00:00,"Taiwan, Province of China",121.5072031,25.0487196,0.0
712817138282631,wCTQ6HISErPxfMzJUOcWGY,101914818722206,hcyen,2025-06-27T23:00:00.702000+00:00,"Taiwan, Province of China",121.5048406,25.0496752,0.0
713036298149662,PRLhU8Byguvwjp4xCd63Hi,101914818722206,hcyen,2025-06-27T23:00:00.831000+00:00,"Taiwan, Province of China",121.5184902,25.0457962,0.0
713097724672659,wCTQ6HISErPxfMzJUOcWGY,101914818722206,hcyen,2025-06-27T23:00:00.402000+00:00,"Taiwan, Province of China",121.4763851,25.0614834,0.0
713114441650723,wCTQ6HISErPxfMzJUOcWGY,101914818722206,hcyen,2025-06-27T23:00:00.721000+00:00,"Taiwan, Province of China",121.5066699,25.0488619,0.0
713688181628200,PRLhU8Byguvwjp4xCd63Hi,101914818722206,hcyen,2025-06-27T23:00:00.796000+00:00,"Taiwan, Province of China",121.5148298,25.0468522,0.0
714715041442025,PRLhU8Byguvwjp4xCd63Hi,101914818722206,hcyen,2025-06-27T23:00:00.952000+00:00,"Taiwan, Province of China",121.5310342,25.0438774,0.0
715163221123011,wCTQ6HISErPxfMzJUOcWGY,101914818722206,hcyen,2025-06-27T23:00:00.296000+00:00,"Taiwan, Province of China",121.4648939,25.0610138,0.0
715266388073621,wCTQ6HISErPxfMzJUOcWGY,101914818722206,hcyen,2025-06-27T23:00:00.468000+00:00,"Taiwan, Province of China",121.48386,25.0614148,0.0
715288461451514,wCTQ6HISErPxfMzJUOcWGY,101914818722206,hcyen,2025-06-27T23:00:00.346000+00:00,"Taiwan, Province of China",121.4702906,25.0614504,0.0
716093714518365,PRLhU8Byguvwjp4xCd63Hi,101914818722206,hcyen,2025-06-27T23:00:00.992000+00:00,"Taiwan, Province of China",121.5353807,25.0454354,0.0
716537194352931,wCTQ6HISErPxfMzJUOcWGY,101914818722206,hcyen,2025-06-27T23:00:00.426000+00:00,"Taiwan, Province of China",121.4790048,25.0615248,0.0
716811781075921,wCTQ6HISErPxfMzJUOcWGY,101914818722206,hcyen,2025-06-27T23:00:00.625000+00:00,"Taiwan, Province of China",121.497676,25.0536745,0.0
717008287785907,wCTQ6HISErPxfMzJUOcWGY,101914818722206,hcyen,2025-06-27T23:00:00.287000+00:00,"Taiwan, Province of China",121.4639928,25.0608606,0.0
717284304358387,wCTQ6HISErPxfMzJUOcWGY,101914818722206,hcyen,2025-06-27T23:00:00.457000+00:00,"Taiwan, Province of China",121.4826725,25.0614502,0.0
717402214584443,wCTQ6HISErPxfMzJUOcWGY,101914818722206,hcyen,2025-06-27T23:00:00.486000+00:00,"Taiwan, Province of China",121.4857651,25.0614002,0.0
717637004531799,wCTQ6HISErPxfMzJUOcWGY,101914818722206,hcyen,2025-06-27T23:00:00.017000+00:00,"Taiwan, Province of China",121.4622037,25.0400771,0.0
717731654287163,wCTQ6HISErPxfMzJUOcWGY,101914818722206,hcyen,2025-06-27T23:00:00.032000+00:00,"Taiwan, Province of China",121.4608117,25.0392494,0.0
717861990831815,wCTQ6HISErPxfMzJUOcWGY,101914818722206,hcyen,2025-06-27T23:00:00.510000+00:00,"Taiwan, Province of China",121.4878579,25.0603109,0.0
718252228040469,wCTQ6HISErPxfMzJUOcWGY,101914818722206,hcyen,2025-06-27T23:00:00.389000+00:00,"Taiwan, Province of China",121.4750361,25.0614724,0.0
718285140789929,wCTQ6HISErPxfMzJUOcWGY,101914818722206,hcyen,2025-06-27T23:00:00.441000+00:00,"Taiwan, Province of China",121.480669,25.0614818,0.0
718487994347079,wCTQ6HISErPxfMzJUOcWGY,101914818722206,hcyen,2025-06-27T23:00:00.540000+00:00,"Taiwan, Province of China",121.4898704,25.0580485,0.0
719189247711191,wCTQ6HISErPxfMzJUOcWGY,101914818722206,hcyen,2025-06-27T23:00:00.474000+00:00,"Taiwan, Province of China",121.4844948,25.061412,0.0
719635534107407,PRLhU8Byguvwjp4xCd63Hi,101914818722206,hcyen,2025-06-27T23:00:00.730000+00:00,"Taiwan, Province of China",121.5076637,25.0486084,0.0
719658630658298,wCTQ6HISErPxfMzJUOcWGY,101914818722206,hcyen,2025-06-27T23:00:00.480000+00:00,"Taiwan, Province of China",121.4851301,25.0614157,0.0
720409904181747,wCTQ6HISErPxfMzJUOcWGY,101914818722206,hcyen,2025-06-27T23:00:00.331000+00:00,"Taiwan, Province of China",121.4686256,25.0615294,0.0
720762083996960,wCTQ6HISErPxfMzJUOcWGY,101914818722206,hcyen,2025-06-27T23:00:00.095000+00:00,"Taiwan, Province of China",121.4601389,25.0449784,0.0
721211800868102,wCTQ6HISErPxfMzJUOcWGY,101914818722206,hcyen,2025-06-27T23:00:00.618000+00:00,"Taiwan, Province of China",121.4970008,25.0540531,0.0
721228350516673,PRLhU8Byguvwjp4xCd63Hi,101914818722206,hcyen,2025-06-27T23:00:00.899000+00:00,"Taiwan, Province of China",121.5254096,25.0442624,0.0
722077564048928,PRLhU8Byguvwjp4xCd63Hi,101914818722206,hcyen,2025-06-27T23:00:00.891000+00:00,"Taiwan, Province of China",121.5245692,25.0444758,0.0
722081713857895,wCTQ6HISErPxfMzJUOcWGY,101914818722206,hcyen,2025-06-27T23:00:00.376000+00:00,"Taiwan, Province of China",121.4736084,25.0614491,0.0
722273396833296,wCTQ6HISErPxfMzJUOcWGY,101914818722206,hcyen,2025-06-27T23:00:00.658000+00:00,"Taiwan, Province of China",121.5007845,25.051937,0.0
722380963877718,wCTQ6HISErPxfMzJUOcWGY,101914818722206,hcyen,2025-06-27T23:00:00.396000+00:00,"Taiwan, Province of China",121.4757503,25.0614691,0.0
722759607002385,PRLhU8Byguvwjp4xCd63Hi,101914818722206,hcyen,2025-06-27T23:00:00.863000+00:00,"Taiwan, Province of China",121.5216667,25.0452155,0.0
722919816777226,wCTQ6HISErPxfMzJUOcWGY,101914818722206,hcyen,2025-06-27T23:00:00.388000+00:00,"Taiwan, Province of China",121.474878,25.0614585,0.0
723609146742404,wCTQ6HISErPxfMzJUOcWGY,101914818722206,hcyen,2025-06-27T23:00:00.455000+00:00,"Taiwan, Province of China",121.4823549,25.0614555,0.0
724277206854894,wCTQ6HISErPxfMzJUOcWGY,101914818722206,hcyen,2025-06-27T23:00:00.569000+00:00,"Taiwan, Province of China",121.4922666,25.0561868,0.0
724889626803336,PRLhU8Byguvwjp4xCd63Hi,101914818722206,hcyen,2025-06-27T23:00:00.800000+00:00,"Taiwan, Province of China",121.5152865,25.0467296,0.0
724930913514049,wCTQ6HISErPxfMzJUOcWGY,101914818722206,hcyen,2025-06-27T23:00:00.723000+00:00,"Taiwan, Province of China",121.5069744,25.0487799,0.0
725291026511572,wCTQ6HISErPxfMzJUOcWGY,101914818722206,hcyen,2025-06-27T23:00:00.149000+00:00,"Taiwan, Province of China",121.4600666,25.0502966,0.0
725717796824517,wCTQ6HISErPxfMzJUOcWGY,101914818722206,hcyen,2025-06-27T23:00:00.062000+00:00,"Taiwan, Province of China",121.4601819,25.0416531,0.0
725789749992192,PRLhU8Byguvwjp4xCd63Hi,101914818722206,hcyen,2025-06-27T23:00:00.936000+00:00,"Taiwan, Province of China",121.5293496,25.0435037,0.0
726073757028562,wCTQ6HISErPxfMzJUOcWGY,101914818722206,hcyen,2025-06-27T23:00:00.151000+00:00,"Taiwan, Province of China",121.4600588,25.0505123,0.0
726428593431811,wCTQ6HISErPxfMzJUOcWGY,101914818722206,hcyen,2025-06-27T23:00:00.316000+00:00,"Taiwan, Province of China",121.4670429,25.0614958,0.0
726429207008278,PRLhU8Byguvwjp4xCd63Hi,101914818722206,hcyen,2025-06-27T23:00:00.776000+00:00,"Taiwan, Province of China",121.5127391,25.0473822,0.0
726481453473771,PRLhU8Byguvwjp4xCd63Hi,101914818722206,hcyen,2025-06-27T23:00:00.880000+00:00,"Taiwan, Province of China",121.5234286,25.0447779,0.0
726545876420570,wCTQ6HISErPxfMzJUOcWGY,101914818722206,hcyen,2025-06-27T23:00:00.627000+00:00,"Taiwan, Province of China",121.4978771,25.0535587,0.0
727396993036270,PRLhU8Byguvwjp4xCd63Hi,101914818722206,hcyen,2025-06-27T23:00:00.782000+00:00,"Taiwan, Province of China",121.513352,25.0472308,0.0
727536942990745,wCTQ6HISErPxfMzJUOcWGY,101914818722206,hcyen,2025-06-27T23:00:00.544000+00:00,"Taiwan, Province of China",121.4902855,25.0578385,0.0
727651162987045,wCTQ6HISErPxfMzJUOcWGY,101914818722206,hcyen,2025-06-27T23:00:00.221000+00:00,"Taiwan, Province of China",121.4600133,25.0573628,0.0
727725570002149,wCTQ6HISErPxfMzJUOcWGY,101914818722206,hcyen,2025-06-27T23:00:00.455000+00:00,"Taiwan, Province of China",121.4824343,25.0614532,0.0
728103483275404,PRLhU8Byguvwjp4xCd63Hi,101914818722206,hcyen,2025-06-27T23:00:00.934000+00:00,"Taiwan, Province of China",121.5291962,25.0434664,0.0
728267657026290,wCTQ6HISErPxfMzJUOcWGY,101914818722206,hcyen,2025-06-27T23:00:00.545000+00:00,"Taiwan, Province of China",121.4903511,25.057798,0.0
728381326228146,wCTQ6HISErPxfMzJUOcWGY,101914818722206,hcyen,2025-06-27T23:00:00.323000+00:00,"Taiwan, Province of China",121.4678316,25.0615435,0.0
728615686336507,wCTQ6HISErPxfMzJUOcWGY,101914818722206,hcyen,2025-06-27T23:00:00.644000+00:00,"Taiwan, Province of China",121.4994295,25.0526876,0.0
728637849712441,wCTQ6HISErPxfMzJUOcWGY,101914818722206,hcyen,2025-06-27T23:00:00.445000+00:00,"Taiwan, Province of China",121.4811452,25.0614767,0.0
728887106393267,PRLhU8Byguvwjp4xCd63Hi,101914818722206,hcyen,2025-06-27T23:00:00.814000+00:00,"Taiwan, Province of China",121.5167402,25.0463855,0.0
729401240022116,PRLhU8Byguvwjp4xCd63Hi,101914818722206,hcyen,2025-06-27T23:00:00.726000+00:00,"Taiwan, Province of China",121.5072798,25.0487008,0.0
729458859733829,wCTQ6HISErPxfMzJUOcWGY,101914818722206,hcyen,2025-06-27T23:00:00.092000+00:00,"Taiwan, Province of China",121.4601713,25.04462,0.0
729641733107693,wCTQ6HISErPxfMzJUOcWGY,101914818722206,hcyen,2025-06-27T23:00:00.181000+00:00,"Taiwan, Province of China",121.4600167,25.0534497,0.0
729836276075154,wCTQ6HISErPxfMzJUOcWGY,101914818722206,hcyen,2025-06-27T23:00:00.254000+00:00,"Taiwan, Province of China",121.460439,25.060447,0.0
730390416057187,PRLhU8Byguvwjp4xCd63Hi,101914818722206,hcyen,2025-06-27T23:00:00.812000+00:00,"Taiwan, Province of China",121.5165091,25.0464373,0.0
730464216037856,wCTQ6HISErPxfMzJUOcWGY,101914818722206,hcyen,2025-06-27T23:00:00.372000+00:00,"Taiwan, Province of China",121.4731344,25.0614624,0.0
730750143449107,wCTQ6HISErPxfMzJUOcWGY,101914818722206,hcyen,2025-06-27T23:00:00.203000+00:00,"Taiwan, Province of China",121.4600762,25.0556411,0.0
730847766189397,wCTQ6HISErPxfMzJUOcWGY,101914818722206,hcyen,2025-06-27T23:00:00.075000+00:00,"Taiwan, Province of China",121.4601626,25.0429459,0.0
731303236041873,wCTQ6HISErPxfMzJUOcWGY,101914818722206,hcyen,2025-06-27T23:00:00.073000+00:00,"Taiwan, Province of China",121.4601498,25.0428025,0.0
731738899630437,PRLhU8Byguvwjp4xCd63Hi,101914818722206,hcyen,2025-06-27T23:00:00.952000+00:00,"Taiwan, Province of China",121.5311139,25.0438836,0.0
731927626194037,PRLhU8Byguvwjp4xCd63Hi,101914818722206,hcyen,2025-06-27T23:00:00.802000+00:00,"Taiwan, Province of China",121.5154396,25.0466912,0.0
732074742845405,wCTQ6HISErPxfMzJUOcWGY,101914818722206,hcyen,2025-06-27T23:00:00.515000+00:00,"Taiwan, Province of China",121.4881252,25.0599535,0.0
732535225807299,wCTQ6HISErPxfMzJUOcWGY,101914818722206,hcyen,2025-06-27T23:00:00.572000+00:00,"Taiwan, Province of China",121.492522,25.0560157,0.0
732694315946644,PRLhU8Byguvwjp4xCd63Hi,101914818722206,hcyen,2025-06-27T23:00:00.997000+00:00,"Taiwan, Province of China",121.5358025,25.0457616,0.0
733590415870518,wCTQ6HISErPxfMzJUOcWGY,101914818722206,hcyen,2025-06-27T23:00:00.459000+00:00,"Taiwan, Province of China",121.4828313,25.0614486,0.0
733652045820694,PRLhU8Byguvwjp4xCd63Hi,101914818722206,hcyen,2025-06-27T23:00:00.794000+00:00,"Taiwan, Province of China",121.5146805,25.0469009,0.0
733885555819148,wCTQ6HISErPxfMzJUOcWGY,101914818722206,hcyen,2025-06-27T23:00:00.623000+00:00,"Taiwan, Province of China",121.497542,25.0537517,0.0
734896832286748,wCTQ6HISErPxfMzJUOcWGY,101914818722206,hcyen,2025-06-27T23:00:00.004000+00:00,"Taiwan, Province of China",121.462303,25.0409625,0.0
735059099052717,wCTQ6HISErPxfMzJUOcWGY,101914818722206,hcyen,2025-06-27T23:00:00.084000+00:00,"Taiwan, Province of China",121.4601744,25.0438081,0.0
735256555548762,wCTQ6HISErPxfMzJUOcWGY,101914818722206,hcyen,2025-06-27T23:00:00.689000+00:00,"Taiwan, Province of China",121.5036214,25.0503507,0.0
735565388946263,wCTQ6HISErPxfMzJUOcWGY,101914818722206,hcyen,2025-06-27T23:00:00.397000+00:00,"Taiwan, Province of China",121.4759087,25.0614802,0.0
736166678905844,PRLhU8Byguvwjp4xCd63Hi,101914818722206,hcyen,2025-06-27T23:00:00.765000+00:00,"Taiwan, Province of China",121.5116478,25.0479342,0.0
736488449034693,PRLhU8Byguvwjp4xCd63Hi,101914818722206,hcyen,2025-06-27T23:00:00.917000+00:00,"Taiwan, Province of China",121.5273583,25.043801,0.0
736550422214804,wCTQ6HISErPxfMzJUOcWGY,101914818722206,hcyen,2025-06-27T23:00:00.284000+00:00,"Taiwan, Province of China",121.463603,25.060793,0.0
736631428849131,wCTQ6HISErPxfMzJUOcWGY,101914818722206,hcyen,2025-06-27T23:00:00.022000+00:00,"Taiwan, Province of China",121.4617489,25.0397879,0.0
737550358804929,wCTQ6HISErPxfMzJUOcWGY,101914818722206,hcyen,2025-06-27T23:00:00.341000+00:00,"Taiwan, Province of China",121.4697348,25.0614631,0.0
737862988792239,wCTQ6HISErPxfMzJUOcWGY,101914818722206,hcyen,2025-06-27T23:00:00.381000+00:00,"Taiwan, Province of China",121.4741667,25.0614372,0.0
738385515804957,PRLhU8Byguvwjp4xCd63Hi,101914818722206,hcyen,2025-06-27T23:00:00.916000+00:00,"Taiwan, Province of China",121.527284,25.0438257,0.0
738636808522934,wCTQ6HISErPxfMzJUOcWGY,101914818722206,hcyen,2025-06-27T23:00:00.103000+00:00,"Taiwan, Province of China",121.4600884,25.0457683,0.0
738650941954370,wCTQ6HISErPxfMzJUOcWGY,101914818722206,hcyen,2025-06-27T23:00:00.650000+00:00,"Taiwan, Province of China",121.5000372,25.0523467,0.0
738660705326840,wCTQ6HISErPxfMzJUOcWGY,101914818722206,hcyen,2025-06-27T23:00:00.497000+00:00,"Taiwan, Province of China",121.4869538,25.0613791,0.0
738913882155561,wCTQ6HISErPxfMzJUOcWGY,101914818722206,hcyen,2025-06-27T23:00:00.571000+00:00,"Taiwan, Province of China",121.4924579,25.0560582,0.0
739063655343681,wCTQ6HISErPxfMzJUOcWGY,101914818722206,hcyen,2025-06-27T23:00:00.394000+00:00,"Taiwan, Province of China",121.4755916,25.0614634,0.0
739691988565344,PRLhU8Byguvwjp4xCd63Hi,101914818722206,hcyen,2025-06-27T23:00:00.810000+00:00,"Taiwan, Province of China",121.5163517,25.0464485,0.0
739832918431899,PRLhU8Byguvwjp4xCd63Hi,101914818722206,hcyen,2025-06-27T23:00:00.960000+00:00,"Taiwan, Province of China",121.5318728,25.0440874,0.0
739987891823018,wCTQ6HISErPxfMzJUOcWGY,101914818722206,hcyen,2025-06-27T23:00:00.163000+00:00,"Taiwan, Province of China",121.460016,25.0516565,0.0
740865821835811,PRLhU8Byguvwjp4xCd63Hi,101914818722206,hcyen,2025-06-27T23:00:00.747000+00:00,"Taiwan, Province of China",121.5094929,25.0481448,0.0
741305775248325,wCTQ6HISErPxfMzJUOcWGY,101914818722206,hcyen,2025-06-27T23:00:00.297000+00:00,"Taiwan, Province of China",121.4650415,25.0610667,0.0
741524058243886,wCTQ6HISErPxfMzJUOcWGY,101914818722206,hcyen,2025-06-27T23:00:00.201000+00:00,"Taiwan, Province of China",121.4600818,25.0554258,0.0
741651655011658,wCTQ6HISErPxfMzJUOcWGY,101914818722206,hcyen,2025-06-27T23:00:00.371000+00:00,"Taiwan, Province of China",121.4729769,25.0614759,0.0
741810271704970,PRLhU8Byguvwjp4xCd63Hi,101914818722206,hcyen,2025-06-27T23:00:00.760000+00:00,"Taiwan, Province of China",121.5112017,25.0480719,0.0
742593268302706,wCTQ6HISErPxfMzJUOcWGY,101914818722206,hcyen,2025-06-27T23:00:00.085000+00:00,"Taiwan, Province of China",121.4601735,25.043952,0.0
742695261569281,wCTQ6HISErPxfMzJUOcWGY,101914818722206,hcyen,2025-06-27T23:00:00.599000+00:00,"Taiwan, Province of China",121.4951858,25.0549334,0.0
743774778000376,wCTQ6HISErPxfMzJUOcWGY,101914818722206,hcyen,2025-06-27T23:00:00.165000+00:00,"Taiwan, Province of China",121.4599968,25.0518712,0.0
744195894668039,wCTQ6HISErPxfMzJUOcWGY,101914818722206,hcyen,2025-06-27T23:00:00.614000+00:00,"Taiwan, Province of China",121.4966606,25.0542386,0.0
744464811278244,PRLhU8Byguvwjp4xCd63Hi,101914818722206,hcyen,2025-06-27T23:00:00.988000+00:00,"Taiwan, Province of China",121.5350028,25.045174,0.0
744757711316920,wCTQ6HISErPxfMzJUOcWGY,101914818722206,hcyen,2025-06-27T23:00:00.415000+00:00,"Taiwan, Province of China",121.4778141,25.0615058,0.0
745443641174196,PRLhU8Byguvwjp4xCd63Hi,101914818722206,hcyen,2025-06-27T23:00:00.785000+00:00,"Taiwan, Province of China",121.5136578,25.0471535,0.0
745753501473797,wCTQ6HISErPxfMzJUOcWGY,101914818722206,hcyen,2025-06-27T23:00:00.593000+00:00,"Taiwan, Province of China",121.494603,25.0551603,0.0
745806441359901,wCTQ6HISErPxfMzJUOcWGY,101914818722206,hcyen,2025-06-27T23:00:00.581000+00:00,"Taiwan, Province of China",121.4933361,25.0555743,0.0
746113431204103,wCTQ6HISErPxfMzJUOcWGY,101914818722206,hcyen,2025-06-27T23:00:00.242000+00:00,"Taiwan, Province of China",121.4599781,25.0596403,0.0
746276951175309,wCTQ6HISErPxfMzJUOcWGY,101914818722206,hcyen,2025-06-27T23:00:00.636000+00:00,"Taiwan, Province of China",121.498754,25.0530657,0.0
746586368048001,wCTQ6HISErPxfMzJUOcWGY,101914818722206,hcyen,2025-06-27T23:00:00.252000+00:00,"Taiwan, Province of China",121.4602805,25.0604525,0.0
747140987783209,wCTQ6HISErPxfMzJUOcWGY,101914818722206,hcyen,2025-06-27T23:00:00.259000+00:00,"Taiwan, Province of China",121.4609891,25.0605129,0.0
747400957729716,wCTQ6HISErPxfMzJUOcWGY,101914818722206,hcyen,2025-06-27T23:00:00.178000+00:00,"Taiwan, Province of China",121.4600324,25.0531624,0.0
747670981112100,wCTQ6HISErPxfMzJUOcWGY,101914818722206,hcyen,2025-06-27T23:00:00.115000+00:00,"Taiwan, Province of China",121.460074,25.0469907,0.0
748461050998495,wCTQ6HISErPxfMzJUOcWGY,101914818722206,hcyen,2025-06-27T23:00:00.601000+00:00,"Taiwan, Province of China",121.4954062,25.054852,0.0
748782380902744,PRLhU8Byguvwjp4xCd63Hi,101914818722206,hcyen,2025-06-27T23:00:00.944000+00:00,"Taiwan, Province of China",121.5301921,25.0436951,0.0
749263028046885,wCTQ6HISErPxfMzJUOcWGY,101914818722206,hcyen,2025-06-27T23:00:00.048000+00:00,"Taiwan, Province of China",121.4602117,25.0402904,0.0
749473064433819,wCTQ6HISErPxfMzJUOcWGY,101914818722206,hcyen,2025-06-27T23:00:00.379000+00:00,"Taiwan, Province of China",121.4739272,25.0614437,0.0
749543674079349,wCTQ6HISErPxfMzJUOcWGY,101914818722206,hcyen,2025-06-27T23:00:00.482000+00:00,"Taiwan, Province of China",121.4853681,25.061407,0.0
749662100898064,wCTQ6HISErPxfMzJUOcWGY,101914818722206,hcyen,2025-06-27T23:00:00.286000+00:00,"Taiwan, Province of China",121.4638381,25.0608279,0.0
749836114243318,wCTQ6HISErPxfMzJUOcWGY,101914818722206,hcyen,2025-06-27T23:00:00.470000+00:00,"Taiwan, Province of China",121.4840188,25.0614124,0.0
750048654038787,wCTQ6HISErPxfMzJUOcWGY,101914818722206,hcyen,2025-06-27T23:00:00.575000+00:00,"Taiwan, Province of China",121.4927805,25.0558471,0.0
750068444158100,wCTQ6HISErPxfMzJUOcWGY,101914818722206,hcyen,2025-06-27T23:00:00.428000+00:00,"Taiwan, Province of China",121.4792431,25.0615265,0.0
750291090804859,PRLhU8Byguvwjp4xCd63Hi,101914818722206,hcyen,2025-06-27T23:00:00.795000+00:00,"Taiwan, Province of China",121.5147558,25.0468781,0.0
750394454145760,PRLhU8Byguvwjp4xCd63Hi,101914818722206,hcyen,2025-06-27T23:00:00.906000+00:00,"Taiwan, Province of China",121.5261779,25.0440857,0.0
750542857415449,wCTQ6HISErPxfMzJUOcWGY,101914818722206,hcyen,2025-06-27T23:00:00.344000+00:00,"Taiwan, Province of China",121.4701318,25.0614552,0.0
750821257475787,wCTQ6HISErPxfMzJUOcWGY,101914818722206,hcyen,2025-06-27T23:00:00.706000+00:00,"Taiwan, Province of China",121.5052453,25.0494476,0.0
750873067382117,wCTQ6HISErPxfMzJUOcWGY,101914818722206,hcyen,2025-06-27T23:00:00.113000+00:00,"Taiwan, Province of China",121.4600868,25.0467033,0.0
750942667375801,wCTQ6HISErPxfMzJUOcWGY,101914818722206,hcyen,2025-06-27T23:00:00.473000+00:00,"Taiwan, Province of China",121.4844155,25.0614081,0.0
751222994104598,wCTQ6HISErPxfMzJUOcWGY,101914818722206,hcyen,2025-06-27T23:00:00.407000+00:00,"Taiwan, Province of China",121.4770203,25.0614883,0.0
751749907210223,wCTQ6HISErPxfMzJUOcWGY,101914818722206,hcyen,2025-06-27T23:00:00.535000+00:00,"Taiwan, Province of China",121.4894174,25.0583333,0.0
752713620618941,wCTQ6HISErPxfMzJUOcWGY,101914818722206,hcyen,2025-06-27T23:00:00.116000+00:00,"Taiwan, Province of China",121.460071,25.0470627,0.0
753081347158145,wCTQ6HISErPxfMzJUOcWGY,101914818722206,hcyen,2025-06-27T23:00:00.648000+00:00,"Taiwan, Province of China",121.4998357,25.0524619,0.0
754185470621397,PRLhU8Byguvwjp4xCd63Hi,101914818722206,hcyen,2025-06-27T23:00:00.818000+00:00,"Taiwan, Province of China",121.5171234,25.0462963,0.0
755020900520052,wCTQ6HISErPxfMzJUOcWGY,101914818722206,hcyen,2025-06-27T23:00:00.679000+00:00,"Taiwan, Province of China",121.5027449,25.0508438,0.0
755473540483425,PRLhU8Byguvwjp4xCd63Hi,101914818722206,hcyen,2025-06-27T23:00:00.745000+00:00,"Taiwan, Province of China",121.5092631,25.0482008,0.0
755873600332152,wCTQ6HISErPxfMzJUOcWGY,101914818722206,hcyen,2025-06-27T23:00:00.261000+00:00,"Taiwan, Province of China",121.4612258,25.0605373,0.0
756190363515648,PRLhU8Byguvwjp4xCd63Hi,101914818722206,hcyen,2025-06-27T23:00:00.805000+00:00,"Taiwan, Province of China",121.5157449,25.0466119,0.0
756742603694566,PRLhU8Byguvwjp4xCd63Hi,101914818722206,hcyen,2025-06-27T23:00:00.833000+00:00,"Taiwan, Province of China",121.5186291,25.0457426,0.0
756862880355810,wCTQ6HISErPxfMzJUOcWGY,101914818722206,hcyen,2025-06-27T23:00:00.584000+00:00,"Taiwan, Province of China",121.4936418,25.0555001,0.0
757730790116907,wCTQ6HISErPxfMzJUOcWGY,101914818722206,hcyen,2025-06-27T23:00:00.500000+00:00,"Taiwan, Province of China",121.4871696,25.0611904,0.0
757855619915672,wCTQ6HISErPxfMzJUOcWGY,101914818722206,hcyen,2025-06-27T23:00:00.173000+00:00,"Taiwan, Province of China",121.4600193,25.0527314,0.0
758684686609061,wCTQ6HISErPxfMzJUOcWGY,101914818722206,hcyen,2025-06-27T23:00:00.405000+00:00,"Taiwan, Province of China",121.4767822,25.0614821,0.0
758745429827142,PRLhU8Byguvwjp4xCd63Hi,101914818722206,hcyen,2025-06-27T23:00:00.972000+00:00,"Taiwan, Province of China",121.5331759,25.0443923,0.0
758935493244359,PRLhU8Byguvwjp4xCd63Hi,101914818722206,hcyen,2025-06-27T23:00:00.771000+00:00,"Taiwan, Province of China",121.512143,25.0475773,0.0
758952826462938,wCTQ6HISErPxfMzJUOcWGY,101914818722206,hcyen,2025-06-27T23:00:00.397000+00:00,"Taiwan, Province of China",121.4758295,25.0614746,0.0
759108066455554,wCTQ6HISErPxfMzJUOcWGY,101914818722206,hcyen,2025-06-27T23:00:00.211000+00:00,"Taiwan, Province of China",121.4600387,25.0564309,0.0
759803050043587,wCTQ6HISErPxfMzJUOcWGY,101914818722206,hcyen,2025-06-27T23:00:00.299000+00:00,"Taiwan, Province of China",121.4651917,25.0611139,0.0
760611986395170,wCTQ6HISErPxfMzJUOcWGY,101914818722206,hcyen,2025-06-27T23:00:00.227000+00:00,"Taiwan, Province of China",121.4600217,25.0580098,0.0
760623869632613,wCTQ6HISErPxfMzJUOcWGY,101914818722206,hcyen,2025-06-27T23:00:00.365000+00:00,"Taiwan, Province of China",121.4724261,25.06145,0.0
760865556285141,PRLhU8Byguvwjp4xCd63Hi,101914818722206,hcyen,2025-06-27T23:00:00.844000+00:00,"Taiwan, Province of China",121.5198654,25.045763,0.0
760881872967466,wCTQ6HISErPxfMzJUOcWGY,101914818722206,hcyen,2025-06-27T23:00:00.275000+00:00,"Taiwan, Province of China",121.4626738,25.060666,0.0
761342019910419,wCTQ6HISErPxfMzJUOcWGY,101914818722206,hcyen,2025-06-27T23:00:00.607000+00:00,"Taiwan, Province of China",121.4959797,25.0546061,0.0
761696546195995,wCTQ6HISErPxfMzJUOcWGY,101914818722206,hcyen,2025-06-27T23:00:00.036000+00:00,"Taiwan, Province of China",121.4604059,25.0392588,0.0
761739156279700,wCTQ6HISErPxfMzJUOcWGY,101914818722206,hcyen,2025-06-27T23:00:00.604000+00:00,"Taiwan, Province of China",121.4956923,25.0547274,0.0
762214006234850,PRLhU8Byguvwjp4xCd63Hi,101914818722206,hcyen,2025-06-27T23:00:00.971000+00:00,"Taiwan, Province of China",121.5330199,25.0443657,0.0
762258572821634,wCTQ6HISErPxfMzJUOcWGY,101914818722206,hcyen,2025-06-27T23:00:00.670000+00:00,"Taiwan, Province of China",121.5018668,25.0513343,0.0
763199952921403,wCTQ6HISErPxfMzJUOcWGY,101914818722206,hcyen,2025-06-27T23:00:00.194000+00:00,"Taiwan, Province of China",121.459967,25.0547929,0.0
764964179218581,wCTQ6HISErPxfMzJUOcWGY,101914818722206,hcyen,2025-06-27T23:00:00.298000+00:00,"Taiwan, Province of China",121.4651164,25.0610906,0.0
765168086078821,wCTQ6HISErPxfMzJUOcWGY,101914818722206,hcyen,2025-06-27T23:00:00.428000+00:00,"Taiwan, Province of China",121.4793224,25.0615236,0.0
766916616009781,wCTQ6HISErPxfMzJUOcWGY,101914818722206,hcyen,2025-06-27T23:00:00.496000+00:00,"Taiwan, Province of China",121.4868763,25.0613916,0.0
767656645594703,wCTQ6HISErPxfMzJUOcWGY,101914818722206,hcyen,2025-06-27T23:00:00.519000+00:00,"Taiwan, Province of China",121.4883909,25.059596,0.0
768467798846192,wCTQ6HISErPxfMzJUOcWGY,101914818722206,hcyen,2025-06-27T23:00:00.536000+00:00,"Taiwan, Province of China",121.4895581,25.0582697,0.0
770409442079300,wCTQ6HISErPxfMzJUOcWGY,101914818722206,hcyen,2025-06-27T23:00:00.462000+00:00,"Taiwan, Province of China",121.4831466,25.0614263,0.0
770938768925162,wCTQ6HISErPxfMzJUOcWGY,101914818722206,hcyen,2025-06-27T23:00:00.384000+00:00,"Taiwan, Province of China",121.4744828,25.0614289,0.0
774258934925688,PRLhU8Byguvwjp4xCd63Hi,101914818722206,hcyen,2025-06-27T23:00:00.742000+00:00,"Taiwan, Province of China",121.5088809,25.0482938,0.0
774928664865595,PRLhU8Byguvwjp4xCd63Hi,101914818722206,hcyen,2025-06-27T23:00:00.886000+00:00,"Taiwan, Province of China",121.524111,25.0445902,0.0
775160774941482,wCTQ6HISErPxfMzJUOcWGY,101914818722206,hcyen,2025-06-27T23:00:00.265000+00:00,"Taiwan, Province of China",121.4616925,25.0606078,0.0
785671993786428,wCTQ6HISErPxfMzJUOcWGY,101914818722206,hcyen,2025-06-27T23:00:00.624000+00:00,"Taiwan, Province of China",121.4976089,25.0537129,0.0
824988350161610,wCTQ6HISErPxfMzJUOcWGY,101914818722206,hcyen,2025-06-27T23:00:00.537000+00:00,"Taiwan, Province of China",121.4896227,25.0582278,0.0
892851306374169,wCTQ6HISErPxfMzJUOcWGY,101914818722206,hcyen,2025-06-27T23:00:00.671000+00:00,"Taiwan, Province of China",121.5019964,25.0512511,0.0
902129418763337,wCTQ6HISErPxfMzJUOcWGY,101914818722206,hcyen,2025-06-27T23:00:00.135000+00:00,"Taiwan, Province of China",121.4600621,25.048932,0.0
906106875014729,PRLhU8Byguvwjp4xCd63Hi,101914818722206,hcyen,2025-06-27T23:00:00.793000+00:00,"Taiwan, Province of China",121.5145278,25.0469406,0.0
925527666369440,wCTQ6HISErPxfMzJUOcWGY,101914818722206,hcyen,2025-06-27T23:00:00.336000+00:00,"Taiwan, Province of China",121.4692593,25.0614908,0.0
929606622614617,wCTQ6HISErPxfMzJUOcWGY,101914818722206,hcyen,2025-06-27T23:00:00.230000+00:00,"Taiwan, Province of China",121.4600168,25.0582971,0.0
959216152903196,wCTQ6HISErPxfMzJUOcWGY,101914818722206,hcyen,2025-06-27T23:00:00.288000+00:00,"Taiwan, Province of China",121.46407,25.0608776,0.0
960000716142941,wCTQ6HISErPxfMzJUOcWGY,101914818722206,hcyen,2025-06-27T23:00:00.635000+00:00,"Taiwan, Province of China",121.4986221,25.0531459,0.0
964658592346318,PRLhU8Byguvwjp4xCd63Hi,101914818722206,hcyen,2025-06-27T23:00:00.882000+00:00,"Taiwan, Province of China",121.5236605,25.0447287,0.0
965551572254647,wCTQ6HISErPxfMzJUOcWGY,101914818722206,hcyen,2025-06-27T23:00:00.157000+00:00,"Taiwan, Province of China",121.4600308,25.0510837,0.0
973964751369700,wCTQ6HISErPxfMzJUOcWGY,101914818722206,hcyen,2025-06-27T23:00:00.554000+00:00,"Taiwan, Province of China",121.4910506,25.0572177,0.0
978666190898909,wCTQ6HISErPxfMzJUOcWGY,101914818722206,hcyen,2025-06-27T23:00:00.117000+00:00,"Taiwan, Province of China",121.4600688,25.0471346,0.0
985182843552670,wCTQ6HISErPxfMzJUOcWGY,101914818722206,hcyen,2025-06-27T23:00:00.224000+00:00,"Taiwan, Province of China",121.4600098,25.0577224,0.0
986249280097672,wCTQ6HISErPxfMzJUOcWGY,101914818722206,hcyen,2025-06-27T23:00:00.603000+00:00,"Taiwan, Province of China",121.49562,25.0547571,0.0
997658032259526,wCTQ6HISErPxfMzJUOcWGY,101914818722206,hcyen,2025-06-27T23:00:00.523000+00:00,"Taiwan, Province of China",121.4886139,25.0592986,0.0
999295472070079,wCTQ6HISErPxfMzJUOcWGY,101914818722206,hcyen,2025-06-27T23:00:00.363000+00:00,"Taiwan, Province of China",121.4721095,25.0614703,0.0
999997988676079,wCTQ6HISErPxfMzJUOcWGY,101914818722206,hcyen,2025-06-27T23:00:00.274000+00:00,"Taiwan, Province of China",121.4625955,25.0606547,0.0
1001050108589602,PRLhU8Byguvwjp4xCd63Hi,101914818722206,hcyen,2025-06-27T23:00:00.779000+00:00,"Taiwan, Province of China",121.5130453,25.0473058,0.0
1002196918461117,wCTQ6HISErPxfMzJUOcWGY,101914818722206,hcyen,2025-06-27T23:00:00.488000+00:00,"Taiwan, Province of China",121.4860034,25.0614,0.0
1002548351953990,wCTQ6HISErPxfMzJUOcWGY,101914818722206,hcyen,2025-06-27T23:00:00.131000+00:00,"Taiwan, Province of China",121.4600675,25.0485005,0.0
1004769611545992,wCTQ6HISErPxfMzJUOcWGY,101914818722206,hcyen,2025-06-27T23:00:00.443000+00:00,"Taiwan, Province of China",121.4809073,25.0614841,0.0
1005136664818108,PRLhU8Byguvwjp4xCd63Hi,101914818722206,hcyen,2025-06-27T23:00:00.951000+00:00,"Taiwan, Province of China",121.530956,25.0438857,0.0
1006611488213331,wCTQ6HISErPxfMzJUOcWGY,101914818722206,hcyen,2025-06-27T23:00:00.192000+00:00,"Taiwan, Province of China",121.459918,25.0545817,0.0
1009550671033175,wCTQ6HISErPxfMzJUOcWGY,101914818722206,hcyen,2025-06-27T23:00:00.137000+00:00,"Taiwan, Province of China",121.4600556,25.0491478,0.0
1012484010716316,wCTQ6HISErPxfMzJUOcWGY,101914818722206,hcyen,2025-06-27T23:00:00.342000+00:00,"Taiwan, Province of China",121.4698936,25.0614593,0.0
1013614187457630,wCTQ6HISErPxfMzJUOcWGY,101914818722206,hcyen,2025-06-27T23:00:00.439000+00:00,"Taiwan, Province of China",121.4805102,25.0614818,0.0
1014287287192442,PRLhU8Byguvwjp4xCd63Hi,101914818722206,hcyen,2025-06-27T23:00:00.853000+00:00,"Taiwan, Province of China",121.5206079,25.045518,0.0
1014915793794148,wCTQ6HISErPxfMzJUOcWGY,101914818722206,hcyen,2025-06-27T23:00:00.241000+00:00,"Taiwan, Province of China",121.4599695,25.0593732,0.0
1015638167045284,PRLhU8Byguvwjp4xCd63Hi,101914818722206,hcyen,2025-06-27T23:00:00.935000+00:00,"Taiwan, Province of China",121.5292727,25.0434857,0.0
1016257114008512,wCTQ6HISErPxfMzJUOcWGY,101914818722206,hcyen,2025-06-27T23:00:00.315000+00:00,"Taiwan, Province of China",121.4669678,25.0614724,0.0
1016821010605460,wCTQ6HISErPxfMzJUOcWGY,101914818722206,hcyen,2025-06-27T23:00:00.557000+00:00,"Taiwan, Province of China",121.4913256,25.0569583,0.0
1017860870506420,wCTQ6HISErPxfMzJUOcWGY,101914818722206,hcyen,2025-06-27T23:00:00.188000+00:00,"Taiwan, Province of China",121.4600166,25.0541694,0.0
1018505080438811,PRLhU8Byguvwjp4xCd63Hi,101914818722206,hcyen,2025-06-27T23:00:00.741000+00:00,"Taiwan, Province of China",121.5088125,25.0483304,0.0
1018595530320802,PRLhU8Byguvwjp4xCd63Hi,101914818722206,hcyen,2025-06-27T23:00:00.943000+00:00,"Taiwan, Province of China",121.5301195,25.043667,0.0
1020656876718681,wCTQ6HISErPxfMzJUOcWGY,101914818722206,hcyen,2025-06-27T23:00:00.392000+00:00,"Taiwan, Province of China",121.4753537,25.0614721,0.0
1020984603145036,PRLhU8Byguvwjp4xCd63Hi,101914818722206,hcyen,2025-06-27T23:00:00.854000+00:00,"Taiwan, Province of China",121.520682,25.0454923,0.0
1025534872682313,wCTQ6HISErPxfMzJUOcWGY,101914818722206,hcyen,2025-06-27T23:00:00.484000+00:00,"Taiwan, Province of China",121.4855269,25.0614034,0.0
1025985579621140,PRLhU8Byguvwjp4xCd63Hi,101914818722206,hcyen,2025-06-27T23:00:00.967000+00:00,"Taiwan, Province of China",121.5326286,25.0443063,0.0
1026998946292373,wCTQ6HISErPxfMzJUOcWGY,101914818722206,hcyen,2025-06-27T23:00:00.013000+00:00,"Taiwan, Province of China",121.4625308,25.0402807,0.0
1027298199558436,wCTQ6HISErPxfMzJUOcWGY,101914818722206,hcyen,2025-06-27T23:00:00.596000+00:00,"Taiwan, Province of China",121.4948932,25.0550436,0.0
1027767029387002,PRLhU8Byguvwjp4xCd63Hi,101914818722206,hcyen,2025-06-27T23:00:00.852000+00:00,"Taiwan, Province of China",121.5204678,25.0455854,0.0
1027768172839752,wCTQ6HISErPxfMzJUOcWGY,101914818722206,hcyen,2025-06-27T23:00:00.392000+00:00,"Taiwan, Province of China",121.4752744,25.0614748,0.0
1027830962843930,wCTQ6HISErPxfMzJUOcWGY,101914818722206,hcyen,2025-06-27T23:00:00.091000+00:00,"Taiwan, Province of China",121.4601777,25.0445483,0.0
1028743949413541,PRLhU8Byguvwjp4xCd63Hi,101914818722206,hcyen,2025-06-27T23:00:00.881000+00:00,"Taiwan, Province of China",121.5235836,25.0447466,0.0
1029744235810976,wCTQ6HISErPxfMzJUOcWGY,101914818722206,hcyen,2025-06-27T23:00:00.099000+00:00,"Taiwan, Province of China",121.4601172,25.0453375,0.0
1029867629309721,wCTQ6HISErPxfMzJUOcWGY,101914818722206,hcyen,2025-06-27T23:00:00.023000+00:00,"Taiwan, Province of China",121.4616171,25.0397077,0.0
1030112492663431,PRLhU8Byguvwjp4xCd63Hi,101914818722206,hcyen,2025-06-27T23:00:00.913000+00:00,"Taiwan, Province of China",121.5269857,25.0439239,0.0
1031498179145278,wCTQ6HISErPxfMzJUOcWGY,101914818722206,hcyen,2025-06-27T23:00:00.202000+00:00,"Taiwan, Province of China",121.4600817,25.0554978,0.0
1031792262486922,wCTQ6HISErPxfMzJUOcWGY,101914818722206,hcyen,2025-06-27T23:00:00.659000+00:00,"Taiwan, Province of China",121.5008514,25.0518982,0.0
1032207128901448,wCTQ6HISErPxfMzJUOcWGY,101914818722206,hcyen,2025-06-27T23:00:00.595000+00:00,"Taiwan, Province of China",121.4948219,25.0550751,0.0
1032366905548773,wCTQ6HISErPxfMzJUOcWGY,101914818722206,hcyen,2025-06-27T23:00:00.386000+00:00,"Taiwan, Province of China",121.4746415,25.0614329,0.0
1032390055713526,wCTQ6HISErPxfMzJUOcWGY,101914818722206,hcyen,2025-06-27T23:00:00.704000+00:00,"Taiwan, Province of China",121.5050408,25.0495582,0.0
1032447549075367,wCTQ6HISErPxfMzJUOcWGY,101914818722206,hcyen,2025-06-27T23:00:00.344000+00:00,"Taiwan, Province of China",121.4700524,25.0614572,0.0
1032504372416244,PRLhU8Byguvwjp4xCd63Hi,101914818722206,hcyen,2025-06-27T23:00:00.836000+00:00,"Taiwan, Province of China",121.5190237,25.045742,0.0
1033101268931494,wCTQ6HISErPxfMzJUOcWGY,101914818722206,hcyen,2025-06-27T23:00:00.217000+00:00,"Taiwan, Province of China",121.46004,25.0570059,0.0
1034145592202338,wCTQ6HISErPxfMzJUOcWGY,101914818722206,hcyen,2025-06-27T23:00:00.129000+00:00,"Taiwan, Province of China",121.4600747,25.0483567,0.0
1034672548823405,wCTQ6HISErPxfMzJUOcWGY,101914818722206,hcyen,2025-06-27T23:00:00.651000+00:00,"Taiwan, Province of China",121.5001046,25.0523087,0.0
1036596485227811,PRLhU8Byguvwjp4xCd63Hi,101914818722206,hcyen,2025-06-27T23:00:00.841000+00:00,"Taiwan, Province of China",121.5194801,25.0456761,0.0
1037128554817564,wCTQ6HISErPxfMzJUOcWGY,101914818722206,hcyen,2025-06-27T23:00:00+00:00,"Taiwan, Province of China",121.4621234,25.0408837,0.0
1037818428440023,wCTQ6HISErPxfMzJUOcWGY,101914818722206,hcyen,2025-06-27T23:00:00.134000+00:00,"Taiwan, Province of China",121.460066,25.0488602,0.0
1039278561649159,wCTQ6HISErPxfMzJUOcWGY,101914818722206,hcyen,2025-06-27T23:00:00.009000+00:00,"Taiwan, Province of China",121.4626524,25.04062,0.0
1039465587909327,wCTQ6HISErPxfMzJUOcWGY,101914818722206,hcyen,2025-06-27T23:00:00.557000+00:00,"Taiwan, Province of China",121.4912703,25.0570099,0.0
1040907684695916,wCTQ6HISErPxfMzJUOcWGY,101914818722206,hcyen,2025-06-27T23:00:00.155000+00:00,"Taiwan, Province of China",121.4600196,25.0508684,0.0
1041290608210214,wCTQ6HISErPxfMzJUOcWGY,101914818722206,hcyen,2025-06-27T23:00:00.225000+00:00,"Taiwan, Province of China",121.4600152,25.0577941,0.0
1042195394647044,wCTQ6HISErPxfMzJUOcWGY,101914818722206,hcyen,2025-06-27T23:00:00.056000+00:00,"Taiwan, Province of China",121.4602176,25.0410785,0.0
1042571944653340,PRLhU8Byguvwjp4xCd63Hi,101914818722206,hcyen,2025-06-27T23:00:00.888000+00:00,"Taiwan, Province of China",121.5242641,25.0445532,0.0
1043453974560758,wCTQ6HISErPxfMzJUOcWGY,101914818722206,hcyen,2025-06-27T23:00:00.631000+00:00,"Taiwan, Province of China",121.4982838,25.0533333,0.0
1044065374480291,wCTQ6HISErPxfMzJUOcWGY,101914818722206,hcyen,2025-06-27T23:00:00.213000+00:00,"Taiwan, Province of China",121.4600477,25.0565745,0.0
1044246037775844,wCTQ6HISErPxfMzJUOcWGY,101914818722206,hcyen,2025-06-27T23:00:00.220000+00:00,"Taiwan, Province of China",121.4600124,25.0572908,0.0
1045026394277116,wCTQ6HISErPxfMzJUOcWGY,101914818722206,hcyen,2025-06-27T23:00:00.071000+00:00,"Taiwan, Province of China",121.4601353,25.0425152,0.0
1046114174371571,wCTQ6HISErPxfMzJUOcWGY,101914818722206,hcyen,2025-06-27T23:00:00.289000+00:00,"Taiwan, Province of China",121.4642251,25.0609084,0.0
1046205814360871,wCTQ6HISErPxfMzJUOcWGY,101914818722206,hcyen,2025-06-27T23:00:00.016000+00:00,"Taiwan, Province of China",121.4622699,25.0401167,0.0
1047526330839435,wCTQ6HISErPxfMzJUOcWGY,101914818722206,hcyen,2025-06-27T23:00:00.166000+00:00,"Taiwan, Province of China",121.4599898,25.0520149,0.0
1047781550402434,wCTQ6HISErPxfMzJUOcWGY,101914818722206,hcyen,2025-06-27T23:00:00.247000+00:00,"Taiwan, Province of China",121.4600075,25.0600667,0.0
1048086830637274,wCTQ6HISErPxfMzJUOcWGY,101914818722206,hcyen,2025-06-27T23:00:00.320000+00:00,"Taiwan, Province of China",121.467435,25.0615465,0.0
1049828213790619,PRLhU8Byguvwjp4xCd63Hi,101914818722206,hcyen,2025-06-27T23:00:00.878000+00:00,"Taiwan, Province of China",121.5232732,25.0448073,0.0
1049954220132411,PRLhU8Byguvwjp4xCd63Hi,101914818722206,hcyen,2025-06-27T23:00:00.954000+00:00,"Taiwan, Province of China",121.5312683,25.0439133,0.0
1050096243882630,PRLhU8Byguvwjp4xCd63Hi,101914818722206,hcyen,2025-06-27T23:00:00.755000+00:00,"Taiwan, Province of China",121.5103643,25.048105,0.0
1051482250298031,wCTQ6HISErPxfMzJUOcWGY,101914818722206,hcyen,2025-06-27T23:00:00.061000+00:00,"Taiwan, Province of China",121.4601867,25.0415813,0.0
1052006043225035,wCTQ6HISErPxfMzJUOcWGY,101914818722206,hcyen,2025-06-27T23:00:00.400000+00:00,"Taiwan, Province of China",121.4761469,25.0614792,0.0
1052798506826150,wCTQ6HISErPxfMzJUOcWGY,101914818722206,hcyen,2025-06-27T23:00:00.549000+00:00,"Taiwan, Province of China",121.4906592,25.0575735,0.0
1052933710242505,wCTQ6HISErPxfMzJUOcWGY,101914818722206,hcyen,2025-06-27T23:00:00.472000+00:00,"Taiwan, Province of China",121.4842567,25.0614038,0.0
1053035929760425,wCTQ6HISErPxfMzJUOcWGY,101914818722206,hcyen,2025-06-27T23:00:00.200000+00:00,"Taiwan, Province of China",121.4600886,25.0552821,0.0
1053348810197326,wCTQ6HISErPxfMzJUOcWGY,101914818722206,hcyen,2025-06-27T23:00:00.642000+00:00,"Taiwan, Province of China",121.4992265,25.0528005,0.0
1053701956867096,wCTQ6HISErPxfMzJUOcWGY,101914818722206,hcyen,2025-06-27T23:00:00.518000+00:00,"Taiwan, Province of China",121.4883097,25.0597194,0.0
1054016446398107,PRLhU8Byguvwjp4xCd63Hi,101914818722206,hcyen,2025-06-27T23:00:00.996000+00:00,"Taiwan, Province of China",121.5356796,25.0456707,0.0
1054493062980791,wCTQ6HISErPxfMzJUOcWGY,101914818722206,hcyen,2025-06-27T23:00:00.705000+00:00,"Taiwan, Province of China",121.5051081,25.04952,0.0
1054778663036299,wCTQ6HISErPxfMzJUOcWGY,101914818722206,hcyen,2025-06-27T23:00:00.301000+00:00,"Taiwan, Province of China",121.4654188,25.0611789,0.0
1055070380160514,PRLhU8Byguvwjp4xCd63Hi,101914818722206,hcyen,2025-06-27T23:00:00.773000+00:00,"Taiwan, Province of China",121.5124376,25.0474713,0.0
1055419446194787,PRLhU8Byguvwjp4xCd63Hi,101914818722206,hcyen,2025-06-27T23:00:00.758000+00:00,"Taiwan, Province of China",121.5109636,25.0480777,0.0
1055465886165203,wCTQ6HISErPxfMzJUOcWGY,101914818722206,hcyen,2025-06-27T23:00:00.153000+00:00,"Taiwan, Province of China",121.4600394,25.0507263,0.0
1055511023353191,wCTQ6HISErPxfMzJUOcWGY,101914818722206,hcyen,2025-06-27T23:00:00.189000+00:00,"Taiwan, Province of China",121.4599784,25.0543064,0.0
1056158046491834,PRLhU8Byguvwjp4xCd63Hi,101914818722206,hcyen,2025-06-27T23:00:00.893000+00:00,"Taiwan, Province of China",121.5247982,25.044417,0.0
1057104069732431,wCTQ6HISErPxfMzJUOcWGY,101914818722206,hcyen,2025-06-27T23:00:00.357000+00:00,"Taiwan, Province of China",121.4714785,25.0614292,0.0
1057557669848664,PRLhU8Byguvwjp4xCd63Hi,101914818722206,hcyen,2025-06-27T23:00:00.928000+00:00,"Taiwan, Province of China",121.5285806,25.043488,0.0
1059059275782560,wCTQ6HISErPxfMzJUOcWGY,101914818722206,hcyen,2025-06-27T23:00:00.309000+00:00,"Taiwan, Province of China",121.466261,25.0613837,0.0
1059599659051279,wCTQ6HISErPxfMzJUOcWGY,101914818722206,hcyen,2025-06-27T23:00:00.685000+00:00,"Taiwan, Province of China",121.5032877,25.0505449,0.0
1059690359461397,wCTQ6HISErPxfMzJUOcWGY,101914818722206,hcyen,2025-06-27T23:00:00.181000+00:00,"Taiwan, Province of China",121.4600124,25.0535215,0.0
1059780186291682,PRLhU8Byguvwjp4xCd63Hi,101914818722206,hcyen,2025-06-27T23:00:00.959000+00:00,"Taiwan, Province of China",121.5317991,25.0440606,0.0
1060204062313319,PRLhU8Byguvwjp4xCd63Hi,101914818722206,hcyen,2025-06-27T23:00:00.875000+00:00,"Taiwan, Province of China",121.5228903,25.0449024,0.0
1061575759281598,wCTQ6HISErPxfMzJUOcWGY,101914818722206,hcyen,2025-06-27T23:00:00.289000+00:00,"Taiwan, Province of China",121.4641474,25.0608937,0.0
1061817219250795,wCTQ6HISErPxfMzJUOcWGY,101914818722206,hcyen,2025-06-27T23:00:00.111000+00:00,"Taiwan, Province of China",121.4600848,25.0465595,0.0
1061907202671768,PRLhU8Byguvwjp4xCd63Hi,101914818722206,hcyen,2025-06-27T23:00:00.876000+00:00,"Taiwan, Province of China",121.5230432,25.0448635,0.0
1062077542115544,PRLhU8Byguvwjp4xCd63Hi,101914818722206,hcyen,2025-06-27T23:00:00.769000+00:00,"Taiwan, Province of China",121.5120115,25.0476576,0.0
1062261792496083,wCTQ6HISErPxfMzJUOcWGY,101914818722206,hcyen,2025-06-27T23:00:00.561000+00:00,"Taiwan, Province of China",121.4916088,25.0567061,0.0
1062401716092931,wCTQ6HISErPxfMzJUOcWGY,101914818722206,hcyen,2025-06-27T23:00:00.694000+00:00,"Taiwan, Province of China",121.5041667,25.0500546,0.0
1062749862476818,wCTQ6HISErPxfMzJUOcWGY,101914818722206,hcyen,2025-06-27T23:00:00.005000+00:00,"Taiwan, Province of China",121.4623451,25.0409026,0.0
1062957588639977,wCTQ6HISErPxfMzJUOcWGY,101914818722206,hcyen,2025-06-27T23:00:00.334000+00:00,"Taiwan, Province of China",121.4689428,25.0615154,0.0
1063209039231933,wCTQ6HISErPxfMzJUOcWGY,101914818722206,hcyen,2025-06-27T23:00:00.028000+00:00,"Taiwan, Province of China",121.4612136,25.0394788,0.0
1063288135772738,PRLhU8Byguvwjp4xCd63Hi,101914818722206,hcyen,2025-06-27T23:00:00.918000+00:00,"Taiwan, Province of China",121.5275102,25.0437591,0.0
1063723582525464,wCTQ6HISErPxfMzJUOcWGY,101914818722206,hcyen,2025-06-27T23:00:00.045000+00:00,"Taiwan, Province of China",121.4601454,25.0400097,0.0
1064286845195956,wCTQ6HISErPxfMzJUOcWGY,101914818722206,hcyen,2025-06-27T23:00:00.050000+00:00,"Taiwan, Province of China",121.4602257,25.0405033,0.0
1064903532455918,wCTQ6HISErPxfMzJUOcWGY,101914818722206,hcyen,2025-06-27T23:00:00.108000+00:00,"Taiwan, Province of China",121.4600802,25.0462719,0.0
1064954848409406,wCTQ6HISErPxfMzJUOcWGY,101914818722206,hcyen,2025-06-27T23:00:00.092000+00:00,"Taiwan, Province of China",121.4601635,25.0446916,0.0
1065219568419353,wCTQ6HISErPxfMzJUOcWGY,101914818722206,hcyen,2025-06-27T23:00:00.292000+00:00,"Taiwan, Province of China",121.4644534,25.0609141,0.0
1065532312181342,wCTQ6HISErPxfMzJUOcWGY,101914818722206,hcyen,2025-06-27T23:00:00.502000+00:00,"Taiwan, Province of China",121.4873179,25.0610216,0.0
1065564104998703,PRLhU8Byguvwjp4xCd63Hi,101914818722206,hcyen,2025-06-27T23:00:00.958000+00:00,"Taiwan, Province of China",121.5317248,25.0440354,0.0
1065902375674522,wCTQ6HISErPxfMzJUOcWGY,101914818722206,hcyen,2025-06-27T23:00:00.376000+00:00,"Taiwan, Province of China",121.4735302,25.0614517,0.0
1066055815469486,wCTQ6HISErPxfMzJUOcWGY,101914818722206,hcyen,2025-06-27T23:00:00.422000+00:00,"Taiwan, Province of China",121.478608,25.0615138,0.0
1066667591512157,wCTQ6HISErPxfMzJUOcWGY,101914818722206,hcyen,2025-06-27T23:00:00.518000+00:00,"Taiwan, Province of China",121.4883525,25.0596589,0.0
1067178702188200,wCTQ6HISErPxfMzJUOcWGY,101914818722206,hcyen,2025-06-27T23:00:00.373000+00:00,"Taiwan, Province of China",121.4732126,25.0614495,0.0
1067181028201525,PRLhU8Byguvwjp4xCd63Hi,101914818722206,hcyen,2025-06-27T23:00:00.924000+00:00,"Taiwan, Province of China",121.5281216,25.0436035,0.0
1067182268731551,wCTQ6HISErPxfMzJUOcWGY,101914818722206,hcyen,2025-06-27T23:00:00.523000+00:00,"Taiwan, Province of China",121.4886545,25.0592367,0.0
1067485295327024,wCTQ6HISErPxfMzJUOcWGY,101914818722206,hcyen,2025-06-27T23:00:00.461000+00:00,"Taiwan, Province of China",121.4830684,25.0614389,0.0
1067986951951438,wCTQ6HISErPxfMzJUOcWGY,101914818722206,hcyen,2025-06-27T23:00:00.666000+00:00,"Taiwan, Province of China",121.5015263,25.0515193,0.0
1068290568054775,wCTQ6HISErPxfMzJUOcWGY,101914818722206,hcyen,2025-06-27T23:00:00.196000+00:00,"Taiwan, Province of China",121.4599968,25.0549334,0.0
1069116478541382,wCTQ6HISErPxfMzJUOcWGY,101914818722206,hcyen,2025-06-27T23:00:00.204000+00:00,"Taiwan, Province of China",121.460062,25.0557118,0.0
1070508018507039,wCTQ6HISErPxfMzJUOcWGY,101914818722206,hcyen,2025-06-27T23:00:00.195000+00:00,"Taiwan, Province of China",121.4599772,25.0548642,0.0
1070833024547025,wCTQ6HISErPxfMzJUOcWGY,101914818722206,hcyen,2025-06-27T23:00:00.257000+00:00,"Taiwan, Province of China",121.4608333,25.0604854,0.0
1071178457681828,wCTQ6HISErPxfMzJUOcWGY,101914818722206,hcyen,2025-06-27T23:00:00.466000+00:00,"Taiwan, Province of China",121.4836218,25.0614153,0.0
1071302031008635,wCTQ6HISErPxfMzJUOcWGY,101914818722206,hcyen,2025-06-27T23:00:00.528000+00:00,"Taiwan, Province of China",121.4889285,25.0588848,0.0
1071565784922643,PRLhU8Byguvwjp4xCd63Hi,101914818722206,hcyen,2025-06-27T23:00:00.890000+00:00,"Taiwan, Province of China",121.5244949,25.0445014,0.0
1071830037616497,wCTQ6HISErPxfMzJUOcWGY,101914818722206,hcyen,2025-06-27T23:00:00.097000+00:00,"Taiwan, Province of China",121.4601338,25.0451222,0.0
1072780324189149,wCTQ6HISErPxfMzJUOcWGY,101914818722206,hcyen,2025-06-27T23:00:00.613000+00:00,"Taiwan, Province of China",121.4965271,25.0543165,0.0
1072940577531929,wCTQ6HISErPxfMzJUOcWGY,101914818722206,hcyen,2025-06-27T23:00:00.671000+00:00,"Taiwan, Province of China",121.5019316,25.0512927,0.0
1073030248225818,PRLhU8Byguvwjp4xCd63Hi,101914818722206,hcyen,2025-06-27T23:00:00.797000+00:00,"Taiwan, Province of China",121.5149049,25.0468288,0.0
1073071020877435,wCTQ6HISErPxfMzJUOcWGY,101914818722206,hcyen,2025-06-27T23:00:00.325000+00:00,"Taiwan, Province of China",121.4679903,25.0615365,0.0
1073285801676000,wCTQ6HISErPxfMzJUOcWGY,101914818722206,hcyen,2025-06-27T23:00:00.247000+00:00,"Taiwan, Province of China",121.4599898,25.0601354,0.0
1074098827686474,wCTQ6HISErPxfMzJUOcWGY,101914818722206,hcyen,2025-06-27T23:00:00.568000+00:00,"Taiwan, Province of China",121.492139,25.0562725,0.0
1075392447872885,wCTQ6HISErPxfMzJUOcWGY,101914818722206,hcyen,2025-06-27T23:00:00.414000+00:00,"Taiwan, Province of China",121.4777347,25.0615038,0.0
1076056337783015,wCTQ6HISErPxfMzJUOcWGY,101914818722206,hcyen,2025-06-27T23:00:00.456000+00:00,"Taiwan, Province of China",121.4825136,25.0614509,0.0
1076057990679887,wCTQ6HISErPxfMzJUOcWGY,101914818722206,hcyen,2025-06-27T23:00:00.028000+00:00,"Taiwan, Province of China",121.4611463,25.0394407,0.0
1076086961129598,wCTQ6HISErPxfMzJUOcWGY,101914818722206,hcyen,2025-06-27T23:00:00.669000+00:00,"Taiwan, Province of China",121.5017988,25.0513714,0.0
1077762943733938,PRLhU8Byguvwjp4xCd63Hi,101914818722206,hcyen,2025-06-27T23:00:00.755000+00:00,"Taiwan, Province of China",121.5102849,25.0481051,0.0
1077843937659880,PRLhU8Byguvwjp4xCd63Hi,101914818722206,hcyen,2025-06-27T23:00:00.837000+00:00,"Taiwan, Province of China",121.5191029,25.0457369,0.0
1078018940958587,PRLhU8Byguvwjp4xCd63Hi,101914818722206,hcyen,2025-06-27T23:00:00.725000+00:00,"Taiwan, Province of China",121.5071265,25.0487386,0.0
1078837830871689,PRLhU8Byguvwjp4xCd63Hi,101914818722206,hcyen,2025-06-27T23:00:00.827000+00:00,"Taiwan, Province of China",121.5181032,25.0460095,0.0
1079028697437881,wCTQ6HISErPxfMzJUOcWGY,101914818722206,hcyen,2025-06-27T23:00:00.663000+00:00,"Taiwan, Province of China",121.5011906,25.0517114,0.0
1081217463919927,wCTQ6HISErPxfMzJUOcWGY,101914818722206,hcyen,2025-06-27T23:00:00.672000+00:00,"Taiwan, Province of China",121.5020654,25.0512155,0.0
1081911760485863,wCTQ6HISErPxfMzJUOcWGY,101914818722206,hcyen,2025-06-27T23:00:00.696000+00:00,"Taiwan, Province of China",121.5043015,25.0499795,0.0
1082530673755174,wCTQ6HISErPxfMzJUOcWGY,101914818722206,hcyen,2025-06-27T23:00:00.021000+00:00,"Taiwan, Province of China",121.4618799,25.0398691,0.0
1083108007032072,wCTQ6HISErPxfMzJUOcWGY,101914818722206,hcyen,2025-06-27T23:00:00.382000+00:00,"Taiwan, Province of China",121.4742446,25.0614332,0.0
527881423653092,yzM95ua23rKVDNwBlvfIe7,101914818722206,hcyen,2025-06-28T00:00:00.112000+00:00,"Taiwan, Province of China",121.5386327,25.0463739,0.0
557108557479485,yzM95ua23rKVDNwBlvfIe7,101914818722206,hcyen,2025-06-28T00:00:00.873000+00:00,"Taiwan, Province of China",121.5441598,25.0563321,0.0
573039495878315,yzM95ua23rKVDNwBlvfIe7,101914818722206,hcyen,2025-06-28T00:00:00.541000+00:00,"Taiwan, Province of China",121.5435617,25.0517945,0.0
574701955496737,yzM95ua23rKVDNwBlvfIe7,101914818722206,hcyen,2025-06-28T00:00:00.318000+00:00,"Taiwan, Province of China",121.5421077,25.0482322,0.0
577486552082391,yzM95ua23rKVDNwBlvfIe7,101914818722206,hcyen,2025-06-28T00:00:00.887000+00:00,"Taiwan, Province of China",121.5441901,25.0566185,0.0
583440614817399,yzM95ua23rKVDNwBlvfIe7,101914818722206,hcyen,2025-06-28T00:00:00.109000+00:00,"Taiwan, Province of China",121.5385534,25.0463694,0.0
587360644092862,yzM95ua23rKVDNwBlvfIe7,101914818722206,hcyen,2025-06-28T00:00:00.760000+00:00,"Taiwan, Province of China",121.5439793,25.0539136,0.0
587563824074683,yzM95ua23rKVDNwBlvfIe7,101914818722206,hcyen,2025-06-28T00:00:00.252000+00:00,"Taiwan, Province of China",121.5418773,25.04705,0.0
589513974221380,yzM95ua23rKVDNwBlvfIe7,101914818722206,hcyen,2025-06-28T00:00:00.192000+00:00,"Taiwan, Province of China",121.5404916,25.0467374,0.0
590455670773972,yzM95ua23rKVDNwBlvfIe7,101914818722206,hcyen,2025-06-28T00:00:00.142000+00:00,"Taiwan, Province of China",121.5393281,25.0465186,0.0
592175430599477,yzM95ua23rKVDNwBlvfIe7,101914818722206,hcyen,2025-06-28T00:00:00.940000+00:00,"Taiwan, Province of China",121.5443706,25.0577026,0.0
592927357194645,yzM95ua23rKVDNwBlvfIe7,101914818722206,hcyen,2025-06-28T00:00:00.102000+00:00,"Taiwan, Province of China",121.5383955,25.0463547,0.0
597658282968804,yzM95ua23rKVDNwBlvfIe7,101914818722206,hcyen,2025-06-28T00:00:00.810000+00:00,"Taiwan, Province of China",121.5440833,25.05497,0.0
598694919522934,yzM95ua23rKVDNwBlvfIe7,101914818722206,hcyen,2025-06-28T00:00:00.421000+00:00,"Taiwan, Province of China",121.5427206,25.0499867,0.0
602149659148326,yzM95ua23rKVDNwBlvfIe7,101914818722206,hcyen,2025-06-28T00:00:00.617000+00:00,"Taiwan, Province of China",121.5446389,25.0512879,0.0
603968096093422,yzM95ua23rKVDNwBlvfIe7,101914818722206,hcyen,2025-06-28T00:00:00.259000+00:00,"Taiwan, Province of China",121.5420299,25.0470897,0.0
604996882620116,yzM95ua23rKVDNwBlvfIe7,101914818722206,hcyen,2025-06-28T00:00:00.269000+00:00,"Taiwan, Province of China",121.5422435,25.0471807,0.0
611706318625368,yzM95ua23rKVDNwBlvfIe7,101914818722206,hcyen,2025-06-28T00:00:00.156000+00:00,"Taiwan, Province of China",121.5396338,25.046596,0.0
619112843961808,yzM95ua23rKVDNwBlvfIe7,101914818722206,hcyen,2025-06-28T00:00:00.714000+00:00,"Taiwan, Province of China",121.5439832,25.0529167,0.0
621924014267970,yzM95ua23rKVDNwBlvfIe7,101914818722206,hcyen,2025-06-28T00:00:00.056000+00:00,"Taiwan, Province of China",121.5373023,25.0462123,0.0
628757262881106,yzM95ua23rKVDNwBlvfIe7,101914818722206,hcyen,2025-06-28T00:00:00.611000+00:00,"Taiwan, Province of China",121.5446995,25.0514175,0.0
632091312534897,yzM95ua23rKVDNwBlvfIe7,101914818722206,hcyen,2025-06-28T00:00:00.043000+00:00,"Taiwan, Province of China",121.5370018,25.0461223,0.0
633228773121029,yzM95ua23rKVDNwBlvfIe7,101914818722206,hcyen,2025-06-28T00:00:00.279000+00:00,"Taiwan, Province of China",121.5422362,25.0473869,0.0
646601135060028,yzM95ua23rKVDNwBlvfIe7,101914818722206,hcyen,2025-06-28T00:00:00.926000+00:00,"Taiwan, Province of China",121.5442416,25.0574798,0.0
657388507351893,yzM95ua23rKVDNwBlvfIe7,101914818722206,hcyen,2025-06-28T00:00:00.013000+00:00,"Taiwan, Province of China",121.5363207,25.0459286,0.0
668645106151790,yzM95ua23rKVDNwBlvfIe7,101914818722206,hcyen,2025-06-28T00:00:00.225000+00:00,"Taiwan, Province of China",121.5412592,25.0469172,0.0
671325019242517,yzM95ua23rKVDNwBlvfIe7,101914818722206,hcyen,2025-06-28T00:00:00.607000+00:00,"Taiwan, Province of China",121.5447279,25.0514833,0.0
680028415028790,yzM95ua23rKVDNwBlvfIe7,101914818722206,hcyen,2025-06-28T00:00:00.584000+00:00,"Taiwan, Province of China",121.5446141,25.0517772,0.0
690515290494814,yzM95ua23rKVDNwBlvfIe7,101914818722206,hcyen,2025-06-28T00:00:00.116000+00:00,"Taiwan, Province of China",121.5387112,25.0463834,0.0
690708577116649,yzM95ua23rKVDNwBlvfIe7,101914818722206,hcyen,2025-06-28T00:00:00.262000+00:00,"Taiwan, Province of China",121.5421046,25.047114,0.0
694769553442442,yzM95ua23rKVDNwBlvfIe7,101914818722206,hcyen,2025-06-28T00:00:00.172000+00:00,"Taiwan, Province of China",121.5400246,25.0466556,0.0
695377143396628,yzM95ua23rKVDNwBlvfIe7,101914818722206,hcyen,2025-06-28T00:00:00.803000+00:00,"Taiwan, Province of China",121.5440815,25.0548261,0.0
697879006379208,yzM95ua23rKVDNwBlvfIe7,101914818722206,hcyen,2025-06-28T00:00:00.724000+00:00,"Taiwan, Province of China",121.5439768,25.0531231,0.0
698249969696156,yzM95ua23rKVDNwBlvfIe7,101914818722206,hcyen,2025-06-28T00:00:00.877000+00:00,"Taiwan, Province of China",121.5441667,25.0564038,0.0
701643802633623,yzM95ua23rKVDNwBlvfIe7,101914818722206,hcyen,2025-06-28T00:00:00.395000+00:00,"Taiwan, Province of China",121.5421791,25.0498799,0.0
702678912767330,yzM95ua23rKVDNwBlvfIe7,101914818722206,hcyen,2025-06-28T00:00:00.066000+00:00,"Taiwan, Province of China",121.5375308,25.046269,0.0
703535562487413,yzM95ua23rKVDNwBlvfIe7,101914818722206,hcyen,2025-06-28T00:00:00.342000+00:00,"Taiwan, Province of China",121.5421561,25.0487325,0.0
704922658934395,yzM95ua23rKVDNwBlvfIe7,101914818722206,hcyen,2025-06-28T00:00:00.146000+00:00,"Taiwan, Province of China",121.5394036,25.0465411,0.0
706105712024168,yzM95ua23rKVDNwBlvfIe7,101914818722206,hcyen,2025-06-28T00:00:00.923000+00:00,"Taiwan, Province of China",121.5442384,25.057408,0.0
710275765097219,yzM95ua23rKVDNwBlvfIe7,101914818722206,hcyen,2025-06-28T00:00:00.069000+00:00,"Taiwan, Province of China",121.5376091,25.0462809,0.0
710501198252126,yzM95ua23rKVDNwBlvfIe7,101914818722206,hcyen,2025-06-28T00:00:00+00:00,"Taiwan, Province of China",121.5360268,25.0458217,0.0
711475822046468,yzM95ua23rKVDNwBlvfIe7,101914818722206,hcyen,2025-06-28T00:00:00.594000+00:00,"Taiwan, Province of China",121.5448065,25.0517593,0.0
711525368255171,yzM95ua23rKVDNwBlvfIe7,101914818722206,hcyen,2025-06-28T00:00:00.465000+00:00,"Taiwan, Province of China",121.5434536,25.0502872,0.0
711635278255317,yzM95ua23rKVDNwBlvfIe7,101914818722206,hcyen,2025-06-28T00:00:00.119000+00:00,"Taiwan, Province of China",121.538789,25.0463979,0.0
712222228341167,yzM95ua23rKVDNwBlvfIe7,101914818722206,hcyen,2025-06-28T00:00:00.415000+00:00,"Taiwan, Province of China",121.5425618,25.0499893,0.0
712848348150022,yzM95ua23rKVDNwBlvfIe7,101914818722206,hcyen,2025-06-28T00:00:00.654000+00:00,"Taiwan, Province of China",121.5441774,25.0516714,0.0
714595687969353,yzM95ua23rKVDNwBlvfIe7,101914818722206,hcyen,2025-06-28T00:00:00.029000+00:00,"Taiwan, Province of China",121.5366963,25.0460444,0.0
720892061107507,yzM95ua23rKVDNwBlvfIe7,101914818722206,hcyen,2025-06-28T00:00:00.667000+00:00,"Taiwan, Province of China",121.5441606,25.0519585,0.0
722641300527369,yzM95ua23rKVDNwBlvfIe7,101914818722206,hcyen,2025-06-28T00:00:00.428000+00:00,"Taiwan, Province of China",121.5428791,25.0499791,0.0
723845110346392,yzM95ua23rKVDNwBlvfIe7,101914818722206,hcyen,2025-06-28T00:00:00.199000+00:00,"Taiwan, Province of China",121.5406481,25.0467618,0.0
726521533666942,yzM95ua23rKVDNwBlvfIe7,101914818722206,hcyen,2025-06-28T00:00:00.106000+00:00,"Taiwan, Province of China",121.5384744,25.0463629,0.0
727690573540247,yzM95ua23rKVDNwBlvfIe7,101914818722206,hcyen,2025-06-28T00:00:00.893000+00:00,"Taiwan, Province of China",121.5442002,25.0567621,0.0
728466663469588,yzM95ua23rKVDNwBlvfIe7,101914818722206,hcyen,2025-06-28T00:00:00.807000+00:00,"Taiwan, Province of China",121.5440827,25.0548981,0.0
729099549571620,yzM95ua23rKVDNwBlvfIe7,101914818722206,hcyen,2025-06-28T00:00:00.518000+00:00,"Taiwan, Province of China",121.5434266,25.0514241,0.0
729383636308255,yzM95ua23rKVDNwBlvfIe7,101914818722206,hcyen,2025-06-28T00:00:00.073000+00:00,"Taiwan, Province of China",121.5376874,25.0462929,0.0
731285799596999,yzM95ua23rKVDNwBlvfIe7,101914818722206,hcyen,2025-06-28T00:00:00.700000+00:00,"Taiwan, Province of China",121.5439898,25.0526295,0.0
731586899806087,yzM95ua23rKVDNwBlvfIe7,101914818722206,hcyen,2025-06-28T00:00:00.501000+00:00,"Taiwan, Province of China",121.5434599,25.0510687,0.0
732853465825832,yzM95ua23rKVDNwBlvfIe7,101914818722206,hcyen,2025-06-28T00:00:00.853000+00:00,"Taiwan, Province of China",121.5441083,25.0559037,0.0
733316979202713,yzM95ua23rKVDNwBlvfIe7,101914818722206,hcyen,2025-06-28T00:00:00.282000+00:00,"Taiwan, Province of China",121.5422141,25.047456,0.0
733422285851040,yzM95ua23rKVDNwBlvfIe7,101914818722206,hcyen,2025-06-28T00:00:00.534000+00:00,"Taiwan, Province of China",121.5434501,25.0517399,0.0
735431582271677,yzM95ua23rKVDNwBlvfIe7,101914818722206,hcyen,2025-06-28T00:00:00.411000+00:00,"Taiwan, Province of China",121.5424825,25.0499875,0.0
735590628839115,yzM95ua23rKVDNwBlvfIe7,101914818722206,hcyen,2025-06-28T00:00:00.694000+00:00,"Taiwan, Province of China",121.544001,25.0524861,0.0
735924615515906,yzM95ua23rKVDNwBlvfIe7,101914818722206,hcyen,2025-06-28T00:00:00.009000+00:00,"Taiwan, Province of China",121.536249,25.0458978,0.0
736131356239767,yzM95ua23rKVDNwBlvfIe7,101914818722206,hcyen,2025-06-28T00:00:00.019000+00:00,"Taiwan, Province of China",121.536469,25.0459796,0.0
736259855450288,yzM95ua23rKVDNwBlvfIe7,101914818722206,hcyen,2025-06-28T00:00:00.621000+00:00,"Taiwan, Province of China",121.5445759,25.0512486,0.0
737068582119698,yzM95ua23rKVDNwBlvfIe7,101914818722206,hcyen,2025-06-28T00:00:00.847000+00:00,"Taiwan, Province of China",121.5441079,25.0557599,0.0
737099959010110,yzM95ua23rKVDNwBlvfIe7,101914818722206,hcyen,2025-06-28T00:00:00.006000+00:00,"Taiwan, Province of China",121.5361768,25.0458677,0.0
737456892031892,yzM95ua23rKVDNwBlvfIe7,101914818722206,hcyen,2025-06-28T00:00:00.681000+00:00,"Taiwan, Province of China",121.5441441,25.052243,0.0
740648208676943,yzM95ua23rKVDNwBlvfIe7,101914818722206,hcyen,2025-06-28T00:00:00.036000+00:00,"Taiwan, Province of China",121.5368481,25.0460864,0.0
740944018882819,yzM95ua23rKVDNwBlvfIe7,101914818722206,hcyen,2025-06-28T00:00:00.554000+00:00,"Taiwan, Province of China",121.5439062,25.0518579,0.0
741261574969640,yzM95ua23rKVDNwBlvfIe7,101914818722206,hcyen,2025-06-28T00:00:00.644000+00:00,"Taiwan, Province of China",121.5441774,25.0514557,0.0
742935332013062,yzM95ua23rKVDNwBlvfIe7,101914818722206,hcyen,2025-06-28T00:00:00.215000+00:00,"Taiwan, Province of China",121.5410274,25.0468672,0.0
744702361360386,yzM95ua23rKVDNwBlvfIe7,101914818722206,hcyen,2025-06-28T00:00:00.697000+00:00,"Taiwan, Province of China",121.5439989,25.052558,0.0
744852364749779,yzM95ua23rKVDNwBlvfIe7,101914818722206,hcyen,2025-06-28T00:00:00.289000+00:00,"Taiwan, Province of China",121.5421773,25.0475958,0.0
745328504741584,yzM95ua23rKVDNwBlvfIe7,101914818722206,hcyen,2025-06-28T00:00:00.126000+00:00,"Taiwan, Province of China",121.5389404,25.0464413,0.0
746746897828104,yzM95ua23rKVDNwBlvfIe7,101914818722206,hcyen,2025-06-28T00:00:00.574000+00:00,"Taiwan, Province of China",121.5443772,25.0517993,0.0
747823260925152,yzM95ua23rKVDNwBlvfIe7,101914818722206,hcyen,2025-06-28T00:00:00.614000+00:00,"Taiwan, Province of China",121.5446813,25.0513475,0.0
749436994292465,yzM95ua23rKVDNwBlvfIe7,101914818722206,hcyen,2025-06-28T00:00:00.388000+00:00,"Taiwan, Province of China",121.5421745,25.0497361,0.0
749841724221164,yzM95ua23rKVDNwBlvfIe7,101914818722206,hcyen,2025-06-28T00:00:00.747000+00:00,"Taiwan, Province of China",121.5439869,25.0536259,0.0
750574680813599,yzM95ua23rKVDNwBlvfIe7,101914818722206,hcyen,2025-06-28T00:00:00.332000+00:00,"Taiwan, Province of China",121.5421483,25.0485173,0.0
753147420551291,yzM95ua23rKVDNwBlvfIe7,101914818722206,hcyen,2025-06-28T00:00:00.966000+00:00,"Taiwan, Province of China",121.545005,25.0577031,0.0
753453770975807,yzM95ua23rKVDNwBlvfIe7,101914818722206,hcyen,2025-06-28T00:00:00.677000+00:00,"Taiwan, Province of China",121.5441639,25.0521741,0.0
753927920525263,yzM95ua23rKVDNwBlvfIe7,101914818722206,hcyen,2025-06-28T00:00:00.651000+00:00,"Taiwan, Province of China",121.5441783,25.0515996,0.0
755383273519721,yzM95ua23rKVDNwBlvfIe7,101914818722206,hcyen,2025-06-28T00:00:00.740000+00:00,"Taiwan, Province of China",121.5439893,25.053482,0.0
755417770503108,yzM95ua23rKVDNwBlvfIe7,101914818722206,hcyen,2025-06-28T00:00:00.504000+00:00,"Taiwan, Province of China",121.5434539,25.0511404,0.0
758980923141655,yzM95ua23rKVDNwBlvfIe7,101914818722206,hcyen,2025-06-28T00:00:00.571000+00:00,"Taiwan, Province of China",121.5442982,25.0518066,0.0
760050046458152,yzM95ua23rKVDNwBlvfIe7,101914818722206,hcyen,2025-06-28T00:00:00.335000+00:00,"Taiwan, Province of China",121.5421575,25.0485888,0.0
760952569603278,yzM95ua23rKVDNwBlvfIe7,101914818722206,hcyen,2025-06-28T00:00:00.863000+00:00,"Taiwan, Province of China",121.54414,25.056117,0.0
761261489586268,yzM95ua23rKVDNwBlvfIe7,101914818722206,hcyen,2025-06-28T00:00:00.458000+00:00,"Taiwan, Province of China",121.5434423,25.0501438,0.0
763759012885314,yzM95ua23rKVDNwBlvfIe7,101914818722206,hcyen,2025-06-28T00:00:00.897000+00:00,"Taiwan, Province of China",121.5442089,25.0568336,0.0
769532292085871,yzM95ua23rKVDNwBlvfIe7,101914818722206,hcyen,2025-06-28T00:00:00.023000+00:00,"Taiwan, Province of China",121.5365447,25.0460014,0.0
771217368709225,yzM95ua23rKVDNwBlvfIe7,101914818722206,hcyen,2025-06-28T00:00:00.561000+00:00,"Taiwan, Province of China",121.5440643,25.0518461,0.0
913400077608331,yzM95ua23rKVDNwBlvfIe7,101914818722206,hcyen,2025-06-28T00:00:00.641000+00:00,"Taiwan, Province of China",121.5441814,25.0513839,0.0
930074505928089,yzM95ua23rKVDNwBlvfIe7,101914818722206,hcyen,2025-06-28T00:00:00.053000+00:00,"Taiwan, Province of China",121.537229,25.0461848,0.0
973492924755033,yzM95ua23rKVDNwBlvfIe7,101914818722206,hcyen,2025-06-28T00:00:00.578000+00:00,"Taiwan, Province of China",121.5444562,25.0517919,0.0
1001798338693035,yzM95ua23rKVDNwBlvfIe7,101914818722206,hcyen,2025-06-28T00:00:00.631000+00:00,"Taiwan, Province of China",121.5443534,25.0512707,0.0
1014049280943682,yzM95ua23rKVDNwBlvfIe7,101914818722206,hcyen,2025-06-28T00:00:00.996000+00:00,"Taiwan, Province of China",121.545917,25.0576175,0.0
1020302363220927,yzM95ua23rKVDNwBlvfIe7,101914818722206,hcyen,2025-06-28T00:00:00.627000+00:00,"Taiwan, Province of China",121.5444328,25.0512682,0.0
1022241803367175,yzM95ua23rKVDNwBlvfIe7,101914818722206,hcyen,2025-06-28T00:00:00.813000+00:00,"Taiwan, Province of China",121.5440833,25.0550419,0.0
1034504348664270,yzM95ua23rKVDNwBlvfIe7,101914818722206,hcyen,2025-06-28T00:00:00.730000+00:00,"Taiwan, Province of China",121.5439933,25.0532662,0.0
1034963252161685,yzM95ua23rKVDNwBlvfIe7,101914818722206,hcyen,2025-06-28T00:00:00.322000+00:00,"Taiwan, Province of China",121.5421213,25.0483031,0.0
1035248135471026,yzM95ua23rKVDNwBlvfIe7,101914818722206,hcyen,2025-06-28T00:00:00.408000+00:00,"Taiwan, Province of China",121.5424031,25.0499899,0.0
1035505922132179,yzM95ua23rKVDNwBlvfIe7,101914818722206,hcyen,2025-06-28T00:00:00.564000+00:00,"Taiwan, Province of China",121.544142,25.0518311,0.0
1035575498711448,yzM95ua23rKVDNwBlvfIe7,101914818722206,hcyen,2025-06-28T00:00:00.212000+00:00,"Taiwan, Province of China",121.5409502,25.0468504,0.0
1037032598179635,yzM95ua23rKVDNwBlvfIe7,101914818722206,hcyen,2025-06-28T00:00:00.661000+00:00,"Taiwan, Province of China",121.5441738,25.0518152,0.0
1038102908505181,yzM95ua23rKVDNwBlvfIe7,101914818722206,hcyen,2025-06-28T00:00:00.906000+00:00,"Taiwan, Province of China",121.5442296,25.0570484,0.0
1043285658010576,yzM95ua23rKVDNwBlvfIe7,101914818722206,hcyen,2025-06-28T00:00:00.850000+00:00,"Taiwan, Province of China",121.5441081,25.0558306,0.0
1049192574064185,yzM95ua23rKVDNwBlvfIe7,101914818722206,hcyen,2025-06-28T00:00:00.794000+00:00,"Taiwan, Province of China",121.5440807,25.0546103,0.0
1055537783346109,yzM95ua23rKVDNwBlvfIe7,101914818722206,hcyen,2025-06-28T00:00:00.365000+00:00,"Taiwan, Province of China",121.5421368,25.0492356,0.0
1055969952784854,yzM95ua23rKVDNwBlvfIe7,101914818722206,hcyen,2025-06-28T00:00:00.720000+00:00,"Taiwan, Province of China",121.5439558,25.0530528,0.0
1058803289169783,yzM95ua23rKVDNwBlvfIe7,101914818722206,hcyen,2025-06-28T00:00:00.930000+00:00,"Taiwan, Province of China",121.5442483,25.0575515,0.0
1061381482243666,yzM95ua23rKVDNwBlvfIe7,101914818722206,hcyen,2025-06-28T00:00:00.186000+00:00,"Taiwan, Province of China",121.5403359,25.0467119,0.0
1062604722019861,yzM95ua23rKVDNwBlvfIe7,101914818722206,hcyen,2025-06-28T00:00:00.531000+00:00,"Taiwan, Province of China",121.5434734,25.0516712,0.0
1065138412495093,yzM95ua23rKVDNwBlvfIe7,101914818722206,hcyen,2025-06-28T00:00:00.704000+00:00,"Taiwan, Province of China",121.5439807,25.0527009,0.0
1066061318314578,yzM95ua23rKVDNwBlvfIe7,101914818722206,hcyen,2025-06-28T00:00:00.963000+00:00,"Taiwan, Province of China",121.5449257,25.0577063,0.0
1066165761694141,yzM95ua23rKVDNwBlvfIe7,101914818722206,hcyen,2025-06-28T00:00:00.455000+00:00,"Taiwan, Province of China",121.5434327,25.0500724,0.0
1067176682188402,yzM95ua23rKVDNwBlvfIe7,101914818722206,hcyen,2025-06-28T00:00:00.727000+00:00,"Taiwan, Province of China",121.5439851,25.0531944,0.0
1069186137923895,yzM95ua23rKVDNwBlvfIe7,101914818722206,hcyen,2025-06-28T00:00:00.292000+00:00,"Taiwan, Province of China",121.5421681,25.0476672,0.0
1070302178504205,yzM95ua23rKVDNwBlvfIe7,101914818722206,hcyen,2025-06-28T00:00:00.086000+00:00,"Taiwan, Province of China",121.5380021,25.0463317,0.0
1071589880964265,yzM95ua23rKVDNwBlvfIe7,101914818722206,hcyen,2025-06-28T00:00:00.674000+00:00,"Taiwan, Province of China",121.5441616,25.0521022,0.0
1076662747722401,yzM95ua23rKVDNwBlvfIe7,101914818722206,hcyen,2025-06-28T00:00:00.800000+00:00,"Taiwan, Province of China",121.5440794,25.0547542,0.0
1084442620240160,yzM95ua23rKVDNwBlvfIe7,101914818722206,hcyen,2025-06-28T00:00:00.581000+00:00,"Taiwan, Province of China",121.5445349,25.0517821,0.0
1086627920046850,yzM95ua23rKVDNwBlvfIe7,101914818722206,hcyen,2025-06-28T00:00:00.840000+00:00,"Taiwan, Province of China",121.5440948,25.0556165,0.0
1087038116646537,yzM95ua23rKVDNwBlvfIe7,101914818722206,hcyen,2025-06-28T00:00:00.784000+00:00,"Taiwan, Province of China",121.5440213,25.0544109,0.0
1088185156516107,yzM95ua23rKVDNwBlvfIe7,101914818722206,hcyen,2025-06-28T00:00:00.063000+00:00,"Taiwan, Province of China",121.5374525,25.0462573,0.0
1090899282887491,yzM95ua23rKVDNwBlvfIe7,101914818722206,hcyen,2025-06-28T00:00:00.093000+00:00,"Taiwan, Province of China",121.5381601,25.0463386,0.0
1095284775844038,yzM95ua23rKVDNwBlvfIe7,101914818722206,hcyen,2025-06-28T00:00:00.375000+00:00,"Taiwan, Province of China",121.5421302,25.0494513,0.0
1106171251434498,yzM95ua23rKVDNwBlvfIe7,101914818722206,hcyen,2025-06-28T00:00:00.657000+00:00,"Taiwan, Province of China",121.5441733,25.0517433,0.0
1111300951018893,yzM95ua23rKVDNwBlvfIe7,101914818722206,hcyen,2025-06-28T00:00:00.308000+00:00,"Taiwan, Province of China",121.5421063,25.0480169,0.0
1119855783526692,yzM95ua23rKVDNwBlvfIe7,101914818722206,hcyen,2025-06-28T00:00:00.129000+00:00,"Taiwan, Province of China",121.5390179,25.0464571,0.0
1131454915683857,yzM95ua23rKVDNwBlvfIe7,101914818722206,hcyen,2025-06-28T00:00:00.624000+00:00,"Taiwan, Province of China",121.5444996,25.0512293,0.0
1140160801252714,yzM95ua23rKVDNwBlvfIe7,101914818722206,hcyen,2025-06-28T00:00:00.362000+00:00,"Taiwan, Province of China",121.5421382,25.0491637,0.0
1145246527635069,yzM95ua23rKVDNwBlvfIe7,101914818722206,hcyen,2025-06-28T00:00:00.983000+00:00,"Taiwan, Province of China",121.5453981,25.0576631,0.0
1148955743931624,yzM95ua23rKVDNwBlvfIe7,101914818722206,hcyen,2025-06-28T00:00:00.222000+00:00,"Taiwan, Province of China",121.5411821,25.0468999,0.0
1181386850413211,yzM95ua23rKVDNwBlvfIe7,101914818722206,hcyen,2025-06-28T00:00:00.757000+00:00,"Taiwan, Province of China",121.5439822,25.0538417,0.0
1199458075314224,yzM95ua23rKVDNwBlvfIe7,101914818722206,hcyen,2025-06-28T00:00:00.684000+00:00,"Taiwan, Province of China",121.5441094,25.0523077,0.0
1215913846977482,yzM95ua23rKVDNwBlvfIe7,101914818722206,hcyen,2025-06-28T00:00:00.162000+00:00,"Taiwan, Province of China",121.5397881,25.0466299,0.0
1216629669777260,yzM95ua23rKVDNwBlvfIe7,101914818722206,hcyen,2025-06-28T00:00:00.239000+00:00,"Taiwan, Province of China",121.5415684,25.046983,0.0
1219498389915221,yzM95ua23rKVDNwBlvfIe7,101914818722206,hcyen,2025-06-28T00:00:00.016000+00:00,"Taiwan, Province of China",121.5363939,25.0459564,0.0
1220401426206047,yzM95ua23rKVDNwBlvfIe7,101914818722206,hcyen,2025-06-28T00:00:00.049000+00:00,"Taiwan, Province of China",121.5371562,25.0461559,0.0
1220684049793878,yzM95ua23rKVDNwBlvfIe7,101914818722206,hcyen,2025-06-28T00:00:00.737000+00:00,"Taiwan, Province of China",121.543991,25.0534101,0.0
1221976059718658,yzM95ua23rKVDNwBlvfIe7,101914818722206,hcyen,2025-06-28T00:00:00.601000+00:00,"Taiwan, Province of China",121.5447655,25.0516205,0.0
1222982889041397,yzM95ua23rKVDNwBlvfIe7,101914818722206,hcyen,2025-06-28T00:00:00.860000+00:00,"Taiwan, Province of China",121.5441293,25.0560458,0.0
1223035679200483,yzM95ua23rKVDNwBlvfIe7,101914818722206,hcyen,2025-06-28T00:00:00.764000+00:00,"Taiwan, Province of China",121.5439771,25.0539855,0.0
1226985482771735,yzM95ua23rKVDNwBlvfIe7,101914818722206,hcyen,2025-06-28T00:00:00.647000+00:00,"Taiwan, Province of China",121.5441777,25.0515278,0.0
1229932535171777,yzM95ua23rKVDNwBlvfIe7,101914818722206,hcyen,2025-06-28T00:00:00.817000+00:00,"Taiwan, Province of China",121.5440811,25.0551139,0.0
1233877124885966,yzM95ua23rKVDNwBlvfIe7,101914818722206,hcyen,2025-06-28T00:00:00.943000+00:00,"Taiwan, Province of China",121.5444497,25.0577093,0.0
1233935907830219,yzM95ua23rKVDNwBlvfIe7,101914818722206,hcyen,2025-06-28T00:00:00.598000+00:00,"Taiwan, Province of China",121.5447897,25.051689,0.0
1235453097730039,yzM95ua23rKVDNwBlvfIe7,101914818722206,hcyen,2025-06-28T00:00:00.827000+00:00,"Taiwan, Province of China",121.5440814,25.0553297,0.0
1237090841159694,yzM95ua23rKVDNwBlvfIe7,101914818722206,hcyen,2025-06-28T00:00:00.734000+00:00,"Taiwan, Province of China",121.5439924,25.0533382,0.0
1237391037870159,yzM95ua23rKVDNwBlvfIe7,101914818722206,hcyen,2025-06-28T00:00:00.312000+00:00,"Taiwan, Province of China",121.5421111,25.0480887,0.0
1240446927031999,yzM95ua23rKVDNwBlvfIe7,101914818722206,hcyen,2025-06-28T00:00:00.176000+00:00,"Taiwan, Province of China",121.5401032,25.0466667,0.0
1241328070941852,yzM95ua23rKVDNwBlvfIe7,101914818722206,hcyen,2025-06-28T00:00:00.378000+00:00,"Taiwan, Province of China",121.5421402,25.0495227,0.0
1243884400678236,yzM95ua23rKVDNwBlvfIe7,101914818722206,hcyen,2025-06-28T00:00:00.169000+00:00,"Taiwan, Province of China",121.5399459,25.0466466,0.0
1245391960403409,yzM95ua23rKVDNwBlvfIe7,101914818722206,hcyen,2025-06-28T00:00:00.787000+00:00,"Taiwan, Province of China",121.5440634,25.054472,0.0
1245834593994366,yzM95ua23rKVDNwBlvfIe7,101914818722206,hcyen,2025-06-28T00:00:00.950000+00:00,"Taiwan, Province of China",121.5446081,25.057704,0.0
1247873246928116,yzM95ua23rKVDNwBlvfIe7,101914818722206,hcyen,2025-06-28T00:00:00.448000+00:00,"Taiwan, Province of China",121.5433526,25.0499578,0.0
1249407696845896,yzM95ua23rKVDNwBlvfIe7,101914818722206,hcyen,2025-06-28T00:00:00.588000+00:00,"Taiwan, Province of China",121.544693,25.0517858,0.0
1253378370131036,yzM95ua23rKVDNwBlvfIe7,101914818722206,hcyen,2025-06-28T00:00:00.196000+00:00,"Taiwan, Province of China",121.5405701,25.0467478,0.0
1254047099760416,yzM95ua23rKVDNwBlvfIe7,101914818722206,hcyen,2025-06-28T00:00:00.830000+00:00,"Taiwan, Province of China",121.5440779,25.0554015,0.0
1256819899125238,yzM95ua23rKVDNwBlvfIe7,101914818722206,hcyen,2025-06-28T00:00:00.096000+00:00,"Taiwan, Province of China",121.5382389,25.0463303,0.0
1258171162678413,yzM95ua23rKVDNwBlvfIe7,101914818722206,hcyen,2025-06-28T00:00:00.352000+00:00,"Taiwan, Province of China",121.5421457,25.0489481,0.0
1258347042347786,yzM95ua23rKVDNwBlvfIe7,101914818722206,hcyen,2025-06-28T00:00:00.976000+00:00,"Taiwan, Province of China",121.5452394,25.057666,0.0
1262466425594601,yzM95ua23rKVDNwBlvfIe7,101914818722206,hcyen,2025-06-28T00:00:00.568000+00:00,"Taiwan, Province of China",121.5442193,25.0518147,0.0
1267318348191951,yzM95ua23rKVDNwBlvfIe7,101914818722206,hcyen,2025-06-28T00:00:00.099000+00:00,"Taiwan, Province of China",121.5383172,25.0463425,0.0
1269155817905437,yzM95ua23rKVDNwBlvfIe7,101914818722206,hcyen,2025-06-28T00:00:00.368000+00:00,"Taiwan, Province of China",121.5421367,25.0493076,0.0
1271098967926120,yzM95ua23rKVDNwBlvfIe7,101914818722206,hcyen,2025-06-28T00:00:00.249000+00:00,"Taiwan, Province of China",121.5418005,25.0470317,0.0
1271629671340180,yzM95ua23rKVDNwBlvfIe7,101914818722206,hcyen,2025-06-28T00:00:00.744000+00:00,"Taiwan, Province of China",121.5439879,25.053554,0.0
1276965427276166,yzM95ua23rKVDNwBlvfIe7,101914818722206,hcyen,2025-06-28T00:00:00.325000+00:00,"Taiwan, Province of China",121.542132,25.0483742,0.0
1277527493893262,yzM95ua23rKVDNwBlvfIe7,101914818722206,hcyen,2025-06-28T00:00:00.425000+00:00,"Taiwan, Province of China",121.5427999,25.0499836,0.0
1288316413300605,yzM95ua23rKVDNwBlvfIe7,101914818722206,hcyen,2025-06-28T00:00:00.707000+00:00,"Taiwan, Province of China",121.5439812,25.0527729,0.0
1354373462332694,yzM95ua23rKVDNwBlvfIe7,101914818722206,hcyen,2025-06-28T00:00:00.481000+00:00,"Taiwan, Province of China",121.5434424,25.0506387,0.0
1366022777813177,yzM95ua23rKVDNwBlvfIe7,101914818722206,hcyen,2025-06-28T00:00:00.438000+00:00,"Taiwan, Province of China",121.5431167,25.0499643,0.0
1368442640894963,yzM95ua23rKVDNwBlvfIe7,101914818722206,hcyen,2025-06-28T00:00:00.132000+00:00,"Taiwan, Province of China",121.5390956,25.0464717,0.0
1375373743545983,yzM95ua23rKVDNwBlvfIe7,101914818722206,hcyen,2025-06-28T00:00:00.508000+00:00,"Taiwan, Province of China",121.5434486,25.0512121,0.0
1379052886716173,yzM95ua23rKVDNwBlvfIe7,101914818722206,hcyen,2025-06-28T00:00:00.691000+00:00,"Taiwan, Province of China",121.5440147,25.052416,0.0
1383324892927521,yzM95ua23rKVDNwBlvfIe7,101914818722206,hcyen,2025-06-28T00:00:00.076000+00:00,"Taiwan, Province of China",121.5377658,25.0463049,0.0
1385675199387166,yzM95ua23rKVDNwBlvfIe7,101914818722206,hcyen,2025-06-28T00:00:00.604000+00:00,"Taiwan, Province of China",121.544753,25.0515494,0.0
1388789222426018,yzM95ua23rKVDNwBlvfIe7,101914818722206,hcyen,2025-06-28T00:00:00.232000+00:00,"Taiwan, Province of China",121.5414138,25.0469502,0.0
1393639581903863,yzM95ua23rKVDNwBlvfIe7,101914818722206,hcyen,2025-06-28T00:00:00.687000+00:00,"Taiwan, Province of China",121.5440597,25.0523611,0.0
1397002954839949,yzM95ua23rKVDNwBlvfIe7,101914818722206,hcyen,2025-06-28T00:00:00.933000+00:00,"Taiwan, Province of China",121.544256,25.0576231,0.0
1397666811566426,yzM95ua23rKVDNwBlvfIe7,101914818722206,hcyen,2025-06-28T00:00:00.837000+00:00,"Taiwan, Province of China",121.5440891,25.0555447,0.0
1398972647813365,yzM95ua23rKVDNwBlvfIe7,101914818722206,hcyen,2025-06-28T00:00:00.823000+00:00,"Taiwan, Province of China",121.5440805,25.0552577,0.0
1400083237994139,yzM95ua23rKVDNwBlvfIe7,101914818722206,hcyen,2025-06-28T00:00:00.039000+00:00,"Taiwan, Province of China",121.5369253,25.0461029,0.0
1405222890627604,yzM95ua23rKVDNwBlvfIe7,101914818722206,hcyen,2025-06-28T00:00:00.149000+00:00,"Taiwan, Province of China",121.539479,25.0465636,0.0
1406984853896414,yzM95ua23rKVDNwBlvfIe7,101914818722206,hcyen,2025-06-28T00:00:00.445000+00:00,"Taiwan, Province of China",121.5432742,25.0499493,0.0
1413330349804532,yzM95ua23rKVDNwBlvfIe7,101914818722206,hcyen,2025-06-28T00:00:00.435000+00:00,"Taiwan, Province of China",121.5430376,25.0499707,0.0
1424112192236869,yzM95ua23rKVDNwBlvfIe7,101914818722206,hcyen,2025-06-28T00:00:00.401000+00:00,"Taiwan, Province of China",121.5422445,25.0499928,0.0
1427018188481476,yzM95ua23rKVDNwBlvfIe7,101914818722206,hcyen,2025-06-28T00:00:00.229000+00:00,"Taiwan, Province of China",121.5413365,25.0469337,0.0
1428981405187350,yzM95ua23rKVDNwBlvfIe7,101914818722206,hcyen,2025-06-28T00:00:00.083000+00:00,"Taiwan, Province of China",121.5379232,25.0463237,0.0
1430959001691540,yzM95ua23rKVDNwBlvfIe7,101914818722206,hcyen,2025-06-28T00:00:00.558000+00:00,"Taiwan, Province of China",121.5439855,25.0518553,0.0
1431101061356366,yzM95ua23rKVDNwBlvfIe7,101914818722206,hcyen,2025-06-28T00:00:00.488000+00:00,"Taiwan, Province of China",121.5434399,25.0507824,0.0
1431343411099119,yzM95ua23rKVDNwBlvfIe7,101914818722206,hcyen,2025-06-28T00:00:00.980000+00:00,"Taiwan, Province of China",121.5453187,25.0576623,0.0
1433351691182349,yzM95ua23rKVDNwBlvfIe7,101914818722206,hcyen,2025-06-28T00:00:00.514000+00:00,"Taiwan, Province of China",121.5434515,25.051356,0.0
1438076904003538,yzM95ua23rKVDNwBlvfIe7,101914818722206,hcyen,2025-06-28T00:00:00.475000+00:00,"Taiwan, Province of China",121.543464,25.0505027,0.0
1439488217179338,yzM95ua23rKVDNwBlvfIe7,101914818722206,hcyen,2025-06-28T00:00:00.528000+00:00,"Taiwan, Province of China",121.543447,25.0516191,0.0
1444092506591487,yzM95ua23rKVDNwBlvfIe7,101914818722206,hcyen,2025-06-28T00:00:00.990000+00:00,"Taiwan, Province of China",121.5457673,25.0576537,0.0
1447158036535770,yzM95ua23rKVDNwBlvfIe7,101914818722206,hcyen,2025-06-28T00:00:00.033000+00:00,"Taiwan, Province of China",121.5367717,25.0460669,0.0
1453272456086664,yzM95ua23rKVDNwBlvfIe7,101914818722206,hcyen,2025-06-28T00:00:00.468000+00:00,"Taiwan, Province of China",121.5434538,25.0503592,0.0
1453494595853574,yzM95ua23rKVDNwBlvfIe7,101914818722206,hcyen,2025-06-28T00:00:00.495000+00:00,"Taiwan, Province of China",121.5434449,25.0509262,0.0
1464945254874599,yzM95ua23rKVDNwBlvfIe7,101914818722206,hcyen,2025-06-28T00:00:00.189000+00:00,"Taiwan, Province of China",121.5404126,25.0467307,0.0
1476713823709113,yzM95ua23rKVDNwBlvfIe7,101914818722206,hcyen,2025-06-28T00:00:00.382000+00:00,"Taiwan, Province of China",121.542153,25.0495937,0.0
1480820139962178,yzM95ua23rKVDNwBlvfIe7,101914818722206,hcyen,2025-06-28T00:00:00.843000+00:00,"Taiwan, Province of China",121.544101,25.0556882,0.0
1486167206089716,yzM95ua23rKVDNwBlvfIe7,101914818722206,hcyen,2025-06-28T00:00:00.946000+00:00,"Taiwan, Province of China",121.5445286,25.0577035,0.0
1490017845707975,yzM95ua23rKVDNwBlvfIe7,101914818722206,hcyen,2025-06-28T00:00:00.548000+00:00,"Taiwan, Province of China",121.5437474,25.0518539,0.0
1491679745334950,yzM95ua23rKVDNwBlvfIe7,101914818722206,hcyen,2025-06-28T00:00:00.205000+00:00,"Taiwan, Province of China",121.540799,25.0468065,0.0
1500022144639153,yzM95ua23rKVDNwBlvfIe7,101914818722206,hcyen,2025-06-28T00:00:00.159000+00:00,"Taiwan, Province of China",121.5397109,25.046613,0.0
1502081327624389,yzM95ua23rKVDNwBlvfIe7,101914818722206,hcyen,2025-06-28T00:00:00.441000+00:00,"Taiwan, Province of China",121.5431951,25.0499517,0.0
1518583702508440,yzM95ua23rKVDNwBlvfIe7,101914818722206,hcyen,2025-06-28T00:00:00.299000+00:00,"Taiwan, Province of China",121.5421594,25.0478109,0.0
1521971762543093,yzM95ua23rKVDNwBlvfIe7,101914818722206,hcyen,2025-06-28T00:00:00.302000+00:00,"Taiwan, Province of China",121.5421584,25.0478828,0.0
1617628655860542,yzM95ua23rKVDNwBlvfIe7,101914818722206,hcyen,2025-06-28T00:00:00.524000+00:00,"Taiwan, Province of China",121.5434149,25.0515662,0.0
1636319550417535,yzM95ua23rKVDNwBlvfIe7,101914818722206,hcyen,2025-06-28T00:00:00.767000+00:00,"Taiwan, Province of China",121.5439755,25.0540575,0.0
1640309149944406,yzM95ua23rKVDNwBlvfIe7,101914818722206,hcyen,2025-06-28T00:00:00.398000+00:00,"Taiwan, Province of China",121.5421854,25.0499516,0.0
1640874500634843,yzM95ua23rKVDNwBlvfIe7,101914818722206,hcyen,2025-06-28T00:00:00.305000+00:00,"Taiwan, Province of China",121.5421346,25.0479505,0.0
1655274151680735,yzM95ua23rKVDNwBlvfIe7,101914818722206,hcyen,2025-06-28T00:00:00.900000+00:00,"Taiwan, Province of China",121.5442111,25.0569055,0.0
1663156210999193,yzM95ua23rKVDNwBlvfIe7,101914818722206,hcyen,2025-06-28T00:00:00.777000+00:00,"Taiwan, Province of China",121.5439932,25.0542727,0.0
1668768687846114,yzM95ua23rKVDNwBlvfIe7,101914818722206,hcyen,2025-06-28T00:00:00.272000+00:00,"Taiwan, Province of China",121.5422706,25.0472472,0.0
1679698782912280,yzM95ua23rKVDNwBlvfIe7,101914818722206,hcyen,2025-06-28T00:00:00.358000+00:00,"Taiwan, Province of China",121.5421422,25.0490918,0.0
1688435318541805,yzM95ua23rKVDNwBlvfIe7,101914818722206,hcyen,2025-06-28T00:00:00.182000+00:00,"Taiwan, Province of China",121.5402588,25.0466948,0.0
1701203967948984,yzM95ua23rKVDNwBlvfIe7,101914818722206,hcyen,2025-06-28T00:00:00.235000+00:00,"Taiwan, Province of China",121.5414909,25.0469674,0.0
1714694822493744,yzM95ua23rKVDNwBlvfIe7,101914818722206,hcyen,2025-06-28T00:00:00.026000+00:00,"Taiwan, Province of China",121.5366206,25.0460226,0.0
1716243505697049,yzM95ua23rKVDNwBlvfIe7,101914818722206,hcyen,2025-06-28T00:00:00.491000+00:00,"Taiwan, Province of China",121.5434443,25.0508543,0.0
1745487249398668,yzM95ua23rKVDNwBlvfIe7,101914818722206,hcyen,2025-06-28T00:00:00.544000+00:00,"Taiwan, Province of China",121.5436332,25.0518229,0.0
1751806815701032,yzM95ua23rKVDNwBlvfIe7,101914818722206,hcyen,2025-06-28T00:00:00.664000+00:00,"Taiwan, Province of China",121.5441694,25.051887,0.0
1763647600900051,yzM95ua23rKVDNwBlvfIe7,101914818722206,hcyen,2025-06-28T00:00:00.956000+00:00,"Taiwan, Province of China",121.5447669,25.0577035,0.0
1764372744175627,yzM95ua23rKVDNwBlvfIe7,101914818722206,hcyen,2025-06-28T00:00:00.960000+00:00,"Taiwan, Province of China",121.5448463,25.0577044,0.0
1765444051519224,yzM95ua23rKVDNwBlvfIe7,101914818722206,hcyen,2025-06-28T00:00:00.202000+00:00,"Taiwan, Province of China",121.5407236,25.046784,0.0
1769897380267278,yzM95ua23rKVDNwBlvfIe7,101914818722206,hcyen,2025-06-28T00:00:00.754000+00:00,"Taiwan, Province of China",121.5439834,25.0537698,0.0
1778880433055449,yzM95ua23rKVDNwBlvfIe7,101914818722206,hcyen,2025-06-28T00:00:00.790000+00:00,"Taiwan, Province of China",121.5440829,25.0545384,0.0
1780416379234092,yzM95ua23rKVDNwBlvfIe7,101914818722206,hcyen,2025-06-28T00:00:00.973000+00:00,"Taiwan, Province of China",121.5451607,25.0576746,0.0
1788052738409115,yzM95ua23rKVDNwBlvfIe7,101914818722206,hcyen,2025-06-28T00:00:00.385000+00:00,"Taiwan, Province of China",121.542166,25.0496646,0.0
1790133758585452,yzM95ua23rKVDNwBlvfIe7,101914818722206,hcyen,2025-06-28T00:00:00.431000+00:00,"Taiwan, Province of China",121.5429582,25.0499729,0.0
1793293201261939,yzM95ua23rKVDNwBlvfIe7,101914818722206,hcyen,2025-06-28T00:00:00.392000+00:00,"Taiwan, Province of China",121.5421778,25.049808,0.0
1796345847958911,yzM95ua23rKVDNwBlvfIe7,101914818722206,hcyen,2025-06-28T00:00:00.883000+00:00,"Taiwan, Province of China",121.5441829,25.0565469,0.0
1797206937675779,yzM95ua23rKVDNwBlvfIe7,101914818722206,hcyen,2025-06-28T00:00:00.139000+00:00,"Taiwan, Province of China",121.5392509,25.046502,0.0
1810856372811051,yzM95ua23rKVDNwBlvfIe7,101914818722206,hcyen,2025-06-28T00:00:00.122000+00:00,"Taiwan, Province of China",121.5388647,25.0464196,0.0
1812233656306203,yzM95ua23rKVDNwBlvfIe7,101914818722206,hcyen,2025-06-28T00:00:00.285000+00:00,"Taiwan, Province of China",121.5421935,25.0475255,0.0
1818443288733939,yzM95ua23rKVDNwBlvfIe7,101914818722206,hcyen,2025-06-28T00:00:00.242000+00:00,"Taiwan, Province of China",121.5416458,25.046999,0.0
1847690236015524,yzM95ua23rKVDNwBlvfIe7,101914818722206,hcyen,2025-06-28T00:00:00.953000+00:00,"Taiwan, Province of China",121.5446875,25.0577041,0.0
1849717385572439,yzM95ua23rKVDNwBlvfIe7,101914818722206,hcyen,2025-06-28T00:00:00.219000+00:00,"Taiwan, Province of China",121.5411047,25.0468838,0.0
1861477147729346,yzM95ua23rKVDNwBlvfIe7,101914818722206,hcyen,2025-06-28T00:00:00.867000+00:00,"Taiwan, Province of China",121.544148,25.0561886,0.0
1871994653372761,yzM95ua23rKVDNwBlvfIe7,101914818722206,hcyen,2025-06-28T00:00:00.780000+00:00,"Taiwan, Province of China",121.5439979,25.0543445,0.0
1883029952481971,yzM95ua23rKVDNwBlvfIe7,101914818722206,hcyen,2025-06-28T00:00:00.833000+00:00,"Taiwan, Province of China",121.5440809,25.0554732,0.0
1896215257588807,yzM95ua23rKVDNwBlvfIe7,101914818722206,hcyen,2025-06-28T00:00:00.089000+00:00,"Taiwan, Province of China",121.5380811,25.046339,0.0
1897132401069509,yzM95ua23rKVDNwBlvfIe7,101914818722206,hcyen,2025-06-28T00:00:00.637000+00:00,"Taiwan, Province of China",121.5442072,25.0513176,0.0
1905696856950349,yzM95ua23rKVDNwBlvfIe7,101914818722206,hcyen,2025-06-28T00:00:00.634000+00:00,"Taiwan, Province of China",121.5442747,25.0512797,0.0
1917972202338243,yzM95ua23rKVDNwBlvfIe7,101914818722206,hcyen,2025-06-28T00:00:00.328000+00:00,"Taiwan, Province of China",121.5421398,25.0484458,0.0
1919682501903244,yzM95ua23rKVDNwBlvfIe7,101914818722206,hcyen,2025-06-28T00:00:00.551000+00:00,"Taiwan, Province of China",121.5438268,25.0518559,0.0
1932269610909737,yzM95ua23rKVDNwBlvfIe7,101914818722206,hcyen,2025-06-28T00:00:00.770000+00:00,"Taiwan, Province of China",121.5439818,25.0541292,0.0
1934992760662614,yzM95ua23rKVDNwBlvfIe7,101914818722206,hcyen,2025-06-28T00:00:00.936000+00:00,"Taiwan, Province of China",121.5442975,25.0576763,0.0
1968350867271594,yzM95ua23rKVDNwBlvfIe7,101914818722206,hcyen,2025-06-28T00:00:00.591000+00:00,"Taiwan, Province of China",121.5447722,25.0517907,0.0
1970321290454218,yzM95ua23rKVDNwBlvfIe7,101914818722206,hcyen,2025-06-28T00:00:00.348000+00:00,"Taiwan, Province of China",121.5421492,25.0488762,0.0
1975761029834797,yzM95ua23rKVDNwBlvfIe7,101914818722206,hcyen,2025-06-28T00:00:00.797000+00:00,"Taiwan, Province of China",121.5440791,25.0546823,0.0
1986780751854078,yzM95ua23rKVDNwBlvfIe7,101914818722206,hcyen,2025-06-28T00:00:00.485000+00:00,"Taiwan, Province of China",121.5434394,25.0507105,0.0
2055261128612488,yzM95ua23rKVDNwBlvfIe7,101914818722206,hcyen,2025-06-28T00:00:00.461000+00:00,"Taiwan, Province of China",121.5434496,25.0502154,0.0
2119627091847121,yzM95ua23rKVDNwBlvfIe7,101914818722206,hcyen,2025-06-28T00:00:00.880000+00:00,"Taiwan, Province of China",121.5441734,25.0564755,0.0
2162188400964372,yzM95ua23rKVDNwBlvfIe7,101914818722206,hcyen,2025-06-28T00:00:00.345000+00:00,"Taiwan, Province of China",121.5421536,25.0488044,0.0
2169181810252279,yzM95ua23rKVDNwBlvfIe7,101914818722206,hcyen,2025-06-28T00:00:00.275000+00:00,"Taiwan, Province of China",121.5422616,25.0473187,0.0
2189053324890238,yzM95ua23rKVDNwBlvfIe7,101914818722206,hcyen,2025-06-28T00:00:00.471000+00:00,"Taiwan, Province of China",121.5434564,25.0504311,0.0
2194093574374666,yzM95ua23rKVDNwBlvfIe7,101914818722206,hcyen,2025-06-28T00:00:00.245000+00:00,"Taiwan, Province of China",121.5417234,25.0470144,0.0
2210750372685801,yzM95ua23rKVDNwBlvfIe7,101914818722206,hcyen,2025-06-28T00:00:00.046000+00:00,"Taiwan, Province of China",121.5370788,25.04614,0.0
2216129128809356,yzM95ua23rKVDNwBlvfIe7,101914818722206,hcyen,2025-06-28T00:00:00.372000+00:00,"Taiwan, Province of China",121.5421325,25.0493794,0.0
2223758031401526,yzM95ua23rKVDNwBlvfIe7,101914818722206,hcyen,2025-06-28T00:00:00.890000+00:00,"Taiwan, Province of China",121.5441942,25.0566904,0.0
2256822354775132,yzM95ua23rKVDNwBlvfIe7,101914818722206,hcyen,2025-06-28T00:00:00.820000+00:00,"Taiwan, Province of China",121.54408,25.0551858,0.0
2377714295945020,yzM95ua23rKVDNwBlvfIe7,101914818722206,hcyen,2025-06-28T00:00:00.255000+00:00,"Taiwan, Province of China",121.5419538,25.047069,0.0
2404813529919998,yzM95ua23rKVDNwBlvfIe7,101914818722206,hcyen,2025-06-28T00:00:00.970000+00:00,"Taiwan, Province of China",121.5450828,25.0576886,0.0
2414028118973774,yzM95ua23rKVDNwBlvfIe7,101914818722206,hcyen,2025-06-28T00:00:00.315000+00:00,"Taiwan, Province of China",121.5421052,25.0481603,0.0
2457869231266386,yzM95ua23rKVDNwBlvfIe7,101914818722206,hcyen,2025-06-28T00:00:00.857000+00:00,"Taiwan, Province of China",121.544118,25.0559746,0.0
2479246579101609,yzM95ua23rKVDNwBlvfIe7,101914818722206,hcyen,2025-06-28T00:00:00.498000+00:00,"Taiwan, Province of China",121.5434446,25.0509981,0.0
2794105624127263,yzM95ua23rKVDNwBlvfIe7,101914818722206,hcyen,2025-06-28T00:00:00.538000+00:00,"Taiwan, Province of China",121.5434827,25.0517884,0.0
2821869018021076,yzM95ua23rKVDNwBlvfIe7,101914818722206,hcyen,2025-06-28T00:00:00.993000+00:00,"Taiwan, Province of China",121.5458466,25.05765,0.0
2921107278050500,yzM95ua23rKVDNwBlvfIe7,101914818722206,hcyen,2025-06-28T00:00:00.418000+00:00,"Taiwan, Province of China",121.5426412,25.0499889,0.0
2939992089532192,yzM95ua23rKVDNwBlvfIe7,101914818722206,hcyen,2025-06-28T00:00:00.179000+00:00,"Taiwan, Province of China",121.5401812,25.0466794,0.0
3198221383661672,yzM95ua23rKVDNwBlvfIe7,101914818722206,hcyen,2025-06-28T00:00:00.136000+00:00,"Taiwan, Province of China",121.5391736,25.0464853,0.0
3484136911729601,yzM95ua23rKVDNwBlvfIe7,101914818722206,hcyen,2025-06-28T00:00:00.478000+00:00,"Taiwan, Province of China",121.5434763,25.0505736,0.0
3558772594259569,yzM95ua23rKVDNwBlvfIe7,101914818722206,hcyen,2025-06-28T00:00:00.920000+00:00,"Taiwan, Province of China",121.5442398,25.057336,0.0
3617773491849496,yzM95ua23rKVDNwBlvfIe7,101914818722206,hcyen,2025-06-28T00:00:00.870000+00:00,"Taiwan, Province of China",121.5441538,25.0562604,0.0
3673385109462125,yzM95ua23rKVDNwBlvfIe7,101914818722206,hcyen,2025-06-28T00:00:00.295000+00:00,"Taiwan, Province of China",121.5421622,25.047739,0.0
3946622185587023,yzM95ua23rKVDNwBlvfIe7,101914818722206,hcyen,2025-06-28T00:00:00.338000+00:00,"Taiwan, Province of China",121.5421589,25.0486607,0.0
3961125837473240,yzM95ua23rKVDNwBlvfIe7,101914818722206,hcyen,2025-06-28T00:00:00.986000+00:00,"Taiwan, Province of China",121.545476,25.0576488,0.0
3965560320422664,yzM95ua23rKVDNwBlvfIe7,101914818722206,hcyen,2025-06-28T00:00:00.750000+00:00,"Taiwan, Province of China",121.543985,25.0536978,0.0
4032111873601853,yzM95ua23rKVDNwBlvfIe7,101914818722206,hcyen,2025-06-28T00:00:00.152000+00:00,"Taiwan, Province of China",121.5395564,25.0465798,0.0
4045856149066198,yzM95ua23rKVDNwBlvfIe7,101914818722206,hcyen,2025-06-28T00:00:00.671000+00:00,"Taiwan, Province of China",121.544158,25.0520304,0.0
4071916366357024,yzM95ua23rKVDNwBlvfIe7,101914818722206,hcyen,2025-06-28T00:00:00.451000+00:00,"Taiwan, Province of China",121.5434118,25.050003,0.0
4096651307231678,yzM95ua23rKVDNwBlvfIe7,101914818722206,hcyen,2025-06-28T00:00:00.710000+00:00,"Taiwan, Province of China",121.5439821,25.0528448,0.0
4105430059700671,yzM95ua23rKVDNwBlvfIe7,101914818722206,hcyen,2025-06-28T00:00:00.003000+00:00,"Taiwan, Province of China",121.5361036,25.0458401,0.0
4111366015761208,yzM95ua23rKVDNwBlvfIe7,101914818722206,hcyen,2025-06-28T00:00:00.903000+00:00,"Taiwan, Province of China",121.5442194,25.056977,0.0
4151253255192066,yzM95ua23rKVDNwBlvfIe7,101914818722206,hcyen,2025-06-28T00:00:00.916000+00:00,"Taiwan, Province of China",121.5442379,25.0572641,0.0
4287416568250958,yzM95ua23rKVDNwBlvfIe7,101914818722206,hcyen,2025-06-28T00:00:00.774000+00:00,"Taiwan, Province of China",121.5439875,25.0542009,0.0
4478931405667200,yzM95ua23rKVDNwBlvfIe7,101914818722206,hcyen,2025-06-28T00:00:00.913000+00:00,"Taiwan, Province of China",121.5442347,25.0571922,0.0
9524474280988510,yzM95ua23rKVDNwBlvfIe7,101914818722206,hcyen,2025-06-28T00:00:00.405000+00:00,"Taiwan, Province of China",121.5423238,25.0499941,0.0
9880194172078474,yzM95ua23rKVDNwBlvfIe7,101914818722206,hcyen,2025-06-28T00:00:00.521000+00:00,"Taiwan, Province of China",121.5434137,25.0514943,0.0
9976748425779609,yzM95ua23rKVDNwBlvfIe7,101914818722206,hcyen,2025-06-28T00:00:00.717000+00:00,"Taiwan, Province of China",121.5439579,25.052985,0.0
10076337015736352,yzM95ua23rKVDNwBlvfIe7,101914818722206,hcyen,2025-06-28T00:00:00.355000+00:00,"Taiwan, Province of China",121.5421462,25.04902,0.0
23885944987736365,yzM95ua23rKVDNwBlvfIe7,101914818722206,hcyen,2025-06-28T00:00:00.059000+00:00,"Taiwan, Province of China",121.5373763,25.0462385,0.0
23928429400145290,yzM95ua23rKVDNwBlvfIe7,101914818722206,hcyen,2025-06-28T00:00:00.910000+00:00,"Taiwan, Province of China",121.5442326,25.0571203,0.0
24004779409161381,yzM95ua23rKVDNwBlvfIe7,101914818722206,hcyen,2025-06-28T00:00:00.209000+00:00,"Taiwan, Province of China",121.5408743,25.0468293,0.0
24201920039421272,yzM95ua23rKVDNwBlvfIe7,101914818722206,hcyen,2025-06-28T00:00:00.511000+00:00,"Taiwan, Province of China",121.54345,25.051284,0.0
24349478284658311,yzM95ua23rKVDNwBlvfIe7,101914818722206,hcyen,2025-06-28T00:00:00.166000+00:00,"Taiwan, Province of China",121.539867,25.0466381,0.0
24350304554575821,yzM95ua23rKVDNwBlvfIe7,101914818722206,hcyen,2025-06-28T00:00:00.265000+00:00,"Taiwan, Province of China",121.5421794,25.0471383,0.0
24675127962088893,yzM95ua23rKVDNwBlvfIe7,101914818722206,hcyen,2025-06-28T00:00:00.079000+00:00,"Taiwan, Province of China",121.5378444,25.0463147,0.0
1422721598763864,ihWexfDJc6mbOGjNkI1g7s,101914818722206,hcyen,2025-06-29T01:00:00+00:00,"Taiwan, Province of China",121.5373621,25.0669651,0.0
9204671126303139,ihWexfDJc6mbOGjNkI1g7s,101914818722206,hcyen,2025-06-29T01:00:00+00:00,"Taiwan, Province of China",121.5373701,25.0668936,0.0
498916816647195,6lYoSFLeAt3Cwrdz8yIkuG,101914818722206,hcyen,2025-06-29T02:00:00.073000+00:00,"Taiwan, Province of China",121.6118312,25.0697512,0.0
500475013125527,6lYoSFLeAt3Cwrdz8yIkuG,101914818722206,hcyen,2025-06-29T02:00:00.135000+00:00,"Taiwan, Province of China",121.6164322,25.0681389,0.0
518995067967234,6lYoSFLeAt3Cwrdz8yIkuG,101914818722206,hcyen,2025-06-29T02:00:00.037000+00:00,"Taiwan, Province of China",121.6095092,25.0715378,0.0
519430614589948,hI305FTkMt9YKfubBziSo4,101914818722206,hcyen,2025-06-29T02:00:00.970000+00:00,"Taiwan, Province of China",121.5709405,25.0815259,0.0
520371077830043,6lYoSFLeAt3Cwrdz8yIkuG,101914818722206,hcyen,2025-06-29T02:00:00.447000+00:00,"Taiwan, Province of China",121.6113999,25.0791694,0.0
528513736918579,6lYoSFLeAt3Cwrdz8yIkuG,101914818722206,hcyen,2025-06-29T02:00:00.614000+00:00,"Taiwan, Province of China",121.598702,25.0846991,0.0
543124612099463,6lYoSFLeAt3Cwrdz8yIkuG,101914818722206,hcyen,2025-06-29T02:00:00.118000+00:00,"Taiwan, Province of China",121.6149869,25.0685311,0.0
552628704571674,6lYoSFLeAt3Cwrdz8yIkuG,101914818722206,hcyen,2025-06-29T02:00:00.180000+00:00,"Taiwan, Province of China",121.6188979,25.069852,0.0
557334637312218,6lYoSFLeAt3Cwrdz8yIkuG,101914818722206,hcyen,2025-06-29T02:00:00.076000+00:00,"Taiwan, Province of China",121.6119489,25.0695666,0.0
566442723206790,6lYoSFLeAt3Cwrdz8yIkuG,101914818722206,hcyen,2025-06-29T02:00:00.239000+00:00,"Taiwan, Province of China",121.6197745,25.0744508,0.0
567155426467497,6lYoSFLeAt3Cwrdz8yIkuG,101914818722206,hcyen,2025-06-29T02:00:00.593000+00:00,"Taiwan, Province of China",121.6004906,25.084664,0.0
572219959290807,6lYoSFLeAt3Cwrdz8yIkuG,101914818722206,hcyen,2025-06-29T02:00:00.698000+00:00,"Taiwan, Province of China",121.5922085,25.0820742,0.0
573767142469159,6lYoSFLeAt3Cwrdz8yIkuG,101914818722206,hcyen,2025-06-29T02:00:00.049000+00:00,"Taiwan, Province of China",121.6103725,25.0710252,0.0
576176522013560,6lYoSFLeAt3Cwrdz8yIkuG,101914818722206,hcyen,2025-06-29T02:00:00.168000+00:00,"Taiwan, Province of China",121.6185312,25.0689815,0.0
579143668340625,6lYoSFLeAt3Cwrdz8yIkuG,101914818722206,hcyen,2025-06-29T02:00:00.095000+00:00,"Taiwan, Province of China",121.6130305,25.0687811,0.0
581735084722429,6lYoSFLeAt3Cwrdz8yIkuG,101914818722206,hcyen,2025-06-29T02:00:00.847000+00:00,"Taiwan, Province of China",121.5807798,25.0785456,0.0
581794981649923,6lYoSFLeAt3Cwrdz8yIkuG,101914818722206,hcyen,2025-06-29T02:00:00.485000+00:00,"Taiwan, Province of China",121.6088289,25.0810939,0.0
585095234360536,6lYoSFLeAt3Cwrdz8yIkuG,101914818722206,hcyen,2025-06-29T02:00:00.778000+00:00,"Taiwan, Province of China",121.5867643,25.0786505,0.0
585512714609338,6lYoSFLeAt3Cwrdz8yIkuG,101914818722206,hcyen,2025-06-29T02:00:00.619000+00:00,"Taiwan, Province of China",121.5983058,25.0846831,0.0
585530231292688,6lYoSFLeAt3Cwrdz8yIkuG,101914818722206,hcyen,2025-06-29T02:00:00.637000+00:00,"Taiwan, Province of China",121.5967244,25.0845742,0.0
585892897596516,6lYoSFLeAt3Cwrdz8yIkuG,101914818722206,hcyen,2025-06-29T02:00:00.462000+00:00,"Taiwan, Province of China",121.6104204,25.0799018,0.0
586003661228945,hI305FTkMt9YKfubBziSo4,101914818722206,hcyen,2025-06-29T02:00:00.927000+00:00,"Taiwan, Province of China",121.574318,25.0804717,0.0
586167754532953,6lYoSFLeAt3Cwrdz8yIkuG,101914818722206,hcyen,2025-06-29T02:00:00.296000+00:00,"Taiwan, Province of China",121.6229212,25.0774169,0.0
587188714433668,6lYoSFLeAt3Cwrdz8yIkuG,101914818722206,hcyen,2025-06-29T02:00:00.712000+00:00,"Taiwan, Province of China",121.5914348,25.0812582,0.0
589201297577458,6lYoSFLeAt3Cwrdz8yIkuG,101914818722206,hcyen,2025-06-29T02:00:00.815000+00:00,"Taiwan, Province of China",121.5835559,25.0785413,0.0
589294267554910,6lYoSFLeAt3Cwrdz8yIkuG,101914818722206,hcyen,2025-06-29T02:00:00.881000+00:00,"Taiwan, Province of China",121.5779369,25.079042,0.0
589878837497350,6lYoSFLeAt3Cwrdz8yIkuG,101914818722206,hcyen,2025-06-29T02:00:00.035000+00:00,"Taiwan, Province of China",121.6093798,25.0716208,0.0
590660127060880,6lYoSFLeAt3Cwrdz8yIkuG,101914818722206,hcyen,2025-06-29T02:00:00.493000+00:00,"Taiwan, Province of China",121.6083277,25.0814474,0.0
592280650582093,6lYoSFLeAt3Cwrdz8yIkuG,101914818722206,hcyen,2025-06-29T02:00:00.195000+00:00,"Taiwan, Province of China",121.6191959,25.0711196,0.0
594525680364897,6lYoSFLeAt3Cwrdz8yIkuG,101914818722206,hcyen,2025-06-29T02:00:00.646000+00:00,"Taiwan, Province of China",121.5959567,25.0843935,0.0
597759930036373,6lYoSFLeAt3Cwrdz8yIkuG,101914818722206,hcyen,2025-06-29T02:00:00.643000+00:00,"Taiwan, Province of China",121.5961869,25.084448,0.0
597968236679694,6lYoSFLeAt3Cwrdz8yIkuG,101914818722206,hcyen,2025-06-29T02:00:00.288000+00:00,"Taiwan, Province of China",121.6227968,25.07678,0.0
598193780009531,6lYoSFLeAt3Cwrdz8yIkuG,101914818722206,hcyen,2025-06-29T02:00:00.634000+00:00,"Taiwan, Province of China",121.5969607,25.0846016,0.0
599608496515513,6lYoSFLeAt3Cwrdz8yIkuG,101914818722206,hcyen,2025-06-29T02:00:00.374000+00:00,"Taiwan, Province of China",121.6172885,25.0785301,0.0
602733669088753,6lYoSFLeAt3Cwrdz8yIkuG,101914818722206,hcyen,2025-06-29T02:00:00.543000+00:00,"Taiwan, Province of China",121.6044106,25.0831261,0.0
603323369512340,6lYoSFLeAt3Cwrdz8yIkuG,101914818722206,hcyen,2025-06-29T02:00:00.565000+00:00,"Taiwan, Province of China",121.6025659,25.0837258,0.0
605825389207523,6lYoSFLeAt3Cwrdz8yIkuG,101914818722206,hcyen,2025-06-29T02:00:00.699000+00:00,"Taiwan, Province of China",121.5921539,25.0820219,0.0
606670759120644,6lYoSFLeAt3Cwrdz8yIkuG,101914818722206,hcyen,2025-06-29T02:00:00.486000+00:00,"Taiwan, Province of China",121.6088889,25.0810481,0.0
607070405769576,hI305FTkMt9YKfubBziSo4,101914818722206,hcyen,2025-06-29T02:00:00.992000+00:00,"Taiwan, Province of China",121.5699257,25.0805556,0.0
608190195169618,6lYoSFLeAt3Cwrdz8yIkuG,101914818722206,hcyen,2025-06-29T02:00:00.495000+00:00,"Taiwan, Province of China",121.6081937,25.081525,0.0
609211868878863,6lYoSFLeAt3Cwrdz8yIkuG,101914818722206,hcyen,2025-06-29T02:00:00.752000+00:00,"Taiwan, Province of China",121.5889134,25.0791363,0.0
610020012134024,6lYoSFLeAt3Cwrdz8yIkuG,101914818722206,hcyen,2025-06-29T02:00:00.338000+00:00,"Taiwan, Province of China",121.6203852,25.0786084,0.0
610374664923463,6lYoSFLeAt3Cwrdz8yIkuG,101914818722206,hcyen,2025-06-29T02:00:00.695000+00:00,"Taiwan, Province of China",121.5923691,25.0822336,0.0
610594362063173,6lYoSFLeAt3Cwrdz8yIkuG,101914818722206,hcyen,2025-06-29T02:00:00.784000+00:00,"Taiwan, Province of China",121.5862096,25.0786314,0.0
610699212053279,6lYoSFLeAt3Cwrdz8yIkuG,101914818722206,hcyen,2025-06-29T02:00:00.386000+00:00,"Taiwan, Province of China",121.6162857,25.0783512,0.0
613178974618825,6lYoSFLeAt3Cwrdz8yIkuG,101914818722206,hcyen,2025-06-29T02:00:00.384000+00:00,"Taiwan, Province of China",121.6164372,25.0783946,0.0
614072448375134,6lYoSFLeAt3Cwrdz8yIkuG,101914818722206,hcyen,2025-06-29T02:00:00.588000+00:00,"Taiwan, Province of China",121.6008815,25.0846076,0.0
614182671128661,6lYoSFLeAt3Cwrdz8yIkuG,101914818722206,hcyen,2025-06-29T02:00:00.620000+00:00,"Taiwan, Province of China",121.598147,25.08468,0.0
615263444353230,6lYoSFLeAt3Cwrdz8yIkuG,101914818722206,hcyen,2025-06-29T02:00:00.556000+00:00,"Taiwan, Province of China",121.6032553,25.0833756,0.0
615272281610488,6lYoSFLeAt3Cwrdz8yIkuG,101914818722206,hcyen,2025-06-29T02:00:00.225000+00:00,"Taiwan, Province of China",121.6195437,25.0733942,0.0
616084310961647,hI305FTkMt9YKfubBziSo4,101914818722206,hcyen,2025-06-29T02:00:00.978000+00:00,"Taiwan, Province of China",121.5706065,25.0809598,0.0
617931394653560,6lYoSFLeAt3Cwrdz8yIkuG,101914818722206,hcyen,2025-06-29T02:00:00.724000+00:00,"Taiwan, Province of China",121.5907311,25.0805753,0.0
619288007865276,hI305FTkMt9YKfubBziSo4,101914818722206,hcyen,2025-06-29T02:00:00.945000+00:00,"Taiwan, Province of China",121.5728695,25.0807655,0.0
619341927265509,6lYoSFLeAt3Cwrdz8yIkuG,101914818722206,hcyen,2025-06-29T02:00:00.220000+00:00,"Taiwan, Province of China",121.6194817,25.0730423,0.0
623253923499981,6lYoSFLeAt3Cwrdz8yIkuG,101914818722206,hcyen,2025-06-29T02:00:00.246000+00:00,"Taiwan, Province of China",121.6199412,25.0750032,0.0
623272104117379,6lYoSFLeAt3Cwrdz8yIkuG,101914818722206,hcyen,2025-06-29T02:00:00.413000+00:00,"Taiwan, Province of China",121.6139558,25.0779921,0.0
625505163253617,6lYoSFLeAt3Cwrdz8yIkuG,101914818722206,hcyen,2025-06-29T02:00:00.836000+00:00,"Taiwan, Province of China",121.5818116,25.0785294,0.0
626816616445442,6lYoSFLeAt3Cwrdz8yIkuG,101914818722206,hcyen,2025-06-29T02:00:00.803000+00:00,"Taiwan, Province of China",121.5846538,25.0785079,0.0
628737706236508,6lYoSFLeAt3Cwrdz8yIkuG,101914818722206,hcyen,2025-06-29T02:00:00.814000+00:00,"Taiwan, Province of China",121.5837146,25.0785383,0.0
629508679471246,6lYoSFLeAt3Cwrdz8yIkuG,101914818722206,hcyen,2025-06-29T02:00:00.293000+00:00,"Taiwan, Province of China",121.6228566,25.0771356,0.0
632210202846441,6lYoSFLeAt3Cwrdz8yIkuG,101914818722206,hcyen,2025-06-29T02:00:00.810000+00:00,"Taiwan, Province of China",121.5840319,25.0785234,0.0
635873785447170,6lYoSFLeAt3Cwrdz8yIkuG,101914818722206,hcyen,2025-06-29T02:00:00.302000+00:00,"Taiwan, Province of China",121.623009,25.0778411,0.0
639858891821444,6lYoSFLeAt3Cwrdz8yIkuG,101914818722206,hcyen,2025-06-29T02:00:00.740000+00:00,"Taiwan, Province of China",121.5897596,25.079647,0.0
642481235517475,6lYoSFLeAt3Cwrdz8yIkuG,101914818722206,hcyen,2025-06-29T02:00:00.904000+00:00,"Taiwan, Province of China",121.5761231,25.0797648,0.0
646426491190991,6lYoSFLeAt3Cwrdz8yIkuG,101914818722206,hcyen,2025-06-29T02:00:00.297000+00:00,"Taiwan, Province of China",121.6229367,25.0774874,0.0
648619734862900,6lYoSFLeAt3Cwrdz8yIkuG,101914818722206,hcyen,2025-06-29T02:00:00.527000+00:00,"Taiwan, Province of China",121.6058607,25.0827448,0.0
649101807590013,6lYoSFLeAt3Cwrdz8yIkuG,101914818722206,hcyen,2025-06-29T02:00:00.389000+00:00,"Taiwan, Province of China",121.6160596,25.0782831,0.0
650074398041080,6lYoSFLeAt3Cwrdz8yIkuG,101914818722206,hcyen,2025-06-29T02:00:00.669000+00:00,"Taiwan, Province of China",121.5942551,25.0835534,0.0
650251414167272,6lYoSFLeAt3Cwrdz8yIkuG,101914818722206,hcyen,2025-06-29T02:00:00.846000+00:00,"Taiwan, Province of China",121.5809386,25.0785423,0.0
650769154685054,6lYoSFLeAt3Cwrdz8yIkuG,101914818722206,hcyen,2025-06-29T02:00:00.713000+00:00,"Taiwan, Province of China",121.5913756,25.0812102,0.0
651121024638160,hI305FTkMt9YKfubBziSo4,101914818722206,hcyen,2025-06-29T02:00:00.986000+00:00,"Taiwan, Province of China",121.5703745,25.0804293,0.0
651184181295631,6lYoSFLeAt3Cwrdz8yIkuG,101914818722206,hcyen,2025-06-29T02:00:00.902000+00:00,"Taiwan, Province of China",121.5762646,25.0796993,0.0
652124211215232,6lYoSFLeAt3Cwrdz8yIkuG,101914818722206,hcyen,2025-06-29T02:00:00.811000+00:00,"Taiwan, Province of China",121.5839526,25.0785264,0.0
654414877613265,6lYoSFLeAt3Cwrdz8yIkuG,101914818722206,hcyen,2025-06-29T02:00:00.828000+00:00,"Taiwan, Province of China",121.5824466,25.0785483,0.0
657018134053949,6lYoSFLeAt3Cwrdz8yIkuG,101914818722206,hcyen,2025-06-29T02:00:00.117000+00:00,"Taiwan, Province of China",121.6149079,25.0685385,0.0
657142124026378,6lYoSFLeAt3Cwrdz8yIkuG,101914818722206,hcyen,2025-06-29T02:00:00.178000+00:00,"Taiwan, Province of China",121.6188208,25.0697266,0.0
657467194005082,6lYoSFLeAt3Cwrdz8yIkuG,101914818722206,hcyen,2025-06-29T02:00:00.483000+00:00,"Taiwan, Province of China",121.6090125,25.0809564,0.0
658153217277463,6lYoSFLeAt3Cwrdz8yIkuG,101914818722206,hcyen,2025-06-29T02:00:00.339000+00:00,"Taiwan, Province of China",121.6203058,25.0786066,0.0
658352607228864,6lYoSFLeAt3Cwrdz8yIkuG,101914818722206,hcyen,2025-06-29T02:00:00.250000+00:00,"Taiwan, Province of China",121.6201255,25.075321,0.0
659562493778051,hI305FTkMt9YKfubBziSo4,101914818722206,hcyen,2025-06-29T02:00:00.979000+00:00,"Taiwan, Province of China",121.5705785,25.0808925,0.0
662212123529185,6lYoSFLeAt3Cwrdz8yIkuG,101914818722206,hcyen,2025-06-29T02:00:00.625000+00:00,"Taiwan, Province of China",121.5977503,25.0846788,0.0
662640730150622,6lYoSFLeAt3Cwrdz8yIkuG,101914818722206,hcyen,2025-06-29T02:00:00.891000+00:00,"Taiwan, Province of China",121.5772133,25.0793382,0.0
665379763190795,6lYoSFLeAt3Cwrdz8yIkuG,101914818722206,hcyen,2025-06-29T02:00:00.406000+00:00,"Taiwan, Province of China",121.6145908,25.0779902,0.0
668680262818146,6lYoSFLeAt3Cwrdz8yIkuG,101914818722206,hcyen,2025-06-29T02:00:00.619000+00:00,"Taiwan, Province of China",121.5982264,25.0846807,0.0
668707582838573,hI305FTkMt9YKfubBziSo4,101914818722206,hcyen,2025-06-29T02:00:00.963000+00:00,"Taiwan, Province of China",121.571451,25.0813861,0.0
670056472699400,6lYoSFLeAt3Cwrdz8yIkuG,101914818722206,hcyen,2025-06-29T02:00:00.667000+00:00,"Taiwan, Province of China",121.5943803,25.0836417,0.0
670633462619360,6lYoSFLeAt3Cwrdz8yIkuG,101914818722206,hcyen,2025-06-29T02:00:00.647000+00:00,"Taiwan, Province of China",121.5958804,25.0843737,0.0
671382029237524,6lYoSFLeAt3Cwrdz8yIkuG,101914818722206,hcyen,2025-06-29T02:00:00.692000+00:00,"Taiwan, Province of China",121.5925749,25.0824526,0.0
672598182444446,6lYoSFLeAt3Cwrdz8yIkuG,101914818722206,hcyen,2025-06-29T02:00:00.897000+00:00,"Taiwan, Province of China",121.5767004,25.0795283,0.0
673527345669025,hI305FTkMt9YKfubBziSo4,101914818722206,hcyen,2025-06-29T02:00:00.995000+00:00,"Taiwan, Province of China",121.5697069,25.080642,0.0
675021382205179,6lYoSFLeAt3Cwrdz8yIkuG,101914818722206,hcyen,2025-06-29T02:00:00.028000+00:00,"Taiwan, Province of China",121.608827,25.0719008,0.0
676443405371954,6lYoSFLeAt3Cwrdz8yIkuG,101914818722206,hcyen,2025-06-29T02:00:00.893000+00:00,"Taiwan, Province of China",121.5770012,25.0794357,0.0
676564328719279,6lYoSFLeAt3Cwrdz8yIkuG,101914818722206,hcyen,2025-06-29T02:00:00.569000+00:00,"Taiwan, Province of China",121.6023561,25.0839394,0.0
676850672050695,6lYoSFLeAt3Cwrdz8yIkuG,101914818722206,hcyen,2025-06-29T02:00:00.138000+00:00,"Taiwan, Province of China",121.616658,25.0680703,0.0
679368385139817,6lYoSFLeAt3Cwrdz8yIkuG,101914818722206,hcyen,2025-06-29T02:00:00.399000+00:00,"Taiwan, Province of China",121.6152186,25.0780699,0.0
688240704202167,6lYoSFLeAt3Cwrdz8yIkuG,101914818722206,hcyen,2025-06-29T02:00:00.182000+00:00,"Taiwan, Province of China",121.6189449,25.0699892,0.0
688356757512165,6lYoSFLeAt3Cwrdz8yIkuG,101914818722206,hcyen,2025-06-29T02:00:00.891000+00:00,"Taiwan, Province of China",121.5771425,25.0793707,0.0
689354177469026,6lYoSFLeAt3Cwrdz8yIkuG,101914818722206,hcyen,2025-06-29T02:00:00.519000+00:00,"Taiwan, Province of China",121.6063381,25.0822677,0.0
692001493998328,6lYoSFLeAt3Cwrdz8yIkuG,101914818722206,hcyen,2025-06-29T02:00:00.279000+00:00,"Taiwan, Province of China",121.6221893,25.0763919,0.0
692033890339060,6lYoSFLeAt3Cwrdz8yIkuG,101914818722206,hcyen,2025-06-29T02:00:00.033000+00:00,"Taiwan, Province of China",121.6092515,25.0717049,0.0
693286403519287,6lYoSFLeAt3Cwrdz8yIkuG,101914818722206,hcyen,2025-06-29T02:00:00.057000+00:00,"Taiwan, Province of China",121.6109359,25.070628,0.0
693313626911744,6lYoSFLeAt3Cwrdz8yIkuG,101914818722206,hcyen,2025-06-29T02:00:00.266000+00:00,"Taiwan, Province of China",121.6211325,25.0760917,0.0
693626676802147,6lYoSFLeAt3Cwrdz8yIkuG,101914818722206,hcyen,2025-06-29T02:00:00.050000+00:00,"Taiwan, Province of China",121.6104366,25.0709827,0.0
695023326639430,6lYoSFLeAt3Cwrdz8yIkuG,101914818722206,hcyen,2025-06-29T02:00:00.350000+00:00,"Taiwan, Province of China",121.6193529,25.0785824,0.0
695940826615972,6lYoSFLeAt3Cwrdz8yIkuG,101914818722206,hcyen,2025-06-29T02:00:00.816000+00:00,"Taiwan, Province of China",121.5834765,25.078539,0.0
696048903249585,6lYoSFLeAt3Cwrdz8yIkuG,101914818722206,hcyen,2025-06-29T02:00:00.511000+00:00,"Taiwan, Province of China",121.6068569,25.081975,0.0
696501903290256,6lYoSFLeAt3Cwrdz8yIkuG,101914818722206,hcyen,2025-06-29T02:00:00.223000+00:00,"Taiwan, Province of China",121.6195423,25.0732505,0.0
696572496518446,6lYoSFLeAt3Cwrdz8yIkuG,101914818722206,hcyen,2025-06-29T02:00:00.913000+00:00,"Taiwan, Province of China",121.5754878,25.080051,0.0
697232639886763,6lYoSFLeAt3Cwrdz8yIkuG,101914818722206,hcyen,2025-06-29T02:00:00.608000+00:00,"Taiwan, Province of China",121.5992535,25.0847529,0.0
697724076405235,6lYoSFLeAt3Cwrdz8yIkuG,101914818722206,hcyen,2025-06-29T02:00:00.586000+00:00,"Taiwan, Province of China",121.6011084,25.0845441,0.0
698098463108162,6lYoSFLeAt3Cwrdz8yIkuG,101914818722206,hcyen,2025-06-29T02:00:00.903000+00:00,"Taiwan, Province of China",121.5761939,25.079732,0.0
698863453064722,6lYoSFLeAt3Cwrdz8yIkuG,101914818722206,hcyen,2025-06-29T02:00:00.796000+00:00,"Taiwan, Province of China",121.5851809,25.0786049,0.0
698874556257694,6lYoSFLeAt3Cwrdz8yIkuG,101914818722206,hcyen,2025-06-29T02:00:00.654000+00:00,"Taiwan, Province of China",121.5952662,25.084233,0.0
699479923061575,6lYoSFLeAt3Cwrdz8yIkuG,101914818722206,hcyen,2025-06-29T02:00:00.402000+00:00,"Taiwan, Province of China",121.614907,25.0780177,0.0
700800289398148,hI305FTkMt9YKfubBziSo4,101914818722206,hcyen,2025-06-29T02:00:00.993000+00:00,"Taiwan, Province of China",121.5698528,25.0805851,0.0
701887126092234,6lYoSFLeAt3Cwrdz8yIkuG,101914818722206,hcyen,2025-06-29T02:00:00.097000+00:00,"Taiwan, Province of China",121.6132687,25.0687754,0.0
701892035887978,6lYoSFLeAt3Cwrdz8yIkuG,101914818722206,hcyen,2025-06-29T02:00:00.434000+00:00,"Taiwan, Province of China",121.6122568,25.0785263,0.0
701925549419034,6lYoSFLeAt3Cwrdz8yIkuG,101914818722206,hcyen,2025-06-29T02:00:00.263000+00:00,"Taiwan, Province of China",121.6209123,25.0760105,0.0
702760536008982,6lYoSFLeAt3Cwrdz8yIkuG,101914818722206,hcyen,2025-06-29T02:00:00.160000+00:00,"Taiwan, Province of China",121.6182958,25.0683716,0.0
703120519366339,hI305FTkMt9YKfubBziSo4,101914818722206,hcyen,2025-06-29T02:00:00.962000+00:00,"Taiwan, Province of China",121.5715112,25.0813404,0.0
703275469175746,6lYoSFLeAt3Cwrdz8yIkuG,101914818722206,hcyen,2025-06-29T02:00:00.281000+00:00,"Taiwan, Province of China",121.6223404,25.0764359,0.0
703556932466372,6lYoSFLeAt3Cwrdz8yIkuG,101914818722206,hcyen,2025-06-29T02:00:00.456000+00:00,"Taiwan, Province of China",121.6108489,25.0795809,0.0
703633932463730,6lYoSFLeAt3Cwrdz8yIkuG,101914818722206,hcyen,2025-06-29T02:00:00.322000+00:00,"Taiwan, Province of China",121.621735,25.0786428,0.0
703683295849626,6lYoSFLeAt3Cwrdz8yIkuG,101914818722206,hcyen,2025-06-29T02:00:00.627000+00:00,"Taiwan, Province of China",121.5975926,25.084661,0.0
703753009305682,6lYoSFLeAt3Cwrdz8yIkuG,101914818722206,hcyen,2025-06-29T02:00:00.754000+00:00,"Taiwan, Province of China",121.5887637,25.0790883,0.0
703890465750346,6lYoSFLeAt3Cwrdz8yIkuG,101914818722206,hcyen,2025-06-29T02:00:00.658000+00:00,"Taiwan, Province of China",121.5949839,25.0841041,0.0
704160112403327,6lYoSFLeAt3Cwrdz8yIkuG,101914818722206,hcyen,2025-06-29T02:00:00.445000+00:00,"Taiwan, Province of China",121.6115223,25.0790765,0.0
704303745568520,6lYoSFLeAt3Cwrdz8yIkuG,101914818722206,hcyen,2025-06-29T02:00:00.352000+00:00,"Taiwan, Province of China",121.6191941,25.0785784,0.0
705271129048344,6lYoSFLeAt3Cwrdz8yIkuG,101914818722206,hcyen,2025-06-29T02:00:00.177000+00:00,"Taiwan, Province of China",121.6187865,25.0696622,0.0
706032922040942,6lYoSFLeAt3Cwrdz8yIkuG,101914818722206,hcyen,2025-06-29T02:00:00.899000+00:00,"Taiwan, Province of China",121.5765498,25.079574,0.0
706621785305665,6lYoSFLeAt3Cwrdz8yIkuG,101914818722206,hcyen,2025-06-29T02:00:00.391000+00:00,"Taiwan, Province of China",121.6159094,25.0782362,0.0
706795458899045,6lYoSFLeAt3Cwrdz8yIkuG,101914818722206,hcyen,2025-06-29T02:00:00.368000+00:00,"Taiwan, Province of China",121.6178443,25.0785442,0.0
706939845300896,6lYoSFLeAt3Cwrdz8yIkuG,101914818722206,hcyen,2025-06-29T02:00:00.480000+00:00,"Taiwan, Province of China",121.6091962,25.0808188,0.0
706963115648493,6lYoSFLeAt3Cwrdz8yIkuG,101914818722206,hcyen,2025-06-29T02:00:00.887000+00:00,"Taiwan, Province of China",121.5775,25.0792137,0.0
707037395369814,6lYoSFLeAt3Cwrdz8yIkuG,101914818722206,hcyen,2025-06-29T02:00:00.083000+00:00,"Taiwan, Province of China",121.6120904,25.0689649,0.0
707174035559184,6lYoSFLeAt3Cwrdz8yIkuG,101914818722206,hcyen,2025-06-29T02:00:00.875000+00:00,"Taiwan, Province of China",121.5784389,25.0788263,0.0
707199542195688,6lYoSFLeAt3Cwrdz8yIkuG,101914818722206,hcyen,2025-06-29T02:00:00.494000+00:00,"Taiwan, Province of China",121.6082612,25.0814869,0.0
707291705258799,6lYoSFLeAt3Cwrdz8yIkuG,101914818722206,hcyen,2025-06-29T02:00:00.347000+00:00,"Taiwan, Province of China",121.6196705,25.0785905,0.0
707978161866862,6lYoSFLeAt3Cwrdz8yIkuG,101914818722206,hcyen,2025-06-29T02:00:00.736000+00:00,"Taiwan, Province of China",121.5900684,25.0798701,0.0
708372461901073,6lYoSFLeAt3Cwrdz8yIkuG,101914818722206,hcyen,2025-06-29T02:00:00.184000+00:00,"Taiwan, Province of China",121.6190235,25.0701929,0.0
708889295365431,6lYoSFLeAt3Cwrdz8yIkuG,101914818722206,hcyen,2025-06-29T02:00:00.542000+00:00,"Taiwan, Province of China",121.6044897,25.083119,0.0
709086895370886,6lYoSFLeAt3Cwrdz8yIkuG,101914818722206,hcyen,2025-06-29T02:00:00.365000+00:00,"Taiwan, Province of China",121.6180825,25.0785502,0.0
709233005368543,6lYoSFLeAt3Cwrdz8yIkuG,101914818722206,hcyen,2025-06-29T02:00:00.701000+00:00,"Taiwan, Province of China",121.5920484,25.0819144,0.0
709381765177650,6lYoSFLeAt3Cwrdz8yIkuG,101914818722206,hcyen,2025-06-29T02:00:00.309000+00:00,"Taiwan, Province of China",121.6228135,25.0783181,0.0
709823328462274,6lYoSFLeAt3Cwrdz8yIkuG,101914818722206,hcyen,2025-06-29T02:00:00.564000+00:00,"Taiwan, Province of China",121.6026926,25.083639,0.0
709919561784282,6lYoSFLeAt3Cwrdz8yIkuG,101914818722206,hcyen,2025-06-29T02:00:00.436000+00:00,"Taiwan, Province of China",121.6121344,25.078618,0.0
710788575215432,6lYoSFLeAt3Cwrdz8yIkuG,101914818722206,hcyen,2025-06-29T02:00:00.213000+00:00,"Taiwan, Province of China",121.6193938,25.0724725,0.0
711058341895906,6lYoSFLeAt3Cwrdz8yIkuG,101914818722206,hcyen,2025-06-29T02:00:00.335000+00:00,"Taiwan, Province of China",121.6207028,25.0786166,0.0
711290078187408,6lYoSFLeAt3Cwrdz8yIkuG,101914818722206,hcyen,2025-06-29T02:00:00.044000+00:00,"Taiwan, Province of China",121.6100401,25.0712219,0.0
711300091608813,6lYoSFLeAt3Cwrdz8yIkuG,101914818722206,hcyen,2025-06-29T02:00:00.530000+00:00,"Taiwan, Province of China",121.6056648,25.0828648,0.0
712028441788945,6lYoSFLeAt3Cwrdz8yIkuG,101914818722206,hcyen,2025-06-29T02:00:00.336000+00:00,"Taiwan, Province of China",121.620544,25.0786139,0.0
712107945119437,6lYoSFLeAt3Cwrdz8yIkuG,101914818722206,hcyen,2025-06-29T02:00:00.025000+00:00,"Taiwan, Province of China",121.6086139,25.0719946,0.0
712720114958612,hI305FTkMt9YKfubBziSo4,101914818722206,hcyen,2025-06-29T02:00:00.980000+00:00,"Taiwan, Province of China",121.5705487,25.0808258,0.0
713113664821816,hI305FTkMt9YKfubBziSo4,101914818722206,hcyen,2025-06-29T02:00:00.990000+00:00,"Taiwan, Province of China",121.5700694,25.0804954,0.0
713298674648884,hI305FTkMt9YKfubBziSo4,101914818722206,hcyen,2025-06-29T02:00:00.981000+00:00,"Taiwan, Province of China",121.5705141,25.0807611,0.0
713948721388391,hI305FTkMt9YKfubBziSo4,101914818722206,hcyen,2025-06-29T02:00:00.956000+00:00,"Taiwan, Province of China",121.5720059,25.0811148,0.0
714754651535220,6lYoSFLeAt3Cwrdz8yIkuG,101914818722206,hcyen,2025-06-29T02:00:00.863000+00:00,"Taiwan, Province of China",121.5794192,25.0785542,0.0
714759884815616,hI305FTkMt9YKfubBziSo4,101914818722206,hcyen,2025-06-29T02:00:00.959000+00:00,"Taiwan, Province of China",121.5717275,25.0812508,0.0
715019294568666,6lYoSFLeAt3Cwrdz8yIkuG,101914818722206,hcyen,2025-06-29T02:00:00.239000+00:00,"Taiwan, Province of China",121.6197858,25.074522,0.0
715513824416866,6lYoSFLeAt3Cwrdz8yIkuG,101914818722206,hcyen,2025-06-29T02:00:00.496000+00:00,"Taiwan, Province of China",121.6081256,25.0815617,0.0
715684601251117,6lYoSFLeAt3Cwrdz8yIkuG,101914818722206,hcyen,2025-06-29T02:00:00.131000+00:00,"Taiwan, Province of China",121.6161276,25.0682207,0.0
715892054512107,6lYoSFLeAt3Cwrdz8yIkuG,101914818722206,hcyen,2025-06-29T02:00:00.308000+00:00,"Taiwan, Province of China",121.6228828,25.078283,0.0
716226464349778,6lYoSFLeAt3Cwrdz8yIkuG,101914818722206,hcyen,2025-06-29T02:00:00.829000+00:00,"Taiwan, Province of China",121.5823673,25.0785448,0.0
716454861547642,6lYoSFLeAt3Cwrdz8yIkuG,101914818722206,hcyen,2025-06-29T02:00:00.393000+00:00,"Taiwan, Province of China",121.6156802,25.0781771,0.0
716594224629038,hI305FTkMt9YKfubBziSo4,101914818722206,hcyen,2025-06-29T02:00:00.929000+00:00,"Taiwan, Province of China",121.5741667,25.0805115,0.0
716626874401487,6lYoSFLeAt3Cwrdz8yIkuG,101914818722206,hcyen,2025-06-29T02:00:00.521000+00:00,"Taiwan, Province of China",121.6062492,25.082387,0.0
716673651126519,6lYoSFLeAt3Cwrdz8yIkuG,101914818722206,hcyen,2025-06-29T02:00:00.021000+00:00,"Taiwan, Province of China",121.6082376,25.0721131,0.0
716752997949763,6lYoSFLeAt3Cwrdz8yIkuG,101914818722206,hcyen,2025-06-29T02:00:00.016000+00:00,"Taiwan, Province of China",121.6078606,25.0722194,0.0
716773244403810,6lYoSFLeAt3Cwrdz8yIkuG,101914818722206,hcyen,2025-06-29T02:00:00.065000+00:00,"Taiwan, Province of China",121.6114427,25.0702821,0.0
717791411177173,6lYoSFLeAt3Cwrdz8yIkuG,101914818722206,hcyen,2025-06-29T02:00:00.721000+00:00,"Taiwan, Province of China",121.5908896,25.0807361,0.0
718061414303457,6lYoSFLeAt3Cwrdz8yIkuG,101914818722206,hcyen,2025-06-29T02:00:00.215000+00:00,"Taiwan, Province of China",121.619418,25.0726147,0.0
718103007847871,6lYoSFLeAt3Cwrdz8yIkuG,101914818722206,hcyen,2025-06-29T02:00:00.826000+00:00,"Taiwan, Province of China",121.5826041,25.0785332,0.0
718923251106696,6lYoSFLeAt3Cwrdz8yIkuG,101914818722206,hcyen,2025-06-29T02:00:00.395000+00:00,"Taiwan, Province of China",121.6155266,25.0781406,0.0
719235424396289,6lYoSFLeAt3Cwrdz8yIkuG,101914818722206,hcyen,2025-06-29T02:00:00.003000+00:00,"Taiwan, Province of China",121.6068962,25.0726699,0.0
721159263826083,6lYoSFLeAt3Cwrdz8yIkuG,101914818722206,hcyen,2025-06-29T02:00:00.249000+00:00,"Taiwan, Province of China",121.6200601,25.0751902,0.0
721250310308899,6lYoSFLeAt3Cwrdz8yIkuG,101914818722206,hcyen,2025-06-29T02:00:00.751000+00:00,"Taiwan, Province of China",121.5889854,25.0791667,0.0
721786294044206,6lYoSFLeAt3Cwrdz8yIkuG,101914818722206,hcyen,2025-06-29T02:00:00.431000+00:00,"Taiwan, Province of China",121.6125086,25.0783539,0.0
722507453706258,6lYoSFLeAt3Cwrdz8yIkuG,101914818722206,hcyen,2025-06-29T02:00:00.617000+00:00,"Taiwan, Province of China",121.5984642,25.0846946,0.0
723262197126351,6lYoSFLeAt3Cwrdz8yIkuG,101914818722206,hcyen,2025-06-29T02:00:00.298000+00:00,"Taiwan, Province of China",121.6229509,25.0775582,0.0
723427260304146,6lYoSFLeAt3Cwrdz8yIkuG,101914818722206,hcyen,2025-06-29T02:00:00.397000+00:00,"Taiwan, Province of China",121.6153725,25.0781056,0.0
723826250348671,6lYoSFLeAt3Cwrdz8yIkuG,101914818722206,hcyen,2025-06-29T02:00:00.432000+00:00,"Taiwan, Province of China",121.6124405,25.0783887,0.0
724783087172318,6lYoSFLeAt3Cwrdz8yIkuG,101914818722206,hcyen,2025-06-29T02:00:00.176000+00:00,"Taiwan, Province of China",121.6187617,25.0695939,0.0
725429600349501,hI305FTkMt9YKfubBziSo4,101914818722206,hcyen,2025-06-29T02:00:00.965000+00:00,"Taiwan, Province of China",121.5713102,25.0814516,0.0
725916383179371,6lYoSFLeAt3Cwrdz8yIkuG,101914818722206,hcyen,2025-06-29T02:00:00.115000+00:00,"Taiwan, Province of China",121.6147555,25.0685792,0.0
726077133244314,6lYoSFLeAt3Cwrdz8yIkuG,101914818722206,hcyen,2025-06-29T02:00:00.157000+00:00,"Taiwan, Province of China",121.6181917,25.0681779,0.0
726224760097966,6lYoSFLeAt3Cwrdz8yIkuG,101914818722206,hcyen,2025-06-29T02:00:00.415000+00:00,"Taiwan, Province of China",121.6137979,25.0780076,0.0
726983110075632,6lYoSFLeAt3Cwrdz8yIkuG,101914818722206,hcyen,2025-06-29T02:00:00.538000+00:00,"Taiwan, Province of China",121.6048031,25.083074,0.0
727179293126999,6lYoSFLeAt3Cwrdz8yIkuG,101914818722206,hcyen,2025-06-29T02:00:00.463000+00:00,"Taiwan, Province of China",121.6103592,25.0799477,0.0
727337656542190,6lYoSFLeAt3Cwrdz8yIkuG,101914818722206,hcyen,2025-06-29T02:00:00.515000+00:00,"Taiwan, Province of China",121.606554,25.0820598,0.0
727489416890213,hI305FTkMt9YKfubBziSo4,101914818722206,hcyen,2025-06-29T02:00:00.942000+00:00,"Taiwan, Province of China",121.5730878,25.0806796,0.0
728002509975717,hI305FTkMt9YKfubBziSo4,101914818722206,hcyen,2025-06-29T02:00:00.985000+00:00,"Taiwan, Province of China",121.5703846,25.0804999,0.0
728495359574190,6lYoSFLeAt3Cwrdz8yIkuG,101914818722206,hcyen,2025-06-29T02:00:00.785000+00:00,"Taiwan, Province of China",121.5861303,25.0786342,0.0
728570372870243,6lYoSFLeAt3Cwrdz8yIkuG,101914818722206,hcyen,2025-06-29T02:00:00.795000+00:00,"Taiwan, Province of China",121.5852603,25.0786046,0.0
729066902827119,6lYoSFLeAt3Cwrdz8yIkuG,101914818722206,hcyen,2025-06-29T02:00:00.501000+00:00,"Taiwan, Province of China",121.6076873,25.0817299,0.0
729106300072570,6lYoSFLeAt3Cwrdz8yIkuG,101914818722206,hcyen,2025-06-29T02:00:00.346000+00:00,"Taiwan, Province of China",121.6197499,25.0785925,0.0
729108040069643,6lYoSFLeAt3Cwrdz8yIkuG,101914818722206,hcyen,2025-06-29T02:00:00.911000+00:00,"Taiwan, Province of China",121.5756302,25.0799881,0.0
729609119652769,6lYoSFLeAt3Cwrdz8yIkuG,101914818722206,hcyen,2025-06-29T02:00:00.514000+00:00,"Taiwan, Province of China",121.6066278,25.0820332,0.0
729905512754804,6lYoSFLeAt3Cwrdz8yIkuG,101914818722206,hcyen,2025-06-29T02:00:00.513000+00:00,"Taiwan, Province of China",121.6067028,25.0820097,0.0
731079052951215,6lYoSFLeAt3Cwrdz8yIkuG,101914818722206,hcyen,2025-06-29T02:00:00.827000+00:00,"Taiwan, Province of China",121.5825256,25.0785438,0.0
731174633193184,6lYoSFLeAt3Cwrdz8yIkuG,101914818722206,hcyen,2025-06-29T02:00:00.355000+00:00,"Taiwan, Province of China",121.6189559,25.0785724,0.0
731404155945459,6lYoSFLeAt3Cwrdz8yIkuG,101914818722206,hcyen,2025-06-29T02:00:00.303000+00:00,"Taiwan, Province of China",121.6230234,25.0779119,0.0
731856866057791,6lYoSFLeAt3Cwrdz8yIkuG,101914818722206,hcyen,2025-06-29T02:00:00.633000+00:00,"Taiwan, Province of China",121.5970398,25.0846079,0.0
731930032558019,6lYoSFLeAt3Cwrdz8yIkuG,101914818722206,hcyen,2025-06-29T02:00:00.224000+00:00,"Taiwan, Province of China",121.6195411,25.0733224,0.0
731937899484959,6lYoSFLeAt3Cwrdz8yIkuG,101914818722206,hcyen,2025-06-29T02:00:00.360000+00:00,"Taiwan, Province of China",121.6184795,25.0785603,0.0
732199519767219,6lYoSFLeAt3Cwrdz8yIkuG,101914818722206,hcyen,2025-06-29T02:00:00.356000+00:00,"Taiwan, Province of China",121.6188765,25.0785703,0.0
732506062762268,6lYoSFLeAt3Cwrdz8yIkuG,101914818722206,hcyen,2025-06-29T02:00:00.553000+00:00,"Taiwan, Province of China",121.6035574,25.0832872,0.0
732529305988989,6lYoSFLeAt3Cwrdz8yIkuG,101914818722206,hcyen,2025-06-29T02:00:00.479000+00:00,"Taiwan, Province of China",121.6092574,25.080773,0.0
732542599620330,6lYoSFLeAt3Cwrdz8yIkuG,101914818722206,hcyen,2025-06-29T02:00:00.293000+00:00,"Taiwan, Province of China",121.6228678,25.0772068,0.0
733114466123108,6lYoSFLeAt3Cwrdz8yIkuG,101914818722206,hcyen,2025-06-29T02:00:00.300000+00:00,"Taiwan, Province of China",121.6229786,25.0776999,0.0
733300566113486,6lYoSFLeAt3Cwrdz8yIkuG,101914818722206,hcyen,2025-06-29T02:00:00.017000+00:00,"Taiwan, Province of China",121.6079356,25.072197,0.0
733620462390254,6lYoSFLeAt3Cwrdz8yIkuG,101914818722206,hcyen,2025-06-29T02:00:00.396000+00:00,"Taiwan, Province of China",121.6154496,25.0781227,0.0
733620512450819,6lYoSFLeAt3Cwrdz8yIkuG,101914818722206,hcyen,2025-06-29T02:00:00.641000+00:00,"Taiwan, Province of China",121.5963414,25.0844813,0.0
733641959039049,6lYoSFLeAt3Cwrdz8yIkuG,101914818722206,hcyen,2025-06-29T02:00:00.804000+00:00,"Taiwan, Province of China",121.5845003,25.078544,0.0
734181149104065,6lYoSFLeAt3Cwrdz8yIkuG,101914818722206,hcyen,2025-06-29T02:00:00.345000+00:00,"Taiwan, Province of China",121.6198294,25.0785945,0.0
735066125698810,6lYoSFLeAt3Cwrdz8yIkuG,101914818722206,hcyen,2025-06-29T02:00:00.078000+00:00,"Taiwan, Province of China",121.6120276,25.0693632,0.0
735521729426577,6lYoSFLeAt3Cwrdz8yIkuG,101914818722206,hcyen,2025-06-29T02:00:00.074000+00:00,"Taiwan, Province of China",121.6118842,25.0696979,0.0
735777555628371,6lYoSFLeAt3Cwrdz8yIkuG,101914818722206,hcyen,2025-06-29T02:00:00.133000+00:00,"Taiwan, Province of China",121.6162795,25.0681789,0.0
736326232275523,6lYoSFLeAt3Cwrdz8yIkuG,101914818722206,hcyen,2025-06-29T02:00:00.423000+00:00,"Taiwan, Province of China",121.613103,25.0781513,0.0
738072418801467,6lYoSFLeAt3Cwrdz8yIkuG,101914818722206,hcyen,2025-06-29T02:00:00.064000+00:00,"Taiwan, Province of China",121.6113801,25.0703262,0.0
738137005459245,6lYoSFLeAt3Cwrdz8yIkuG,101914818722206,hcyen,2025-06-29T02:00:00.877000+00:00,"Taiwan, Province of China",121.5782935,25.0788837,0.0
738183721941318,6lYoSFLeAt3Cwrdz8yIkuG,101914818722206,hcyen,2025-06-29T02:00:00.210000+00:00,"Taiwan, Province of China",121.6193625,25.0722586,0.0
738472848766298,6lYoSFLeAt3Cwrdz8yIkuG,101914818722206,hcyen,2025-06-29T02:00:00.034000+00:00,"Taiwan, Province of China",121.6093195,25.0716667,0.0
738639581907623,6lYoSFLeAt3Cwrdz8yIkuG,101914818722206,hcyen,2025-06-29T02:00:00.129000+00:00,"Taiwan, Province of China",121.6158999,25.0682843,0.0
740249751866588,6lYoSFLeAt3Cwrdz8yIkuG,101914818722206,hcyen,2025-06-29T02:00:00.127000+00:00,"Taiwan, Province of China",121.6157473,25.0683241,0.0
740521388503446,6lYoSFLeAt3Cwrdz8yIkuG,101914818722206,hcyen,2025-06-29T02:00:00.854000+00:00,"Taiwan, Province of China",121.5802285,25.0785608,0.0
740610788347519,6lYoSFLeAt3Cwrdz8yIkuG,101914818722206,hcyen,2025-06-29T02:00:00.474000+00:00,"Taiwan, Province of China",121.6096247,25.0804979,0.0
740643188383452,6lYoSFLeAt3Cwrdz8yIkuG,101914818722206,hcyen,2025-06-29T02:00:00.695000+00:00,"Taiwan, Province of China",121.5924201,25.0822887,0.0
741123264978207,6lYoSFLeAt3Cwrdz8yIkuG,101914818722206,hcyen,2025-06-29T02:00:00.196000+00:00,"Taiwan, Province of China",121.6192147,25.0711895,0.0
741249611751240,6lYoSFLeAt3Cwrdz8yIkuG,101914818722206,hcyen,2025-06-29T02:00:00.765000+00:00,"Taiwan, Province of China",121.5878512,25.0788509,0.0
741641695473123,6lYoSFLeAt3Cwrdz8yIkuG,101914818722206,hcyen,2025-06-29T02:00:00.857000+00:00,"Taiwan, Province of China",121.5799739,25.0785523,0.0
741808481637690,6lYoSFLeAt3Cwrdz8yIkuG,101914818722206,hcyen,2025-06-29T02:00:00.369000+00:00,"Taiwan, Province of China",121.6177649,25.0785422,0.0
743975131473028,6lYoSFLeAt3Cwrdz8yIkuG,101914818722206,hcyen,2025-06-29T02:00:00.792000+00:00,"Taiwan, Province of China",121.5855776,25.0786053,0.0
744216518068607,hI305FTkMt9YKfubBziSo4,101914818722206,hcyen,2025-06-29T02:00:00.933000+00:00,"Taiwan, Province of China",121.5738581,25.0805717,0.0
744479101349738,6lYoSFLeAt3Cwrdz8yIkuG,101914818722206,hcyen,2025-06-29T02:00:00.327000+00:00,"Taiwan, Province of China",121.621338,25.0786327,0.0
744661128009907,6lYoSFLeAt3Cwrdz8yIkuG,101914818722206,hcyen,2025-06-29T02:00:00.062000+00:00,"Taiwan, Province of China",121.6112533,25.0704128,0.0
745581651137776,6lYoSFLeAt3Cwrdz8yIkuG,101914818722206,hcyen,2025-06-29T02:00:00.093000+00:00,"Taiwan, Province of China",121.612872,25.0687902,0.0
746206328098210,6lYoSFLeAt3Cwrdz8yIkuG,101914818722206,hcyen,2025-06-29T02:00:00.552000+00:00,"Taiwan, Province of China",121.6036315,25.0832613,0.0
746948524477170,6lYoSFLeAt3Cwrdz8yIkuG,101914818722206,hcyen,2025-06-29T02:00:00.063000+00:00,"Taiwan, Province of China",121.6113149,25.0703673,0.0
747315954473606,6lYoSFLeAt3Cwrdz8yIkuG,101914818722206,hcyen,2025-06-29T02:00:00.334000+00:00,"Taiwan, Province of China",121.6207822,25.0786186,0.0
747903504292676,6lYoSFLeAt3Cwrdz8yIkuG,101914818722206,hcyen,2025-06-29T02:00:00.043000+00:00,"Taiwan, Province of China",121.6099047,25.0712971,0.0
748796494432359,6lYoSFLeAt3Cwrdz8yIkuG,101914818722206,hcyen,2025-06-29T02:00:00.434000+00:00,"Taiwan, Province of China",121.612318,25.0784804,0.0
748883427811475,6lYoSFLeAt3Cwrdz8yIkuG,101914818722206,hcyen,2025-06-29T02:00:00.162000+00:00,"Taiwan, Province of China",121.6183361,25.0685105,0.0
749300330882197,6lYoSFLeAt3Cwrdz8yIkuG,101914818722206,hcyen,2025-06-29T02:00:00.316000+00:00,"Taiwan, Province of China",121.622285,25.078637,0.0
749818740827760,6lYoSFLeAt3Cwrdz8yIkuG,101914818722206,hcyen,2025-06-29T02:00:00.843000+00:00,"Taiwan, Province of China",121.5811769,25.0785433,0.0
750254194119468,hI305FTkMt9YKfubBziSo4,101914818722206,hcyen,2025-06-29T02:00:00.973000+00:00,"Taiwan, Province of China",121.5707965,25.0813545,0.0
750270724069641,6lYoSFLeAt3Cwrdz8yIkuG,101914818722206,hcyen,2025-06-29T02:00:00.275000+00:00,"Taiwan, Province of China",121.6218781,25.0763342,0.0
750441674335182,hI305FTkMt9YKfubBziSo4,101914818722206,hcyen,2025-06-29T02:00:00.922000+00:00,"Taiwan, Province of China",121.5747817,25.0803791,0.0
750698300862987,6lYoSFLeAt3Cwrdz8yIkuG,101914818722206,hcyen,2025-06-29T02:00:00.507000+00:00,"Taiwan, Province of China",121.607235,25.0818655,0.0
751154600916464,6lYoSFLeAt3Cwrdz8yIkuG,101914818722206,hcyen,2025-06-29T02:00:00.392000+00:00,"Taiwan, Province of China",121.6157569,25.0781959,0.0
751371604227683,6lYoSFLeAt3Cwrdz8yIkuG,101914818722206,hcyen,2025-06-29T02:00:00.248000+00:00,"Taiwan, Province of China",121.6200191,25.0751286,0.0
753359690446984,6lYoSFLeAt3Cwrdz8yIkuG,101914818722206,hcyen,2025-06-29T02:00:00.886000+00:00,"Taiwan, Province of China",121.577572,25.0791838,0.0
753365167252907,6lYoSFLeAt3Cwrdz8yIkuG,101914818722206,hcyen,2025-06-29T02:00:00.151000+00:00,"Taiwan, Province of China",121.6177392,25.0678976,0.0
753535990570264,6lYoSFLeAt3Cwrdz8yIkuG,101914818722206,hcyen,2025-06-29T02:00:00.750000+00:00,"Taiwan, Province of China",121.5890569,25.0791981,0.0
754335387120886,6lYoSFLeAt3Cwrdz8yIkuG,101914818722206,hcyen,2025-06-29T02:00:00.720000+00:00,"Taiwan, Province of China",121.5909449,25.0807878,0.0
755245636934115,6lYoSFLeAt3Cwrdz8yIkuG,101914818722206,hcyen,2025-06-29T02:00:00.086000+00:00,"Taiwan, Province of China",121.612239,25.0688094,0.0
755931603580860,hI305FTkMt9YKfubBziSo4,101914818722206,hcyen,2025-06-29T02:00:00.941000+00:00,"Taiwan, Province of China",121.5731569,25.0806442,0.0
755933900243312,6lYoSFLeAt3Cwrdz8yIkuG,101914818722206,hcyen,2025-06-29T02:00:00.307000+00:00,"Taiwan, Province of China",121.622949,25.0782432,0.0
756301323490338,hI305FTkMt9YKfubBziSo4,101914818722206,hcyen,2025-06-29T02:00:00.964000+00:00,"Taiwan, Province of China",121.5713849,25.0814274,0.0
756698670125158,6lYoSFLeAt3Cwrdz8yIkuG,101914818722206,hcyen,2025-06-29T02:00:00.241000+00:00,"Taiwan, Province of China",121.6198096,25.0746643,0.0
757391819958927,6lYoSFLeAt3Cwrdz8yIkuG,101914818722206,hcyen,2025-06-29T02:00:00.022000+00:00,"Taiwan, Province of China",121.6083877,25.0720662,0.0
758388956760098,6lYoSFLeAt3Cwrdz8yIkuG,101914818722206,hcyen,2025-06-29T02:00:00.361000+00:00,"Taiwan, Province of China",121.6184001,25.0785583,0.0
759274563193601,6lYoSFLeAt3Cwrdz8yIkuG,101914818722206,hcyen,2025-06-29T02:00:00.315000+00:00,"Taiwan, Province of China",121.6224182,25.0785586,0.0
759340836769447,6lYoSFLeAt3Cwrdz8yIkuG,101914818722206,hcyen,2025-06-29T02:00:00.136000+00:00,"Taiwan, Province of China",121.6165072,25.0681153,0.0
759351853090070,6lYoSFLeAt3Cwrdz8yIkuG,101914818722206,hcyen,2025-06-29T02:00:00.295000+00:00,"Taiwan, Province of China",121.6229011,25.0773473,0.0
759554793706739,6lYoSFLeAt3Cwrdz8yIkuG,101914818722206,hcyen,2025-06-29T02:00:00.237000+00:00,"Taiwan, Province of China",121.6197274,25.0743134,0.0
759830263062418,6lYoSFLeAt3Cwrdz8yIkuG,101914818722206,hcyen,2025-06-29T02:00:00.091000+00:00,"Taiwan, Province of China",121.6127139,25.0688046,0.0
761040493343073,6lYoSFLeAt3Cwrdz8yIkuG,101914818722206,hcyen,2025-06-29T02:00:00.094000+00:00,"Taiwan, Province of China",121.6129512,25.0687844,0.0
762173896258341,6lYoSFLeAt3Cwrdz8yIkuG,101914818722206,hcyen,2025-06-29T02:00:00.853000+00:00,"Taiwan, Province of China",121.5803057,25.078551,0.0
762223672902951,6lYoSFLeAt3Cwrdz8yIkuG,101914818722206,hcyen,2025-06-29T02:00:00.819000+00:00,"Taiwan, Province of China",121.5832383,25.0785437,0.0
762608116099727,hI305FTkMt9YKfubBziSo4,101914818722206,hcyen,2025-06-29T02:00:00.998000+00:00,"Taiwan, Province of China",121.5694865,25.0807139,0.0
763715192751076,6lYoSFLeAt3Cwrdz8yIkuG,101914818722206,hcyen,2025-06-29T02:00:00.771000+00:00,"Taiwan, Province of China",121.5873893,25.0787488,0.0
764087322968983,6lYoSFLeAt3Cwrdz8yIkuG,101914818722206,hcyen,2025-06-29T02:00:00.812000+00:00,"Taiwan, Province of China",121.5838732,25.0785293,0.0
764775139383517,6lYoSFLeAt3Cwrdz8yIkuG,101914818722206,hcyen,2025-06-29T02:00:00.349000+00:00,"Taiwan, Province of China",121.6194323,25.0785844,0.0
765572192807912,6lYoSFLeAt3Cwrdz8yIkuG,101914818722206,hcyen,2025-06-29T02:00:00.536000+00:00,"Taiwan, Province of China",121.6049605,25.0830583,0.0
765958942646385,6lYoSFLeAt3Cwrdz8yIkuG,101914818722206,hcyen,2025-06-29T02:00:00.448000+00:00,"Taiwan, Province of China",121.6113386,25.0792141,0.0
767000209326371,6lYoSFLeAt3Cwrdz8yIkuG,101914818722206,hcyen,2025-06-29T02:00:00.905000+00:00,"Taiwan, Province of China",121.5760505,25.079794,0.0
769989678787683,6lYoSFLeAt3Cwrdz8yIkuG,101914818722206,hcyen,2025-06-29T02:00:00.430000+00:00,"Taiwan, Province of China",121.6125835,25.07833,0.0
770437352088397,6lYoSFLeAt3Cwrdz8yIkuG,101914818722206,hcyen,2025-06-29T02:00:00.165000+00:00,"Taiwan, Province of China",121.6184523,25.068778,0.0
774002771711400,6lYoSFLeAt3Cwrdz8yIkuG,101914818722206,hcyen,2025-06-29T02:00:00.333000+00:00,"Taiwan, Province of China",121.6208616,25.0786206,0.0
792486956658245,6lYoSFLeAt3Cwrdz8yIkuG,101914818722206,hcyen,2025-06-29T02:00:00.119000+00:00,"Taiwan, Province of China",121.6150623,25.0685086,0.0
884399327240362,6lYoSFLeAt3Cwrdz8yIkuG,101914818722206,hcyen,2025-06-29T02:00:00.621000+00:00,"Taiwan, Province of China",121.5980676,25.084681,0.0
910081177940942,6lYoSFLeAt3Cwrdz8yIkuG,101914818722206,hcyen,2025-06-29T02:00:00.861000+00:00,"Taiwan, Province of China",121.5795777,25.0785477,0.0
910708387881283,6lYoSFLeAt3Cwrdz8yIkuG,101914818722206,hcyen,2025-06-29T02:00:00.206000+00:00,"Taiwan, Province of China",121.6193263,25.0719728,0.0
923938873197777,6lYoSFLeAt3Cwrdz8yIkuG,101914818722206,hcyen,2025-06-29T02:00:00.499000+00:00,"Taiwan, Province of China",121.6079104,25.0816541,0.0
938557941699729,hI305FTkMt9YKfubBziSo4,101914818722206,hcyen,2025-06-29T02:00:00.956000+00:00,"Taiwan, Province of China",121.571937,25.0811502,0.0
938904331663583,6lYoSFLeAt3Cwrdz8yIkuG,101914818722206,hcyen,2025-06-29T02:00:00.092000+00:00,"Taiwan, Province of China",121.612793,25.068798,0.0
955080769990533,6lYoSFLeAt3Cwrdz8yIkuG,101914818722206,hcyen,2025-06-29T02:00:00.321000+00:00,"Taiwan, Province of China",121.6218938,25.0786468,0.0
966853838767579,6lYoSFLeAt3Cwrdz8yIkuG,101914818722206,hcyen,2025-06-29T02:00:00.557000+00:00,"Taiwan, Province of China",121.6031819,25.0834031,0.0
971723868271502,6lYoSFLeAt3Cwrdz8yIkuG,101914818722206,hcyen,2025-06-29T02:00:00.520000+00:00,"Taiwan, Province of China",121.6062935,25.0823273,0.0
976577627754984,6lYoSFLeAt3Cwrdz8yIkuG,101914818722206,hcyen,2025-06-29T02:00:00.096000+00:00,"Taiwan, Province of China",121.6131099,25.0687788,0.0
977339854347898,6lYoSFLeAt3Cwrdz8yIkuG,101914818722206,hcyen,2025-06-29T02:00:00.554000+00:00,"Taiwan, Province of China",121.6034821,25.0833099,0.0
983193183864653,6lYoSFLeAt3Cwrdz8yIkuG,101914818722206,hcyen,2025-06-29T02:00:00.099000+00:00,"Taiwan, Province of China",121.6134273,25.0687686,0.0
988691996515729,6lYoSFLeAt3Cwrdz8yIkuG,101914818722206,hcyen,2025-06-29T02:00:00.282000+00:00,"Taiwan, Province of China",121.6224879,25.0764892,0.0
994491846093901,6lYoSFLeAt3Cwrdz8yIkuG,101914818722206,hcyen,2025-06-29T02:00:00.855000+00:00,"Taiwan, Province of China",121.5801324,25.0785438,0.0
997386235612835,6lYoSFLeAt3Cwrdz8yIkuG,101914818722206,hcyen,2025-06-29T02:00:00.362000+00:00,"Taiwan, Province of China",121.6183207,25.0785563,0.0
998758875479813,6lYoSFLeAt3Cwrdz8yIkuG,101914818722206,hcyen,2025-06-29T02:00:00.725000+00:00,"Taiwan, Province of China",121.5906951,25.0805113,0.0
1004559178425231,6lYoSFLeAt3Cwrdz8yIkuG,101914818722206,hcyen,2025-06-29T02:00:00.070000+00:00,"Taiwan, Province of China",121.6117298,25.0699444,0.0
1005553635124893,6lYoSFLeAt3Cwrdz8yIkuG,101914818722206,hcyen,2025-06-29T02:00:00.609000+00:00,"Taiwan, Province of China",121.5990959,25.0847365,0.0
1005679651646464,6lYoSFLeAt3Cwrdz8yIkuG,101914818722206,hcyen,2025-06-29T02:00:00.260000+00:00,"Taiwan, Province of China",121.6207121,25.0758944,0.0
1007448304799960,6lYoSFLeAt3Cwrdz8yIkuG,101914818722206,hcyen,2025-06-29T02:00:00.373000+00:00,"Taiwan, Province of China",121.6173679,25.0785321,0.0
1007804411530019,6lYoSFLeAt3Cwrdz8yIkuG,101914818722206,hcyen,2025-06-29T02:00:00.100000+00:00,"Taiwan, Province of China",121.6135067,25.0687668,0.0
1008352704705630,6lYoSFLeAt3Cwrdz8yIkuG,101914818722206,hcyen,2025-06-29T02:00:00.718000+00:00,"Taiwan, Province of China",121.5910459,25.0808988,0.0
1009192114715527,6lYoSFLeAt3Cwrdz8yIkuG,101914818722206,hcyen,2025-06-29T02:00:00.464000+00:00,"Taiwan, Province of China",121.610298,25.0799935,0.0
1011099600849002,6lYoSFLeAt3Cwrdz8yIkuG,101914818722206,hcyen,2025-06-29T02:00:00.382000+00:00,"Taiwan, Province of China",121.6165878,25.0784404,0.0
1011152954517573,6lYoSFLeAt3Cwrdz8yIkuG,101914818722206,hcyen,2025-06-29T02:00:00.813000+00:00,"Taiwan, Province of China",121.5837939,25.0785332,0.0
1011313837498696,6lYoSFLeAt3Cwrdz8yIkuG,101914818722206,hcyen,2025-06-29T02:00:00.735000+00:00,"Taiwan, Province of China",121.5901104,25.0799299,0.0
1013396223950650,6lYoSFLeAt3Cwrdz8yIkuG,101914818722206,hcyen,2025-06-29T02:00:00.077000+00:00,"Taiwan, Province of China",121.6120057,25.0694322,0.0
1013626690574830,6lYoSFLeAt3Cwrdz8yIkuG,101914818722206,hcyen,2025-06-29T02:00:00.331000+00:00,"Taiwan, Province of China",121.6210204,25.0786247,0.0
1014255474222411,6lYoSFLeAt3Cwrdz8yIkuG,101914818722206,hcyen,2025-06-29T02:00:00.510000+00:00,"Taiwan, Province of China",121.6070098,25.0819358,0.0
1016652443629202,6lYoSFLeAt3Cwrdz8yIkuG,101914818722206,hcyen,2025-06-29T02:00:00.632000+00:00,"Taiwan, Province of China",121.597119,25.0846137,0.0
1017372433889497,6lYoSFLeAt3Cwrdz8yIkuG,101914818722206,hcyen,2025-06-29T02:00:00.789000+00:00,"Taiwan, Province of China",121.5858126,25.0786384,0.0
1018716017102629,6lYoSFLeAt3Cwrdz8yIkuG,101914818722206,hcyen,2025-06-29T02:00:00.915000+00:00,"Taiwan, Province of China",121.5752739,25.0801458,0.0
1020437633219579,6lYoSFLeAt3Cwrdz8yIkuG,101914818722206,hcyen,2025-06-29T02:00:00.771000+00:00,"Taiwan, Province of China",121.5873118,25.0787331,0.0
1020957973396746,6lYoSFLeAt3Cwrdz8yIkuG,101914818722206,hcyen,2025-06-29T02:00:00.041000+00:00,"Taiwan, Province of China",121.609773,25.0713776,0.0
1021440433107629,6lYoSFLeAt3Cwrdz8yIkuG,101914818722206,hcyen,2025-06-29T02:00:00.761000+00:00,"Taiwan, Province of China",121.5881615,25.0789101,0.0
1021702263284466,6lYoSFLeAt3Cwrdz8yIkuG,101914818722206,hcyen,2025-06-29T02:00:00.326000+00:00,"Taiwan, Province of China",121.6214174,25.0786347,0.0
1023440972977533,6lYoSFLeAt3Cwrdz8yIkuG,101914818722206,hcyen,2025-06-29T02:00:00.066000+00:00,"Taiwan, Province of China",121.6115641,25.0701893,0.0
1025448759354548,6lYoSFLeAt3Cwrdz8yIkuG,101914818722206,hcyen,2025-06-29T02:00:00.004000+00:00,"Taiwan, Province of China",121.606936,25.0726076,0.0
1025613716307044,6lYoSFLeAt3Cwrdz8yIkuG,101914818722206,hcyen,2025-06-29T02:00:00.788000+00:00,"Taiwan, Province of China",121.5858921,25.078639,0.0
1025839169589597,6lYoSFLeAt3Cwrdz8yIkuG,101914818722206,hcyen,2025-06-29T02:00:00.696000+00:00,"Taiwan, Province of China",121.5923168,25.0821795,0.0
1026435212940624,6lYoSFLeAt3Cwrdz8yIkuG,101914818722206,hcyen,2025-06-29T02:00:00.427000+00:00,"Taiwan, Province of China",121.612808,25.0782578,0.0
1028754206039239,6lYoSFLeAt3Cwrdz8yIkuG,101914818722206,hcyen,2025-06-29T02:00:00.232000+00:00,"Taiwan, Province of China",121.6196472,25.0739615,0.0
1030675182468502,6lYoSFLeAt3Cwrdz8yIkuG,101914818722206,hcyen,2025-06-29T02:00:00.211000+00:00,"Taiwan, Province of China",121.6193725,25.0723299,0.0
1030713722144875,6lYoSFLeAt3Cwrdz8yIkuG,101914818722206,hcyen,2025-06-29T02:00:00.140000+00:00,"Taiwan, Province of China",121.6168107,25.0680305,0.0
1031068135887086,6lYoSFLeAt3Cwrdz8yIkuG,101914818722206,hcyen,2025-06-29T02:00:00.018000+00:00,"Taiwan, Province of China",121.6080141,25.0721858,0.0
1031577695758707,6lYoSFLeAt3Cwrdz8yIkuG,101914818722206,hcyen,2025-06-29T02:00:00.492000+00:00,"Taiwan, Province of China",121.6083926,25.0814061,0.0
1032035822433813,6lYoSFLeAt3Cwrdz8yIkuG,101914818722206,hcyen,2025-06-29T02:00:00.193000+00:00,"Taiwan, Province of China",121.6191449,25.070909,0.0
1032270019031544,6lYoSFLeAt3Cwrdz8yIkuG,101914818722206,hcyen,2025-06-29T02:00:00.184000+00:00,"Taiwan, Province of China",121.6189958,25.0701255,0.0
1032497625755415,6lYoSFLeAt3Cwrdz8yIkuG,101914818722206,hcyen,2025-06-29T02:00:00.760000+00:00,"Taiwan, Province of China",121.5883077,25.0789655,0.0
1033364648912205,6lYoSFLeAt3Cwrdz8yIkuG,101914818722206,hcyen,2025-06-29T02:00:00.411000+00:00,"Taiwan, Province of China",121.6141939,25.0779827,0.0
1034472058772425,6lYoSFLeAt3Cwrdz8yIkuG,101914818722206,hcyen,2025-06-29T02:00:00.126000+00:00,"Taiwan, Province of China",121.6156726,25.0683487,0.0
1034996392083110,6lYoSFLeAt3Cwrdz8yIkuG,101914818722206,hcyen,2025-06-29T02:00:00.797000+00:00,"Taiwan, Province of China",121.5851016,25.0786084,0.0
1035059515481640,6lYoSFLeAt3Cwrdz8yIkuG,101914818722206,hcyen,2025-06-29T02:00:00.739000+00:00,"Taiwan, Province of China",121.5898861,25.079734,0.0
1035633782075116,6lYoSFLeAt3Cwrdz8yIkuG,101914818722206,hcyen,2025-06-29T02:00:00.058000+00:00,"Taiwan, Province of China",121.6110027,25.070589,0.0
1035840395283765,6lYoSFLeAt3Cwrdz8yIkuG,101914818722206,hcyen,2025-06-29T02:00:00.793000+00:00,"Taiwan, Province of China",121.5854985,25.0785988,0.0
1037320915259363,6lYoSFLeAt3Cwrdz8yIkuG,101914818722206,hcyen,2025-06-29T02:00:00.781000+00:00,"Taiwan, Province of China",121.5865266,25.0786357,0.0
1037535905156164,6lYoSFLeAt3Cwrdz8yIkuG,101914818722206,hcyen,2025-06-29T02:00:00.069000+00:00,"Taiwan, Province of China",121.611687,25.070005,0.0
1037662948488446,6lYoSFLeAt3Cwrdz8yIkuG,101914818722206,hcyen,2025-06-29T02:00:00.101000+00:00,"Taiwan, Province of China",121.6135861,25.0687667,0.0
1039172454950572,6lYoSFLeAt3Cwrdz8yIkuG,101914818722206,hcyen,2025-06-29T02:00:00.613000+00:00,"Taiwan, Province of China",121.5987809,25.0847073,0.0
1040153318206165,6lYoSFLeAt3Cwrdz8yIkuG,101914818722206,hcyen,2025-06-29T02:00:00.782000+00:00,"Taiwan, Province of China",121.5863684,25.0786266,0.0
1041013624889156,6lYoSFLeAt3Cwrdz8yIkuG,101914818722206,hcyen,2025-06-29T02:00:00.258000+00:00,"Taiwan, Province of China",121.6205329,25.0757533,0.0
1042687624657816,6lYoSFLeAt3Cwrdz8yIkuG,101914818722206,hcyen,2025-06-29T02:00:00.715000+00:00,"Taiwan, Province of China",121.5912628,25.0811084,0.0
1043255217997157,6lYoSFLeAt3Cwrdz8yIkuG,101914818722206,hcyen,2025-06-29T02:00:00.145000+00:00,"Taiwan, Province of China",121.6172708,25.0679382,0.0
1043568967899566,hI305FTkMt9YKfubBziSo4,101914818722206,hcyen,2025-06-29T02:00:00.948000+00:00,"Taiwan, Province of China",121.5725682,25.0808544,0.0
1044507581143744,hI305FTkMt9YKfubBziSo4,101914818722206,hcyen,2025-06-29T02:00:00.989000+00:00,"Taiwan, Province of China",121.5702085,25.0804258,0.0
1045086787712484,6lYoSFLeAt3Cwrdz8yIkuG,101914818722206,hcyen,2025-06-29T02:00:00.144000+00:00,"Taiwan, Province of China",121.6171914,25.0679376,0.0
1045434551129961,6lYoSFLeAt3Cwrdz8yIkuG,101914818722206,hcyen,2025-06-29T02:00:00.468000+00:00,"Taiwan, Province of China",121.6099919,25.0802228,0.0
1045525014382385,6lYoSFLeAt3Cwrdz8yIkuG,101914818722206,hcyen,2025-06-29T02:00:00.199000+00:00,"Taiwan, Province of China",121.6192479,25.0714032,0.0
1045558371024548,6lYoSFLeAt3Cwrdz8yIkuG,101914818722206,hcyen,2025-06-29T02:00:00.214000+00:00,"Taiwan, Province of China",121.6194034,25.072544,0.0
1046608047595273,6lYoSFLeAt3Cwrdz8yIkuG,101914818722206,hcyen,2025-06-29T02:00:00.098000+00:00,"Taiwan, Province of China",121.6133481,25.0687742,0.0
1046670714257077,6lYoSFLeAt3Cwrdz8yIkuG,101914818722206,hcyen,2025-06-29T02:00:00.181000+00:00,"Taiwan, Province of China",121.6189252,25.0699195,0.0
1047830027331015,6lYoSFLeAt3Cwrdz8yIkuG,101914818722206,hcyen,2025-06-29T02:00:00.717000+00:00,"Taiwan, Province of China",121.5911514,25.0810063,0.0
1048795824025146,6lYoSFLeAt3Cwrdz8yIkuG,101914818722206,hcyen,2025-06-29T02:00:00.737000+00:00,"Taiwan, Province of China",121.5900138,25.0798178,0.0
1048983930634099,6lYoSFLeAt3Cwrdz8yIkuG,101914818722206,hcyen,2025-06-29T02:00:00.409000+00:00,"Taiwan, Province of China",121.6143527,25.0779818,0.0
1049346117294865,6lYoSFLeAt3Cwrdz8yIkuG,101914818722206,hcyen,2025-06-29T02:00:00.012000+00:00,"Taiwan, Province of China",121.607574,25.0723423,0.0
1049590430651490,6lYoSFLeAt3Cwrdz8yIkuG,101914818722206,hcyen,2025-06-29T02:00:00.738000+00:00,"Taiwan, Province of China",121.5899514,25.0797745,0.0
1049871570614449,6lYoSFLeAt3Cwrdz8yIkuG,101914818722206,hcyen,2025-06-29T02:00:00.381000+00:00,"Taiwan, Province of China",121.6166622,25.0784657,0.0
1050330153736965,hI305FTkMt9YKfubBziSo4,101914818722206,hcyen,2025-06-29T02:00:00.928000+00:00,"Taiwan, Province of China",121.5742418,25.080492,0.0
1052363907020054,6lYoSFLeAt3Cwrdz8yIkuG,101914818722206,hcyen,2025-06-29T02:00:00.889000+00:00,"Taiwan, Province of China",121.5773554,25.0792737,0.0
1053531246954951,6lYoSFLeAt3Cwrdz8yIkuG,101914818722206,hcyen,2025-06-29T02:00:00.158000+00:00,"Taiwan, Province of China",121.6182303,25.0682404,0.0
1053823079698518,6lYoSFLeAt3Cwrdz8yIkuG,101914818722206,hcyen,2025-06-29T02:00:00.830000+00:00,"Taiwan, Province of China",121.582288,25.0785395,0.0
1053838930175822,6lYoSFLeAt3Cwrdz8yIkuG,101914818722206,hcyen,2025-06-29T02:00:00.777000+00:00,"Taiwan, Province of China",121.5868437,25.0786528,0.0
1054082836832418,6lYoSFLeAt3Cwrdz8yIkuG,101914818722206,hcyen,2025-06-29T02:00:00.265000+00:00,"Taiwan, Province of China",121.6210562,25.0760715,0.0
1055653372817364,hI305FTkMt9YKfubBziSo4,101914818722206,hcyen,2025-06-29T02:00:00.968000+00:00,"Taiwan, Province of China",121.5710219,25.0815316,0.0
1056503009391472,hI305FTkMt9YKfubBziSo4,101914818722206,hcyen,2025-06-29T02:00:00.984000+00:00,"Taiwan, Province of China",121.5704112,25.0805676,0.0
1056999116524924,6lYoSFLeAt3Cwrdz8yIkuG,101914818722206,hcyen,2025-06-29T02:00:00.312000+00:00,"Taiwan, Province of China",121.622612,25.0784331,0.0
1057283565981076,6lYoSFLeAt3Cwrdz8yIkuG,101914818722206,hcyen,2025-06-29T02:00:00.729000+00:00,"Taiwan, Province of China",121.5904131,25.080258,0.0
1058156403116595,6lYoSFLeAt3Cwrdz8yIkuG,101914818722206,hcyen,2025-06-29T02:00:00.838000+00:00,"Taiwan, Province of China",121.5815736,25.0785322,0.0
1058292336270962,6lYoSFLeAt3Cwrdz8yIkuG,101914818722206,hcyen,2025-06-29T02:00:00.834000+00:00,"Taiwan, Province of China",121.5819705,25.078531,0.0
1058329709198537,6lYoSFLeAt3Cwrdz8yIkuG,101914818722206,hcyen,2025-06-29T02:00:00.576000+00:00,"Taiwan, Province of China",121.6018371,25.0842654,0.0
1058452509161155,6lYoSFLeAt3Cwrdz8yIkuG,101914818722206,hcyen,2025-06-29T02:00:00.152000+00:00,"Taiwan, Province of China",121.6178843,25.0679556,0.0
1058871535833615,6lYoSFLeAt3Cwrdz8yIkuG,101914818722206,hcyen,2025-06-29T02:00:00.591000+00:00,"Taiwan, Province of China",121.600649,25.0846533,0.0
1059364335721319,6lYoSFLeAt3Cwrdz8yIkuG,101914818722206,hcyen,2025-06-29T02:00:00.305000+00:00,"Taiwan, Province of China",121.623035,25.0781255,0.0
1059514679073168,6lYoSFLeAt3Cwrdz8yIkuG,101914818722206,hcyen,2025-06-29T02:00:00.314000+00:00,"Taiwan, Province of China",121.622483,25.0785171,0.0
1061589108835132,6lYoSFLeAt3Cwrdz8yIkuG,101914818722206,hcyen,2025-06-29T02:00:00.388000+00:00,"Taiwan, Province of China",121.6161348,25.0783062,0.0
1061640312606731,6lYoSFLeAt3Cwrdz8yIkuG,101914818722206,hcyen,2025-06-29T02:00:00.340000+00:00,"Taiwan, Province of China",121.6202264,25.0786045,0.0
1061854668804555,6lYoSFLeAt3Cwrdz8yIkuG,101914818722206,hcyen,2025-06-29T02:00:00.705000+00:00,"Taiwan, Province of China",121.5918432,25.0816947,0.0
1061926505452632,6lYoSFLeAt3Cwrdz8yIkuG,101914818722206,hcyen,2025-06-29T02:00:00.644000+00:00,"Taiwan, Province of China",121.5961111,25.084428,0.0
1062574258712386,6lYoSFLeAt3Cwrdz8yIkuG,101914818722206,hcyen,2025-06-29T02:00:00.010000+00:00,"Taiwan, Province of China",121.6073534,25.072423,0.0
1062901465360418,6lYoSFLeAt3Cwrdz8yIkuG,101914818722206,hcyen,2025-06-29T02:00:00.323000+00:00,"Taiwan, Province of China",121.6218144,25.0786448,0.0
1063249835288658,6lYoSFLeAt3Cwrdz8yIkuG,101914818722206,hcyen,2025-06-29T02:00:00.286000+00:00,"Taiwan, Province of China",121.622747,25.0766522,0.0
1063654995327327,hI305FTkMt9YKfubBziSo4,101914818722206,hcyen,2025-06-29T02:00:00.923000+00:00,"Taiwan, Province of China",121.5746293,25.080418,0.0
1063800942519264,6lYoSFLeAt3Cwrdz8yIkuG,101914818722206,hcyen,2025-06-29T02:00:00.026000+00:00,"Taiwan, Province of China",121.6086855,25.0719663,0.0
1063898298534912,6lYoSFLeAt3Cwrdz8yIkuG,101914818722206,hcyen,2025-06-29T02:00:00.787000+00:00,"Taiwan, Province of China",121.5859715,25.078638,0.0
1065866265495538,6lYoSFLeAt3Cwrdz8yIkuG,101914818722206,hcyen,2025-06-29T02:00:00.030000+00:00,"Taiwan, Province of China",121.6089669,25.0718327,0.0
1066874134976476,6lYoSFLeAt3Cwrdz8yIkuG,101914818722206,hcyen,2025-06-29T02:00:00.147000+00:00,"Taiwan, Province of China",121.6174275,25.0679167,0.0
1067480191557352,6lYoSFLeAt3Cwrdz8yIkuG,101914818722206,hcyen,2025-06-29T02:00:00.262000+00:00,"Taiwan, Province of China",121.6208425,25.0759765,0.0
1067571991996564,6lYoSFLeAt3Cwrdz8yIkuG,101914818722206,hcyen,2025-06-29T02:00:00.114000+00:00,"Taiwan, Province of China",121.6146793,25.0685996,0.0
1067969758759373,6lYoSFLeAt3Cwrdz8yIkuG,101914818722206,hcyen,2025-06-29T02:00:00.500000+00:00,"Taiwan, Province of China",121.6078357,25.0816786,0.0
1068022541956057,6lYoSFLeAt3Cwrdz8yIkuG,101914818722206,hcyen,2025-06-29T02:00:00.709000+00:00,"Taiwan, Province of China",121.5916075,25.0814069,0.0
1068504097990910,6lYoSFLeAt3Cwrdz8yIkuG,101914818722206,hcyen,2025-06-29T02:00:00.456000+00:00,"Taiwan, Province of China",121.6107877,25.0796267,0.0
1068970948518680,6lYoSFLeAt3Cwrdz8yIkuG,101914818722206,hcyen,2025-06-29T02:00:00.344000+00:00,"Taiwan, Province of China",121.6199088,25.0785965,0.0
1069064481260532,6lYoSFLeAt3Cwrdz8yIkuG,101914818722206,hcyen,2025-06-29T02:00:00.732000+00:00,"Taiwan, Province of China",121.5902478,25.0801026,0.0
1069262605168253,6lYoSFLeAt3Cwrdz8yIkuG,101914818722206,hcyen,2025-06-29T02:00:00.528000+00:00,"Taiwan, Province of China",121.6058015,25.0827917,0.0
1069875261903306,6lYoSFLeAt3Cwrdz8yIkuG,101914818722206,hcyen,2025-06-29T02:00:00.261000+00:00,"Taiwan, Province of China",121.6207763,25.0759367,0.0
1070396331772563,6lYoSFLeAt3Cwrdz8yIkuG,101914818722206,hcyen,2025-06-29T02:00:00.490000+00:00,"Taiwan, Province of China",121.6085196,25.0813196,0.0
1071840041565070,6lYoSFLeAt3Cwrdz8yIkuG,101914818722206,hcyen,2025-06-29T02:00:00.555000+00:00,"Taiwan, Province of China",121.6033299,25.083351,0.0
1071871621706239,hI305FTkMt9YKfubBziSo4,101914818722206,hcyen,2025-06-29T02:00:00.926000+00:00,"Taiwan, Province of China",121.5743939,25.0804505,0.0
1071981617669218,6lYoSFLeAt3Cwrdz8yIkuG,101914818722206,hcyen,2025-06-29T02:00:00.161000+00:00,"Taiwan, Province of China",121.6183212,25.0684397,0.0
1072887801573115,6lYoSFLeAt3Cwrdz8yIkuG,101914818722206,hcyen,2025-06-29T02:00:00.912000+00:00,"Taiwan, Province of China",121.5755616,25.0800243,0.0
1072980534761253,6lYoSFLeAt3Cwrdz8yIkuG,101914818722206,hcyen,2025-06-29T02:00:00.571000+00:00,"Taiwan, Province of China",121.6022332,25.0840278,0.0
1073877504686931,6lYoSFLeAt3Cwrdz8yIkuG,101914818722206,hcyen,2025-06-29T02:00:00.477000+00:00,"Taiwan, Province of China",121.609441,25.0806354,0.0
1073944480738095,6lYoSFLeAt3Cwrdz8yIkuG,101914818722206,hcyen,2025-06-29T02:00:00.042000+00:00,"Taiwan, Province of China",121.6098382,25.0713365,0.0
1074071934678738,6lYoSFLeAt3Cwrdz8yIkuG,101914818722206,hcyen,2025-06-29T02:00:00.217000+00:00,"Taiwan, Province of China",121.6194487,25.0728286,0.0
1074220317381836,6lYoSFLeAt3Cwrdz8yIkuG,101914818722206,hcyen,2025-06-29T02:00:00.197000+00:00,"Taiwan, Province of China",121.6192254,25.0712608,0.0
1074375914789549,6lYoSFLeAt3Cwrdz8yIkuG,101914818722206,hcyen,2025-06-29T02:00:00.167000+00:00,"Taiwan, Province of China",121.6185058,25.0689135,0.0
1074822641409471,6lYoSFLeAt3Cwrdz8yIkuG,101914818722206,hcyen,2025-06-29T02:00:00.253000+00:00,"Taiwan, Province of China",121.6202604,25.0754925,0.0
1076002187190492,6lYoSFLeAt3Cwrdz8yIkuG,101914818722206,hcyen,2025-06-29T02:00:00.190000+00:00,"Taiwan, Province of China",121.6191177,25.0706951,0.0
1076131131108254,6lYoSFLeAt3Cwrdz8yIkuG,101914818722206,hcyen,2025-06-29T02:00:00.655000+00:00,"Taiwan, Province of China",121.5951914,25.0842095,0.0
1077099423862254,6lYoSFLeAt3Cwrdz8yIkuG,101914818722206,hcyen,2025-06-29T02:00:00.615000+00:00,"Taiwan, Province of China",121.5986229,25.0846929,0.0
1077304427610498,6lYoSFLeAt3Cwrdz8yIkuG,101914818722206,hcyen,2025-06-29T02:00:00.608000+00:00,"Taiwan, Province of China",121.5991746,25.0847456,0.0
1077783010903646,6lYoSFLeAt3Cwrdz8yIkuG,101914818722206,hcyen,2025-06-29T02:00:00.876000+00:00,"Taiwan, Province of China",121.5783652,25.0788529,0.0
1078391423876954,6lYoSFLeAt3Cwrdz8yIkuG,101914818722206,hcyen,2025-06-29T02:00:00.146000+00:00,"Taiwan, Province of China",121.61735,25.0679324,0.0
1079836867399629,6lYoSFLeAt3Cwrdz8yIkuG,101914818722206,hcyen,2025-06-29T02:00:00.677000+00:00,"Taiwan, Province of China",121.5935993,25.0832994,0.0
1079910797385364,6lYoSFLeAt3Cwrdz8yIkuG,101914818722206,hcyen,2025-06-29T02:00:00.110000+00:00,"Taiwan, Province of China",121.6143701,25.0686652,0.0
1081354037242623,6lYoSFLeAt3Cwrdz8yIkuG,101914818722206,hcyen,2025-06-29T02:00:00.024000+00:00,"Taiwan, Province of China",121.6085372,25.0720175,0.0
1082298180464827,6lYoSFLeAt3Cwrdz8yIkuG,101914818722206,hcyen,2025-06-29T02:00:00.908000+00:00,"Taiwan, Province of China",121.5758306,25.0798785,0.0
1082324357163727,6lYoSFLeAt3Cwrdz8yIkuG,101914818722206,hcyen,2025-06-29T02:00:00.207000+00:00,"Taiwan, Province of China",121.6193326,25.0720445,0.0
1084612890234666,6lYoSFLeAt3Cwrdz8yIkuG,101914818722206,hcyen,2025-06-29T02:00:00.786000+00:00,"Taiwan, Province of China",121.5860509,25.0786358,0.0
1085138960180288,6lYoSFLeAt3Cwrdz8yIkuG,101914818722206,hcyen,2025-06-29T02:00:00.782000+00:00,"Taiwan, Province of China",121.5864478,25.0786262,0.0
1085535360124592,6lYoSFLeAt3Cwrdz8yIkuG,101914818722206,hcyen,2025-06-29T02:00:00.252000+00:00,"Taiwan, Province of China",121.6202028,25.0754435,0.0
1086558706655309,hI305FTkMt9YKfubBziSo4,101914818722206,hcyen,2025-06-29T02:00:00.925000+00:00,"Taiwan, Province of China",121.574472,25.0804375,0.0
1087382923320622,6lYoSFLeAt3Cwrdz8yIkuG,101914818722206,hcyen,2025-06-29T02:00:00.660000+00:00,"Taiwan, Province of China",121.5948592,25.0840151,0.0
1089409826474463,6lYoSFLeAt3Cwrdz8yIkuG,101914818722206,hcyen,2025-06-29T02:00:00.164000+00:00,"Taiwan, Province of China",121.6184196,25.0687124,0.0
1090289196351068,6lYoSFLeAt3Cwrdz8yIkuG,101914818722206,hcyen,2025-06-29T02:00:00.616000+00:00,"Taiwan, Province of China",121.5985435,25.0846957,0.0
1090776636274646,6lYoSFLeAt3Cwrdz8yIkuG,101914818722206,hcyen,2025-06-29T02:00:00.822000+00:00,"Taiwan, Province of China",121.5830005,25.0785497,0.0
1091451576251023,6lYoSFLeAt3Cwrdz8yIkuG,101914818722206,hcyen,2025-06-29T02:00:00.171000+00:00,"Taiwan, Province of China",121.618604,25.069187,0.0
1091545696156252,6lYoSFLeAt3Cwrdz8yIkuG,101914818722206,hcyen,2025-06-29T02:00:00.109000+00:00,"Taiwan, Province of China",121.6142922,25.0686791,0.0
1094013112596872,6lYoSFLeAt3Cwrdz8yIkuG,101914818722206,hcyen,2025-06-29T02:00:00.547000+00:00,"Taiwan, Province of China",121.6040187,25.0831814,0.0
1094197245896464,6lYoSFLeAt3Cwrdz8yIkuG,101914818722206,hcyen,2025-06-29T02:00:00.767000+00:00,"Taiwan, Province of China",121.5876945,25.0788285,0.0
1094511699252187,6lYoSFLeAt3Cwrdz8yIkuG,101914818722206,hcyen,2025-06-29T02:00:00.337000+00:00,"Taiwan, Province of China",121.6204646,25.0786111,0.0
1095334535828444,6lYoSFLeAt3Cwrdz8yIkuG,101914818722206,hcyen,2025-06-29T02:00:00.274000+00:00,"Taiwan, Province of China",121.6218005,25.076319,0.0
1097835668830693,6lYoSFLeAt3Cwrdz8yIkuG,101914818722206,hcyen,2025-06-29T02:00:00.488000+00:00,"Taiwan, Province of China",121.6087064,25.0811856,0.0
1098238532151411,6lYoSFLeAt3Cwrdz8yIkuG,101914818722206,hcyen,2025-06-29T02:00:00.898000+00:00,"Taiwan, Province of China",121.5766253,25.0795516,0.0
1098740572112366,6lYoSFLeAt3Cwrdz8yIkuG,101914818722206,hcyen,2025-06-29T02:00:00.741000+00:00,"Taiwan, Province of China",121.5896996,25.0796,0.0
1099433078911361,6lYoSFLeAt3Cwrdz8yIkuG,101914818722206,hcyen,2025-06-29T02:00:00.454000+00:00,"Taiwan, Province of China",121.6109714,25.0794892,0.0
1099960952224972,6lYoSFLeAt3Cwrdz8yIkuG,101914818722206,hcyen,2025-06-29T02:00:00.290000+00:00,"Taiwan, Province of China",121.6228215,25.0769221,0.0
1100479451955407,hI305FTkMt9YKfubBziSo4,101914818722206,hcyen,2025-06-29T02:00:00.960000+00:00,"Taiwan, Province of China",121.5716532,25.081276,0.0
1101121655199539,6lYoSFLeAt3Cwrdz8yIkuG,101914818722206,hcyen,2025-06-29T02:00:00.053000+00:00,"Taiwan, Province of China",121.6106194,25.0708443,0.0
1101885688501484,6lYoSFLeAt3Cwrdz8yIkuG,101914818722206,hcyen,2025-06-29T02:00:00.200000+00:00,"Taiwan, Province of China",121.6192573,25.0714746,0.0
1104164191531402,6lYoSFLeAt3Cwrdz8yIkuG,101914818722206,hcyen,2025-06-29T02:00:00.750000+00:00,"Taiwan, Province of China",121.5891269,25.079232,0.0
1110889004290748,6lYoSFLeAt3Cwrdz8yIkuG,101914818722206,hcyen,2025-06-29T02:00:00.743000+00:00,"Taiwan, Province of China",121.5895891,25.0794976,0.0
1111255614240457,6lYoSFLeAt3Cwrdz8yIkuG,101914818722206,hcyen,2025-06-29T02:00:00.578000+00:00,"Taiwan, Province of China",121.6016976,25.0843339,0.0
1111343347709087,6lYoSFLeAt3Cwrdz8yIkuG,101914818722206,hcyen,2025-06-29T02:00:00.169000+00:00,"Taiwan, Province of China",121.618556,25.0690499,0.0
1111367384381435,6lYoSFLeAt3Cwrdz8yIkuG,101914818722206,hcyen,2025-06-29T02:00:00.498000+00:00,"Taiwan, Province of China",121.6079828,25.0816245,0.0
1111577517469942,6lYoSFLeAt3Cwrdz8yIkuG,101914818722206,hcyen,2025-06-29T02:00:00.678000+00:00,"Taiwan, Province of China",121.5934176,25.0831988,0.0
1113863224094553,6lYoSFLeAt3Cwrdz8yIkuG,101914818722206,hcyen,2025-06-29T02:00:00.304000+00:00,"Taiwan, Province of China",121.6230371,25.0779827,0.0
1115968577041623,hI305FTkMt9YKfubBziSo4,101914818722206,hcyen,2025-06-29T02:00:00.952000+00:00,"Taiwan, Province of China",121.5722805,25.0809705,0.0
1116077663911226,6lYoSFLeAt3Cwrdz8yIkuG,101914818722206,hcyen,2025-06-29T02:00:00.545000+00:00,"Taiwan, Province of China",121.6041757,25.0831602,0.0
1118845280064901,6lYoSFLeAt3Cwrdz8yIkuG,101914818722206,hcyen,2025-06-29T02:00:00.572000+00:00,"Taiwan, Province of China",121.6021639,25.0840629,0.0
1118920203406312,6lYoSFLeAt3Cwrdz8yIkuG,101914818722206,hcyen,2025-06-29T02:00:00.675000+00:00,"Taiwan, Province of China",121.59375,25.0833437,0.0
1119553256734666,6lYoSFLeAt3Cwrdz8yIkuG,101914818722206,hcyen,2025-06-29T02:00:00.579000+00:00,"Taiwan, Province of China",121.6016282,25.0843689,0.0
1121546479995152,6lYoSFLeAt3Cwrdz8yIkuG,101914818722206,hcyen,2025-06-29T02:00:00.839000+00:00,"Taiwan, Province of China",121.5814943,25.0785369,0.0
1122737203247382,hI305FTkMt9YKfubBziSo4,101914818722206,hcyen,2025-06-29T02:00:00.996000+00:00,"Taiwan, Province of China",121.56963,25.0806602,0.0
1123628936332600,6lYoSFLeAt3Cwrdz8yIkuG,101914818722206,hcyen,2025-06-29T02:00:00.674000+00:00,"Taiwan, Province of China",121.5938215,25.0833748,0.0
1123813269596250,hI305FTkMt9YKfubBziSo4,101914818722206,hcyen,2025-06-29T02:00:00.934000+00:00,"Taiwan, Province of China",121.5737797,25.0805603,0.0
1126297246188596,6lYoSFLeAt3Cwrdz8yIkuG,101914818722206,hcyen,2025-06-29T02:00:00.624000+00:00,"Taiwan, Province of China",121.5978295,25.0846808,0.0
1126394262855711,6lYoSFLeAt3Cwrdz8yIkuG,101914818722206,hcyen,2025-06-29T02:00:00.209000+00:00,"Taiwan, Province of China",121.6193514,25.0721873,0.0
1129529425888871,6lYoSFLeAt3Cwrdz8yIkuG,101914818722206,hcyen,2025-06-29T02:00:00.618000+00:00,"Taiwan, Province of China",121.5983849,25.0846895,0.0
1134234618725036,6lYoSFLeAt3Cwrdz8yIkuG,101914818722206,hcyen,2025-06-29T02:00:00.597000+00:00,"Taiwan, Province of China",121.6001992,25.084694,0.0
1135929535031066,hI305FTkMt9YKfubBziSo4,101914818722206,hcyen,2025-06-29T02:00:00.949000+00:00,"Taiwan, Province of China",121.5724917,25.0808734,0.0
1139266894804615,6lYoSFLeAt3Cwrdz8yIkuG,101914818722206,hcyen,2025-06-29T02:00:00.690000+00:00,"Taiwan, Province of China",121.5926958,25.0825458,0.0
1143551937801216,6lYoSFLeAt3Cwrdz8yIkuG,101914818722206,hcyen,2025-06-29T02:00:00.589000+00:00,"Taiwan, Province of China",121.6008046,25.0846256,0.0
1143916094420519,6lYoSFLeAt3Cwrdz8yIkuG,101914818722206,hcyen,2025-06-29T02:00:00.242000+00:00,"Taiwan, Province of China",121.619839,25.0747311,0.0
1144587241047343,6lYoSFLeAt3Cwrdz8yIkuG,101914818722206,hcyen,2025-06-29T02:00:00.257000+00:00,"Taiwan, Province of China",121.6204808,25.0756991,0.0
1148719653956785,6lYoSFLeAt3Cwrdz8yIkuG,101914818722206,hcyen,2025-06-29T02:00:00.629000+00:00,"Taiwan, Province of China",121.5974352,25.0846417,0.0
1148743703679951,6lYoSFLeAt3Cwrdz8yIkuG,101914818722206,hcyen,2025-06-29T02:00:00.428000+00:00,"Taiwan, Province of China",121.612733,25.0782814,0.0
1150581650164871,6lYoSFLeAt3Cwrdz8yIkuG,101914818722206,hcyen,2025-06-29T02:00:00.112000+00:00,"Taiwan, Province of China",121.6145256,25.0686355,0.0
1150622876826923,6lYoSFLeAt3Cwrdz8yIkuG,101914818722206,hcyen,2025-06-29T02:00:00.019000+00:00,"Taiwan, Province of China",121.6080906,25.0721666,0.0
1154027343153634,6lYoSFLeAt3Cwrdz8yIkuG,101914818722206,hcyen,2025-06-29T02:00:00.473000+00:00,"Taiwan, Province of China",121.6096859,25.080452,0.0
1158792946077724,6lYoSFLeAt3Cwrdz8yIkuG,101914818722206,hcyen,2025-06-29T02:00:00.504000+00:00,"Taiwan, Province of China",121.6074622,25.0818006,0.0
1159120572695989,6lYoSFLeAt3Cwrdz8yIkuG,101914818722206,hcyen,2025-06-29T02:00:00.366000+00:00,"Taiwan, Province of China",121.6180031,25.0785482,0.0
1165225528967654,6lYoSFLeAt3Cwrdz8yIkuG,101914818722206,hcyen,2025-06-29T02:00:00.815000+00:00,"Taiwan, Province of China",121.5836353,25.0785411,0.0
1167742851823563,6lYoSFLeAt3Cwrdz8yIkuG,101914818722206,hcyen,2025-06-29T02:00:00.268000+00:00,"Taiwan, Province of China",121.6212851,25.0761316,0.0
1176133037649735,6lYoSFLeAt3Cwrdz8yIkuG,101914818722206,hcyen,2025-06-29T02:00:00.470000+00:00,"Taiwan, Province of China",121.6098695,25.0803145,0.0
1181944010371157,6lYoSFLeAt3Cwrdz8yIkuG,101914818722206,hcyen,2025-06-29T02:00:00.212000+00:00,"Taiwan, Province of China",121.6193835,25.0724012,0.0
1186462106614987,6lYoSFLeAt3Cwrdz8yIkuG,101914818722206,hcyen,2025-06-29T02:00:00.404000+00:00,"Taiwan, Province of China",121.614749,25.0780035,0.0
1190502849787890,6lYoSFLeAt3Cwrdz8yIkuG,101914818722206,hcyen,2025-06-29T02:00:00.482000+00:00,"Taiwan, Province of China",121.6090737,25.0809105,0.0
1205453931382244,6lYoSFLeAt3Cwrdz8yIkuG,101914818722206,hcyen,2025-06-29T02:00:00.014000+00:00,"Taiwan, Province of China",121.6077166,25.0722791,0.0
1213570163784102,6lYoSFLeAt3Cwrdz8yIkuG,101914818722206,hcyen,2025-06-29T02:00:00.687000+00:00,"Taiwan, Province of China",121.5928452,25.0827104,0.0
1213698420768175,6lYoSFLeAt3Cwrdz8yIkuG,101914818722206,hcyen,2025-06-29T02:00:00.324000+00:00,"Taiwan, Province of China",121.6216556,25.0786408,0.0
1214338790443230,6lYoSFLeAt3Cwrdz8yIkuG,101914818722206,hcyen,2025-06-29T02:00:00.222000+00:00,"Taiwan, Province of China",121.6195276,25.0731798,0.0
1214762107093521,hI305FTkMt9YKfubBziSo4,101914818722206,hcyen,2025-06-29T02:00:00.936000+00:00,"Taiwan, Province of China",121.5735424,25.0805625,0.0
1218301816267305,6lYoSFLeAt3Cwrdz8yIkuG,101914818722206,hcyen,2025-06-29T02:00:00.443000+00:00,"Taiwan, Province of China",121.6117059,25.0789389,0.0
1218329160040494,6lYoSFLeAt3Cwrdz8yIkuG,101914818722206,hcyen,2025-06-29T02:00:00.599000+00:00,"Taiwan, Province of China",121.5999629,25.0847222,0.0
1218659399705143,6lYoSFLeAt3Cwrdz8yIkuG,101914818722206,hcyen,2025-06-29T02:00:00.394000+00:00,"Taiwan, Province of China",121.6156034,25.0781587,0.0
1220475522722185,6lYoSFLeAt3Cwrdz8yIkuG,101914818722206,hcyen,2025-06-29T02:00:00.179000+00:00,"Taiwan, Province of China",121.6188622,25.069788,0.0
1221601609711968,6lYoSFLeAt3Cwrdz8yIkuG,101914818722206,hcyen,2025-06-29T02:00:00.172000+00:00,"Taiwan, Province of China",121.6186287,25.0692554,0.0
1221855322586760,6lYoSFLeAt3Cwrdz8yIkuG,101914818722206,hcyen,2025-06-29T02:00:00.173000+00:00,"Taiwan, Province of China",121.6186777,25.069392,0.0
1222165352439482,6lYoSFLeAt3Cwrdz8yIkuG,101914818722206,hcyen,2025-06-29T02:00:00.043000+00:00,"Taiwan, Province of China",121.609972,25.0712589,0.0
1222599372459251,6lYoSFLeAt3Cwrdz8yIkuG,101914818722206,hcyen,2025-06-29T02:00:00.390000+00:00,"Taiwan, Province of China",121.6159845,25.0782597,0.0
1223516976137465,6lYoSFLeAt3Cwrdz8yIkuG,101914818722206,hcyen,2025-06-29T02:00:00.728000+00:00,"Taiwan, Province of China",121.5905264,25.0803586,0.0
1224210345850721,6lYoSFLeAt3Cwrdz8yIkuG,101914818722206,hcyen,2025-06-29T02:00:00.372000+00:00,"Taiwan, Province of China",121.6174473,25.0785341,0.0
1225560152102045,6lYoSFLeAt3Cwrdz8yIkuG,101914818722206,hcyen,2025-06-29T02:00:00.645000+00:00,"Taiwan, Province of China",121.5960343,25.084409,0.0
1225941122031507,6lYoSFLeAt3Cwrdz8yIkuG,101914818722206,hcyen,2025-06-29T02:00:00.426000+00:00,"Taiwan, Province of China",121.6128834,25.078235,0.0
1226175785388701,6lYoSFLeAt3Cwrdz8yIkuG,101914818722206,hcyen,2025-06-29T02:00:00.562000+00:00,"Taiwan, Province of China",121.6028282,25.0835642,0.0
1226692725604187,hI305FTkMt9YKfubBziSo4,101914818722206,hcyen,2025-06-29T02:00:00.994000+00:00,"Taiwan, Province of China",121.5697802,25.0806142,0.0
1226969828626155,6lYoSFLeAt3Cwrdz8yIkuG,101914818722206,hcyen,2025-06-29T02:00:00.668000+00:00,"Taiwan, Province of China",121.594319,25.0835962,0.0
1227298665544486,6lYoSFLeAt3Cwrdz8yIkuG,101914818722206,hcyen,2025-06-29T02:00:00.186000+00:00,"Taiwan, Province of China",121.6190878,25.0704086,0.0
1227400218612460,6lYoSFLeAt3Cwrdz8yIkuG,101914818722206,hcyen,2025-06-29T02:00:00.559000+00:00,"Taiwan, Province of China",121.6030353,25.0834577,0.0
