image_id,sequence_id,user_id,username,captured_at_utc,country,lon,lat,segment_km
820987301072904,BAmiSXvLDnJwzpEjI7RC6h,108933258580999,cmenttor,2026-09-02T14:05:54.038000+00:00,Ghana,0.5087583,7.0724267,0.0
832315696570658,BAmiSXvLDnJwzpEjI7RC6h,108933258580999,cmenttor,2026-09-02T14:00:30.037000+00:00,Ghana,0.4876567,7.1142083,0.0
846944331838270,BAmiSXvLDnJwzpEjI7RC6h,108933258580999,cmenttor,2026-09-02T14:05:34.011000+00:00,Ghana,0.5070217,7.0762233,0.0
874559458927190,gPqwsMd39At6y7SocazxbK,108933258580999,cmenttor,2026-09-02T12:17:22.967000+00:00,Ghana,0.4747454,7.1519771,0.0
894355423502106,BAmiSXvLDnJwzpEjI7RC6h,108933258580999,cmenttor,2026-09-02T14:04:47.981000+00:00,Ghana,0.5015083,7.0837367,0.0
896970803226311,BAmiSXvLDnJwzpEjI7RC6h,108933258580999,cmenttor,2026-09-02T14:02:07.042000+00:00,Ghana,0.4951933,7.1031833,0.0
900384856205982,BAmiSXvLDnJwzpEjI7RC6h,108933258580999,cmenttor,2026-09-02T14:00:28.042000+00:00,Ghana,0.4875183,7.1143217,0.0
907423445456621,BAmiSXvLDnJwzpEjI7RC6h,108933258580999,cmenttor,2026-09-02T14:03:04.725000+00:00,Ghana,0.498605,7.0949917,0.0
907859805360170,BAmiSXvLDnJwzpEjI7RC6h,108933258580999,cmenttor,2026-09-02T14:06:28.995000+00:00,Ghana,0.50903,7.0703283,0.0
907886052042015,BAmiSXvLDnJwzpEjI7RC6h,108933258580999,cmenttor,2026-09-02T14:05:26.007000+00:00,Ghana,0.5061133,7.0775983,0.0
917595658074539,PsxCmYMtNE6RbQKk9A2Hov,108933258580999,cmenttor,2026-09-02T12:11:04.582000+00:00,Ghana,0.47966,7.1257948611111,0.0
921557273882767,MOigDpwVv9zGomC5rdlQxq,108933258580999,cmenttor,2026-09-02T12:11:44.057000+00:00,Ghana,0.47879497222222,7.13343,0.0
926726693325545,BAmiSXvLDnJwzpEjI7RC6h,108933258580999,cmenttor,2026-09-02T14:01:55.088000+00:00,Ghana,0.4940517,7.105145,0.0
931855039713443,BAmiSXvLDnJwzpEjI7RC6h,108933258580999,cmenttor,2026-09-02T14:01:45.020000+00:00,Ghana,0.4930733,7.106755,0.0
932436705987523,BAmiSXvLDnJwzpEjI7RC6h,108933258580999,cmenttor,2026-09-02T14:05:41.033000+00:00,Ghana,0.5076767,7.07483,0.0
933415676485507,BAmiSXvLDnJwzpEjI7RC6h,108933258580999,cmenttor,2026-09-02T14:06:30.049000+00:00,Ghana,0.508955,7.0702883,0.0
939247038604121,TugrhLCnYdkePyaUZF8Gpt,108933258580999,cmenttor,2026-09-02T12:09:34.202000+00:00,Ghana,0.48800297222222,7.1138868333333,0.0
940899248416961,BAmiSXvLDnJwzpEjI7RC6h,108933258580999,cmenttor,2026-09-02T14:01:19.012000+00:00,Ghana,0.4904233,7.1109117,0.0
944197898756003,BAmiSXvLDnJwzpEjI7RC6h,108933258580999,cmenttor,2026-09-02T14:03:00.033000+00:00,Ghana,0.4985917,7.09503,0.0
946618091818127,BAmiSXvLDnJwzpEjI7RC6h,108933258580999,cmenttor,2026-09-02T14:06:07.888000+00:00,Ghana,0.50944,7.0708217,0.0
949751628185002,MOigDpwVv9zGomC5rdlQxq,108933258580999,cmenttor,2026-09-02T12:11:39.612000+00:00,Ghana,0.47885294444444,7.1325278055556,0.0
949830174079158,BAmiSXvLDnJwzpEjI7RC6h,108933258580999,cmenttor,2026-09-02T14:04:58.042000+00:00,Ghana,0.5021817,7.0819167,0.0
951303270599170,BAmiSXvLDnJwzpEjI7RC6h,108933258580999,cmenttor,2026-09-02T14:02:07.988000+00:00,Ghana,0.495285,7.1030117,0.0
951584987990855,BAmiSXvLDnJwzpEjI7RC6h,108933258580999,cmenttor,2026-09-02T14:05:42.014000+00:00,Ghana,0.50777,7.0746233,0.0
951637387281086,BAmiSXvLDnJwzpEjI7RC6h,108933258580999,cmenttor,2026-09-02T14:06:22.617000+00:00,Ghana,0.5093875,7.0705252,0.0
959010450569904,BAmiSXvLDnJwzpEjI7RC6h,108933258580999,cmenttor,2026-09-02T14:00:01.034000+00:00,Ghana,0.4859533,7.1157417,0.0
966760526450254,BAmiSXvLDnJwzpEjI7RC6h,108933258580999,cmenttor,2026-09-02T14:03:52.990000+00:00,Ghana,0.4991883,7.0923767,0.0
974928338954218,BAmiSXvLDnJwzpEjI7RC6h,108933258580999,cmenttor,2026-09-02T14:00:34.975000+00:00,Ghana,0.48804,7.1138617,0.0
979280851844317,BAmiSXvLDnJwzpEjI7RC6h,108933258580999,cmenttor,2026-09-02T14:04:55.002000+00:00,Ghana,0.5018783,7.0824633,0.0
989574084102296,BAmiSXvLDnJwzpEjI7RC6h,108933258580999,cmenttor,2026-09-02T14:05:21.042000+00:00,Ghana,0.5054133,7.0783883,0.0
990839874017681,BAmiSXvLDnJwzpEjI7RC6h,108933258580999,cmenttor,2026-09-02T14:03:28+00:00,Ghana,0.4988983,7.09361,0.0
996687350094302,BAmiSXvLDnJwzpEjI7RC6h,108933258580999,cmenttor,2026-09-02T14:06:47.031000+00:00,Ghana,0.50705,7.0692783,0.0
1008177882275139,t0zgOPoRf5EheVWN31M6cj,108933258580999,cmenttor,2026-09-02T13:18:30.207000+00:00,Ghana,0.47624444444444,7.1533222222222,0.0
1009451435456729,BAmiSXvLDnJwzpEjI7RC6h,108933258580999,cmenttor,2026-09-02T14:03:19.013000+00:00,Ghana,0.49872,7.0944433,0.0
1015242574811502,BAmiSXvLDnJwzpEjI7RC6h,108933258580999,cmenttor,2026-09-02T14:00:08.025000+00:00,Ghana,0.48676,7.115005,0.0
1016738647987306,BAmiSXvLDnJwzpEjI7RC6h,108933258580999,cmenttor,2026-09-02T14:05:32.018000+00:00,Ghana,0.5068267,7.0765917,0.0
1022940617367888,BAmiSXvLDnJwzpEjI7RC6h,108933258580999,cmenttor,2026-09-02T14:05:37.051000+00:00,Ghana,0.50731,7.0756367,0.0
1023992490678482,0j2uG9O5xDrUbPKL3JFzfa,108933258580999,cmenttor,2026-09-02T12:11:19.938000+00:00,Ghana,0.47908297222222,7.1287550833333,0.0
1024266077101213,BAmiSXvLDnJwzpEjI7RC6h,108933258580999,cmenttor,2026-09-02T14:04:59.089000+00:00,Ghana,0.5022983,7.0817567,0.0
1027886216921375,BAmiSXvLDnJwzpEjI7RC6h,108933258580999,cmenttor,2026-09-02T14:02:30.014000+00:00,Ghana,0.4970167,7.09919,0.0
1034072436116607,BAmiSXvLDnJwzpEjI7RC6h,108933258580999,cmenttor,2026-09-02T14:02:38.041000+00:00,Ghana,0.4976567,7.0977417,0.0
1034151759440123,BAmiSXvLDnJwzpEjI7RC6h,108933258580999,cmenttor,2026-09-02T14:03:32.019000+00:00,Ghana,0.4989667,7.0933283,0.0
1035059916195645,BAmiSXvLDnJwzpEjI7RC6h,108933258580999,cmenttor,2026-09-02T14:03:50.963000+00:00,Ghana,0.4991433,7.092585,0.0
1036137042751417,BAmiSXvLDnJwzpEjI7RC6h,108933258580999,cmenttor,2026-09-02T14:01:42.957000+00:00,Ghana,0.49287,7.1070817,0.0
1038374548962356,BAmiSXvLDnJwzpEjI7RC6h,108933258580999,cmenttor,2026-09-02T14:04:52.973000+00:00,Ghana,0.5017283,7.08284,0.0
1040342325451341,BAmiSXvLDnJwzpEjI7RC6h,108933258580999,cmenttor,2026-09-02T14:03:30.023000+00:00,Ghana,0.49894,7.09343,0.0
1041481521843768,BAmiSXvLDnJwzpEjI7RC6h,108933258580999,cmenttor,2026-09-02T14:02:56.014000+00:00,Ghana,0.49854,7.0952567,0.0
1041868222086270,pADnBhjfYHU52GaZsmqOrI,108933258580999,cmenttor,2026-09-02T12:04:00.155000+00:00,Ghana,0.507002,7.069283,0.0
1042568292029755,BAmiSXvLDnJwzpEjI7RC6h,108933258580999,cmenttor,2026-09-02T13:59:50.022000+00:00,Ghana,0.4845033,7.117195,0.0
1043383468480373,BAmiSXvLDnJwzpEjI7RC6h,108933258580999,cmenttor,2026-09-02T14:03:04.288000+00:00,Ghana,0.498605,7.0949917,0.0
1044234011831518,BAmiSXvLDnJwzpEjI7RC6h,108933258580999,cmenttor,2026-09-02T14:01:38.026000+00:00,Ghana,0.4923733,7.1078867,0.0
1047609964565600,BAmiSXvLDnJwzpEjI7RC6h,108933258580999,cmenttor,2026-09-02T14:01:08.978000+00:00,Ghana,0.489615,7.1121617,0.0
1048803638033764,BAmiSXvLDnJwzpEjI7RC6h,108933258580999,cmenttor,2026-09-02T14:01:14.991000+00:00,Ghana,0.49008,7.1114533,0.0
1049040044575357,BAmiSXvLDnJwzpEjI7RC6h,108933258580999,cmenttor,2026-09-02T14:03:34.985000+00:00,Ghana,0.4989617,7.0933083,0.0
1050663241279531,BAmiSXvLDnJwzpEjI7RC6h,108933258580999,cmenttor,2026-09-02T14:05:04.022000+00:00,Ghana,0.5029933,7.0809717,0.0
1050966967721459,BAmiSXvLDnJwzpEjI7RC6h,108933258580999,cmenttor,2026-09-02T14:03:15.028000+00:00,Ghana,0.4986617,7.0947233,0.0
1053053617350852,gPqwsMd39At6y7SocazxbK,108933258580999,cmenttor,2026-09-02T12:17:41.033000+00:00,Ghana,0.4761946,7.1532922,0.0
1053609507284545,BAmiSXvLDnJwzpEjI7RC6h,108933258580999,cmenttor,2026-09-02T14:04:27.005000+00:00,Ghana,0.5004067,7.08734,0.0
1054029080860873,BAmiSXvLDnJwzpEjI7RC6h,108933258580999,cmenttor,2026-09-02T14:02:49.056000+00:00,Ghana,0.498355,7.0961633,0.0
1054921600516449,BAmiSXvLDnJwzpEjI7RC6h,108933258580999,cmenttor,2026-09-02T14:02:58.035000+00:00,Ghana,0.4985717,7.0951083,0.0
1055140980826832,BAmiSXvLDnJwzpEjI7RC6h,108933258580999,cmenttor,2026-09-02T14:02:21.056000+00:00,Ghana,0.4963517,7.100805,0.0
1055873190532524,BAmiSXvLDnJwzpEjI7RC6h,108933258580999,cmenttor,2026-09-02T14:05:52.047000+00:00,Ghana,0.5086067,7.0727667,0.0
1055956340501004,BAmiSXvLDnJwzpEjI7RC6h,108933258580999,cmenttor,2026-09-02T14:06:38.998000+00:00,Ghana,0.5080833,7.0698267,0.0
1057400883672605,gPqwsMd39At6y7SocazxbK,108933258580999,cmenttor,2026-09-02T12:17:42.085000+00:00,Ghana,0.476247,7.1533663,0.0
1057532257008568,BAmiSXvLDnJwzpEjI7RC6h,108933258580999,cmenttor,2026-09-02T14:05:14.051000+00:00,Ghana,0.5044,7.079485,0.0
1059010603401407,BAmiSXvLDnJwzpEjI7RC6h,108933258580999,cmenttor,2026-09-02T14:00:49.051000+00:00,Ghana,0.4883333,7.1135883,0.0
1060512510286567,BAmiSXvLDnJwzpEjI7RC6h,108933258580999,cmenttor,2026-09-02T13:59:47.991000+00:00,Ghana,0.4842517,7.1174583,0.0
1060815186996043,BAmiSXvLDnJwzpEjI7RC6h,108933258580999,cmenttor,2026-09-02T14:01:25.058000+00:00,Ghana,0.491,7.11004,0.0
1062133523273410,BAmiSXvLDnJwzpEjI7RC6h,108933258580999,cmenttor,2026-09-02T14:00:36.968000+00:00,Ghana,0.48815,7.1137567,0.0
1062615729987089,MOigDpwVv9zGomC5rdlQxq,108933258580999,cmenttor,2026-09-02T12:11:39.027000+00:00,Ghana,0.47885294444444,7.1325278055556,0.0
1063507003071899,v1tyFmMoc2UpksRa0XCjwe,108933258580999,cmenttor,2026-09-02T12:11:49.593000+00:00,Ghana,0.478738,7.1343398055556,0.0
1063613616392838,BAmiSXvLDnJwzpEjI7RC6h,108933258580999,cmenttor,2026-09-02T14:02:22.004000+00:00,Ghana,0.496435,7.1006183,0.0
1063712296254508,BAmiSXvLDnJwzpEjI7RC6h,108933258580999,cmenttor,2026-09-02T14:00:56.011000+00:00,Ghana,0.4886717,7.1132733,0.0
1064399962642711,BAmiSXvLDnJwzpEjI7RC6h,108933258580999,cmenttor,2026-09-02T14:00:01.975000+00:00,Ghana,0.4860817,7.1156117,0.0
1065325762872331,FYlEHnxIPDJz1abUTtX6sC,108933258580999,cmenttor,2026-09-02T11:55:16.809000+00:00,Ghana,0.45454697222222,7.0071220277778,0.0
1066762392946384,BAmiSXvLDnJwzpEjI7RC6h,108933258580999,cmenttor,2026-09-02T14:05:23.038000+00:00,Ghana,0.5056967,7.0780733,0.0
1067022695741528,BAmiSXvLDnJwzpEjI7RC6h,108933258580999,cmenttor,2026-09-02T14:00:21.995000+00:00,Ghana,0.487195,7.1146183,0.0
1067395222567728,BAmiSXvLDnJwzpEjI7RC6h,108933258580999,cmenttor,2026-09-02T14:00:31.015000+00:00,Ghana,0.4877317,7.114145,0.0
1067579562799431,BAmiSXvLDnJwzpEjI7RC6h,108933258580999,cmenttor,2026-09-02T13:59:43.097000+00:00,Ghana,0.48366,7.1181383,0.0
1068024569377055,pADnBhjfYHU52GaZsmqOrI,108933258580999,cmenttor,2026-09-02T12:04:00.946000+00:00,Ghana,0.507002,7.069283,0.0
1068738575633843,MOigDpwVv9zGomC5rdlQxq,108933258580999,cmenttor,2026-09-02T12:11:44.472000+00:00,Ghana,0.47879497222222,7.13343,0.0
1069075229039041,BAmiSXvLDnJwzpEjI7RC6h,108933258580999,cmenttor,2026-09-02T14:05:00.978000+00:00,Ghana,0.50257,7.081445,0.0
1069238242627318,BAmiSXvLDnJwzpEjI7RC6h,108933258580999,cmenttor,2026-09-02T14:03:09.957000+00:00,Ghana,0.49862,7.0949133,0.0
1069276885825592,FYlEHnxIPDJz1abUTtX6sC,108933258580999,cmenttor,2026-09-02T11:55:16.573000+00:00,Ghana,0.45454697222222,7.0071220277778,0.0
1070031292103442,gPqwsMd39At6y7SocazxbK,108933258580999,cmenttor,2026-09-02T12:17:49.985000+00:00,Ghana,0.4766388,7.1539134,0.0
1070960652570247,BAmiSXvLDnJwzpEjI7RC6h,108933258580999,cmenttor,2026-09-02T14:05:08.045000+00:00,Ghana,0.5035617,7.0803767,0.0
1071838098683583,BAmiSXvLDnJwzpEjI7RC6h,108933258580999,cmenttor,2026-09-02T14:02:22.982000+00:00,Ghana,0.4965117,7.1004383,0.0
1072661492400682,BAmiSXvLDnJwzpEjI7RC6h,108933258580999,cmenttor,2026-09-02T14:02:04.073000+00:00,Ghana,0.4949367,7.1036967,0.0
1073288615285307,2dZUAwmhrqCGteKpB6LvJn,108933258580999,cmenttor,2026-09-02T12:10:14.195000+00:00,Ghana,0.484792,7.1169619444444,0.0
1076188145398558,BAmiSXvLDnJwzpEjI7RC6h,108933258580999,cmenttor,2026-09-02T14:03:13.982000+00:00,Ghana,0.4986517,7.0947717,0.0
1077733831621339,JtdGlPuOExV6sTQ80Cg9yN,108933258580999,cmenttor,2026-09-02T12:11:09.053000+00:00,Ghana,0.47932697222222,7.1267781111111,0.0
1077829894622482,BAmiSXvLDnJwzpEjI7RC6h,108933258580999,cmenttor,2026-09-02T14:02:45.038000+00:00,Ghana,0.4981917,7.0967033,0.0
1078565424567510,gPqwsMd39At6y7SocazxbK,108933258580999,cmenttor,2026-09-02T12:17:34.008000+00:00,Ghana,0.4757439,7.152838,0.0
1078725288025806,Z1aANdDGuzbRWfXPv60yiC,108933258580999,cmenttor,2026-09-02T12:11:24.770000+00:00,Ghana,0.47901997222222,7.1297149444444,0.0
1079053287873313,BAmiSXvLDnJwzpEjI7RC6h,108933258580999,cmenttor,2026-09-02T14:04:40.007000+00:00,Ghana,0.50116,7.0851783,0.0
1081016264374984,BAmiSXvLDnJwzpEjI7RC6h,108933258580999,cmenttor,2026-09-02T14:04:29.066000+00:00,Ghana,0.5005167,7.08701,0.0
1082095411138272,BAmiSXvLDnJwzpEjI7RC6h,108933258580999,cmenttor,2026-09-02T14:04:43.012000+00:00,Ghana,0.50131,7.0846483,0.0
1083505804331032,yIxRFYv40hbrmLVu17a2SO,108933258580999,cmenttor,2026-09-02T12:04:06.767000+00:00,Ghana,0.50792297222222,7.0697421944444,0.0
1085626657378472,BAmiSXvLDnJwzpEjI7RC6h,108933258580999,cmenttor,2026-09-02T14:04:50.037000+00:00,Ghana,0.50158,7.0833833,0.0
1086019390548167,BAmiSXvLDnJwzpEjI7RC6h,108933258580999,cmenttor,2026-09-02T13:59:39.013000+00:00,Ghana,0.4832183,7.1187317,0.0
1086484283772835,w1uODXpyc9kW0Hiq7edLCJ,108933258580999,cmenttor,2026-09-02T12:11:54.644000+00:00,Ghana,0.47868297222222,7.1352500833333,0.0
1088118160323990,nLamZWklNxhdJp0z9c13RG,108933258580999,cmenttor,2026-09-02T11:53:35.576000+00:00,Ghana,0.442317,6.9968800833333,0.0
1088840097002316,w1uODXpyc9kW0Hiq7edLCJ,108933258580999,cmenttor,2026-09-02T12:11:59.111000+00:00,Ghana,0.47860197222222,7.1361050555556,0.0
1089869097317070,BAmiSXvLDnJwzpEjI7RC6h,108933258580999,cmenttor,2026-09-02T14:02:51.456000+00:00,Ghana,0.4984233,7.095885,0.0
1091217776632094,BAmiSXvLDnJwzpEjI7RC6h,108933258580999,cmenttor,2026-09-02T14:00:28.992000+00:00,Ghana,0.4875867,7.1142667,0.0
1094313646383158,BAmiSXvLDnJwzpEjI7RC6h,108933258580999,cmenttor,2026-09-02T14:03:42.993000+00:00,Ghana,0.4989933,7.0931867,0.0
1095217979514237,BAmiSXvLDnJwzpEjI7RC6h,108933258580999,cmenttor,2026-09-02T14:02:54.016000+00:00,Ghana,0.4985033,7.095475,0.0
1096301516225375,BAmiSXvLDnJwzpEjI7RC6h,108933258580999,cmenttor,2026-09-02T14:02:18.020000+00:00,Ghana,0.4961217,7.1013133,0.0
1096626236206250,BAmiSXvLDnJwzpEjI7RC6h,108933258580999,cmenttor,2026-09-02T14:05:11.044000+00:00,Ghana,0.5039833,7.0799317,0.0
1097861995946400,BAmiSXvLDnJwzpEjI7RC6h,108933258580999,cmenttor,2026-09-02T14:03:52.045000+00:00,Ghana,0.499165,7.0924833,0.0
1098459949208097,Mgq37Ws0jATxtodH65DkXi,108933258580999,cmenttor,2026-09-02T12:11:29.737000+00:00,Ghana,0.478947,7.1306519444444,0.0
1099514262839767,BAmiSXvLDnJwzpEjI7RC6h,108933258580999,cmenttor,2026-09-02T14:01:34.018000+00:00,Ghana,0.491945,7.1085767,0.0
1102548572128931,BAmiSXvLDnJwzpEjI7RC6h,108933258580999,cmenttor,2026-09-02T14:01:54.048000+00:00,Ghana,0.49395,7.1053067,0.0
1103236025564471,BAmiSXvLDnJwzpEjI7RC6h,108933258580999,cmenttor,2026-09-02T14:05:50.057000+00:00,Ghana,0.5084483,7.0731017,0.0
1103590205548736,BAmiSXvLDnJwzpEjI7RC6h,108933258580999,cmenttor,2026-09-02T14:01:53.025000+00:00,Ghana,0.4938517,7.1054667,0.0
1104062568825388,BAmiSXvLDnJwzpEjI7RC6h,108933258580999,cmenttor,2026-09-02T14:00:06+00:00,Ghana,0.486565,7.1151783,0.0
1109523041765224,BAmiSXvLDnJwzpEjI7RC6h,108933258580999,cmenttor,2026-09-02T14:02:55.334000+00:00,Ghana,0.4985217,7.0953583,0.0
1111176608146627,BAmiSXvLDnJwzpEjI7RC6h,108933258580999,cmenttor,2026-09-02T14:02:39.027000+00:00,Ghana,0.4977283,7.0975733,0.0
1114799134385085,BAmiSXvLDnJwzpEjI7RC6h,108933258580999,cmenttor,2026-09-02T14:03:24.212000+00:00,Ghana,0.4988183,7.094015,0.0
1114939754537310,BAmiSXvLDnJwzpEjI7RC6h,108933258580999,cmenttor,2026-09-02T14:05:13.002000+00:00,Ghana,0.504265,7.079635,0.0
1115252051165681,BAmiSXvLDnJwzpEjI7RC6h,108933258580999,cmenttor,2026-09-02T14:00:23.991000+00:00,Ghana,0.4872817,7.1145383,0.0
1116190514310039,BAmiSXvLDnJwzpEjI7RC6h,108933258580999,cmenttor,2026-09-02T14:01:57.016000+00:00,Ghana,0.4942583,7.1048317,0.0
1116484688002935,BAmiSXvLDnJwzpEjI7RC6h,108933258580999,cmenttor,2026-09-02T14:01:01.037000+00:00,Ghana,0.4890083,7.1129067,0.0
1119776603709885,BAmiSXvLDnJwzpEjI7RC6h,108933258580999,cmenttor,2026-09-02T14:04:19.065000+00:00,Ghana,0.50001,7.0885817,0.0
1121645730425150,BAmiSXvLDnJwzpEjI7RC6h,108933258580999,cmenttor,2026-09-02T14:04:02.989000+00:00,Ghana,0.49947,7.0910833,0.0
1122045460502214,BAmiSXvLDnJwzpEjI7RC6h,108933258580999,cmenttor,2026-09-02T14:04:47.030000+00:00,Ghana,0.5014667,7.0839283,0.0
1123083903623031,gPqwsMd39At6y7SocazxbK,108933258580999,cmenttor,2026-09-02T12:17:45.058000+00:00,Ghana,0.4764032,7.1535762,0.0
1124683490509374,BAmiSXvLDnJwzpEjI7RC6h,108933258580999,cmenttor,2026-09-02T14:00:20.071000+00:00,Ghana,0.4871317,7.11467,0.0
1212352651096999,w1uODXpyc9kW0Hiq7edLCJ,108933258580999,cmenttor,2026-09-02T12:12:04.265000+00:00,Ghana,0.47848497222222,7.1368579722222,0.0
1212690161059516,BAmiSXvLDnJwzpEjI7RC6h,108933258580999,cmenttor,2026-09-02T14:00:41.051000+00:00,Ghana,0.4882417,7.1136733,0.0
1272928491557926,BAmiSXvLDnJwzpEjI7RC6h,108933258580999,cmenttor,2026-09-02T14:01:07.022000+00:00,Ghana,0.4894617,7.112375,0.0
1298155475604565,gPqwsMd39At6y7SocazxbK,108933258580999,cmenttor,2026-09-02T12:17:47.013000+00:00,Ghana,0.4764895,7.1537131,0.0
1322726609937432,BAmiSXvLDnJwzpEjI7RC6h,108933258580999,cmenttor,2026-09-02T14:06:05.051000+00:00,Ghana,0.50937,7.0709833,0.0
1346926823894915,BAmiSXvLDnJwzpEjI7RC6h,108933258580999,cmenttor,2026-09-02T14:02:05.019000+00:00,Ghana,0.4950233,7.1035233,0.0
1350382970233489,BAmiSXvLDnJwzpEjI7RC6h,108933258580999,cmenttor,2026-09-02T14:01:05.024000+00:00,Ghana,0.4893083,7.11257,0.0
1352941593491325,BAmiSXvLDnJwzpEjI7RC6h,108933258580999,cmenttor,2026-09-02T13:59:59.008000+00:00,Ghana,0.4856733,7.116005,0.0
1355133620038889,BAmiSXvLDnJwzpEjI7RC6h,108933258580999,cmenttor,2026-09-02T14:02:01.979000+00:00,Ghana,0.4947517,7.10403,0.0
1355788206579952,BAmiSXvLDnJwzpEjI7RC6h,108933258580999,cmenttor,2026-09-02T14:04:11.025000+00:00,Ghana,0.4997233,7.0898583,0.0
1358809346323292,BAmiSXvLDnJwzpEjI7RC6h,108933258580999,cmenttor,2026-09-02T14:06:00.084000+00:00,Ghana,0.5091217,7.071545,0.0
1362958825549749,BAmiSXvLDnJwzpEjI7RC6h,108933258580999,cmenttor,2026-09-02T14:00:55.062000+00:00,Ghana,0.4886117,7.1133367,0.0
1365626065641141,BAmiSXvLDnJwzpEjI7RC6h,108933258580999,cmenttor,2026-09-02T14:00:04.037000+00:00,Ghana,0.4863433,7.11538,0.0
1365753859097682,yIxRFYv40hbrmLVu17a2SO,108933258580999,cmenttor,2026-09-02T12:04:16.489000+00:00,Ghana,0.50918297222222,7.0703978333333,0.0
1366453682135362,gPqwsMd39At6y7SocazxbK,108933258580999,cmenttor,2026-09-02T12:17:39.079000+00:00,Ghana,0.4760786,7.1531599,0.0
1368019661670766,BAmiSXvLDnJwzpEjI7RC6h,108933258580999,cmenttor,2026-09-02T14:01:59.982000+00:00,Ghana,0.494555,7.1043583,0.0
1369933611915941,BAmiSXvLDnJwzpEjI7RC6h,108933258580999,cmenttor,2026-09-02T14:05:52.994000+00:00,Ghana,0.5086833,7.072595,0.0
1371584427938545,BAmiSXvLDnJwzpEjI7RC6h,108933258580999,cmenttor,2026-09-02T14:01:17.050000+00:00,Ghana,0.49025,7.1111917,0.0
1371899811807786,BAmiSXvLDnJwzpEjI7RC6h,108933258580999,cmenttor,2026-09-02T14:03:17.023000+00:00,Ghana,0.4986833,7.0946017,0.0
1371923501815700,BAmiSXvLDnJwzpEjI7RC6h,108933258580999,cmenttor,2026-09-02T13:59:45.057000+00:00,Ghana,0.483885,7.11786,0.0
1372552317812296,BAmiSXvLDnJwzpEjI7RC6h,108933258580999,cmenttor,2026-09-02T14:01:46.067000+00:00,Ghana,0.4931667,7.1065983,0.0
1374708348067897,BAmiSXvLDnJwzpEjI7RC6h,108933258580999,cmenttor,2026-09-02T14:05:37.995000+00:00,Ghana,0.507405,7.075435,0.0
1374718644786605,BAmiSXvLDnJwzpEjI7RC6h,108933258580999,cmenttor,2026-09-02T14:02:57.062000+00:00,Ghana,0.498555,7.095175,0.0
1375299458148829,BAmiSXvLDnJwzpEjI7RC6h,108933258580999,cmenttor,2026-09-02T14:02:03.027000+00:00,Ghana,0.4948467,7.1038633,0.0
1376103878050512,BAmiSXvLDnJwzpEjI7RC6h,108933258580999,cmenttor,2026-09-02T14:02:33.992000+00:00,Ghana,0.49734,7.09845,0.0
1377401814502373,BAmiSXvLDnJwzpEjI7RC6h,108933258580999,cmenttor,2026-09-02T14:02:10.019000+00:00,Ghana,0.495455,7.10267,0.0
1378411334447195,BAmiSXvLDnJwzpEjI7RC6h,108933258580999,cmenttor,2026-09-02T14:02:16.032000+00:00,Ghana,0.495965,7.1016483,0.0
1379251277112272,BAmiSXvLDnJwzpEjI7RC6h,108933258580999,cmenttor,2026-09-02T14:05:10.069000+00:00,Ghana,0.5038433,7.0800817,0.0
1380103650383158,gPqwsMd39At6y7SocazxbK,108933258580999,cmenttor,2026-09-02T12:17:25.975000+00:00,Ghana,0.4750309,7.1521885,0.0
1380537750897269,BAmiSXvLDnJwzpEjI7RC6h,108933258580999,cmenttor,2026-09-02T14:03:12.025000+00:00,Ghana,0.4986283,7.0948617,0.0
1385100153084614,BAmiSXvLDnJwzpEjI7RC6h,108933258580999,cmenttor,2026-09-02T14:05:47.992000+00:00,Ghana,0.508285,7.0734617,0.0
1386164923727355,BAmiSXvLDnJwzpEjI7RC6h,108933258580999,cmenttor,2026-09-02T13:59:28.034000+00:00,Ghana,0.4820833,7.120415,0.0
1387015553535810,BAmiSXvLDnJwzpEjI7RC6h,108933258580999,cmenttor,2026-09-02T14:04:31.023000+00:00,Ghana,0.5006367,7.086685,0.0
1387170583631802,BAmiSXvLDnJwzpEjI7RC6h,108933258580999,cmenttor,2026-09-02T14:05:21.987000+00:00,Ghana,0.5055583,7.0782333,0.0
1388117712784237,TugrhLCnYdkePyaUZF8Gpt,108933258580999,cmenttor,2026-09-02T12:09:34.285000+00:00,Ghana,0.48800297222222,7.1138868333333,0.0
1388215066618554,BAmiSXvLDnJwzpEjI7RC6h,108933258580999,cmenttor,2026-09-02T14:01:28.972000+00:00,Ghana,0.4914033,7.109395,0.0
1388951899329596,BAmiSXvLDnJwzpEjI7RC6h,108933258580999,cmenttor,2026-09-02T14:04:43.956000+00:00,Ghana,0.5013533,7.0844717,0.0
1390653872458870,BAmiSXvLDnJwzpEjI7RC6h,108933258580999,cmenttor,2026-09-02T14:04:08.964000+00:00,Ghana,0.4996517,7.0901767,0.0
1390896862406676,2dZUAwmhrqCGteKpB6LvJn,108933258580999,cmenttor,2026-09-02T12:10:19.515000+00:00,Ghana,0.484203,7.1175870833333,0.0
1390946703128515,yIxRFYv40hbrmLVu17a2SO,108933258580999,cmenttor,2026-09-02T12:04:56.303000+00:00,Ghana,0.50897997222222,7.0719451666667,0.0
1393433359579251,BAmiSXvLDnJwzpEjI7RC6h,108933258580999,cmenttor,2026-09-02T14:04:56.996000+00:00,Ghana,0.5020717,7.0820983,0.0
1394426516109778,BAmiSXvLDnJwzpEjI7RC6h,108933258580999,cmenttor,2026-09-02T14:03:21.040000+00:00,Ghana,0.49876,7.09427,0.0
1399054258959546,BAmiSXvLDnJwzpEjI7RC6h,108933258580999,cmenttor,2026-09-02T14:04:32.982000+00:00,Ghana,0.500765,7.086355,0.0
1400156904806780,t0zgOPoRf5EheVWN31M6cj,108933258580999,cmenttor,2026-09-02T13:18:30.860000+00:00,Ghana,0.47624444444444,7.1533222222222,0.0
1402349858770198,BAmiSXvLDnJwzpEjI7RC6h,108933258580999,cmenttor,2026-09-02T14:02:24.983000+00:00,Ghana,0.49665,7.1000767,0.0
1404992111595887,IUdN6uMbCceF5afh8WGE2z,108933258580999,cmenttor,2026-09-02T12:10:49.898000+00:00,Ghana,0.48087197222222,7.1229200277778,0.0
1405942621418742,BAmiSXvLDnJwzpEjI7RC6h,108933258580999,cmenttor,2026-09-02T14:01:31.009000+00:00,Ghana,0.491615,7.1090767,0.0
1407381517996222,BAmiSXvLDnJwzpEjI7RC6h,108933258580999,cmenttor,2026-09-02T14:02:52.968000+00:00,Ghana,0.4984867,7.095605,0.0
1412426387656065,BAmiSXvLDnJwzpEjI7RC6h,108933258580999,cmenttor,2026-09-02T14:03:55.049000+00:00,Ghana,0.4992417,7.0921433,0.0
1417403590571234,BAmiSXvLDnJwzpEjI7RC6h,108933258580999,cmenttor,2026-09-02T14:05:00.032000+00:00,Ghana,0.502435,7.0815983,0.0
1419528090058744,BAmiSXvLDnJwzpEjI7RC6h,108933258580999,cmenttor,2026-09-02T14:03:44.041000+00:00,Ghana,0.49901,7.0931383,0.0
1420207106634798,BAmiSXvLDnJwzpEjI7RC6h,108933258580999,cmenttor,2026-09-02T14:06:51.055000+00:00,Ghana,0.50646,7.0689367,0.0
1421698006691793,TugrhLCnYdkePyaUZF8Gpt,108933258580999,cmenttor,2026-09-02T12:09:34.027000+00:00,Ghana,0.48800297222222,7.1138868333333,0.0
1423529976334068,BAmiSXvLDnJwzpEjI7RC6h,108933258580999,cmenttor,2026-09-02T14:04:21.028000+00:00,Ghana,0.5000883,7.08826,0.0
1424126569619273,BAmiSXvLDnJwzpEjI7RC6h,108933258580999,cmenttor,2026-09-02T14:05:06.047000+00:00,Ghana,0.5032733,7.0806783,0.0
1424757426166922,BAmiSXvLDnJwzpEjI7RC6h,108933258580999,cmenttor,2026-09-02T14:03:37.285000+00:00,Ghana,0.4989617,7.0932983,0.0
1425623679630723,BAmiSXvLDnJwzpEjI7RC6h,108933258580999,cmenttor,2026-09-02T14:01:40.021000+00:00,Ghana,0.4925683,7.107555,0.0
1425903583081489,Mgq37Ws0jATxtodH65DkXi,108933258580999,cmenttor,2026-09-02T12:11:29.294000+00:00,Ghana,0.478947,7.1306519444444,0.0
1427857159444361,gPqwsMd39At6y7SocazxbK,108933258580999,cmenttor,2026-09-02T12:17:32.963000+00:00,Ghana,0.4756607,7.1527583,0.0
1432947445695573,TrmVyuS9XGozwY07iNbOgq,108933258580999,cmenttor,2026-09-02T12:05:11.336000+00:00,Ghana,0.508103,7.0739221388889,0.0
1433744811991492,BAmiSXvLDnJwzpEjI7RC6h,108933258580999,cmenttor,2026-09-02T14:01:47.017000+00:00,Ghana,0.4932583,7.10644,0.0
1440637704598839,BAmiSXvLDnJwzpEjI7RC6h,108933258580999,cmenttor,2026-09-02T14:03:15.972000+00:00,Ghana,0.4986683,7.0946667,0.0
1443485571034878,BAmiSXvLDnJwzpEjI7RC6h,108933258580999,cmenttor,2026-09-02T14:01:56.034000+00:00,Ghana,0.4941517,7.1049883,0.0
1446618617358196,BAmiSXvLDnJwzpEjI7RC6h,108933258580999,cmenttor,2026-09-02T14:05:19.962000+00:00,Ghana,0.5052717,7.0785467,0.0
1446990810669023,BAmiSXvLDnJwzpEjI7RC6h,108933258580999,cmenttor,2026-09-02T14:06:37.038000+00:00,Ghana,0.5083133,7.0699567,0.0
1450261250253493,BAmiSXvLDnJwzpEjI7RC6h,108933258580999,cmenttor,2026-09-02T14:01:35.058000+00:00,Ghana,0.4920583,7.1084033,0.0
1453624483268553,BAmiSXvLDnJwzpEjI7RC6h,108933258580999,cmenttor,2026-09-02T14:06:33.049000+00:00,Ghana,0.5087067,7.070165,0.0
1456253999646022,gPqwsMd39At6y7SocazxbK,108933258580999,cmenttor,2026-09-02T12:17:21.003000+00:00,Ghana,0.4745406,7.1518496,0.0
1459334599366131,BAmiSXvLDnJwzpEjI7RC6h,108933258580999,cmenttor,2026-09-02T13:59:41.992000+00:00,Ghana,0.4835433,7.1182817,0.0
1461316675818600,BAmiSXvLDnJwzpEjI7RC6h,108933258580999,cmenttor,2026-09-02T14:03:39.008000+00:00,Ghana,0.498975,7.0932633,0.0
1462081729077409,Z1aANdDGuzbRWfXPv60yiC,108933258580999,cmenttor,2026-09-02T12:11:24.408000+00:00,Ghana,0.47901997222222,7.1297149444444,0.0
1462423485765150,BAmiSXvLDnJwzpEjI7RC6h,108933258580999,cmenttor,2026-09-02T14:00:52.026000+00:00,Ghana,0.4884467,7.113485,0.0
1464635735496473,BAmiSXvLDnJwzpEjI7RC6h,108933258580999,cmenttor,2026-09-02T14:06:21.977000+00:00,Ghana,0.5094151,7.0705389,0.0
1464653088824063,BAmiSXvLDnJwzpEjI7RC6h,108933258580999,cmenttor,2026-09-02T14:04:35.987000+00:00,Ghana,0.50094,7.0858517,0.0
1469119571714577,BAmiSXvLDnJwzpEjI7RC6h,108933258580999,cmenttor,2026-09-02T14:03:21.983000+00:00,Ghana,0.4987783,7.0941833,0.0
1477940234367888,BAmiSXvLDnJwzpEjI7RC6h,108933258580999,cmenttor,2026-09-02T14:01:48.025000+00:00,Ghana,0.4933567,7.1062733,0.0
1478890094078574,BAmiSXvLDnJwzpEjI7RC6h,108933258580999,cmenttor,2026-09-02T14:04:22.985000+00:00,Ghana,0.5001783,7.0879517,0.0
1484658850088065,Z1aANdDGuzbRWfXPv60yiC,108933258580999,cmenttor,2026-09-02T12:11:24.754000+00:00,Ghana,0.47901997222222,7.1297149444444,0.0
1488338133134003,BAmiSXvLDnJwzpEjI7RC6h,108933258580999,cmenttor,2026-09-02T14:03:23.778000+00:00,Ghana,0.4988,7.0940983,0.0
1498818785335067,BAmiSXvLDnJwzpEjI7RC6h,108933258580999,cmenttor,2026-09-02T14:02:14.037000+00:00,Ghana,0.4958083,7.101985,0.0
1499108708920649,BAmiSXvLDnJwzpEjI7RC6h,108933258580999,cmenttor,2026-09-02T14:01:39.074000+00:00,Ghana,0.492475,7.1077217,0.0
1499406215555400,BAmiSXvLDnJwzpEjI7RC6h,108933258580999,cmenttor,2026-09-02T14:02:41.024000+00:00,Ghana,0.497875,7.09726,0.0
1507877961144084,BAmiSXvLDnJwzpEjI7RC6h,108933258580999,cmenttor,2026-09-02T14:06:27.009000+00:00,Ghana,0.5091617,7.0704117,0.0
1508875624614880,BAmiSXvLDnJwzpEjI7RC6h,108933258580999,cmenttor,2026-09-02T14:06:20.996000+00:00,Ghana,0.5094447,7.0705595,0.0
1510426427660682,yIxRFYv40hbrmLVu17a2SO,108933258580999,cmenttor,2026-09-02T12:04:46.152000+00:00,Ghana,0.50936297222222,7.07103775,0.0
1517520580390483,BAmiSXvLDnJwzpEjI7RC6h,108933258580999,cmenttor,2026-09-02T14:01:13.031000+00:00,Ghana,0.489915,7.1117117,0.0
1521258639769625,8otiz2CGWe9fBv4arZlEVH,108933258580999,cmenttor,2026-09-02T11:53:24.626000+00:00,Ghana,0.441775,6.9961528611111,0.0
1522355559574120,BAmiSXvLDnJwzpEjI7RC6h,108933258580999,cmenttor,2026-09-02T14:03:27.017000+00:00,Ghana,0.4988783,7.0937117,0.0
1538563404674242,BAmiSXvLDnJwzpEjI7RC6h,108933258580999,cmenttor,2026-09-02T14:05:28+00:00,Ghana,0.5063767,7.07728,0.0
1541196283974394,TrmVyuS9XGozwY07iNbOgq,108933258580999,cmenttor,2026-09-02T12:05:11.777000+00:00,Ghana,0.508103,7.0739221388889,0.0
1541579334388152,pADnBhjfYHU52GaZsmqOrI,108933258580999,cmenttor,2026-09-02T12:04:00.866000+00:00,Ghana,0.507002,7.069283,0.0
1542510940959431,BAmiSXvLDnJwzpEjI7RC6h,108933258580999,cmenttor,2026-09-02T14:02:54.870000+00:00,Ghana,0.4985033,7.095475,0.0
1544934750177296,gPqwsMd39At6y7SocazxbK,108933258580999,cmenttor,2026-09-02T12:17:19.952000+00:00,Ghana,0.4744409,7.1517954,0.0
1545461106884022,BAmiSXvLDnJwzpEjI7RC6h,108933258580999,cmenttor,2026-09-02T14:04:50.980000+00:00,Ghana,0.5016233,7.0832033,0.0
1545802910069983,BAmiSXvLDnJwzpEjI7RC6h,108933258580999,cmenttor,2026-09-02T14:00:59.995000+00:00,Ghana,0.4889333,7.112985,0.0
1556101212350613,gPqwsMd39At6y7SocazxbK,108933258580999,cmenttor,2026-09-02T12:17:43.026000+00:00,Ghana,0.4763021,7.1534381,0.0
1559402612065275,BAmiSXvLDnJwzpEjI7RC6h,108933258580999,cmenttor,2026-09-02T14:02:46.994000+00:00,Ghana,0.4982833,7.0964367,0.0
1562134558300152,BAmiSXvLDnJwzpEjI7RC6h,108933258580999,cmenttor,2026-09-02T14:02:36.015000+00:00,Ghana,0.4974967,7.0980933,0.0
1563704385237644,TrmVyuS9XGozwY07iNbOgq,108933258580999,cmenttor,2026-09-02T12:05:11.955000+00:00,Ghana,0.508103,7.0739221388889,0.0
1565212695091287,BAmiSXvLDnJwzpEjI7RC6h,108933258580999,cmenttor,2026-09-02T14:06:05.493000+00:00,Ghana,0.50937,7.0709833,0.0
1565471552279866,BAmiSXvLDnJwzpEjI7RC6h,108933258580999,cmenttor,2026-09-02T14:06:48.992000+00:00,Ghana,0.5067667,7.069105,0.0
1568690537792056,BAmiSXvLDnJwzpEjI7RC6h,108933258580999,cmenttor,2026-09-02T14:00:00.047000+00:00,Ghana,0.4858117,7.115875,0.0
1569121294086884,BAmiSXvLDnJwzpEjI7RC6h,108933258580999,cmenttor,2026-09-02T14:06:14.037000+00:00,Ghana,0.50949,7.0706483,0.0
1571575881104725,BAmiSXvLDnJwzpEjI7RC6h,108933258580999,cmenttor,2026-09-02T14:05:27.052000+00:00,Ghana,0.5062483,7.077445,0.0
1576162950369652,BAmiSXvLDnJwzpEjI7RC6h,108933258580999,cmenttor,2026-09-02T14:00:57.058000+00:00,Ghana,0.4887333,7.1132083,0.0
1576682317582326,gPqwsMd39At6y7SocazxbK,108933258580999,cmenttor,2026-09-02T12:17:27.020000+00:00,Ghana,0.4751219,7.1522623,0.0
1576916487234223,gPqwsMd39At6y7SocazxbK,108933258580999,cmenttor,2026-09-02T12:17:38.025000+00:00,Ghana,0.4760178,7.1530967,0.0
1578565763751819,Mgq37Ws0jATxtodH65DkXi,108933258580999,cmenttor,2026-09-02T12:11:29.445000+00:00,Ghana,0.478947,7.1306519444444,0.0
1583131346845300,TrmVyuS9XGozwY07iNbOgq,108933258580999,cmenttor,2026-09-02T12:05:11.187000+00:00,Ghana,0.508103,7.0739221388889,0.0
1585697682906663,BAmiSXvLDnJwzpEjI7RC6h,108933258580999,cmenttor,2026-09-02T14:03:30.969000+00:00,Ghana,0.4989583,7.0933667,0.0
1589063395997033,BAmiSXvLDnJwzpEjI7RC6h,108933258580999,cmenttor,2026-09-02T14:05:35.057000+00:00,Ghana,0.50712,7.07603,0.0
1589511302731382,MOigDpwVv9zGomC5rdlQxq,108933258580999,cmenttor,2026-09-02T12:11:39.985000+00:00,Ghana,0.47885294444444,7.1325278055556,0.0
1595057952118162,BAmiSXvLDnJwzpEjI7RC6h,108933258580999,cmenttor,2026-09-02T13:59:34.990000+00:00,Ghana,0.4828017,7.119325,0.0
1596459272067393,BAmiSXvLDnJwzpEjI7RC6h,108933258580999,cmenttor,2026-09-02T14:05:47.017000+00:00,Ghana,0.5082067,7.0736433,0.0
1598135095424166,gPqwsMd39At6y7SocazxbK,108933258580999,cmenttor,2026-09-02T12:17:19.008000+00:00,Ghana,0.4743395,7.1517369,0.0
1598619775006146,BAmiSXvLDnJwzpEjI7RC6h,108933258580999,cmenttor,2026-09-02T14:02:31.054000+00:00,Ghana,0.4971017,7.0990017,0.0
1601330514729327,pADnBhjfYHU52GaZsmqOrI,108933258580999,cmenttor,2026-09-02T12:04:00.541000+00:00,Ghana,0.507002,7.069283,0.0
1602865824880761,yIxRFYv40hbrmLVu17a2SO,108933258580999,cmenttor,2026-09-02T12:04:46.693000+00:00,Ghana,0.50936297222222,7.07103775,0.0
1603063817887294,yIxRFYv40hbrmLVu17a2SO,108933258580999,cmenttor,2026-09-02T12:04:41.642000+00:00,Ghana,0.50949797222222,7.0707950555556,0.0
1604611904592431,BAmiSXvLDnJwzpEjI7RC6h,108933258580999,cmenttor,2026-09-02T14:02:09.088000+00:00,Ghana,0.4953683,7.1028433,0.0
1609266817265712,BAmiSXvLDnJwzpEjI7RC6h,108933258580999,cmenttor,2026-09-02T14:03:58.972000+00:00,Ghana,0.4993533,7.091635,0.0
1610149123870507,BAmiSXvLDnJwzpEjI7RC6h,108933258580999,cmenttor,2026-09-02T14:04:17.035000+00:00,Ghana,0.4999367,7.0889,0.0
1610257837302544,BAmiSXvLDnJwzpEjI7RC6h,108933258580999,cmenttor,2026-09-02T14:03:26.046000+00:00,Ghana,0.4988567,7.0938167,0.0
1611895370643982,BAmiSXvLDnJwzpEjI7RC6h,108933258580999,cmenttor,2026-09-02T14:01:28.059000+00:00,Ghana,0.4913017,7.1095583,0.0
1612597460443508,BAmiSXvLDnJwzpEjI7RC6h,108933258580999,cmenttor,2026-09-02T14:06:10.052000+00:00,Ghana,0.5094833,7.0706767,0.0
1617925153052268,BAmiSXvLDnJwzpEjI7RC6h,108933258580999,cmenttor,2026-09-02T14:01:33.076000+00:00,Ghana,0.491835,7.1087467,0.0
1617966380340570,BAmiSXvLDnJwzpEjI7RC6h,108933258580999,cmenttor,2026-09-02T14:03:02.398000+00:00,Ghana,0.4986,7.0950083,0.0
1620948409447950,0j2uG9O5xDrUbPKL3JFzfa,108933258580999,cmenttor,2026-09-02T12:11:19.334000+00:00,Ghana,0.47908297222222,7.1287550833333,0.0
1621729592945846,BAmiSXvLDnJwzpEjI7RC6h,108933258580999,cmenttor,2026-09-02T14:00:10.018000+00:00,Ghana,0.4869283,7.1148567,0.0
1621791813072312,BAmiSXvLDnJwzpEjI7RC6h,108933258580999,cmenttor,2026-09-02T14:03:41.978000+00:00,Ghana,0.4989817,7.0932167,0.0
1628432052132362,BAmiSXvLDnJwzpEjI7RC6h,108933258580999,cmenttor,2026-09-02T14:04:12.984000+00:00,Ghana,0.4998033,7.08955,0.0
1628749865516107,BAmiSXvLDnJwzpEjI7RC6h,108933258580999,cmenttor,2026-09-02T13:59:24.282000+00:00,Ghana,0.48175,7.12106,0.0
1631263195169844,BAmiSXvLDnJwzpEjI7RC6h,108933258580999,cmenttor,2026-09-02T14:04:52.030000+00:00,Ghana,0.501675,7.08302,0.0
1632686508374365,BAmiSXvLDnJwzpEjI7RC6h,108933258580999,cmenttor,2026-09-02T14:02:33.048000+00:00,Ghana,0.4972633,7.09863,0.0
1634667928054338,2dZUAwmhrqCGteKpB6LvJn,108933258580999,cmenttor,2026-09-02T12:10:19.088000+00:00,Ghana,0.484203,7.1175870833333,0.0
1635489717927377,gPqwsMd39At6y7SocazxbK,108933258580999,cmenttor,2026-09-02T12:17:29.952000+00:00,Ghana,0.4753832,7.1525002,0.0
1637486084404536,0j2uG9O5xDrUbPKL3JFzfa,108933258580999,cmenttor,2026-09-02T12:11:19.705000+00:00,Ghana,0.47908297222222,7.1287550833333,0.0
1642958333860878,BAmiSXvLDnJwzpEjI7RC6h,108933258580999,cmenttor,2026-09-02T14:05:39.047000+00:00,Ghana,0.5075033,7.075235,0.0
1643587677360534,BAmiSXvLDnJwzpEjI7RC6h,108933258580999,cmenttor,2026-09-02T14:04:45.009000+00:00,Ghana,0.5013933,7.08429,0.0
1643970400623999,BAmiSXvLDnJwzpEjI7RC6h,108933258580999,cmenttor,2026-09-02T14:00:33.041000+00:00,Ghana,0.4878883,7.1140033,0.0
1646437993577345,BAmiSXvLDnJwzpEjI7RC6h,108933258580999,cmenttor,2026-09-02T13:59:27.018000+00:00,Ghana,0.4819983,7.1205767,0.0
1648371333312574,BAmiSXvLDnJwzpEjI7RC6h,108933258580999,cmenttor,2026-09-02T14:02:58.980000+00:00,Ghana,0.4985833,7.09506,0.0
1650430340008142,BAmiSXvLDnJwzpEjI7RC6h,108933258580999,cmenttor,2026-09-02T13:59:56.976000+00:00,Ghana,0.4853967,7.1162683,0.0
1651059249917440,BAmiSXvLDnJwzpEjI7RC6h,108933258580999,cmenttor,2026-09-02T14:06:06.570000+00:00,Ghana,0.50941,7.0708967,0.0
1653299359756096,BAmiSXvLDnJwzpEjI7RC6h,108933258580999,cmenttor,2026-09-02T14:01:50.019000+00:00,Ghana,0.493555,7.1059467,0.0
1655855609293679,BAmiSXvLDnJwzpEjI7RC6h,108933258580999,cmenttor,2026-09-02T14:01:36.001000+00:00,Ghana,0.4921667,7.108235,0.0
1658894352513697,BAmiSXvLDnJwzpEjI7RC6h,108933258580999,cmenttor,2026-09-02T14:06:33.998000+00:00,Ghana,0.50861,7.0701183,0.0
1662828872131417,BAmiSXvLDnJwzpEjI7RC6h,108933258580999,cmenttor,2026-09-02T14:00:54.051000+00:00,Ghana,0.4885517,7.1133933,0.0
1677795636653582,gPqwsMd39At6y7SocazxbK,108933258580999,cmenttor,2026-09-02T12:17:45.962000+00:00,Ghana,0.4764447,7.1536446,0.0
1680047194137559,BAmiSXvLDnJwzpEjI7RC6h,108933258580999,cmenttor,2026-09-02T14:02:26.976000+00:00,Ghana,0.4967933,7.0997233,0.0
1681301766289871,l6PpD2wMr08jdSJFuBvqQ5,108933258580999,cmenttor,2026-09-02T12:10:54.685000+00:00,Ghana,0.48045197222222,7.1238999166667,0.0
1685548692511261,FYlEHnxIPDJz1abUTtX6sC,108933258580999,cmenttor,2026-09-02T11:55:16.039000+00:00,Ghana,0.45454697222222,7.0071220277778,0.0
1691114335729488,BAmiSXvLDnJwzpEjI7RC6h,108933258580999,cmenttor,2026-09-02T14:02:05.966000+00:00,Ghana,0.4951083,7.1033517,0.0
1694304778294943,BAmiSXvLDnJwzpEjI7RC6h,108933258580999,cmenttor,2026-09-02T14:02:32.003000+00:00,Ghana,0.49718,7.0988183,0.0
1705728834246910,BAmiSXvLDnJwzpEjI7RC6h,108933258580999,cmenttor,2026-09-02T14:03:34.515000+00:00,Ghana,0.4989617,7.0933083,0.0
1712615423305293,BAmiSXvLDnJwzpEjI7RC6h,108933258580999,cmenttor,2026-09-02T14:05:43.063000+00:00,Ghana,0.5078583,7.07443,0.0
1717127986231176,t0zgOPoRf5EheVWN31M6cj,108933258580999,cmenttor,2026-09-02T13:18:30.952000+00:00,Ghana,0.47624444444444,7.1533222222222,0.0
1717454352642799,BAmiSXvLDnJwzpEjI7RC6h,108933258580999,cmenttor,2026-09-02T14:00:12.008000+00:00,Ghana,0.487045,7.1147567,0.0
1721829079043628,BAmiSXvLDnJwzpEjI7RC6h,108933258580999,cmenttor,2026-09-02T14:02:42.975000+00:00,Ghana,0.4980433,7.0969767,0.0
1722682179034678,w1uODXpyc9kW0Hiq7edLCJ,108933258580999,cmenttor,2026-09-02T12:11:54.248000+00:00,Ghana,0.47868297222222,7.1352500833333,0.0
1725362235339786,BAmiSXvLDnJwzpEjI7RC6h,108933258580999,cmenttor,2026-09-02T13:59:48.977000+00:00,Ghana,0.4843767,7.117325,0.0
1726473845285765,BAmiSXvLDnJwzpEjI7RC6h,108933258580999,cmenttor,2026-09-02T14:03:17.967000+00:00,Ghana,0.4987017,7.094525,0.0
1731752547944468,BAmiSXvLDnJwzpEjI7RC6h,108933258580999,cmenttor,2026-09-02T14:04:01.030000+00:00,Ghana,0.4994083,7.091365,0.0
1732067344578783,w1uODXpyc9kW0Hiq7edLCJ,108933258580999,cmenttor,2026-09-02T12:11:59.077000+00:00,Ghana,0.47860197222222,7.1361050555556,0.0
1732301794656292,BAmiSXvLDnJwzpEjI7RC6h,108933258580999,cmenttor,2026-09-02T14:06:28.055000+00:00,Ghana,0.5090983,7.0703717,0.0
1732504638001510,w1uODXpyc9kW0Hiq7edLCJ,108933258580999,cmenttor,2026-09-02T12:11:59.392000+00:00,Ghana,0.47860197222222,7.1361050555556,0.0
1733772731004719,BAmiSXvLDnJwzpEjI7RC6h,108933258580999,cmenttor,2026-09-02T14:00:26.960000+00:00,Ghana,0.487455,7.11438,0.0
1733821167925344,BAmiSXvLDnJwzpEjI7RC6h,108933258580999,cmenttor,2026-09-02T14:05:45.021000+00:00,Ghana,0.50803,7.074035,0.0
1736931970947348,BAmiSXvLDnJwzpEjI7RC6h,108933258580999,cmenttor,2026-09-02T13:59:32.053000+00:00,Ghana,0.482495,7.1197983,0.0
1740008490609717,BAmiSXvLDnJwzpEjI7RC6h,108933258580999,cmenttor,2026-09-02T14:00:38.039000+00:00,Ghana,0.4881883,7.1137233,0.0
1742519626957841,PsxCmYMtNE6RbQKk9A2Hov,108933258580999,cmenttor,2026-09-02T12:11:04.448000+00:00,Ghana,0.47966,7.1257948611111,0.0
1743051113601465,BAmiSXvLDnJwzpEjI7RC6h,108933258580999,cmenttor,2026-09-02T14:05:17.971000+00:00,Ghana,0.5049817,7.078865,0.0
1744325546841405,BAmiSXvLDnJwzpEjI7RC6h,108933258580999,cmenttor,2026-09-02T14:06:04.412000+00:00,Ghana,0.5093167,7.071085,0.0
1744648296774141,BAmiSXvLDnJwzpEjI7RC6h,108933258580999,cmenttor,2026-09-02T13:59:46.072000+00:00,Ghana,0.4840083,7.1177267,0.0
1746196203285149,v1tyFmMoc2UpksRa0XCjwe,108933258580999,cmenttor,2026-09-02T12:11:49.185000+00:00,Ghana,0.478738,7.1343398055556,0.0
1746681349710288,BAmiSXvLDnJwzpEjI7RC6h,108933258580999,cmenttor,2026-09-02T14:06:08.325000+00:00,Ghana,0.5094583,7.070755,0.0
1748175226274700,BAmiSXvLDnJwzpEjI7RC6h,108933258580999,cmenttor,2026-09-02T14:05:48.975000+00:00,Ghana,0.5083683,7.07328,0.0
1751948979244869,BAmiSXvLDnJwzpEjI7RC6h,108933258580999,cmenttor,2026-09-02T14:00:25.036000+00:00,Ghana,0.4873367,7.1144867,0.0
1752762355966477,gPqwsMd39At6y7SocazxbK,108933258580999,cmenttor,2026-09-02T12:17:35.965000+00:00,Ghana,0.4758947,7.1529746,0.0
1752919839258234,BAmiSXvLDnJwzpEjI7RC6h,108933258580999,cmenttor,2026-09-02T13:59:29.013000+00:00,Ghana,0.482185,7.1202567,0.0
1755603605672790,gPqwsMd39At6y7SocazxbK,108933258580999,cmenttor,2026-09-02T12:17:24.011000+00:00,Ghana,0.4748432,7.1520416,0.0
1757350562130997,BAmiSXvLDnJwzpEjI7RC6h,108933258580999,cmenttor,2026-09-02T14:05:31.038000+00:00,Ghana,0.5067233,7.0767733,0.0
1758417795483547,gPqwsMd39At6y7SocazxbK,108933258580999,cmenttor,2026-09-02T12:17:27.998000+00:00,Ghana,0.4752069,7.1523399,0.0
1759115788450348,BAmiSXvLDnJwzpEjI7RC6h,108933258580999,cmenttor,2026-09-02T14:02:18.966000+00:00,Ghana,0.4962,7.1011467,0.0
1760472198185879,MOigDpwVv9zGomC5rdlQxq,108933258580999,cmenttor,2026-09-02T12:11:39.368000+00:00,Ghana,0.47885294444444,7.1325278055556,0.0
1768864650913829,yIxRFYv40hbrmLVu17a2SO,108933258580999,cmenttor,2026-09-02T12:04:26.815000+00:00,Ghana,0.50946697222222,7.070518,0.0
1769349697522152,BAmiSXvLDnJwzpEjI7RC6h,108933258580999,cmenttor,2026-09-02T14:06:23.966000+00:00,Ghana,0.50932,7.07049,0.0
1772944194018851,BAmiSXvLDnJwzpEjI7RC6h,108933258580999,cmenttor,2026-09-02T14:01:02.457000+00:00,Ghana,0.489085,7.11283,0.0
1774080913835146,w1uODXpyc9kW0Hiq7edLCJ,108933258580999,cmenttor,2026-09-02T12:11:54.825000+00:00,Ghana,0.47868297222222,7.1352500833333,0.0
1775567410531820,BAmiSXvLDnJwzpEjI7RC6h,108933258580999,cmenttor,2026-09-02T14:01:51.068000+00:00,Ghana,0.4936567,7.1057817,0.0
1776867406888771,BAmiSXvLDnJwzpEjI7RC6h,108933258580999,cmenttor,2026-09-02T14:01:22.994000+00:00,Ghana,0.490815,7.11033,0.0
1778450533178849,BAmiSXvLDnJwzpEjI7RC6h,108933258580999,cmenttor,2026-09-02T14:00:50.975000+00:00,Ghana,0.4884067,7.113525,0.0
1779651236397402,v1tyFmMoc2UpksRa0XCjwe,108933258580999,cmenttor,2026-09-02T12:11:49.058000+00:00,Ghana,0.478738,7.1343398055556,0.0
1779813206778964,gPqwsMd39At6y7SocazxbK,108933258580999,cmenttor,2026-09-02T12:17:39.958000+00:00,Ghana,0.4761386,7.1532251,0.0
1780158466552432,NlToZFVB6LuRWengOmUHGr,108933258580999,cmenttor,2026-09-02T12:11:14.595000+00:00,Ghana,0.479157,7.1277770833333,0.0
1780513772968979,BAmiSXvLDnJwzpEjI7RC6h,108933258580999,cmenttor,2026-09-02T14:00:59.049000+00:00,Ghana,0.488865,7.1130583,0.0
1784966526028958,oVvMFldgkrHED27YzIif0e,108933258580999,cmenttor,2026-09-02T12:11:34.509000+00:00,Ghana,0.478903,7.1315998888889,0.0
1785369665825393,BAmiSXvLDnJwzpEjI7RC6h,108933258580999,cmenttor,2026-09-02T14:02:24.032000+00:00,Ghana,0.4965783,7.100255,0.0
1785633309304855,BAmiSXvLDnJwzpEjI7RC6h,108933258580999,cmenttor,2026-09-02T14:00:23.046000+00:00,Ghana,0.487235,7.1145817,0.0
1786350979165726,BAmiSXvLDnJwzpEjI7RC6h,108933258580999,cmenttor,2026-09-02T14:01:21.003000+00:00,Ghana,0.4906217,7.1106167,0.0
1787795352241998,BAmiSXvLDnJwzpEjI7RC6h,108933258580999,cmenttor,2026-09-02T13:59:20.024000+00:00,Ghana,0.4814417,7.1216833,0.0
1788459909073720,DnOYc9sy2GQia8hj7lPLVe,108933258580999,cmenttor,2026-09-02T11:53:24.830000+00:00,Ghana,0.441775,6.9961528611111,0.0
1788615819221414,BAmiSXvLDnJwzpEjI7RC6h,108933258580999,cmenttor,2026-09-02T14:03:06.987000+00:00,Ghana,0.4986083,7.0949533,0.0
1788907768961942,BAmiSXvLDnJwzpEjI7RC6h,108933258580999,cmenttor,2026-09-02T13:59:21.985000+00:00,Ghana,0.4815917,7.1213783,0.0
1790765049045581,BAmiSXvLDnJwzpEjI7RC6h,108933258580999,cmenttor,2026-09-02T13:59:29.992000+00:00,Ghana,0.4822917,7.1201083,0.0
1791868802239660,BAmiSXvLDnJwzpEjI7RC6h,108933258580999,cmenttor,2026-09-02T14:00:44.020000+00:00,Ghana,0.4882667,7.1136567,0.0
1794067301722596,BAmiSXvLDnJwzpEjI7RC6h,108933258580999,cmenttor,2026-09-02T13:59:58.051000+00:00,Ghana,0.485535,7.116135,0.0
1797114448298439,yIxRFYv40hbrmLVu17a2SO,108933258580999,cmenttor,2026-09-02T12:04:51.984000+00:00,Ghana,0.50919197222222,7.0714521388889,0.0
1797332511443638,BAmiSXvLDnJwzpEjI7RC6h,108933258580999,cmenttor,2026-09-02T14:02:28.017000+00:00,Ghana,0.4968633,7.09955,0.0
1803722087327675,BAmiSXvLDnJwzpEjI7RC6h,108933258580999,cmenttor,2026-09-02T14:01:58.053000+00:00,Ghana,0.494355,7.1046767,0.0
1807495620433027,w1uODXpyc9kW0Hiq7edLCJ,108933258580999,cmenttor,2026-09-02T12:11:59.374000+00:00,Ghana,0.47860197222222,7.1361050555556,0.0
1813659749799825,BAmiSXvLDnJwzpEjI7RC6h,108933258580999,cmenttor,2026-09-02T13:59:37.018000+00:00,Ghana,0.48302,7.1190217,0.0
1818762262452738,BAmiSXvLDnJwzpEjI7RC6h,108933258580999,cmenttor,2026-09-02T14:05:24.012000+00:00,Ghana,0.5058317,7.0779133,0.0
1840994366882379,BAmiSXvLDnJwzpEjI7RC6h,108933258580999,cmenttor,2026-09-02T14:03:23.032000+00:00,Ghana,0.4988,7.0940983,0.0
1846485769650404,gPqwsMd39At6y7SocazxbK,108933258580999,cmenttor,2026-09-02T12:17:51.034000+00:00,Ghana,0.4766893,7.1539713,0.0
1853685808986466,BAmiSXvLDnJwzpEjI7RC6h,108933258580999,cmenttor,2026-09-02T14:00:21.048000+00:00,Ghana,0.48716,7.1146467,0.0
1858718885115607,BAmiSXvLDnJwzpEjI7RC6h,108933258580999,cmenttor,2026-09-02T14:04:05.049000+00:00,Ghana,0.4995333,7.0907867,0.0
1873799490660916,BAmiSXvLDnJwzpEjI7RC6h,108933258580999,cmenttor,2026-09-02T14:05:36.003000+00:00,Ghana,0.5072117,7.075835,0.0
1951682095520398,BAmiSXvLDnJwzpEjI7RC6h,108933258580999,cmenttor,2026-09-02T14:03:36.136000+00:00,Ghana,0.4989617,7.0932983,0.0
1953446592269969,Mgq37Ws0jATxtodH65DkXi,108933258580999,cmenttor,2026-09-02T12:11:29.140000+00:00,Ghana,0.478947,7.1306519444444,0.0
1955175465170401,BAmiSXvLDnJwzpEjI7RC6h,108933258580999,cmenttor,2026-09-02T14:06:09.005000+00:00,Ghana,0.50947,7.0707083,0.0
1956146008381480,BAmiSXvLDnJwzpEjI7RC6h,108933258580999,cmenttor,2026-09-02T14:05:51.002000+00:00,Ghana,0.50853,7.0729333,0.0
1973293136912393,BAmiSXvLDnJwzpEjI7RC6h,108933258580999,cmenttor,2026-09-02T14:02:20.011000+00:00,Ghana,0.4962733,7.1009783,0.0
1981195155919565,BAmiSXvLDnJwzpEjI7RC6h,108933258580999,cmenttor,2026-09-02T14:01:03.982000+00:00,Ghana,0.4892367,7.11266,0.0
1989306881734442,nLamZWklNxhdJp0z9c13RG,108933258580999,cmenttor,2026-09-02T11:53:40.832000+00:00,Ghana,0.44273797222222,6.9972400555556,0.0
2014187669969535,BAmiSXvLDnJwzpEjI7RC6h,108933258580999,cmenttor,2026-09-02T14:02:12.009000+00:00,Ghana,0.4956417,7.10232,0.0
2020187782012528,BAmiSXvLDnJwzpEjI7RC6h,108933258580999,cmenttor,2026-09-02T14:03:57.010000+00:00,Ghana,0.4992967,7.0918933,0.0
2029375897711460,gPqwsMd39At6y7SocazxbK,108933258580999,cmenttor,2026-09-02T12:17:43.973000+00:00,Ghana,0.4763591,7.1535083,0.0
2054650925257329,BAmiSXvLDnJwzpEjI7RC6h,108933258580999,cmenttor,2026-09-02T14:03:44.987000+00:00,Ghana,0.4990233,7.09308,0.0
2055278588446960,BAmiSXvLDnJwzpEjI7RC6h,108933258580999,cmenttor,2026-09-02T14:03:32.864000+00:00,Ghana,0.4989667,7.0933283,0.0
2075497387174252,BAmiSXvLDnJwzpEjI7RC6h,108933258580999,cmenttor,2026-09-02T13:59:52.078000+00:00,Ghana,0.484745,7.11693,0.0
2080176769249566,BAmiSXvLDnJwzpEjI7RC6h,108933258580999,cmenttor,2026-09-02T14:04:15.077000+00:00,Ghana,0.4998717,7.0892217,0.0
2082107829052847,BAmiSXvLDnJwzpEjI7RC6h,108933258580999,cmenttor,2026-09-02T14:05:30.061000+00:00,Ghana,0.506615,7.076955,0.0
2097020074534667,w1uODXpyc9kW0Hiq7edLCJ,108933258580999,cmenttor,2026-09-02T12:11:54.967000+00:00,Ghana,0.47868297222222,7.1352500833333,0.0
2099297804044720,BAmiSXvLDnJwzpEjI7RC6h,108933258580999,cmenttor,2026-09-02T13:59:26.010000+00:00,Ghana,0.4819117,7.1207383,0.0
2101982840693317,BAmiSXvLDnJwzpEjI7RC6h,108933258580999,cmenttor,2026-09-02T14:04:42.064000+00:00,Ghana,0.5012567,7.084825,0.0
2106551360254701,gPqwsMd39At6y7SocazxbK,108933258580999,cmenttor,2026-09-02T12:17:35.058000+00:00,Ghana,0.4758248,7.1529107,0.0
2115172052711621,BAmiSXvLDnJwzpEjI7RC6h,108933258580999,cmenttor,2026-09-02T14:05:06.991000+00:00,Ghana,0.503415,7.0805283,0.0
2120409455176718,BAmiSXvLDnJwzpEjI7RC6h,108933258580999,cmenttor,2026-09-02T14:03:13.002000+00:00,Ghana,0.49864,7.0948183,0.0
2122355602007307,gPqwsMd39At6y7SocazxbK,108933258580999,cmenttor,2026-09-02T12:17:29.009000+00:00,Ghana,0.475294,7.1524152,0.0
2134876434076662,BAmiSXvLDnJwzpEjI7RC6h,108933258580999,cmenttor,2026-09-02T14:00:12.991000+00:00,Ghana,0.4870667,7.1147367,0.0
2134935803754128,BAmiSXvLDnJwzpEjI7RC6h,108933258580999,cmenttor,2026-09-02T14:01:02.997000+00:00,Ghana,0.4891567,7.1127467,0.0
2135777006977282,BAmiSXvLDnJwzpEjI7RC6h,108933258580999,cmenttor,2026-09-02T14:05:45.966000+00:00,Ghana,0.50812,7.0738367,0.0
2142145480063368,yIxRFYv40hbrmLVu17a2SO,108933258580999,cmenttor,2026-09-02T12:04:11.743000+00:00,Ghana,0.50866194444444,7.0701518055556,0.0
2143302856599551,BAmiSXvLDnJwzpEjI7RC6h,108933258580999,cmenttor,2026-09-02T14:01:48.972000+00:00,Ghana,0.493455,7.1061083,0.0
2147087029557701,BAmiSXvLDnJwzpEjI7RC6h,108933258580999,cmenttor,2026-09-02T14:02:28.963000+00:00,Ghana,0.4969383,7.09937,0.0
2150303665922982,BAmiSXvLDnJwzpEjI7RC6h,108933258580999,cmenttor,2026-09-02T14:04:38.047000+00:00,Ghana,0.5010433,7.0855233,0.0
2153716472160153,BAmiSXvLDnJwzpEjI7RC6h,108933258580999,cmenttor,2026-09-02T14:04:56.052000+00:00,Ghana,0.5019733,7.0822767,0.0
2157001441826176,BAmiSXvLDnJwzpEjI7RC6h,108933258580999,cmenttor,2026-09-02T14:02:51.925000+00:00,Ghana,0.4984233,7.095885,0.0
2158608658028527,BAmiSXvLDnJwzpEjI7RC6h,108933258580999,cmenttor,2026-09-02T14:03:48.024000+00:00,Ghana,0.499075,7.0928667,0.0
2166984530553000,gPqwsMd39At6y7SocazxbK,108933258580999,cmenttor,2026-09-02T12:17:56.031000+00:00,Ghana,0.4770714,7.1541472,0.0
2168082940785868,BAmiSXvLDnJwzpEjI7RC6h,108933258580999,cmenttor,2026-09-02T13:59:32.999000+00:00,Ghana,0.4825983,7.1196383,0.0
2179180849663086,gPqwsMd39At6y7SocazxbK,108933258580999,cmenttor,2026-09-02T12:17:16.831000+00:00,Ghana,0.4739996,7.1515988,0.0
2181887526008561,BAmiSXvLDnJwzpEjI7RC6h,108933258580999,cmenttor,2026-09-02T14:00:58.004000+00:00,Ghana,0.4887983,7.1131367,0.0
2184611242471503,BAmiSXvLDnJwzpEjI7RC6h,108933258580999,cmenttor,2026-09-02T14:02:10.994000+00:00,Ghana,0.49555,7.102495,0.0
2186555882266562,BAmiSXvLDnJwzpEjI7RC6h,108933258580999,cmenttor,2026-09-02T14:01:44.037000+00:00,Ghana,0.4929667,7.1069167,0.0
2193542318092625,BAmiSXvLDnJwzpEjI7RC6h,108933258580999,cmenttor,2026-09-02T13:59:34.077000+00:00,Ghana,0.4826983,7.1194767,0.0
2194115474534891,BAmiSXvLDnJwzpEjI7RC6h,108933258580999,cmenttor,2026-09-02T14:06:19.641000+00:00,Ghana,0.5094688,7.0705811,0.0
2206487486585312,gPqwsMd39At6y7SocazxbK,108933258580999,cmenttor,2026-09-02T12:17:32.015000+00:00,Ghana,0.4755707,7.1526705,0.0
2222701725174237,BAmiSXvLDnJwzpEjI7RC6h,108933258580999,cmenttor,2026-09-02T14:00:50.026000+00:00,Ghana,0.4883667,7.1135567,0.0
2228343154781026,BAmiSXvLDnJwzpEjI7RC6h,108933258580999,cmenttor,2026-09-02T14:05:19.020000+00:00,Ghana,0.5051267,7.0787033,0.0
2238036496956914,BAmiSXvLDnJwzpEjI7RC6h,108933258580999,cmenttor,2026-09-02T14:05:39.989000+00:00,Ghana,0.5075917,7.07503,0.0
2238612080041377,BAmiSXvLDnJwzpEjI7RC6h,108933258580999,cmenttor,2026-09-02T14:01:05.972000+00:00,Ghana,0.4893833,7.1124783,0.0
2250120825529554,gPqwsMd39At6y7SocazxbK,108933258580999,cmenttor,2026-09-02T12:17:17.638000+00:00,Ghana,0.4741215,7.1516482,0.0
2254533622066444,BAmiSXvLDnJwzpEjI7RC6h,108933258580999,cmenttor,2026-09-02T14:02:37.074000+00:00,Ghana,0.497575,7.0979183,0.0
2255971188513545,BAmiSXvLDnJwzpEjI7RC6h,108933258580999,cmenttor,2026-09-02T14:01:59.003000+00:00,Ghana,0.4944567,7.1045183,0.0
2258184258330665,v1tyFmMoc2UpksRa0XCjwe,108933258580999,cmenttor,2026-09-02T12:11:49.300000+00:00,Ghana,0.478738,7.1343398055556,0.0
2258462091585306,yIxRFYv40hbrmLVu17a2SO,108933258580999,cmenttor,2026-09-02T12:04:51.663000+00:00,Ghana,0.50919197222222,7.0714521388889,0.0
2265152170886194,BAmiSXvLDnJwzpEjI7RC6h,108933258580999,cmenttor,2026-09-02T14:00:26.014000+00:00,Ghana,0.487395,7.1144333,0.0
2273175430144606,BAmiSXvLDnJwzpEjI7RC6h,108933258580999,cmenttor,2026-09-02T14:01:27.082000+00:00,Ghana,0.4911933,7.1097267,0.0
2285180125627765,BAmiSXvLDnJwzpEjI7RC6h,108933258580999,cmenttor,2026-09-02T14:01:37.056000+00:00,Ghana,0.4922733,7.1080617,0.0
2287100462044607,BAmiSXvLDnJwzpEjI7RC6h,108933258580999,cmenttor,2026-09-02T14:05:09.016000+00:00,Ghana,0.5037,7.0802267,0.0
2287318925365866,BAmiSXvLDnJwzpEjI7RC6h,108933258580999,cmenttor,2026-09-02T14:03:48.969000+00:00,Ghana,0.4990967,7.0927783,0.0
2297304734367237,BAmiSXvLDnJwzpEjI7RC6h,108933258580999,cmenttor,2026-09-02T14:01:52.260000+00:00,Ghana,0.493755,7.1056267,0.0
2298090434062002,BAmiSXvLDnJwzpEjI7RC6h,108933258580999,cmenttor,2026-09-02T14:01:32.015000+00:00,Ghana,0.491725,7.108915,0.0
2311111829645748,BAmiSXvLDnJwzpEjI7RC6h,108933258580999,cmenttor,2026-09-02T13:59:54.041000+00:00,Ghana,0.4849933,7.1166667,0.0
2311455156322100,BAmiSXvLDnJwzpEjI7RC6h,108933258580999,cmenttor,2026-09-02T14:03:19.995000+00:00,Ghana,0.49874,7.0943567,0.0
2313989412471027,yIxRFYv40hbrmLVu17a2SO,108933258580999,cmenttor,2026-09-02T12:04:31.634000+00:00,Ghana,0.50947794444444,7.0705518611111,0.0
2316605102591566,BAmiSXvLDnJwzpEjI7RC6h,108933258580999,cmenttor,2026-09-02T14:03:46.981000+00:00,Ghana,0.4990533,7.09295,0.0
2324548258360349,BAmiSXvLDnJwzpEjI7RC6h,108933258580999,cmenttor,2026-09-02T14:05:11.990000+00:00,Ghana,0.504125,7.0797833,0.0
2328764707951777,BAmiSXvLDnJwzpEjI7RC6h,108933258580999,cmenttor,2026-09-02T14:06:35.047000+00:00,Ghana,0.5085183,7.070065,0.0
2356011551820972,gPqwsMd39At6y7SocazxbK,108933258580999,cmenttor,2026-09-02T12:17:22.020000+00:00,Ghana,0.4746411,7.1519128,0.0
2378485106273145,BAmiSXvLDnJwzpEjI7RC6h,108933258580999,cmenttor,2026-09-02T14:00:10.953000+00:00,Ghana,0.4869983,7.1147967,0.0
2400534903805479,BAmiSXvLDnJwzpEjI7RC6h,108933258580999,cmenttor,2026-09-02T14:05:17.022000+00:00,Ghana,0.5048317,7.0790217,0.0
2451481645393222,BAmiSXvLDnJwzpEjI7RC6h,108933258580999,cmenttor,2026-09-02T14:03:29.044000+00:00,Ghana,0.4989233,7.093515,0.0
2483300348847335,gPqwsMd39At6y7SocazxbK,108933258580999,cmenttor,2026-09-02T12:17:18.063000+00:00,Ghana,0.474233,7.1516897,0.0
2491277701371394,BAmiSXvLDnJwzpEjI7RC6h,108933258580999,cmenttor,2026-09-02T14:03:53.971000+00:00,Ghana,0.499215,7.092265,0.0
2495417974257925,w1uODXpyc9kW0Hiq7edLCJ,108933258580999,cmenttor,2026-09-02T12:11:59.225000+00:00,Ghana,0.47860197222222,7.1361050555556,0.0
2517616538735546,BAmiSXvLDnJwzpEjI7RC6h,108933258580999,cmenttor,2026-09-02T14:00:09.036000+00:00,Ghana,0.4868467,7.1149317,0.0
2524710591275339,BAmiSXvLDnJwzpEjI7RC6h,108933258580999,cmenttor,2026-09-02T14:06:31.024000+00:00,Ghana,0.5088783,7.070245,0.0
2526847994491083,BAmiSXvLDnJwzpEjI7RC6h,108933258580999,cmenttor,2026-09-02T14:02:12.990000+00:00,Ghana,0.4957267,7.1021533,0.0
2527913307656326,w1uODXpyc9kW0Hiq7edLCJ,108933258580999,cmenttor,2026-09-02T12:11:54.535000+00:00,Ghana,0.47868297222222,7.1352500833333,0.0
2530148934163675,BAmiSXvLDnJwzpEjI7RC6h,108933258580999,cmenttor,2026-09-02T14:05:16.046000+00:00,Ghana,0.5046867,7.0791833,0.0
2532455443886452,BAmiSXvLDnJwzpEjI7RC6h,108933258580999,cmenttor,2026-09-02T14:00:34.020000+00:00,Ghana,0.4879667,7.1139283,0.0
2533246723756049,pADnBhjfYHU52GaZsmqOrI,108933258580999,cmenttor,2026-09-02T12:04:00.278000+00:00,Ghana,0.507002,7.069283,0.0
2558031451377697,pADnBhjfYHU52GaZsmqOrI,108933258580999,cmenttor,2026-09-02T12:04:00.765000+00:00,Ghana,0.507002,7.069283,0.0
2571994203229856,MOigDpwVv9zGomC5rdlQxq,108933258580999,cmenttor,2026-09-02T12:11:44.767000+00:00,Ghana,0.47879497222222,7.13343,0.0
2595003797584771,BAmiSXvLDnJwzpEjI7RC6h,108933258580999,cmenttor,2026-09-02T14:04:35.039000+00:00,Ghana,0.5008783,7.0860233,0.0
2601924410246199,BAmiSXvLDnJwzpEjI7RC6h,108933258580999,cmenttor,2026-09-02T14:06:26.059000+00:00,Ghana,0.5092167,7.070445,0.0
2602897553486037,BAmiSXvLDnJwzpEjI7RC6h,108933258580999,cmenttor,2026-09-02T14:02:35.041000+00:00,Ghana,0.4974233,7.098265,0.0
2604190943384416,BAmiSXvLDnJwzpEjI7RC6h,108933258580999,cmenttor,2026-09-02T14:06:32.006000+00:00,Ghana,0.5087967,7.0702033,0.0
2605768183179128,BAmiSXvLDnJwzpEjI7RC6h,108933258580999,cmenttor,2026-09-02T14:05:33.066000+00:00,Ghana,0.5069283,7.0764067,0.0
2612724322499940,BAmiSXvLDnJwzpEjI7RC6h,108933258580999,cmenttor,2026-09-02T14:04:53.954000+00:00,Ghana,0.5017933,7.0826533,0.0
2614151675705407,BAmiSXvLDnJwzpEjI7RC6h,108933258580999,cmenttor,2026-09-02T14:01:30.022000+00:00,Ghana,0.4915133,7.10924,0.0
2626713587763327,v1tyFmMoc2UpksRa0XCjwe,108933258580999,cmenttor,2026-09-02T12:11:49.052000+00:00,Ghana,0.478738,7.1343398055556,0.0
2649175888831346,t0zgOPoRf5EheVWN31M6cj,108933258580999,cmenttor,2026-09-02T13:18:30.327000+00:00,Ghana,0.47624444444444,7.1533222222222,0.0
2658803677876660,BAmiSXvLDnJwzpEjI7RC6h,108933258580999,cmenttor,2026-09-02T14:05:28.981000+00:00,Ghana,0.5065,7.0771167,0.0
2693470854404283,BAmiSXvLDnJwzpEjI7RC6h,108933258580999,cmenttor,2026-09-02T13:59:18.067000+00:00,Ghana,0.4812983,7.1219917,0.0
2808411156201039,BAmiSXvLDnJwzpEjI7RC6h,108933258580999,cmenttor,2026-09-02T14:06:40.956000+00:00,Ghana,0.5078417,7.0697083,0.0
2907629932902982,BAmiSXvLDnJwzpEjI7RC6h,108933258580999,cmenttor,2026-09-02T14:00:52.971000+00:00,Ghana,0.488495,7.1134417,0.0
2926758744329920,BAmiSXvLDnJwzpEjI7RC6h,108933258580999,cmenttor,2026-09-02T14:00:19.024000+00:00,Ghana,0.4871083,7.1146867,0.0
2933970700270575,gPqwsMd39At6y7SocazxbK,108933258580999,cmenttor,2026-09-02T12:17:25.022000+00:00,Ghana,0.4749396,7.1521107,0.0
2937350909942685,oVvMFldgkrHED27YzIif0e,108933258580999,cmenttor,2026-09-02T12:11:34.637000+00:00,Ghana,0.478903,7.1315998888889,0.0
2964777923916179,BAmiSXvLDnJwzpEjI7RC6h,108933258580999,cmenttor,2026-09-02T14:06:17.992000+00:00,Ghana,0.5094903,7.070618,0.0
3008825516147414,BAmiSXvLDnJwzpEjI7RC6h,108933258580999,cmenttor,2026-09-02T14:06:06.027000+00:00,Ghana,0.50941,7.0708967,0.0
3013919985621963,BAmiSXvLDnJwzpEjI7RC6h,108933258580999,cmenttor,2026-09-02T14:00:46.988000+00:00,Ghana,0.4882933,7.1136283,0.0
3051228215269323,BAmiSXvLDnJwzpEjI7RC6h,108933258580999,cmenttor,2026-09-02T14:04:25.041000+00:00,Ghana,0.5002967,7.0876383,0.0
3183157725203365,BAmiSXvLDnJwzpEjI7RC6h,108933258580999,cmenttor,2026-09-02T14:02:17.075000+00:00,Ghana,0.496045,7.1014833,0.0
3266138056928787,BAmiSXvLDnJwzpEjI7RC6h,108933258580999,cmenttor,2026-09-02T14:00:16.967000+00:00,Ghana,0.4870933,7.11471,0.0
3284382835105375,BAmiSXvLDnJwzpEjI7RC6h,108933258580999,cmenttor,2026-09-02T14:05:02.970000+00:00,Ghana,0.502855,7.0811317,0.0
3351186281731451,BAmiSXvLDnJwzpEjI7RC6h,108933258580999,cmenttor,2026-09-02T14:06:44.974000+00:00,Ghana,0.507325,7.0694333,0.0
3366443390410069,gPqwsMd39At6y7SocazxbK,108933258580999,cmenttor,2026-09-02T12:17:31.005000+00:00,Ghana,0.4754792,7.1525862,0.0
3455903707923689,BAmiSXvLDnJwzpEjI7RC6h,108933258580999,cmenttor,2026-09-02T14:00:31.994000+00:00,Ghana,0.4878067,7.1140783,0.0
3703265519838125,BAmiSXvLDnJwzpEjI7RC6h,108933258580999,cmenttor,2026-09-02T14:02:26.023000+00:00,Ghana,0.49672,7.0999,0.0
3711056542386724,BAmiSXvLDnJwzpEjI7RC6h,108933258580999,cmenttor,2026-09-02T14:05:56.440000+00:00,Ghana,0.50889,7.0721033,0.0
3827810850695313,BAmiSXvLDnJwzpEjI7RC6h,108933258580999,cmenttor,2026-09-02T14:05:44.010000+00:00,Ghana,0.5079433,7.074235,0.0
4030009983969161,BAmiSXvLDnJwzpEjI7RC6h,108933258580999,cmenttor,2026-09-02T14:03:50.018000+00:00,Ghana,0.4991233,7.0926817,0.0
4123208694638437,BAmiSXvLDnJwzpEjI7RC6h,108933258580999,cmenttor,2026-09-02T13:59:56.032000+00:00,Ghana,0.48526,7.1164033,0.0
4141745186122835,BAmiSXvLDnJwzpEjI7RC6h,108933258580999,cmenttor,2026-09-02T14:06:43.015000+00:00,Ghana,0.50759,7.06958,0.0
4193684040762642,nLamZWklNxhdJp0z9c13RG,108933258580999,cmenttor,2026-09-02T11:53:40.170000+00:00,Ghana,0.44273797222222,6.9972400555556,0.0
4357937421184751,BAmiSXvLDnJwzpEjI7RC6h,108933258580999,cmenttor,2026-09-02T13:59:54.984000+00:00,Ghana,0.485125,7.1165333,0.0
4386152025048323,BAmiSXvLDnJwzpEjI7RC6h,108933258580999,cmenttor,2026-09-02T14:00:39.085000+00:00,Ghana,0.48822,7.113695,0.0
4415284468687944,BAmiSXvLDnJwzpEjI7RC6h,108933258580999,cmenttor,2026-09-02T14:01:26.002000+00:00,Ghana,0.491095,7.109885,0.0
4450056045323411,BAmiSXvLDnJwzpEjI7RC6h,108933258580999,cmenttor,2026-09-02T14:05:14.994000+00:00,Ghana,0.5045433,7.0793333,0.0
4525565111103154,BAmiSXvLDnJwzpEjI7RC6h,108933258580999,cmenttor,2026-09-02T14:05:55.388000+00:00,Ghana,0.5088233,7.0722633,0.0
4553266234945527,w1uODXpyc9kW0Hiq7edLCJ,108933258580999,cmenttor,2026-09-02T12:12:04.042000+00:00,Ghana,0.47848497222222,7.1368579722222,0.0
4572474839672647,BAmiSXvLDnJwzpEjI7RC6h,108933258580999,cmenttor,2026-09-02T14:04:07.010000+00:00,Ghana,0.49959,7.09048,0.0
4575230622759151,BAmiSXvLDnJwzpEjI7RC6h,108933258580999,cmenttor,2026-09-02T14:06:35.988000+00:00,Ghana,0.5084183,7.070015,0.0
4576666662612950,BAmiSXvLDnJwzpEjI7RC6h,108933258580999,cmenttor,2026-09-02T14:06:03.944000+00:00,Ghana,0.50927,7.0711933,0.0
4636293976692300,BAmiSXvLDnJwzpEjI7RC6h,108933258580999,cmenttor,2026-09-02T14:05:04.966000+00:00,Ghana,0.5031317,7.0808217,0.0
4673572522919131,BAmiSXvLDnJwzpEjI7RC6h,108933258580999,cmenttor,2026-09-02T14:03:24.954000+00:00,Ghana,0.4988333,7.0939183,0.0
27322162707457670,BAmiSXvLDnJwzpEjI7RC6h,108933258580999,cmenttor,2026-09-02T14:02:14.981000+00:00,Ghana,0.4958883,7.1018167,0.0
27707859758895740,BAmiSXvLDnJwzpEjI7RC6h,108933258580999,cmenttor,2026-09-02T14:01:41.978000+00:00,Ghana,0.4927717,7.1072417,0.0
27756323677401840,BAmiSXvLDnJwzpEjI7RC6h,108933258580999,cmenttor,2026-09-02T14:01:40.999000+00:00,Ghana,0.4926667,7.1073983,0.0
27822343057465453,BAmiSXvLDnJwzpEjI7RC6h,108933258580999,cmenttor,2026-09-02T14:03:46.033000+00:00,Ghana,0.4990333,7.0930183,0.0
28061941480129179,gPqwsMd39At6y7SocazxbK,108933258580999,cmenttor,2026-09-02T12:17:37.018000+00:00,Ghana,0.4759582,7.1530349,0.0
28067180306284086,BAmiSXvLDnJwzpEjI7RC6h,108933258580999,cmenttor,2026-09-02T14:05:02.027000+00:00,Ghana,0.50271,7.0812883,0.0
28105628739106503,BAmiSXvLDnJwzpEjI7RC6h,108933258580999,cmenttor,2026-09-02T14:05:25.058000+00:00,Ghana,0.5059733,7.077755,0.0
28344554025156232,BAmiSXvLDnJwzpEjI7RC6h,108933258580999,cmenttor,2026-09-02T14:01:10.971000+00:00,Ghana,0.489765,7.1119467,0.0
28442686165365011,BAmiSXvLDnJwzpEjI7RC6h,108933258580999,cmenttor,2026-09-02T14:04:45.983000+00:00,Ghana,0.5014283,7.0841117,0.0
28507763525578054,BAmiSXvLDnJwzpEjI7RC6h,108933258580999,cmenttor,2026-09-02T14:06:25.015000+00:00,Ghana,0.50927,7.0704683,0.0
28586250241062266,FYlEHnxIPDJz1abUTtX6sC,108933258580999,cmenttor,2026-09-02T11:55:16.961000+00:00,Ghana,0.45454697222222,7.0071220277778,0.0
28681187191467738,BAmiSXvLDnJwzpEjI7RC6h,108933258580999,cmenttor,2026-09-02T13:59:40.058000+00:00,Ghana,0.4833267,7.11858,0.0
28737695079148608,BAmiSXvLDnJwzpEjI7RC6h,108933258580999,cmenttor,2026-09-02T14:02:01.029000+00:00,Ghana,0.4946517,7.1041983,0.0
28767925016125594,BAmiSXvLDnJwzpEjI7RC6h,108933258580999,cmenttor,2026-09-02T14:05:57.990000+00:00,Ghana,0.5090117,7.07181,0.0
29136589542610033,BAmiSXvLDnJwzpEjI7RC6h,108933258580999,cmenttor,2026-09-02T14:00:36.011000+00:00,Ghana,0.4881017,7.1138017,0.0
29152473177686204,BAmiSXvLDnJwzpEjI7RC6h,108933258580999,cmenttor,2026-09-02T14:06:53.064000+00:00,Ghana,0.5061667,7.0687567,0.0
817861351383503,XzhCk3dA5L1BZoFfKY0OiV,108933258580999,cmenttor,2026-09-02T14:11:45.037000+00:00,Ghana,0.4812633,7.0351367,0.0
846133348493742,XzhCk3dA5L1BZoFfKY0OiV,108933258580999,cmenttor,2026-09-02T14:12:34.994000+00:00,Ghana,0.4785933,7.0284233,0.0
861276250286259,XzhCk3dA5L1BZoFfKY0OiV,108933258580999,cmenttor,2026-09-02T14:11:15.055000+00:00,Ghana,0.4821633,7.0387167,0.0
876427732067793,XzhCk3dA5L1BZoFfKY0OiV,108933258580999,cmenttor,2026-09-02T14:10:58.019000+00:00,Ghana,0.4833633,7.039815,0.0
877347662125465,XzhCk3dA5L1BZoFfKY0OiV,108933258580999,cmenttor,2026-09-02T14:13:30.044000+00:00,Ghana,0.4728333,7.0224233,0.0
879557558571575,XzhCk3dA5L1BZoFfKY0OiV,108933258580999,cmenttor,2026-09-02T14:09:39.026000+00:00,Ghana,0.4949483,7.0484283,0.0
890513300602515,XzhCk3dA5L1BZoFfKY0OiV,108933258580999,cmenttor,2026-09-02T14:16:19.971000+00:00,Ghana,0.45092,7.0041033,0.0
895937783339269,XzhCk3dA5L1BZoFfKY0OiV,108933258580999,cmenttor,2026-09-02T14:15:47.015000+00:00,Ghana,0.4558733,7.00828,0.0
905425968983232,XzhCk3dA5L1BZoFfKY0OiV,108933258580999,cmenttor,2026-09-02T14:09:48.988000+00:00,Ghana,0.49335,7.0472217,0.0
917136281470930,XzhCk3dA5L1BZoFfKY0OiV,108933258580999,cmenttor,2026-09-02T14:15:36.064000+00:00,Ghana,0.4574617,7.009605,0.0
919071844149870,XzhCk3dA5L1BZoFfKY0OiV,108933258580999,cmenttor,2026-09-02T14:16:52.996000+00:00,Ghana,0.446885,7.0007133,0.0
919704584525973,XzhCk3dA5L1BZoFfKY0OiV,108933258580999,cmenttor,2026-09-02T14:12:12.067000+00:00,Ghana,0.48002,7.0312483,0.0
928083993688010,XzhCk3dA5L1BZoFfKY0OiV,108933258580999,cmenttor,2026-09-02T14:12:45.024000+00:00,Ghana,0.47779,7.0269333,0.0
929830976378371,XzhCk3dA5L1BZoFfKY0OiV,108933258580999,cmenttor,2026-09-02T14:14:01.051000+00:00,Ghana,0.469495,7.0196317,0.0
930574710105029,XzhCk3dA5L1BZoFfKY0OiV,108933258580999,cmenttor,2026-09-02T14:16:48.984000+00:00,Ghana,0.4473067,7.00107,0.0
933144926511896,XzhCk3dA5L1BZoFfKY0OiV,108933258580999,cmenttor,2026-09-02T14:14:05.005000+00:00,Ghana,0.46898,7.0192033,0.0
935692582913501,XzhCk3dA5L1BZoFfKY0OiV,108933258580999,cmenttor,2026-09-02T14:12:57.016000+00:00,Ghana,0.4764017,7.0253433,0.0
941606761666331,XzhCk3dA5L1BZoFfKY0OiV,108933258580999,cmenttor,2026-09-02T14:12:33.034000+00:00,Ghana,0.478755,7.0287,0.0
943107411516028,XzhCk3dA5L1BZoFfKY0OiV,108933258580999,cmenttor,2026-09-02T14:09:30.723000+00:00,Ghana,0.4961217,7.0496017,0.0
943866812102624,XzhCk3dA5L1BZoFfKY0OiV,108933258580999,cmenttor,2026-09-02T14:16:09.971000+00:00,Ghana,0.45236,7.00537,0.0
945156851996373,XzhCk3dA5L1BZoFfKY0OiV,108933258580999,cmenttor,2026-09-02T14:12:03.041000+00:00,Ghana,0.4806183,7.0324333,0.0
950861971365486,XzhCk3dA5L1BZoFfKY0OiV,108933258580999,cmenttor,2026-09-02T14:11:10.992000+00:00,Ghana,0.4823667,7.03899,0.0
954201863614162,XzhCk3dA5L1BZoFfKY0OiV,108933258580999,cmenttor,2026-09-02T14:11:37.067000+00:00,Ghana,0.4814633,7.0362517,0.0
978152664684165,XzhCk3dA5L1BZoFfKY0OiV,108933258580999,cmenttor,2026-09-02T14:15:38.967000+00:00,Ghana,0.4570233,7.0092483,0.0
979383271834143,XzhCk3dA5L1BZoFfKY0OiV,108933258580999,cmenttor,2026-09-02T14:12:16.994000+00:00,Ghana,0.47976,7.0307133,0.0
992637300454560,XzhCk3dA5L1BZoFfKY0OiV,108933258580999,cmenttor,2026-09-02T14:13:34.038000+00:00,Ghana,0.472505,7.02215,0.0
996791933383892,XzhCk3dA5L1BZoFfKY0OiV,108933258580999,cmenttor,2026-09-02T14:15:11.065000+00:00,Ghana,0.4610183,7.0125517,0.0
998412236546976,XzhCk3dA5L1BZoFfKY0OiV,108933258580999,cmenttor,2026-09-02T14:16:17.035000+00:00,Ghana,0.4513633,7.0044867,0.0
999386016485400,XzhCk3dA5L1BZoFfKY0OiV,108933258580999,cmenttor,2026-09-02T14:16:25.073000+00:00,Ghana,0.45016,7.00349,0.0
1001388162923688,XzhCk3dA5L1BZoFfKY0OiV,108933258580999,cmenttor,2026-09-02T14:16:35.982000+00:00,Ghana,0.4485817,7.0021733,0.0
1004912952605188,XzhCk3dA5L1BZoFfKY0OiV,108933258580999,cmenttor,2026-09-02T14:13:05.052000+00:00,Ghana,0.4753367,7.0244833,0.0
1010332672059541,XzhCk3dA5L1BZoFfKY0OiV,108933258580999,cmenttor,2026-09-02T14:16:11.012000+00:00,Ghana,0.45222,7.0052417,0.0
1019867671055037,XzhCk3dA5L1BZoFfKY0OiV,108933258580999,cmenttor,2026-09-02T14:12:39.045000+00:00,Ghana,0.47829,7.027835,0.0
1021856400682064,XzhCk3dA5L1BZoFfKY0OiV,108933258580999,cmenttor,2026-09-02T14:10:05.978000+00:00,Ghana,0.4905667,7.0451783,0.0
1025001500517930,XzhCk3dA5L1BZoFfKY0OiV,108933258580999,cmenttor,2026-09-02T14:14:09.061000+00:00,Ghana,0.46849,7.0188133,0.0
1030261366674211,XzhCk3dA5L1BZoFfKY0OiV,108933258580999,cmenttor,2026-09-02T14:10:09.997000+00:00,Ghana,0.489945,7.0447167,0.0
1032513392947377,XzhCk3dA5L1BZoFfKY0OiV,108933258580999,cmenttor,2026-09-02T14:15:42.981000+00:00,Ghana,0.4564583,7.0087683,0.0
1041489538500637,XzhCk3dA5L1BZoFfKY0OiV,108933258580999,cmenttor,2026-09-02T14:11:05.081000+00:00,Ghana,0.482665,7.0393,0.0
1043319721910476,XzhCk3dA5L1BZoFfKY0OiV,108933258580999,cmenttor,2026-09-02T14:13:55.009000+00:00,Ghana,0.4702167,7.0202333,0.0
1044334278483125,XzhCk3dA5L1BZoFfKY0OiV,108933258580999,cmenttor,2026-09-02T14:10:26.981000+00:00,Ghana,0.4873783,7.0427933,0.0
1050495680942643,XzhCk3dA5L1BZoFfKY0OiV,108933258580999,cmenttor,2026-09-02T14:15:20.962000+00:00,Ghana,0.4596017,7.0114117,0.0
1051255694489144,XzhCk3dA5L1BZoFfKY0OiV,108933258580999,cmenttor,2026-09-02T14:09:42.028000+00:00,Ghana,0.494465,7.0480617,0.0
1051804297462629,XzhCk3dA5L1BZoFfKY0OiV,108933258580999,cmenttor,2026-09-02T14:15:16.037000+00:00,Ghana,0.4603217,7.01198,0.0
1055574207111335,XzhCk3dA5L1BZoFfKY0OiV,108933258580999,cmenttor,2026-09-02T14:11:33.016000+00:00,Ghana,0.4815483,7.036755,0.0
1056906867071754,XzhCk3dA5L1BZoFfKY0OiV,108933258580999,cmenttor,2026-09-02T14:12:41.009000+00:00,Ghana,0.4781317,7.02753,0.0
1058299640521739,XzhCk3dA5L1BZoFfKY0OiV,108933258580999,cmenttor,2026-09-02T14:15:22.007000+00:00,Ghana,0.4594683,7.0112867,0.0
1059217333530718,XzhCk3dA5L1BZoFfKY0OiV,108933258580999,cmenttor,2026-09-02T14:10:23.001000+00:00,Ghana,0.4879617,7.0432283,0.0
1059429873367331,XzhCk3dA5L1BZoFfKY0OiV,108933258580999,cmenttor,2026-09-02T14:13:30.995000+00:00,Ghana,0.4727583,7.0223533,0.0
1059474333500606,XzhCk3dA5L1BZoFfKY0OiV,108933258580999,cmenttor,2026-09-02T14:15:31.056000+00:00,Ghana,0.4582,7.0102217,0.0
1060912310198796,XzhCk3dA5L1BZoFfKY0OiV,108933258580999,cmenttor,2026-09-02T14:10:46.068000+00:00,Ghana,0.4847467,7.0408383,0.0
1061062243447808,XzhCk3dA5L1BZoFfKY0OiV,108933258580999,cmenttor,2026-09-02T14:16:57.054000+00:00,Ghana,0.446405,7.000385,0.0
1062922539426510,XzhCk3dA5L1BZoFfKY0OiV,108933258580999,cmenttor,2026-09-02T14:14:40.060000+00:00,Ghana,0.465385,7.01621,0.0
1064010149852180,XzhCk3dA5L1BZoFfKY0OiV,108933258580999,cmenttor,2026-09-02T14:14:21.957000+00:00,Ghana,0.4674183,7.0178833,0.0
1064808869239939,XzhCk3dA5L1BZoFfKY0OiV,108933258580999,cmenttor,2026-09-02T14:13:43.019000+00:00,Ghana,0.4715967,7.0214183,0.0
1066706836288834,XzhCk3dA5L1BZoFfKY0OiV,108933258580999,cmenttor,2026-09-02T14:11:06.993000+00:00,Ghana,0.4825483,7.0392067,0.0
1067574152904351,XzhCk3dA5L1BZoFfKY0OiV,108933258580999,cmenttor,2026-09-02T14:09:43.988000+00:00,Ghana,0.4941517,7.0478167,0.0
1068410292642638,XzhCk3dA5L1BZoFfKY0OiV,108933258580999,cmenttor,2026-09-02T14:10:18.033000+00:00,Ghana,0.4887183,7.0437917,0.0
1068714812408898,XzhCk3dA5L1BZoFfKY0OiV,108933258580999,cmenttor,2026-09-02T14:15:29.983000+00:00,Ghana,0.4583483,7.0103383,0.0
1068991869055024,XzhCk3dA5L1BZoFfKY0OiV,108933258580999,cmenttor,2026-09-02T14:09:22.343000+00:00,Ghana,0.4970117,7.0508983,0.0
1069383862341824,XzhCk3dA5L1BZoFfKY0OiV,108933258580999,cmenttor,2026-09-02T14:11:20.008000+00:00,Ghana,0.48193,7.0382133,0.0
1070779615856603,XzhCk3dA5L1BZoFfKY0OiV,108933258580999,cmenttor,2026-09-02T14:11:18.012000+00:00,Ghana,0.482015,7.0384317,0.0
1070840478926579,XzhCk3dA5L1BZoFfKY0OiV,108933258580999,cmenttor,2026-09-02T14:14:11.015000+00:00,Ghana,0.4682633,7.018625,0.0
1072006852091432,XzhCk3dA5L1BZoFfKY0OiV,108933258580999,cmenttor,2026-09-02T14:15:32.010000+00:00,Ghana,0.4580533,7.0100983,0.0
1072159388695425,XzhCk3dA5L1BZoFfKY0OiV,108933258580999,cmenttor,2026-09-02T14:09:36.052000+00:00,Ghana,0.4954317,7.0488,0.0
1072385085490763,XzhCk3dA5L1BZoFfKY0OiV,108933258580999,cmenttor,2026-09-02T14:10:07.059000+00:00,Ghana,0.4904133,7.045065,0.0
1076192531797813,XzhCk3dA5L1BZoFfKY0OiV,108933258580999,cmenttor,2026-09-02T14:15:03.976000+00:00,Ghana,0.4620017,7.013375,0.0
1078150601292189,XzhCk3dA5L1BZoFfKY0OiV,108933258580999,cmenttor,2026-09-02T14:13:09+00:00,Ghana,0.4748917,7.0241183,0.0
1078646577910575,XzhCk3dA5L1BZoFfKY0OiV,108933258580999,cmenttor,2026-09-02T14:09:45.033000+00:00,Ghana,0.494,7.0476933,0.0
1083788570821095,XzhCk3dA5L1BZoFfKY0OiV,108933258580999,cmenttor,2026-09-02T14:13:22.985000+00:00,Ghana,0.4734433,7.0229283,0.0
1085439393873543,XzhCk3dA5L1BZoFfKY0OiV,108933258580999,cmenttor,2026-09-02T14:12:54.042000+00:00,Ghana,0.476815,7.0257017,0.0
1085653384400320,XzhCk3dA5L1BZoFfKY0OiV,108933258580999,cmenttor,2026-09-02T14:11:41.047000+00:00,Ghana,0.4813667,7.035705,0.0
1086121893971432,XzhCk3dA5L1BZoFfKY0OiV,108933258580999,cmenttor,2026-09-02T14:10:03.986000+00:00,Ghana,0.4908733,7.0454167,0.0
1093198786432974,XzhCk3dA5L1BZoFfKY0OiV,108933258580999,cmenttor,2026-09-02T14:16:29.968000+00:00,Ghana,0.4493867,7.0028517,0.0
1094522789987282,XzhCk3dA5L1BZoFfKY0OiV,108933258580999,cmenttor,2026-09-02T14:10:31.037000+00:00,Ghana,0.4867667,7.0423517,0.0
1100839812510268,XzhCk3dA5L1BZoFfKY0OiV,108933258580999,cmenttor,2026-09-02T14:13:36.969000+00:00,Ghana,0.4721967,7.0219217,0.0
1101000562348214,XzhCk3dA5L1BZoFfKY0OiV,108933258580999,cmenttor,2026-09-02T14:14:36.044000+00:00,Ghana,0.4658867,7.0166367,0.0
1101599432206472,XzhCk3dA5L1BZoFfKY0OiV,108933258580999,cmenttor,2026-09-02T14:16:09.022000+00:00,Ghana,0.4525117,7.0054967,0.0
1103532822101689,XzhCk3dA5L1BZoFfKY0OiV,108933258580999,cmenttor,2026-09-02T14:15:26.977000+00:00,Ghana,0.4587867,7.0106933,0.0
1104808495406078,XzhCk3dA5L1BZoFfKY0OiV,108933258580999,cmenttor,2026-09-02T14:15:49.977000+00:00,Ghana,0.4554267,7.00791,0.0
1105158825281791,XzhCk3dA5L1BZoFfKY0OiV,108933258580999,cmenttor,2026-09-02T14:15:34.003000+00:00,Ghana,0.4577583,7.0098533,0.0
1107732151676047,XzhCk3dA5L1BZoFfKY0OiV,108933258580999,cmenttor,2026-09-02T14:14:20.061000+00:00,Ghana,0.467575,7.0180067,0.0
1113899380964236,XzhCk3dA5L1BZoFfKY0OiV,108933258580999,cmenttor,2026-09-02T14:11:19.065000+00:00,Ghana,0.4819717,7.038325,0.0
1117717120783207,XzhCk3dA5L1BZoFfKY0OiV,108933258580999,cmenttor,2026-09-02T14:11:12.007000+00:00,Ghana,0.4823167,7.0389317,0.0
1149736757725738,XzhCk3dA5L1BZoFfKY0OiV,108933258580999,cmenttor,2026-09-02T14:11:30.040000+00:00,Ghana,0.4816117,7.0371083,0.0
1255787479982346,XzhCk3dA5L1BZoFfKY0OiV,108933258580999,cmenttor,2026-09-02T14:12:23.004000+00:00,Ghana,0.4794183,7.0300233,0.0
1282383903946333,XzhCk3dA5L1BZoFfKY0OiV,108933258580999,cmenttor,2026-09-02T14:15:05.024000+00:00,Ghana,0.461865,7.013255,0.0
1289055113214813,XzhCk3dA5L1BZoFfKY0OiV,108933258580999,cmenttor,2026-09-02T14:09:53.043000+00:00,Ghana,0.4926933,7.0467333,0.0
1327463185916816,XzhCk3dA5L1BZoFfKY0OiV,108933258580999,cmenttor,2026-09-02T14:11:52.981000+00:00,Ghana,0.4810567,7.0339783,0.0
1337812411483762,XzhCk3dA5L1BZoFfKY0OiV,108933258580999,cmenttor,2026-09-02T14:15:44.984000+00:00,Ghana,0.45616,7.0085283,0.0
1339018668017575,XzhCk3dA5L1BZoFfKY0OiV,108933258580999,cmenttor,2026-09-02T14:09:45.977000+00:00,Ghana,0.4938417,7.0475767,0.0
1340211461520647,XzhCk3dA5L1BZoFfKY0OiV,108933258580999,cmenttor,2026-09-02T14:12:47.052000+00:00,Ghana,0.4776133,7.0266433,0.0
1341471631101808,XzhCk3dA5L1BZoFfKY0OiV,108933258580999,cmenttor,2026-09-02T14:15:51.970000+00:00,Ghana,0.4551183,7.0076633,0.0
1364319335916865,XzhCk3dA5L1BZoFfKY0OiV,108933258580999,cmenttor,2026-09-02T14:16:07.003000+00:00,Ghana,0.45283,7.00573,0.0
1366919062278754,XzhCk3dA5L1BZoFfKY0OiV,108933258580999,cmenttor,2026-09-02T14:09:56.993000+00:00,Ghana,0.4920117,7.0462583,0.0
1371066821888352,XzhCk3dA5L1BZoFfKY0OiV,108933258580999,cmenttor,2026-09-02T14:09:43.043000+00:00,Ghana,0.49431,7.0479383,0.0
1375548891443914,XzhCk3dA5L1BZoFfKY0OiV,108933258580999,cmenttor,2026-09-02T14:11:20.952000+00:00,Ghana,0.4818867,7.038105,0.0
1376113658040126,XzhCk3dA5L1BZoFfKY0OiV,108933258580999,cmenttor,2026-09-02T14:11:10.013000+00:00,Ghana,0.4824117,7.039045,0.0
1376330204630614,XzhCk3dA5L1BZoFfKY0OiV,108933258580999,cmenttor,2026-09-02T14:13:58.993000+00:00,Ghana,0.4697467,7.0198317,0.0
1378530054457541,XzhCk3dA5L1BZoFfKY0OiV,108933258580999,cmenttor,2026-09-02T14:11:02.021000+00:00,Ghana,0.482915,7.0394933,0.0
1380370214217302,XzhCk3dA5L1BZoFfKY0OiV,108933258580999,cmenttor,2026-09-02T14:10:32.049000+00:00,Ghana,0.4866167,7.0422467,0.0
1381087054149484,XzhCk3dA5L1BZoFfKY0OiV,108933258580999,cmenttor,2026-09-02T14:11:27.002000+00:00,Ghana,0.4816917,7.0374533,0.0
1382309014077317,XzhCk3dA5L1BZoFfKY0OiV,108933258580999,cmenttor,2026-09-02T14:16:43.040000+00:00,Ghana,0.4479117,7.00158,0.0
1382645190701994,XzhCk3dA5L1BZoFfKY0OiV,108933258580999,cmenttor,2026-09-02T14:14:59.015000+00:00,Ghana,0.4627317,7.0139767,0.0
1382760733349683,XzhCk3dA5L1BZoFfKY0OiV,108933258580999,cmenttor,2026-09-02T14:16:23.040000+00:00,Ghana,0.45046,7.0037417,0.0
1383951623926428,XzhCk3dA5L1BZoFfKY0OiV,108933258580999,cmenttor,2026-09-02T14:16:13.960000+00:00,Ghana,0.4518017,7.0048633,0.0
1386428660302744,XzhCk3dA5L1BZoFfKY0OiV,108933258580999,cmenttor,2026-09-02T14:16:31.996000+00:00,Ghana,0.4490833,7.0025967,0.0
1388822896023294,XzhCk3dA5L1BZoFfKY0OiV,108933258580999,cmenttor,2026-09-02T14:11:47.069000+00:00,Ghana,0.4812167,7.0348633,0.0
1390381533067322,XzhCk3dA5L1BZoFfKY0OiV,108933258580999,cmenttor,2026-09-02T14:10:16.043000+00:00,Ghana,0.4890317,7.0440033,0.0
1391775559727190,XzhCk3dA5L1BZoFfKY0OiV,108933258580999,cmenttor,2026-09-02T14:10:17.053000+00:00,Ghana,0.488875,7.0438983,0.0
1394473695558729,XzhCk3dA5L1BZoFfKY0OiV,108933258580999,cmenttor,2026-09-02T14:14:51.051000+00:00,Ghana,0.4638717,7.0149367,0.0
1394557519293918,XzhCk3dA5L1BZoFfKY0OiV,108933258580999,cmenttor,2026-09-02T14:15:20.012000+00:00,Ghana,0.4597467,7.011535,0.0
1401984021910426,XzhCk3dA5L1BZoFfKY0OiV,108933258580999,cmenttor,2026-09-02T14:15:25.022000+00:00,Ghana,0.4590633,7.010925,0.0
1404755452714312,XzhCk3dA5L1BZoFfKY0OiV,108933258580999,cmenttor,2026-09-02T14:14:56.002000+00:00,Ghana,0.46317,7.0143283,0.0
1407889181308035,XzhCk3dA5L1BZoFfKY0OiV,108933258580999,cmenttor,2026-09-02T14:11:12.955000+00:00,Ghana,0.4822683,7.0388633,0.0
1407928201281814,XzhCk3dA5L1BZoFfKY0OiV,108933258580999,cmenttor,2026-09-02T14:16:41.047000+00:00,Ghana,0.4480933,7.0017517,0.0
1409496177807955,XzhCk3dA5L1BZoFfKY0OiV,108933258580999,cmenttor,2026-09-02T14:15:32.995000+00:00,Ghana,0.4579033,7.0099783,0.0
1418448370170256,XzhCk3dA5L1BZoFfKY0OiV,108933258580999,cmenttor,2026-09-02T14:10:40.054000+00:00,Ghana,0.4855283,7.0414233,0.0
1418599773472392,XzhCk3dA5L1BZoFfKY0OiV,108933258580999,cmenttor,2026-09-02T14:16:26.990000+00:00,Ghana,0.4498433,7.003235,0.0
1420085856639202,XzhCk3dA5L1BZoFfKY0OiV,108933258580999,cmenttor,2026-09-02T14:14:15.982000+00:00,Ghana,0.4678767,7.018245,0.0
1420808536607501,XzhCk3dA5L1BZoFfKY0OiV,108933258580999,cmenttor,2026-09-02T14:15:07.017000+00:00,Ghana,0.4615767,7.01302,0.0
1423296936314294,XzhCk3dA5L1BZoFfKY0OiV,108933258580999,cmenttor,2026-09-02T14:12:27.063000+00:00,Ghana,0.4791667,7.02952,0.0
1427437582582539,XzhCk3dA5L1BZoFfKY0OiV,108933258580999,cmenttor,2026-09-02T14:14:54.008000+00:00,Ghana,0.4634517,7.0145767,0.0
1431090462267363,XzhCk3dA5L1BZoFfKY0OiV,108933258580999,cmenttor,2026-09-02T14:09:48.006000+00:00,Ghana,0.4935133,7.0473367,0.0
1431663832110026,XzhCk3dA5L1BZoFfKY0OiV,108933258580999,cmenttor,2026-09-02T14:09:59.016000+00:00,Ghana,0.491685,7.0460033,0.0
1431962855594962,XzhCk3dA5L1BZoFfKY0OiV,108933258580999,cmenttor,2026-09-02T14:12:14.995000+00:00,Ghana,0.479875,7.0309183,0.0
1432183045394528,XzhCk3dA5L1BZoFfKY0OiV,108933258580999,cmenttor,2026-09-02T14:09:24.738000+00:00,Ghana,0.4968017,7.050575,0.0
1435545935097344,XzhCk3dA5L1BZoFfKY0OiV,108933258580999,cmenttor,2026-09-02T14:11:06.050000+00:00,Ghana,0.482605,7.0392517,0.0
1436043688426420,XzhCk3dA5L1BZoFfKY0OiV,108933258580999,cmenttor,2026-09-02T14:16:55.064000+00:00,Ghana,0.44664,7.0005383,0.0
1442626624390693,XzhCk3dA5L1BZoFfKY0OiV,108933258580999,cmenttor,2026-09-02T14:11:16.059000+00:00,Ghana,0.4821133,7.0386283,0.0
1443191961090669,XzhCk3dA5L1BZoFfKY0OiV,108933258580999,cmenttor,2026-09-02T14:15:00.093000+00:00,Ghana,0.4625833,7.01386,0.0
1443759814491481,XzhCk3dA5L1BZoFfKY0OiV,108933258580999,cmenttor,2026-09-02T14:12:14.020000+00:00,Ghana,0.479925,7.0310283,0.0
1449997357035863,XzhCk3dA5L1BZoFfKY0OiV,108933258580999,cmenttor,2026-09-02T14:14:23.042000+00:00,Ghana,0.4673333,7.0178133,0.0
1458269862782401,XzhCk3dA5L1BZoFfKY0OiV,108933258580999,cmenttor,2026-09-02T14:12:53.061000+00:00,Ghana,0.47695,7.02583,0.0
1463945212224946,XzhCk3dA5L1BZoFfKY0OiV,108933258580999,cmenttor,2026-09-02T14:11:51.017000+00:00,Ghana,0.4811,7.0342783,0.0
1464072768887287,XzhCk3dA5L1BZoFfKY0OiV,108933258580999,cmenttor,2026-09-02T14:14:57.999000+00:00,Ghana,0.4628867,7.0140917,0.0
1475662487654942,XzhCk3dA5L1BZoFfKY0OiV,108933258580999,cmenttor,2026-09-02T14:11:22.004000+00:00,Ghana,0.48185,7.038,0.0
1476062877688421,XzhCk3dA5L1BZoFfKY0OiV,108933258580999,cmenttor,2026-09-02T14:13:39.034000+00:00,Ghana,0.4719933,7.0217633,0.0
1480322354150400,XzhCk3dA5L1BZoFfKY0OiV,108933258580999,cmenttor,2026-09-02T14:16:29.019000+00:00,Ghana,0.449545,7.0029733,0.0
1490846876182090,XzhCk3dA5L1BZoFfKY0OiV,108933258580999,cmenttor,2026-09-02T14:13:18.971000+00:00,Ghana,0.4738817,7.02328,0.0
1502700748544949,XzhCk3dA5L1BZoFfKY0OiV,108933258580999,cmenttor,2026-09-02T14:11:39.061000+00:00,Ghana,0.48142,7.0359867,0.0
1509417344285792,XzhCk3dA5L1BZoFfKY0OiV,108933258580999,cmenttor,2026-09-02T14:15:55.011000+00:00,Ghana,0.4546583,7.00727,0.0
1511889660623458,XzhCk3dA5L1BZoFfKY0OiV,108933258580999,cmenttor,2026-09-02T14:10:24.048000+00:00,Ghana,0.4878167,7.0431167,0.0
1520342583466219,XzhCk3dA5L1BZoFfKY0OiV,108933258580999,cmenttor,2026-09-02T14:09:41.051000+00:00,Ghana,0.4946233,7.0481833,0.0
1534950464626228,XzhCk3dA5L1BZoFfKY0OiV,108933258580999,cmenttor,2026-09-02T14:10:29.086000+00:00,Ghana,0.4870767,7.0425733,0.0
1539722747911020,XzhCk3dA5L1BZoFfKY0OiV,108933258580999,cmenttor,2026-09-02T14:10:18.979000+00:00,Ghana,0.488565,7.04368,0.0
1540479144030370,XzhCk3dA5L1BZoFfKY0OiV,108933258580999,cmenttor,2026-09-02T14:17:01.075000+00:00,Ghana,0.4459667,7.0000033,0.0
1545628847609014,XzhCk3dA5L1BZoFfKY0OiV,108933258580999,cmenttor,2026-09-02T14:09:28.722000+00:00,Ghana,0.496345,7.04993,0.0
1553953913411430,XzhCk3dA5L1BZoFfKY0OiV,108933258580999,cmenttor,2026-09-02T14:16:45.034000+00:00,Ghana,0.4477167,7.00141,0.0
1565474495055662,XzhCk3dA5L1BZoFfKY0OiV,108933258580999,cmenttor,2026-09-02T14:13:29.065000+00:00,Ghana,0.4728983,7.0224817,0.0
1565906914408251,XzhCk3dA5L1BZoFfKY0OiV,108933258580999,cmenttor,2026-09-02T14:10:14.995000+00:00,Ghana,0.489185,7.0441183,0.0
1566543527697362,XzhCk3dA5L1BZoFfKY0OiV,108933258580999,cmenttor,2026-09-02T14:10:42.027000+00:00,Ghana,0.4852667,7.041225,0.0
1566705165235253,XzhCk3dA5L1BZoFfKY0OiV,108933258580999,cmenttor,2026-09-02T14:09:27.750000+00:00,Ghana,0.496455,7.0500917,0.0
1567169727998580,XzhCk3dA5L1BZoFfKY0OiV,108933258580999,cmenttor,2026-09-02T14:10:49.985000+00:00,Ghana,0.48428,7.04049,0.0
1570568818138869,XzhCk3dA5L1BZoFfKY0OiV,108933258580999,cmenttor,2026-09-02T14:13:47.031000+00:00,Ghana,0.47115,7.0210483,0.0
1572988014206011,XzhCk3dA5L1BZoFfKY0OiV,108933258580999,cmenttor,2026-09-02T14:14:34.051000+00:00,Ghana,0.46613,7.0168467,0.0
1584091510085416,XzhCk3dA5L1BZoFfKY0OiV,108933258580999,cmenttor,2026-09-02T14:14:37.999000+00:00,Ghana,0.4656483,7.016425,0.0
1590131205999286,XzhCk3dA5L1BZoFfKY0OiV,108933258580999,cmenttor,2026-09-02T14:09:58.074000+00:00,Ghana,0.4918533,7.046135,0.0
1591275362689407,XzhCk3dA5L1BZoFfKY0OiV,108933258580999,cmenttor,2026-09-02T14:16:19.021000+00:00,Ghana,0.451065,7.0042367,0.0
1595694835566415,XzhCk3dA5L1BZoFfKY0OiV,108933258580999,cmenttor,2026-09-02T14:15:46.056000+00:00,Ghana,0.4560217,7.0084017,0.0
1603492084645140,XzhCk3dA5L1BZoFfKY0OiV,108933258580999,cmenttor,2026-09-02T14:10:05.032000+00:00,Ghana,0.4907233,7.0452967,0.0
1603564104489129,XzhCk3dA5L1BZoFfKY0OiV,108933258580999,cmenttor,2026-09-02T14:16:02.982000+00:00,Ghana,0.45345,7.0062333,0.0
1603785501337714,XzhCk3dA5L1BZoFfKY0OiV,108933258580999,cmenttor,2026-09-02T14:16:40.036000+00:00,Ghana,0.44818,7.00183,0.0
1604025161135801,XzhCk3dA5L1BZoFfKY0OiV,108933258580999,cmenttor,2026-09-02T14:12:07.065000+00:00,Ghana,0.4803367,7.03185,0.0
1604571714703453,XzhCk3dA5L1BZoFfKY0OiV,108933258580999,cmenttor,2026-09-02T14:14:49.048000+00:00,Ghana,0.464145,7.0151733,0.0
1605573707939755,XzhCk3dA5L1BZoFfKY0OiV,108933258580999,cmenttor,2026-09-02T14:15:23.970000+00:00,Ghana,0.4592033,7.0110417,0.0
1607753634278499,XzhCk3dA5L1BZoFfKY0OiV,108933258580999,cmenttor,2026-09-02T14:16:51.045000+00:00,Ghana,0.4470933,7.0009033,0.0
1609889827312641,XzhCk3dA5L1BZoFfKY0OiV,108933258580999,cmenttor,2026-09-02T14:15:08.973000+00:00,Ghana,0.4612917,7.0127833,0.0
1612164227235970,XzhCk3dA5L1BZoFfKY0OiV,108933258580999,cmenttor,2026-09-02T14:12:18.985000+00:00,Ghana,0.479635,7.0304833,0.0
1612723643839881,XzhCk3dA5L1BZoFfKY0OiV,108933258580999,cmenttor,2026-09-02T14:10:35.996000+00:00,Ghana,0.4860633,7.04183,0.0
1615415913367092,XzhCk3dA5L1BZoFfKY0OiV,108933258580999,cmenttor,2026-09-02T14:11:57.038000+00:00,Ghana,0.4809317,7.0333683,0.0
1617406723319373,XzhCk3dA5L1BZoFfKY0OiV,108933258580999,cmenttor,2026-09-02T14:15:51.026000+00:00,Ghana,0.455275,7.007785,0.0
1617822060012556,XzhCk3dA5L1BZoFfKY0OiV,108933258580999,cmenttor,2026-09-02T14:13:07.016000+00:00,Ghana,0.4751067,7.024295,0.0
1619283116388358,XzhCk3dA5L1BZoFfKY0OiV,108933258580999,cmenttor,2026-09-02T14:10:12.022000+00:00,Ghana,0.4896383,7.044475,0.0
1621663312860892,XzhCk3dA5L1BZoFfKY0OiV,108933258580999,cmenttor,2026-09-02T14:09:29.771000+00:00,Ghana,0.4962317,7.0497667,0.0
1621817136119762,XzhCk3dA5L1BZoFfKY0OiV,108933258580999,cmenttor,2026-09-02T14:13:53.012000+00:00,Ghana,0.470445,7.0204333,0.0
1628140685310517,XzhCk3dA5L1BZoFfKY0OiV,108933258580999,cmenttor,2026-09-02T14:15:58.990000+00:00,Ghana,0.45406,7.006745,0.0
1628404898961539,XzhCk3dA5L1BZoFfKY0OiV,108933258580999,cmenttor,2026-09-02T14:09:26.719000+00:00,Ghana,0.4965733,7.0502583,0.0
1628697448889612,XzhCk3dA5L1BZoFfKY0OiV,108933258580999,cmenttor,2026-09-02T14:11:00.015000+00:00,Ghana,0.483135,7.0396483,0.0
1639824037742322,XzhCk3dA5L1BZoFfKY0OiV,108933258580999,cmenttor,2026-09-02T14:15:53.960000+00:00,Ghana,0.4548117,7.0074017,0.0
1642663624130300,XzhCk3dA5L1BZoFfKY0OiV,108933258580999,cmenttor,2026-09-02T14:15:42.013000+00:00,Ghana,0.4565983,7.0088917,0.0
1643764633945941,XzhCk3dA5L1BZoFfKY0OiV,108933258580999,cmenttor,2026-09-02T14:14:28.039000+00:00,Ghana,0.4668283,7.0174083,0.0
1673820573716215,XzhCk3dA5L1BZoFfKY0OiV,108933258580999,cmenttor,2026-09-02T14:10:47.993000+00:00,Ghana,0.4845083,7.0406633,0.0
1686152145818853,XzhCk3dA5L1BZoFfKY0OiV,108933258580999,cmenttor,2026-09-02T14:16:26.022000+00:00,Ghana,0.4499983,7.0033683,0.0
1698167578605433,XzhCk3dA5L1BZoFfKY0OiV,108933258580999,cmenttor,2026-09-02T14:14:43.074000+00:00,Ghana,0.464975,7.0158667,0.0
1700678297659892,XzhCk3dA5L1BZoFfKY0OiV,108933258580999,cmenttor,2026-09-02T14:12:59.076000+00:00,Ghana,0.4761217,7.0251233,0.0
1700980834324382,XzhCk3dA5L1BZoFfKY0OiV,108933258580999,cmenttor,2026-09-02T14:09:54.036000+00:00,Ghana,0.4925233,7.0466183,0.0
1703400440946804,XzhCk3dA5L1BZoFfKY0OiV,108933258580999,cmenttor,2026-09-02T14:15:58.052000+00:00,Ghana,0.4542133,7.00688,0.0
1706142250490869,XzhCk3dA5L1BZoFfKY0OiV,108933258580999,cmenttor,2026-09-02T14:15:05.968000+00:00,Ghana,0.4617217,7.0131383,0.0
1713063569806057,XzhCk3dA5L1BZoFfKY0OiV,108933258580999,cmenttor,2026-09-02T14:13:28.021000+00:00,Ghana,0.4729633,7.0225367,0.0
1716322466141830,XzhCk3dA5L1BZoFfKY0OiV,108933258580999,cmenttor,2026-09-02T14:12:43.063000+00:00,Ghana,0.47797,7.0272267,0.0
1717479669550521,XzhCk3dA5L1BZoFfKY0OiV,108933258580999,cmenttor,2026-09-02T14:10:01.013000+00:00,Ghana,0.4913517,7.0457667,0.0
1720095662548555,XzhCk3dA5L1BZoFfKY0OiV,108933258580999,cmenttor,2026-09-02T14:09:40.077000+00:00,Ghana,0.4947867,7.0482983,0.0
1722106865720353,XzhCk3dA5L1BZoFfKY0OiV,108933258580999,cmenttor,2026-09-02T14:12:00.983000+00:00,Ghana,0.4807367,7.0327467,0.0
1723367228886228,XzhCk3dA5L1BZoFfKY0OiV,108933258580999,cmenttor,2026-09-02T14:10:55.995000+00:00,Ghana,0.4835883,7.0399817,0.0
1724543655471802,XzhCk3dA5L1BZoFfKY0OiV,108933258580999,cmenttor,2026-09-02T14:14:16.422000+00:00,Ghana,0.4678767,7.018245,0.0
1729005271687921,XzhCk3dA5L1BZoFfKY0OiV,108933258580999,cmenttor,2026-09-02T14:13:41.026000+00:00,Ghana,0.4717967,7.0215967,0.0
1730278808028584,XzhCk3dA5L1BZoFfKY0OiV,108933258580999,cmenttor,2026-09-02T14:16:07.974000+00:00,Ghana,0.4526633,7.0056167,0.0
1732345198029647,XzhCk3dA5L1BZoFfKY0OiV,108933258580999,cmenttor,2026-09-02T14:16:21.014000+00:00,Ghana,0.4507617,7.0039883,0.0
1732867621272384,XzhCk3dA5L1BZoFfKY0OiV,108933258580999,cmenttor,2026-09-02T14:11:24.044000+00:00,Ghana,0.4817817,7.037795,0.0
1733339124564995,XzhCk3dA5L1BZoFfKY0OiV,108933258580999,cmenttor,2026-09-02T14:14:15.035000+00:00,Ghana,0.4679317,7.0183133,0.0
1739069763985772,XzhCk3dA5L1BZoFfKY0OiV,108933258580999,cmenttor,2026-09-02T14:13:35.015000+00:00,Ghana,0.472405,7.0220767,0.0
1739586380636236,XzhCk3dA5L1BZoFfKY0OiV,108933258580999,cmenttor,2026-09-02T14:14:45.024000+00:00,Ghana,0.4647,7.0156317,0.0
1741209487202482,XzhCk3dA5L1BZoFfKY0OiV,108933258580999,cmenttor,2026-09-02T14:16:14.971000+00:00,Ghana,0.451655,7.004735,0.0
1743201686929128,XzhCk3dA5L1BZoFfKY0OiV,108933258580999,cmenttor,2026-09-02T14:11:08.967000+00:00,Ghana,0.4824567,7.0391033,0.0
1745464843268112,XzhCk3dA5L1BZoFfKY0OiV,108933258580999,cmenttor,2026-09-02T14:09:52.061000+00:00,Ghana,0.4928583,7.0468467,0.0
1755307615502381,XzhCk3dA5L1BZoFfKY0OiV,108933258580999,cmenttor,2026-09-02T14:16:59.050000+00:00,Ghana,0.4461817,7.0002017,0.0
1758845752051920,XzhCk3dA5L1BZoFfKY0OiV,108933258580999,cmenttor,2026-09-02T14:17:05.026000+00:00,Ghana,0.445515,6.99961,0.0
1761873135029388,XzhCk3dA5L1BZoFfKY0OiV,108933258580999,cmenttor,2026-09-02T14:11:08.016000+00:00,Ghana,0.4825033,7.0391583,0.0
1769683140987269,XzhCk3dA5L1BZoFfKY0OiV,108933258580999,cmenttor,2026-09-02T14:10:02.054000+00:00,Ghana,0.491195,7.0456667,0.0
1770646894074403,XzhCk3dA5L1BZoFfKY0OiV,108933258580999,cmenttor,2026-09-02T14:09:51.011000+00:00,Ghana,0.49302,7.0469683,0.0
1772635750646946,XzhCk3dA5L1BZoFfKY0OiV,108933258580999,cmenttor,2026-09-02T14:12:13.043000+00:00,Ghana,0.4799733,7.03114,0.0
1772929703749237,XzhCk3dA5L1BZoFfKY0OiV,108933258580999,cmenttor,2026-09-02T14:14:18.992000+00:00,Ghana,0.4676567,7.0180683,0.0
1774452473561707,XzhCk3dA5L1BZoFfKY0OiV,108933258580999,cmenttor,2026-09-02T14:16:00.039000+00:00,Ghana,0.4539067,7.006615,0.0
1781857499505120,XzhCk3dA5L1BZoFfKY0OiV,108933258580999,cmenttor,2026-09-02T14:14:12.978000+00:00,Ghana,0.46808,7.0184517,0.0
1786012882540408,XzhCk3dA5L1BZoFfKY0OiV,108933258580999,cmenttor,2026-09-02T14:10:28.031000+00:00,Ghana,0.4872333,7.0426833,0.0
1792403545097901,XzhCk3dA5L1BZoFfKY0OiV,108933258580999,cmenttor,2026-09-02T14:13:25.041000+00:00,Ghana,0.47322,7.0227483,0.0
1800252944325465,XzhCk3dA5L1BZoFfKY0OiV,108933258580999,cmenttor,2026-09-02T14:16:21.988000+00:00,Ghana,0.45061,7.003865,0.0
1802241460951536,XzhCk3dA5L1BZoFfKY0OiV,108933258580999,cmenttor,2026-09-02T14:15:28.055000+00:00,Ghana,0.4586383,7.0105817,0.0
1806666197163899,XzhCk3dA5L1BZoFfKY0OiV,108933258580999,cmenttor,2026-09-02T14:14:57.017000+00:00,Ghana,0.4630317,7.0142017,0.0
1810269043492484,XzhCk3dA5L1BZoFfKY0OiV,108933258580999,cmenttor,2026-09-02T14:11:03.998000+00:00,Ghana,0.4827317,7.0393583,0.0
1813089953038030,XzhCk3dA5L1BZoFfKY0OiV,108933258580999,cmenttor,2026-09-02T14:12:29.047000+00:00,Ghana,0.4790317,7.0292433,0.0
1814996476524165,XzhCk3dA5L1BZoFfKY0OiV,108933258580999,cmenttor,2026-09-02T14:09:23.730000+00:00,Ghana,0.4969033,7.0507267,0.0
1826430065197382,XzhCk3dA5L1BZoFfKY0OiV,108933258580999,cmenttor,2026-09-02T14:14:46.988000+00:00,Ghana,0.464415,7.0154067,0.0
1830065161486847,XzhCk3dA5L1BZoFfKY0OiV,108933258580999,cmenttor,2026-09-02T14:11:23.083000+00:00,Ghana,0.4818167,7.0378967,0.0
1830633585022567,XzhCk3dA5L1BZoFfKY0OiV,108933258580999,cmenttor,2026-09-02T14:15:03.030000+00:00,Ghana,0.4621467,7.0134983,0.0
1833844477786405,XzhCk3dA5L1BZoFfKY0OiV,108933258580999,cmenttor,2026-09-02T14:13:32.989000+00:00,Ghana,0.472595,7.0222183,0.0
1838391497522451,XzhCk3dA5L1BZoFfKY0OiV,108933258580999,cmenttor,2026-09-02T14:10:08.005000+00:00,Ghana,0.4902617,7.0449533,0.0
1847874086588695,XzhCk3dA5L1BZoFfKY0OiV,108933258580999,cmenttor,2026-09-02T14:09:35.043000+00:00,Ghana,0.4955817,7.0489233,0.0
1858407955245145,XzhCk3dA5L1BZoFfKY0OiV,108933258580999,cmenttor,2026-09-02T14:15:19.042000+00:00,Ghana,0.4598933,7.0116433,0.0
1863994304980690,XzhCk3dA5L1BZoFfKY0OiV,108933258580999,cmenttor,2026-09-02T14:16:31.043000+00:00,Ghana,0.4492367,7.0027217,0.0
1874912047250847,XzhCk3dA5L1BZoFfKY0OiV,108933258580999,cmenttor,2026-09-02T14:13:01.035000+00:00,Ghana,0.475855,7.0249,0.0
1876388396899948,XzhCk3dA5L1BZoFfKY0OiV,108933258580999,cmenttor,2026-09-02T14:14:25.976000+00:00,Ghana,0.46704,7.01758,0.0
1877765433202270,XzhCk3dA5L1BZoFfKY0OiV,108933258580999,cmenttor,2026-09-02T14:11:49.058000+00:00,Ghana,0.4811583,7.034575,0.0
1893799408698700,XzhCk3dA5L1BZoFfKY0OiV,108933258580999,cmenttor,2026-09-02T14:11:28.992000+00:00,Ghana,0.4816317,7.0372333,0.0
1929279998389137,XzhCk3dA5L1BZoFfKY0OiV,108933258580999,cmenttor,2026-09-02T14:11:25.956000+00:00,Ghana,0.4817217,7.0375683,0.0
1948271952515759,XzhCk3dA5L1BZoFfKY0OiV,108933258580999,cmenttor,2026-09-02T14:13:11.062000+00:00,Ghana,0.47469,7.0239567,0.0
1954595262009434,XzhCk3dA5L1BZoFfKY0OiV,108933258580999,cmenttor,2026-09-02T14:10:51.981000+00:00,Ghana,0.4840583,7.0403217,0.0
1962285791079487,XzhCk3dA5L1BZoFfKY0OiV,108933258580999,cmenttor,2026-09-02T14:15:01.040000+00:00,Ghana,0.4624367,7.01374,0.0
1965835350774492,XzhCk3dA5L1BZoFfKY0OiV,108933258580999,cmenttor,2026-09-02T14:13:25.992000+00:00,Ghana,0.4731183,7.0226683,0.0
1976049809745674,XzhCk3dA5L1BZoFfKY0OiV,108933258580999,cmenttor,2026-09-02T14:10:34.037000+00:00,Ghana,0.486335,7.0420383,0.0
1976871749695016,XzhCk3dA5L1BZoFfKY0OiV,108933258580999,cmenttor,2026-09-02T14:16:02.034000+00:00,Ghana,0.453605,7.0063617,0.0
1977626672899410,XzhCk3dA5L1BZoFfKY0OiV,108933258580999,cmenttor,2026-09-02T14:16:12.066000+00:00,Ghana,0.45208,7.005115,0.0
1982361712453609,XzhCk3dA5L1BZoFfKY0OiV,108933258580999,cmenttor,2026-09-02T14:14:03.014000+00:00,Ghana,0.4692417,7.0194183,0.0
1985356972399474,XzhCk3dA5L1BZoFfKY0OiV,108933258580999,cmenttor,2026-09-02T14:15:55.991000+00:00,Ghana,0.454505,7.0071417,0.0
1992227564825009,XzhCk3dA5L1BZoFfKY0OiV,108933258580999,cmenttor,2026-09-02T14:13:13.023000+00:00,Ghana,0.4744967,7.0237883,0.0
2015300572488714,XzhCk3dA5L1BZoFfKY0OiV,108933258580999,cmenttor,2026-09-02T14:14:14.056000+00:00,Ghana,0.4680033,7.0183733,0.0
2025626778313750,XzhCk3dA5L1BZoFfKY0OiV,108933258580999,cmenttor,2026-09-02T14:14:30+00:00,Ghana,0.4666083,7.0172317,0.0
2027513734564011,XzhCk3dA5L1BZoFfKY0OiV,108933258580999,cmenttor,2026-09-02T14:14:42.019000+00:00,Ghana,0.4651183,7.0159817,0.0
2035060437118798,XzhCk3dA5L1BZoFfKY0OiV,108933258580999,cmenttor,2026-09-02T14:14:21.014000+00:00,Ghana,0.467495,7.0179517,0.0
2048649025772710,XzhCk3dA5L1BZoFfKY0OiV,108933258580999,cmenttor,2026-09-02T14:15:40.045000+00:00,Ghana,0.45688,7.0091333,0.0
2049281755793428,XzhCk3dA5L1BZoFfKY0OiV,108933258580999,cmenttor,2026-09-02T14:10:53.967000+00:00,Ghana,0.4838183,7.0401567,0.0
2056567011642933,XzhCk3dA5L1BZoFfKY0OiV,108933258580999,cmenttor,2026-09-02T14:17:02.966000+00:00,Ghana,0.44575,6.9998017,0.0
2058988554733248,XzhCk3dA5L1BZoFfKY0OiV,108933258580999,cmenttor,2026-09-02T14:09:49.965000+00:00,Ghana,0.4931867,7.047095,0.0
2079480896289159,XzhCk3dA5L1BZoFfKY0OiV,108933258580999,cmenttor,2026-09-02T14:09:47.028000+00:00,Ghana,0.4936767,7.0474583,0.0
2092275024997311,XzhCk3dA5L1BZoFfKY0OiV,108933258580999,cmenttor,2026-09-02T14:09:56.044000+00:00,Ghana,0.4921833,7.0463783,0.0
2097486287810422,XzhCk3dA5L1BZoFfKY0OiV,108933258580999,cmenttor,2026-09-02T14:12:49.044000+00:00,Ghana,0.477415,7.0263717,0.0
2103319543632327,XzhCk3dA5L1BZoFfKY0OiV,108933258580999,cmenttor,2026-09-02T14:16:23.996000+00:00,Ghana,0.450315,7.00361,0.0
2107327856819401,XzhCk3dA5L1BZoFfKY0OiV,108933258580999,cmenttor,2026-09-02T14:12:05.002000+00:00,Ghana,0.4804833,7.0321417,0.0
2111937119535389,XzhCk3dA5L1BZoFfKY0OiV,108933258580999,cmenttor,2026-09-02T14:11:35.079000+00:00,Ghana,0.4815033,7.03651,0.0
2118598995419872,XzhCk3dA5L1BZoFfKY0OiV,108933258580999,cmenttor,2026-09-02T14:15:44.030000+00:00,Ghana,0.45631,7.0086483,0.0
2123993958195308,XzhCk3dA5L1BZoFfKY0OiV,108933258580999,cmenttor,2026-09-02T14:16:33.989000+00:00,Ghana,0.4488067,7.0023733,0.0
2125254671723235,XzhCk3dA5L1BZoFfKY0OiV,108933258580999,cmenttor,2026-09-02T14:11:25.011000+00:00,Ghana,0.4817517,7.0376833,0.0
2129223090997394,XzhCk3dA5L1BZoFfKY0OiV,108933258580999,cmenttor,2026-09-02T14:16:38.077000+00:00,Ghana,0.4483783,7.001995,0.0
2135669830352989,XzhCk3dA5L1BZoFfKY0OiV,108933258580999,cmenttor,2026-09-02T14:16:16.053000+00:00,Ghana,0.4515083,7.0046133,0.0
2140660910172229,XzhCk3dA5L1BZoFfKY0OiV,108933258580999,cmenttor,2026-09-02T14:11:03.126000+00:00,Ghana,0.4828183,7.0394217,0.0
2140775520120618,XzhCk3dA5L1BZoFfKY0OiV,108933258580999,cmenttor,2026-09-02T14:12:51.002000+00:00,Ghana,0.4771867,7.0260967,0.0
2145906289658316,XzhCk3dA5L1BZoFfKY0OiV,108933258580999,cmenttor,2026-09-02T14:14:24.022000+00:00,Ghana,0.4672433,7.0177383,0.0
2150802255782908,XzhCk3dA5L1BZoFfKY0OiV,108933258580999,cmenttor,2026-09-02T14:13:15.017000+00:00,Ghana,0.474295,7.023615,0.0
2160324818221801,XzhCk3dA5L1BZoFfKY0OiV,108933258580999,cmenttor,2026-09-02T14:16:46.992000+00:00,Ghana,0.4475217,7.0012367,0.0
2160592901172036,XzhCk3dA5L1BZoFfKY0OiV,108933258580999,cmenttor,2026-09-02T14:16:04.968000+00:00,Ghana,0.453135,7.005985,0.0
2161199297776478,XzhCk3dA5L1BZoFfKY0OiV,108933258580999,cmenttor,2026-09-02T14:11:13.971000+00:00,Ghana,0.482215,7.0388017,0.0
2179124226279327,XzhCk3dA5L1BZoFfKY0OiV,108933258580999,cmenttor,2026-09-02T14:10:22.053000+00:00,Ghana,0.48811,7.0433367,0.0
2185091169072450,XzhCk3dA5L1BZoFfKY0OiV,108933258580999,cmenttor,2026-09-02T14:12:25.030000+00:00,Ghana,0.4792917,7.029775,0.0
2190478502348610,XzhCk3dA5L1BZoFfKY0OiV,108933258580999,cmenttor,2026-09-02T14:16:06.022000+00:00,Ghana,0.4529867,7.005855,0.0
2195230181874171,XzhCk3dA5L1BZoFfKY0OiV,108933258580999,cmenttor,2026-09-02T14:13:27.041000+00:00,Ghana,0.4730383,7.0225933,0.0
2206846733510724,XzhCk3dA5L1BZoFfKY0OiV,108933258580999,cmenttor,2026-09-02T14:15:47.984000+00:00,Ghana,0.4557267,7.0081583,0.0
2207605683143063,XzhCk3dA5L1BZoFfKY0OiV,108933258580999,cmenttor,2026-09-02T14:10:00.032000+00:00,Ghana,0.491515,7.0458817,0.0
2225023458282062,XzhCk3dA5L1BZoFfKY0OiV,108933258580999,cmenttor,2026-09-02T14:12:16.012000+00:00,Ghana,0.4798233,7.030815,0.0
2229991964461864,XzhCk3dA5L1BZoFfKY0OiV,108933258580999,cmenttor,2026-09-02T14:14:53.061000+00:00,Ghana,0.4635883,7.0146983,0.0
2238110086986181,XzhCk3dA5L1BZoFfKY0OiV,108933258580999,cmenttor,2026-09-02T14:10:03.042000+00:00,Ghana,0.4910333,7.04554,0.0
2240127796778413,XzhCk3dA5L1BZoFfKY0OiV,108933258580999,cmenttor,2026-09-02T14:15:37.992000+00:00,Ghana,0.4571683,7.0093683,0.0
2250332235768789,XzhCk3dA5L1BZoFfKY0OiV,108933258580999,cmenttor,2026-09-02T14:14:16.964000+00:00,Ghana,0.4678117,7.0181817,0.0
2257606685080903,XzhCk3dA5L1BZoFfKY0OiV,108933258580999,cmenttor,2026-09-02T14:15:18.056000+00:00,Ghana,0.4600333,7.0117617,0.0
2265919970873560,XzhCk3dA5L1BZoFfKY0OiV,108933258580999,cmenttor,2026-09-02T14:10:10.977000+00:00,Ghana,0.4897917,7.0445933,0.0
2279814866143329,XzhCk3dA5L1BZoFfKY0OiV,108933258580999,cmenttor,2026-09-02T14:13:21.030000+00:00,Ghana,0.4736617,7.023105,0.0
2281042132649852,XzhCk3dA5L1BZoFfKY0OiV,108933258580999,cmenttor,2026-09-02T14:14:32.029000+00:00,Ghana,0.46638,7.0170467,0.0
2287255125359446,XzhCk3dA5L1BZoFfKY0OiV,108933258580999,cmenttor,2026-09-02T14:11:43.015000+00:00,Ghana,0.4813283,7.0354217,0.0
2324139931754811,XzhCk3dA5L1BZoFfKY0OiV,108933258580999,cmenttor,2026-09-02T14:13:56.999000+00:00,Ghana,0.46998,7.0200433,0.0
2326874384518276,XzhCk3dA5L1BZoFfKY0OiV,108933258580999,cmenttor,2026-09-02T14:14:06.998000+00:00,Ghana,0.4687317,7.0190033,0.0
2349331752266538,XzhCk3dA5L1BZoFfKY0OiV,108933258580999,cmenttor,2026-09-02T14:11:16.965000+00:00,Ghana,0.482065,7.03853,0.0
2350390499100952,XzhCk3dA5L1BZoFfKY0OiV,108933258580999,cmenttor,2026-09-02T14:16:42.060000+00:00,Ghana,0.4480017,7.0016683,0.0
2372505500185916,XzhCk3dA5L1BZoFfKY0OiV,108933258580999,cmenttor,2026-09-02T14:12:55.024000+00:00,Ghana,0.47668,7.0255783,0.0
2404606967013212,XzhCk3dA5L1BZoFfKY0OiV,108933258580999,cmenttor,2026-09-02T14:11:59.019000+00:00,Ghana,0.480845,7.0330567,0.0
2427094644794232,XzhCk3dA5L1BZoFfKY0OiV,108933258580999,cmenttor,2026-09-02T14:15:07.994000+00:00,Ghana,0.4614367,7.012905,0.0
2432697497258458,XzhCk3dA5L1BZoFfKY0OiV,108933258580999,cmenttor,2026-09-02T14:10:19.984000+00:00,Ghana,0.4884167,7.0435617,0.0
2505965223176329,XzhCk3dA5L1BZoFfKY0OiV,108933258580999,cmenttor,2026-09-02T14:12:11.004000+00:00,Ghana,0.480065,7.0313633,0.0
2543088882827028,XzhCk3dA5L1BZoFfKY0OiV,108933258580999,cmenttor,2026-09-02T14:13:44.976000+00:00,Ghana,0.4713783,7.0212333,0.0
2547547395741871,XzhCk3dA5L1BZoFfKY0OiV,108933258580999,cmenttor,2026-09-02T14:13:51.056000+00:00,Ghana,0.4706767,7.0206417,0.0
2553231778435902,XzhCk3dA5L1BZoFfKY0OiV,108933258580999,cmenttor,2026-09-02T14:10:44.005000+00:00,Ghana,0.4850067,7.0410283,0.0
2558074001377589,XzhCk3dA5L1BZoFfKY0OiV,108933258580999,cmenttor,2026-09-02T14:13:02.995000+00:00,Ghana,0.4755917,7.02468,0.0
2574933436253030,XzhCk3dA5L1BZoFfKY0OiV,108933258580999,cmenttor,2026-09-02T14:15:01.984000+00:00,Ghana,0.4622917,7.0136217,0.0
2603490156775945,XzhCk3dA5L1BZoFfKY0OiV,108933258580999,cmenttor,2026-09-02T14:10:29.989000+00:00,Ghana,0.48692,7.042465,0.0
2609292602833123,XzhCk3dA5L1BZoFfKY0OiV,108933258580999,cmenttor,2026-09-02T14:12:36.986000+00:00,Ghana,0.4784417,7.0281333,0.0
2636665966765723,XzhCk3dA5L1BZoFfKY0OiV,108933258580999,cmenttor,2026-09-02T14:09:37.976000+00:00,Ghana,0.49511,7.048555,0.0
2721730254890592,XzhCk3dA5L1BZoFfKY0OiV,108933258580999,cmenttor,2026-09-02T14:09:55.002000+00:00,Ghana,0.492355,7.0464967,0.0
2850433968649443,XzhCk3dA5L1BZoFfKY0OiV,108933258580999,cmenttor,2026-09-02T14:10:21.042000+00:00,Ghana,0.4882667,7.0434483,0.0
2852679461782402,XzhCk3dA5L1BZoFfKY0OiV,108933258580999,cmenttor,2026-09-02T14:15:57.070000+00:00,Ghana,0.4543583,7.0070117,0.0
2885203978513318,XzhCk3dA5L1BZoFfKY0OiV,108933258580999,cmenttor,2026-09-02T14:15:34.987000+00:00,Ghana,0.45761,7.0097267,0.0
2891655941200143,XzhCk3dA5L1BZoFfKY0OiV,108933258580999,cmenttor,2026-09-02T14:15:12.993000+00:00,Ghana,0.4607317,7.0123233,0.0
2910834002603103,XzhCk3dA5L1BZoFfKY0OiV,108933258580999,cmenttor,2026-09-02T14:09:34.066000+00:00,Ghana,0.4957233,7.0490617,0.0
2966917833643839,XzhCk3dA5L1BZoFfKY0OiV,108933258580999,cmenttor,2026-09-02T14:09:37.028000+00:00,Ghana,0.49527,7.0486767,0.0
3956352407993212,XzhCk3dA5L1BZoFfKY0OiV,108933258580999,cmenttor,2026-09-02T14:09:32.680000+00:00,Ghana,0.4958883,7.0492767,0.0
3992450444385219,XzhCk3dA5L1BZoFfKY0OiV,108933258580999,cmenttor,2026-09-02T14:15:53.012000+00:00,Ghana,0.4549683,7.0075317,0.0
4053653534939278,XzhCk3dA5L1BZoFfKY0OiV,108933258580999,cmenttor,2026-09-02T14:15:14.037000+00:00,Ghana,0.4605867,7.0122083,0.0
4058980870904217,XzhCk3dA5L1BZoFfKY0OiV,108933258580999,cmenttor,2026-09-02T14:16:04.026000+00:00,Ghana,0.453295,7.0061067,0.0
4194779873989017,XzhCk3dA5L1BZoFfKY0OiV,108933258580999,cmenttor,2026-09-02T14:10:38.062000+00:00,Ghana,0.4857883,7.0416317,0.0
4381394138857987,XzhCk3dA5L1BZoFfKY0OiV,108933258580999,cmenttor,2026-09-02T14:14:18.012000+00:00,Ghana,0.467735,7.0181217,0.0
4387906198138532,XzhCk3dA5L1BZoFfKY0OiV,108933258580999,cmenttor,2026-09-02T14:13:32.042000+00:00,Ghana,0.4726783,7.0222817,0.0
4415676735311295,XzhCk3dA5L1BZoFfKY0OiV,108933258580999,cmenttor,2026-09-02T14:13:48.999000+00:00,Ghana,0.4709167,7.0208467,0.0
4479627662279105,XzhCk3dA5L1BZoFfKY0OiV,108933258580999,cmenttor,2026-09-02T14:10:13.983000+00:00,Ghana,0.489335,7.0442433,0.0
4483206005258577,XzhCk3dA5L1BZoFfKY0OiV,108933258580999,cmenttor,2026-09-02T14:16:00.988000+00:00,Ghana,0.453755,7.006485,0.0
4496577610613269,XzhCk3dA5L1BZoFfKY0OiV,108933258580999,cmenttor,2026-09-02T14:11:32.037000+00:00,Ghana,0.481575,7.0368733,0.0
4521086951546019,XzhCk3dA5L1BZoFfKY0OiV,108933258580999,cmenttor,2026-09-02T14:11:55.039000+00:00,Ghana,0.481,7.0336733,0.0
4529661540638965,XzhCk3dA5L1BZoFfKY0OiV,108933258580999,cmenttor,2026-09-02T14:09:25.717000+00:00,Ghana,0.4966967,7.0504167,0.0
4589776128008663,XzhCk3dA5L1BZoFfKY0OiV,108933258580999,cmenttor,2026-09-02T14:15:49.033000+00:00,Ghana,0.4555817,7.0080367,0.0
4613760578856767,XzhCk3dA5L1BZoFfKY0OiV,108933258580999,cmenttor,2026-09-02T14:10:13.002000+00:00,Ghana,0.4894917,7.0443583,0.0
4655410574781193,XzhCk3dA5L1BZoFfKY0OiV,108933258580999,cmenttor,2026-09-02T14:09:31.733000+00:00,Ghana,0.4960117,7.049435,0.0
27402166469457487,XzhCk3dA5L1BZoFfKY0OiV,108933258580999,cmenttor,2026-09-02T14:15:37.037000+00:00,Ghana,0.4573117,7.0094883,0.0
27493497406991978,XzhCk3dA5L1BZoFfKY0OiV,108933258580999,cmenttor,2026-09-02T14:12:09.054000+00:00,Ghana,0.4801967,7.0315883,0.0
27931044353255467,XzhCk3dA5L1BZoFfKY0OiV,108933258580999,cmenttor,2026-09-02T14:12:21.043000+00:00,Ghana,0.4795217,7.0302583,0.0
27982991117994623,XzhCk3dA5L1BZoFfKY0OiV,108933258580999,cmenttor,2026-09-02T14:10:25.030000+00:00,Ghana,0.4876617,7.04301,0.0
28082066998088925,XzhCk3dA5L1BZoFfKY0OiV,108933258580999,cmenttor,2026-09-02T14:10:09.052000+00:00,Ghana,0.4901,7.0448383,0.0
28106260772317184,XzhCk3dA5L1BZoFfKY0OiV,108933258580999,cmenttor,2026-09-02T14:14:54.960000+00:00,Ghana,0.4633083,7.0144533,0.0
28149906494677923,XzhCk3dA5L1BZoFfKY0OiV,108933258580999,cmenttor,2026-09-02T14:14:52.015000+00:00,Ghana,0.4637317,7.0148183,0.0
28163823663302454,XzhCk3dA5L1BZoFfKY0OiV,108933258580999,cmenttor,2026-09-02T14:16:13.013000+00:00,Ghana,0.4519417,7.0049867,0.0
28345189205136928,XzhCk3dA5L1BZoFfKY0OiV,108933258580999,cmenttor,2026-09-02T14:15:29.041000+00:00,Ghana,0.4584933,7.0104617,0.0
28402936486010004,XzhCk3dA5L1BZoFfKY0OiV,108933258580999,cmenttor,2026-09-02T14:13:17.011000+00:00,Ghana,0.4740917,7.0234533,0.0
28561382210135320,XzhCk3dA5L1BZoFfKY0OiV,108933258580999,cmenttor,2026-09-02T14:11:28.050000+00:00,Ghana,0.481655,7.0373517,0.0
29252116124389633,XzhCk3dA5L1BZoFfKY0OiV,108933258580999,cmenttor,2026-09-02T14:11:30.986000+00:00,Ghana,0.4815967,7.0369933,0.0
38306200835660041,XzhCk3dA5L1BZoFfKY0OiV,108933258580999,cmenttor,2026-09-02T14:16:17.978000+00:00,Ghana,0.451215,7.0043617,0.0
38536015529345599,XzhCk3dA5L1BZoFfKY0OiV,108933258580999,cmenttor,2026-09-02T14:12:31.043000+00:00,Ghana,0.4788983,7.028975,0.0
38855216124092219,XzhCk3dA5L1BZoFfKY0OiV,108933258580999,cmenttor,2026-09-02T14:16:28.045000+00:00,Ghana,0.4496983,7.0031083,0.0
833083756493786,XzhCk3dA5L1BZoFfKY0OiV,108933258580999,cmenttor,2026-09-02T14:26:01.975000+00:00,Ghana,0.3694033,7.0035367,0.0
838978295893649,XzhCk3dA5L1BZoFfKY0OiV,108933258580999,cmenttor,2026-09-02T14:19:05.220000+00:00,Ghana,0.4384333,6.9973583,0.0
889966427326850,XzhCk3dA5L1BZoFfKY0OiV,108933258580999,cmenttor,2026-09-02T14:19:12.962000+00:00,Ghana,0.438025,6.9974217,0.0
889999650654987,XzhCk3dA5L1BZoFfKY0OiV,108933258580999,cmenttor,2026-09-02T14:23:48.971000+00:00,Ghana,0.3912083,7.00057,0.0
893540380277794,XzhCk3dA5L1BZoFfKY0OiV,108933258580999,cmenttor,2026-09-02T14:24:09.034000+00:00,Ghana,0.3874083,7.00163,0.0
894904600144599,XzhCk3dA5L1BZoFfKY0OiV,108933258580999,cmenttor,2026-09-02T14:20:20.007000+00:00,Ghana,0.429325,7.000595,0.0
900072416237243,XzhCk3dA5L1BZoFfKY0OiV,108933258580999,cmenttor,2026-09-02T14:24:11.968000+00:00,Ghana,0.3868583,7.0018033,0.0
903293082634771,XzhCk3dA5L1BZoFfKY0OiV,108933258580999,cmenttor,2026-09-02T14:20:47.022000+00:00,Ghana,0.4241633,7.002355,0.0
909121495230887,XzhCk3dA5L1BZoFfKY0OiV,108933258580999,cmenttor,2026-09-02T14:18:49.471000+00:00,Ghana,0.4387367,6.9968617,0.0
917854644280273,XzhCk3dA5L1BZoFfKY0OiV,108933258580999,cmenttor,2026-09-02T14:20:24.017000+00:00,Ghana,0.42857,7.000855,0.0
919638650754139,XzhCk3dA5L1BZoFfKY0OiV,108933258580999,cmenttor,2026-09-02T14:18:53.620000+00:00,Ghana,0.4386883,6.9970667,0.0
922554493770156,XzhCk3dA5L1BZoFfKY0OiV,108933258580999,cmenttor,2026-09-02T14:21:09.040000+00:00,Ghana,0.4199067,7.002795,0.0
923673700322503,XzhCk3dA5L1BZoFfKY0OiV,108933258580999,cmenttor,2026-09-02T14:18:44.625000+00:00,Ghana,0.4387917,6.9968067,0.0
934178542484578,XzhCk3dA5L1BZoFfKY0OiV,108933258580999,cmenttor,2026-09-02T14:19:02.248000+00:00,Ghana,0.4385333,6.9973583,0.0
936604012203006,XzhCk3dA5L1BZoFfKY0OiV,108933258580999,cmenttor,2026-09-02T14:17:24.986000+00:00,Ghana,0.443095,6.9975933,0.0
936662222829240,XzhCk3dA5L1BZoFfKY0OiV,108933258580999,cmenttor,2026-09-02T14:19:55.991000+00:00,Ghana,0.43355,6.9991117,0.0
936998278839953,XzhCk3dA5L1BZoFfKY0OiV,108933258580999,cmenttor,2026-09-02T14:19:11.007000+00:00,Ghana,0.4381517,6.99739,0.0
937874242081190,XzhCk3dA5L1BZoFfKY0OiV,108933258580999,cmenttor,2026-09-02T14:24:57.870000+00:00,Ghana,0.3789017,7.0036283,0.0
942252675585836,XzhCk3dA5L1BZoFfKY0OiV,108933258580999,cmenttor,2026-09-02T14:20:08.989000+00:00,Ghana,0.4313217,6.9999033,0.0
945810751892435,XzhCk3dA5L1BZoFfKY0OiV,108933258580999,cmenttor,2026-09-02T14:23:39.004000+00:00,Ghana,0.3931083,7.0000083,0.0
947431804617877,XzhCk3dA5L1BZoFfKY0OiV,108933258580999,cmenttor,2026-09-02T14:21:59.978000+00:00,Ghana,0.4107567,7.000325,0.0
950386421436218,XzhCk3dA5L1BZoFfKY0OiV,108933258580999,cmenttor,2026-09-02T14:25:04.017000+00:00,Ghana,0.3778667,7.00368,0.0
951792187211170,XzhCk3dA5L1BZoFfKY0OiV,108933258580999,cmenttor,2026-09-02T14:20:08.047000+00:00,Ghana,0.4315017,6.99984,0.0
954611744329612,XzhCk3dA5L1BZoFfKY0OiV,108933258580999,cmenttor,2026-09-02T14:23:11.035000+00:00,Ghana,0.3985,6.999305,0.0
964052940084462,XzhCk3dA5L1BZoFfKY0OiV,108933258580999,cmenttor,2026-09-02T14:18:15.977000+00:00,Ghana,0.4400717,6.9966233,0.0
964612779987139,XzhCk3dA5L1BZoFfKY0OiV,108933258580999,cmenttor,2026-09-02T14:18:27.024000+00:00,Ghana,0.43925,6.9968783,0.0
965554986564246,XzhCk3dA5L1BZoFfKY0OiV,108933258580999,cmenttor,2026-09-02T14:20:13.015000+00:00,Ghana,0.4306067,7.0001467,0.0
974076772364563,XzhCk3dA5L1BZoFfKY0OiV,108933258580999,cmenttor,2026-09-02T14:21:44.978000+00:00,Ghana,0.412985,7.000915,0.0
974919182280395,XzhCk3dA5L1BZoFfKY0OiV,108933258580999,cmenttor,2026-09-02T14:25:42.048000+00:00,Ghana,0.3729717,7.0036267,0.0
974982562296046,XzhCk3dA5L1BZoFfKY0OiV,108933258580999,cmenttor,2026-09-02T14:18:05.032000+00:00,Ghana,0.44075,6.99636,0.0
994375900283104,XzhCk3dA5L1BZoFfKY0OiV,108933258580999,cmenttor,2026-09-02T14:19:30.988000+00:00,Ghana,0.4369017,6.997855,0.0
1011433815262893,XzhCk3dA5L1BZoFfKY0OiV,108933258580999,cmenttor,2026-09-02T14:19:33.056000+00:00,Ghana,0.4367033,6.9979317,0.0
1014741201588447,XzhCk3dA5L1BZoFfKY0OiV,108933258580999,cmenttor,2026-09-02T14:24:27.978000+00:00,Ghana,0.3839917,7.002665,0.0
1021770657541709,XzhCk3dA5L1BZoFfKY0OiV,108933258580999,cmenttor,2026-09-02T14:23:16.002000+00:00,Ghana,0.3975517,6.99924,0.0
1025372610549845,XzhCk3dA5L1BZoFfKY0OiV,108933258580999,cmenttor,2026-09-02T14:19:06.100000+00:00,Ghana,0.4383933,6.9973533,0.0
1035377209263205,XzhCk3dA5L1BZoFfKY0OiV,108933258580999,cmenttor,2026-09-02T14:24:49.019000+00:00,Ghana,0.3802867,7.0033283,0.0
1035851869261665,XzhCk3dA5L1BZoFfKY0OiV,108933258580999,cmenttor,2026-09-02T14:23:42.047000+00:00,Ghana,0.3925267,7.0001867,0.0
1037339355801744,XzhCk3dA5L1BZoFfKY0OiV,108933258580999,cmenttor,2026-09-02T14:24:47.470000+00:00,Ghana,0.3806317,7.00328,0.0
1039780008878739,XzhCk3dA5L1BZoFfKY0OiV,108933258580999,cmenttor,2026-09-02T14:20:38.001000+00:00,Ghana,0.42591,7.0017583,0.0
1045170851761026,XzhCk3dA5L1BZoFfKY0OiV,108933258580999,cmenttor,2026-09-02T14:22:35+00:00,Ghana,0.4055533,6.999725,0.0
1045285828487634,XzhCk3dA5L1BZoFfKY0OiV,108933258580999,cmenttor,2026-09-02T14:21:01.984000+00:00,Ghana,0.4212317,7.00309,0.0
1045523285150083,XzhCk3dA5L1BZoFfKY0OiV,108933258580999,cmenttor,2026-09-02T14:25:37.996000+00:00,Ghana,0.3736133,7.0036167,0.0
1047444854566233,XzhCk3dA5L1BZoFfKY0OiV,108933258580999,cmenttor,2026-09-02T14:18:38.097000+00:00,Ghana,0.4389117,6.9968117,0.0
1047778038045201,XzhCk3dA5L1BZoFfKY0OiV,108933258580999,cmenttor,2026-09-02T14:23:03.981000+00:00,Ghana,0.399855,6.99938,0.0
1047933051349463,XzhCk3dA5L1BZoFfKY0OiV,108933258580999,cmenttor,2026-09-02T14:20:15.002000+00:00,Ghana,0.4302417,7.0002817,0.0
1048132974797790,XzhCk3dA5L1BZoFfKY0OiV,108933258580999,cmenttor,2026-09-02T14:22:43.954000+00:00,Ghana,0.4038133,6.9996,0.0
1048303851305836,XzhCk3dA5L1BZoFfKY0OiV,108933258580999,cmenttor,2026-09-02T14:17:49.036000+00:00,Ghana,0.4414967,6.996045,0.0
1048856141388097,XzhCk3dA5L1BZoFfKY0OiV,108933258580999,cmenttor,2026-09-02T14:21:18.025000+00:00,Ghana,0.4181633,7.0023133,0.0
1051717557456755,XzhCk3dA5L1BZoFfKY0OiV,108933258580999,cmenttor,2026-09-02T14:21:39.071000+00:00,Ghana,0.41408,7.0012083,0.0
1052028854286753,XzhCk3dA5L1BZoFfKY0OiV,108933258580999,cmenttor,2026-09-02T14:21:28.058000+00:00,Ghana,0.416175,7.0017783,0.0
1052469887427292,XzhCk3dA5L1BZoFfKY0OiV,108933258580999,cmenttor,2026-09-02T14:25:02.056000+00:00,Ghana,0.3781167,7.0036983,0.0
1053698477425709,XzhCk3dA5L1BZoFfKY0OiV,108933258580999,cmenttor,2026-09-02T14:23:28.062000+00:00,Ghana,0.3952567,6.9993933,0.0
1053863420764877,XzhCk3dA5L1BZoFfKY0OiV,108933258580999,cmenttor,2026-09-02T14:19:32.007000+00:00,Ghana,0.436805,6.99789,0.0
1055975497184762,XzhCk3dA5L1BZoFfKY0OiV,108933258580999,cmenttor,2026-09-02T14:25:57.046000+00:00,Ghana,0.3703317,7.0035683,0.0
1058136420338864,XzhCk3dA5L1BZoFfKY0OiV,108933258580999,cmenttor,2026-09-02T14:20:56.034000+00:00,Ghana,0.42242,7.002965,0.0
1058331890273991,XzhCk3dA5L1BZoFfKY0OiV,108933258580999,cmenttor,2026-09-02T14:23:16.952000+00:00,Ghana,0.397365,6.9992367,0.0
1058368630159378,XzhCk3dA5L1BZoFfKY0OiV,108933258580999,cmenttor,2026-09-02T14:22:25.035000+00:00,Ghana,0.4072983,6.9998017,0.0
1058842216860436,XzhCk3dA5L1BZoFfKY0OiV,108933258580999,cmenttor,2026-09-02T14:20:26.013000+00:00,Ghana,0.428195,7.00099,0.0
1059292760162975,XzhCk3dA5L1BZoFfKY0OiV,108933258580999,cmenttor,2026-09-02T14:25:49.986000+00:00,Ghana,0.3715983,7.0035867,0.0
1061106256657765,XzhCk3dA5L1BZoFfKY0OiV,108933258580999,cmenttor,2026-09-02T14:24:13.051000+00:00,Ghana,0.3866683,7.0018567,0.0
1061263556508150,XzhCk3dA5L1BZoFfKY0OiV,108933258580999,cmenttor,2026-09-02T14:18:14.021000+00:00,Ghana,0.4402133,6.996565,0.0
1062558049722464,XzhCk3dA5L1BZoFfKY0OiV,108933258580999,cmenttor,2026-09-02T14:18:17.972000+00:00,Ghana,0.4399233,6.996675,0.0
1062856166115535,XzhCk3dA5L1BZoFfKY0OiV,108933258580999,cmenttor,2026-09-02T14:22:31.049000+00:00,Ghana,0.40628,6.99976,0.0
1063549573252409,XzhCk3dA5L1BZoFfKY0OiV,108933258580999,cmenttor,2026-09-02T14:22:37.973000+00:00,Ghana,0.4049717,6.999685,0.0
1064068462668208,XzhCk3dA5L1BZoFfKY0OiV,108933258580999,cmenttor,2026-09-02T14:23:20.021000+00:00,Ghana,0.3967917,6.9992133,0.0
1065085062944762,XzhCk3dA5L1BZoFfKY0OiV,108933258580999,cmenttor,2026-09-02T14:18:31.007000+00:00,Ghana,0.4390417,6.99684,0.0
1065924586359753,XzhCk3dA5L1BZoFfKY0OiV,108933258580999,cmenttor,2026-09-02T14:21:42.989000+00:00,Ghana,0.41335,7.00101,0.0
1065954969126441,XzhCk3dA5L1BZoFfKY0OiV,108933258580999,cmenttor,2026-09-02T14:17:51.046000+00:00,Ghana,0.4414083,6.99609,0.0
1066076046281902,XzhCk3dA5L1BZoFfKY0OiV,108933258580999,cmenttor,2026-09-02T14:22:33.004000+00:00,Ghana,0.4059217,6.9997433,0.0
1066653606117944,XzhCk3dA5L1BZoFfKY0OiV,108933258580999,cmenttor,2026-09-02T14:18:11.994000+00:00,Ghana,0.4403617,6.9965083,0.0
1067187949017689,XzhCk3dA5L1BZoFfKY0OiV,108933258580999,cmenttor,2026-09-02T14:21:53.052000+00:00,Ghana,0.41163,7.0005517,0.0
1067740655663886,XzhCk3dA5L1BZoFfKY0OiV,108933258580999,cmenttor,2026-09-02T14:23:03.034000+00:00,Ghana,0.4000517,6.9993867,0.0
1068382502649418,XzhCk3dA5L1BZoFfKY0OiV,108933258580999,cmenttor,2026-09-02T14:24:20.991000+00:00,Ghana,0.385235,7.0022733,0.0
1068420782704696,XzhCk3dA5L1BZoFfKY0OiV,108933258580999,cmenttor,2026-09-02T14:24:04.978000+00:00,Ghana,0.3881683,7.00139,0.0
1069544222100440,XzhCk3dA5L1BZoFfKY0OiV,108933258580999,cmenttor,2026-09-02T14:25:43.976000+00:00,Ghana,0.3726367,7.0036167,0.0
1069990465405264,XzhCk3dA5L1BZoFfKY0OiV,108933258580999,cmenttor,2026-09-02T14:19:08.035000+00:00,Ghana,0.438305,6.997355,0.0
1070965885322227,XzhCk3dA5L1BZoFfKY0OiV,108933258580999,cmenttor,2026-09-02T14:17:55.040000+00:00,Ghana,0.441165,6.9961867,0.0
1071373438634876,XzhCk3dA5L1BZoFfKY0OiV,108933258580999,cmenttor,2026-09-02T14:22:10.952000+00:00,Ghana,0.4093333,6.9999683,0.0
1072248258856069,XzhCk3dA5L1BZoFfKY0OiV,108933258580999,cmenttor,2026-09-02T14:21:49.030000+00:00,Ghana,0.4122883,7.0007283,0.0
1073068431798724,XzhCk3dA5L1BZoFfKY0OiV,108933258580999,cmenttor,2026-09-02T14:17:55.985000+00:00,Ghana,0.4410933,6.9962117,0.0
1073465575406809,XzhCk3dA5L1BZoFfKY0OiV,108933258580999,cmenttor,2026-09-02T14:24:24.603000+00:00,Ghana,0.384705,7.00245,0.0
1074381218291018,XzhCk3dA5L1BZoFfKY0OiV,108933258580999,cmenttor,2026-09-02T14:19:00.380000+00:00,Ghana,0.4385833,6.99733,0.0
1074459472179912,XzhCk3dA5L1BZoFfKY0OiV,108933258580999,cmenttor,2026-09-02T14:23:05.024000+00:00,Ghana,0.3996583,6.99937,0.0
1075650488160512,XzhCk3dA5L1BZoFfKY0OiV,108933258580999,cmenttor,2026-09-02T14:24:11.025000+00:00,Ghana,0.3870433,7.001745,0.0
1075974461786647,XzhCk3dA5L1BZoFfKY0OiV,108933258580999,cmenttor,2026-09-02T14:20:44.992000+00:00,Ghana,0.4245833,7.0022133,0.0
1076047754894295,XzhCk3dA5L1BZoFfKY0OiV,108933258580999,cmenttor,2026-09-02T14:22:04.977000+00:00,Ghana,0.4101367,7.0001617,0.0
1077412311927999,XzhCk3dA5L1BZoFfKY0OiV,108933258580999,cmenttor,2026-09-02T14:23:56.034000+00:00,Ghana,0.3898667,7.0009117,0.0
1077442071298449,XzhCk3dA5L1BZoFfKY0OiV,108933258580999,cmenttor,2026-09-02T14:20:36.011000+00:00,Ghana,0.42629,7.0016233,0.0
1083484334138581,XzhCk3dA5L1BZoFfKY0OiV,108933258580999,cmenttor,2026-09-02T14:21:09.986000+00:00,Ghana,0.4197217,7.002735,0.0
1083665867494938,XzhCk3dA5L1BZoFfKY0OiV,108933258580999,cmenttor,2026-09-02T14:23:54.037000+00:00,Ghana,0.3902583,7.0008033,0.0
1083930044575011,XzhCk3dA5L1BZoFfKY0OiV,108933258580999,cmenttor,2026-09-02T14:18:07.985000+00:00,Ghana,0.440615,6.996415,0.0
1085317167206416,XzhCk3dA5L1BZoFfKY0OiV,108933258580999,cmenttor,2026-09-02T14:18:11.048000+00:00,Ghana,0.44043,6.9964867,0.0
1085614360675330,XzhCk3dA5L1BZoFfKY0OiV,108933258580999,cmenttor,2026-09-02T14:21:18.972000+00:00,Ghana,0.4179683,7.0022617,0.0
1086903710792221,XzhCk3dA5L1BZoFfKY0OiV,108933258580999,cmenttor,2026-09-02T14:24:07.006000+00:00,Ghana,0.387785,7.0015267,0.0
1086904633847725,XzhCk3dA5L1BZoFfKY0OiV,108933258580999,cmenttor,2026-09-02T14:23:56.971000+00:00,Ghana,0.3896833,7.0009733,0.0
1087645047022028,XzhCk3dA5L1BZoFfKY0OiV,108933258580999,cmenttor,2026-09-02T14:17:41.030000+00:00,Ghana,0.4417733,6.9962167,0.0
1087738510572588,XzhCk3dA5L1BZoFfKY0OiV,108933258580999,cmenttor,2026-09-02T14:24:33.989000+00:00,Ghana,0.3829267,7.00289,0.0
1087816500270510,XzhCk3dA5L1BZoFfKY0OiV,108933258580999,cmenttor,2026-09-02T14:20:40.061000+00:00,Ghana,0.4255217,7.001885,0.0
1087947610445325,XzhCk3dA5L1BZoFfKY0OiV,108933258580999,cmenttor,2026-09-02T14:23:09.993000+00:00,Ghana,0.3986917,6.9993183,0.0
1088094803981379,XzhCk3dA5L1BZoFfKY0OiV,108933258580999,cmenttor,2026-09-02T14:19:54.028000+00:00,Ghana,0.4338767,6.9990033,0.0
1089012034095218,XzhCk3dA5L1BZoFfKY0OiV,108933258580999,cmenttor,2026-09-02T14:22:26.992000+00:00,Ghana,0.4069667,6.9997933,0.0
1091320626600265,XzhCk3dA5L1BZoFfKY0OiV,108933258580999,cmenttor,2026-09-02T14:21:55.011000+00:00,Ghana,0.41135,7.000475,0.0
1091606093439593,XzhCk3dA5L1BZoFfKY0OiV,108933258580999,cmenttor,2026-09-02T14:18:03.992000+00:00,Ghana,0.440775,6.9963483,0.0
1092351646942693,XzhCk3dA5L1BZoFfKY0OiV,108933258580999,cmenttor,2026-09-02T14:25:24.988000+00:00,Ghana,0.37533,7.003625,0.0
1092627257045507,XzhCk3dA5L1BZoFfKY0OiV,108933258580999,cmenttor,2026-09-02T14:23:24.008000+00:00,Ghana,0.3960117,6.9992483,0.0
1093622146686598,XzhCk3dA5L1BZoFfKY0OiV,108933258580999,cmenttor,2026-09-02T14:21:21.070000+00:00,Ghana,0.417565,7.00215,0.0
1093802866446112,XzhCk3dA5L1BZoFfKY0OiV,108933258580999,cmenttor,2026-09-02T14:25:04.961000+00:00,Ghana,0.3777517,7.0036683,0.0
1097641749276210,XzhCk3dA5L1BZoFfKY0OiV,108933258580999,cmenttor,2026-09-02T14:23:59.002000+00:00,Ghana,0.3892917,7.0010833,0.0
1101777932520028,XzhCk3dA5L1BZoFfKY0OiV,108933258580999,cmenttor,2026-09-02T14:19:15.010000+00:00,Ghana,0.4379017,6.9974617,0.0
1101781025855661,XzhCk3dA5L1BZoFfKY0OiV,108933258580999,cmenttor,2026-09-02T14:18:01.015000+00:00,Ghana,0.4408367,6.996325,0.0
1106034668656407,XzhCk3dA5L1BZoFfKY0OiV,108933258580999,cmenttor,2026-09-02T14:25:59.005000+00:00,Ghana,0.3699617,7.0035583,0.0
1107953082014318,XzhCk3dA5L1BZoFfKY0OiV,108933258580999,cmenttor,2026-09-02T14:25:27.015000+00:00,Ghana,0.3751,7.0036267,0.0
1107989295241577,XzhCk3dA5L1BZoFfKY0OiV,108933258580999,cmenttor,2026-09-02T14:20:31.989000+00:00,Ghana,0.42704,7.001375,0.0
1109457734847359,XzhCk3dA5L1BZoFfKY0OiV,108933258580999,cmenttor,2026-09-02T14:21:36.029000+00:00,Ghana,0.4146433,7.0013633,0.0
1110314414789287,XzhCk3dA5L1BZoFfKY0OiV,108933258580999,cmenttor,2026-09-02T14:22:41.015000+00:00,Ghana,0.4044017,6.9996467,0.0
1117839037574621,XzhCk3dA5L1BZoFfKY0OiV,108933258580999,cmenttor,2026-09-02T14:22:50.977000+00:00,Ghana,0.4024333,6.9995117,0.0
1117963654512733,XzhCk3dA5L1BZoFfKY0OiV,108933258580999,cmenttor,2026-09-02T14:22:52.971000+00:00,Ghana,0.40202,6.9994967,0.0
1118297754218113,XzhCk3dA5L1BZoFfKY0OiV,108933258580999,cmenttor,2026-09-02T14:20:54.016000+00:00,Ghana,0.4228,7.002835,0.0
1120075057209297,XzhCk3dA5L1BZoFfKY0OiV,108933258580999,cmenttor,2026-09-02T14:23:07.053000+00:00,Ghana,0.3992633,6.9993533,0.0
1127407869859063,XzhCk3dA5L1BZoFfKY0OiV,108933258580999,cmenttor,2026-09-02T14:18:05.979000+00:00,Ghana,0.4407133,6.99638,0.0
1131163459237839,XzhCk3dA5L1BZoFfKY0OiV,108933258580999,cmenttor,2026-09-02T14:20:58.030000+00:00,Ghana,0.4220183,7.0030717,0.0
1132939655828970,XzhCk3dA5L1BZoFfKY0OiV,108933258580999,cmenttor,2026-09-02T14:24:47.027000+00:00,Ghana,0.3806317,7.00328,0.0
1136793535474890,XzhCk3dA5L1BZoFfKY0OiV,108933258580999,cmenttor,2026-09-02T14:20:52.968000+00:00,Ghana,0.4229967,7.0027733,0.0
1137361935617742,XzhCk3dA5L1BZoFfKY0OiV,108933258580999,cmenttor,2026-09-02T14:19:25.001000+00:00,Ghana,0.437395,6.99771,0.0
1152092484408402,XzhCk3dA5L1BZoFfKY0OiV,108933258580999,cmenttor,2026-09-02T14:17:29.046000+00:00,Ghana,0.4426083,6.9971783,0.0
1261964609348374,XzhCk3dA5L1BZoFfKY0OiV,108933258580999,cmenttor,2026-09-02T14:23:58.019000+00:00,Ghana,0.38949,7.0010317,0.0
1276578671165709,XzhCk3dA5L1BZoFfKY0OiV,108933258580999,cmenttor,2026-09-02T14:17:09.047000+00:00,Ghana,0.4450467,6.9992283,0.0
1296694079084865,XzhCk3dA5L1BZoFfKY0OiV,108933258580999,cmenttor,2026-09-02T14:22:13.047000+00:00,Ghana,0.4090717,6.999925,0.0
1304520124944374,XzhCk3dA5L1BZoFfKY0OiV,108933258580999,cmenttor,2026-09-02T14:19:18.043000+00:00,Ghana,0.437735,6.9975533,0.0
1309435937764774,XzhCk3dA5L1BZoFfKY0OiV,108933258580999,cmenttor,2026-09-02T14:23:37.012000+00:00,Ghana,0.393505,6.9998883,0.0
1337294541544728,XzhCk3dA5L1BZoFfKY0OiV,108933258580999,cmenttor,2026-09-02T14:24:02.010000+00:00,Ghana,0.3887083,7.0012033,0.0
1339172238015504,XzhCk3dA5L1BZoFfKY0OiV,108933258580999,cmenttor,2026-09-02T14:25:56.001000+00:00,Ghana,0.370515,7.003575,0.0
1352384496878756,XzhCk3dA5L1BZoFfKY0OiV,108933258580999,cmenttor,2026-09-02T14:22:52.028000+00:00,Ghana,0.4022267,6.9995083,0.0
1358255996291576,XzhCk3dA5L1BZoFfKY0OiV,108933258580999,cmenttor,2026-09-02T14:25:11.986000+00:00,Ghana,0.3767833,7.0036667,0.0
1361953912586292,XzhCk3dA5L1BZoFfKY0OiV,108933258580999,cmenttor,2026-09-02T14:17:33.973000+00:00,Ghana,0.4421067,6.99672,0.0
1369141622072238,XzhCk3dA5L1BZoFfKY0OiV,108933258580999,cmenttor,2026-09-02T14:19:07.023000+00:00,Ghana,0.43835,6.9973533,0.0
1371599107960678,XzhCk3dA5L1BZoFfKY0OiV,108933258580999,cmenttor,2026-09-02T14:19:14.059000+00:00,Ghana,0.43796,6.99744,0.0
1373929574900810,XzhCk3dA5L1BZoFfKY0OiV,108933258580999,cmenttor,2026-09-02T14:19:34.001000+00:00,Ghana,0.436605,6.9979717,0.0
1376611627971099,XzhCk3dA5L1BZoFfKY0OiV,108933258580999,cmenttor,2026-09-02T14:17:33.022000+00:00,Ghana,0.4421883,6.996805,0.0
1377029517339280,XzhCk3dA5L1BZoFfKY0OiV,108933258580999,cmenttor,2026-09-02T14:20:42.052000+00:00,Ghana,0.4251533,7.00202,0.0
1377363274113258,XzhCk3dA5L1BZoFfKY0OiV,108933258580999,cmenttor,2026-09-02T14:17:11.007000+00:00,Ghana,0.44481,6.9990217,0.0
1377393540628455,XzhCk3dA5L1BZoFfKY0OiV,108933258580999,cmenttor,2026-09-02T14:19:38.962000+00:00,Ghana,0.4360483,6.9981867,0.0
1380608060259709,XzhCk3dA5L1BZoFfKY0OiV,108933258580999,cmenttor,2026-09-02T14:20:39.058000+00:00,Ghana,0.425715,7.00182,0.0
1383479009940981,XzhCk3dA5L1BZoFfKY0OiV,108933258580999,cmenttor,2026-09-02T14:22:43.003000+00:00,Ghana,0.4040017,6.9996267,0.0
1385314187042683,XzhCk3dA5L1BZoFfKY0OiV,108933258580999,cmenttor,2026-09-02T14:17:38.024000+00:00,Ghana,0.4418817,6.9964267,0.0
1385420437061750,XzhCk3dA5L1BZoFfKY0OiV,108933258580999,cmenttor,2026-09-02T14:24:45+00:00,Ghana,0.38097,7.0032233,0.0
1386404119622266,XzhCk3dA5L1BZoFfKY0OiV,108933258580999,cmenttor,2026-09-02T14:18:25.030000+00:00,Ghana,0.4393967,6.9968733,0.0
1387011023000186,XzhCk3dA5L1BZoFfKY0OiV,108933258580999,cmenttor,2026-09-02T14:21:46.029000+00:00,Ghana,0.4128,7.00087,0.0
1390210009891834,XzhCk3dA5L1BZoFfKY0OiV,108933258580999,cmenttor,2026-09-02T14:21:04.012000+00:00,Ghana,0.4208467,7.003035,0.0
1390668522507023,XzhCk3dA5L1BZoFfKY0OiV,108933258580999,cmenttor,2026-09-02T14:20:54.990000+00:00,Ghana,0.4226067,7.0029017,0.0
1392337065812020,XzhCk3dA5L1BZoFfKY0OiV,108933258580999,cmenttor,2026-09-02T14:22:41.957000+00:00,Ghana,0.4042067,6.999635,0.0
1393573942984340,XzhCk3dA5L1BZoFfKY0OiV,108933258580999,cmenttor,2026-09-02T14:26:01.029000+00:00,Ghana,0.3695983,7.0035483,0.0
1393676096071625,XzhCk3dA5L1BZoFfKY0OiV,108933258580999,cmenttor,2026-09-02T14:22:48.009000+00:00,Ghana,0.4030367,6.9995467,0.0
1393958055402370,XzhCk3dA5L1BZoFfKY0OiV,108933258580999,cmenttor,2026-09-02T14:22:56.043000+00:00,Ghana,0.40142,6.9994667,0.0
1394235749463470,XzhCk3dA5L1BZoFfKY0OiV,108933258580999,cmenttor,2026-09-02T14:18:41.991000+00:00,Ghana,0.43884,6.99679,0.0
1394467578686308,XzhCk3dA5L1BZoFfKY0OiV,108933258580999,cmenttor,2026-09-02T14:24:51.991000+00:00,Ghana,0.3797567,7.0034483,0.0
1401392285464531,XzhCk3dA5L1BZoFfKY0OiV,108933258580999,cmenttor,2026-09-02T14:20:14.058000+00:00,Ghana,0.430425,7.0002117,0.0
1401474895460244,XzhCk3dA5L1BZoFfKY0OiV,108933258580999,cmenttor,2026-09-02T14:23:52.006000+00:00,Ghana,0.3906417,7.000715,0.0
1401503555257064,XzhCk3dA5L1BZoFfKY0OiV,108933258580999,cmenttor,2026-09-02T14:21:46.971000+00:00,Ghana,0.4126217,7.0008283,0.0
1405780221650240,XzhCk3dA5L1BZoFfKY0OiV,108933258580999,cmenttor,2026-09-02T14:19:26.513000+00:00,Ghana,0.4373183,6.9977183,0.0
1410635524347089,XzhCk3dA5L1BZoFfKY0OiV,108933258580999,cmenttor,2026-09-02T14:17:36.064000+00:00,Ghana,0.44197,6.9965617,0.0
1410869867589961,XzhCk3dA5L1BZoFfKY0OiV,108933258580999,cmenttor,2026-09-02T14:21:29.983000+00:00,Ghana,0.4157917,7.0016667,0.0
1412749617476925,XzhCk3dA5L1BZoFfKY0OiV,108933258580999,cmenttor,2026-09-02T14:19:27.058000+00:00,Ghana,0.4372433,6.997735,0.0
1414241247326424,XzhCk3dA5L1BZoFfKY0OiV,108933258580999,cmenttor,2026-09-02T14:21:06.003000+00:00,Ghana,0.42046,7.00295,0.0
1416293050372308,XzhCk3dA5L1BZoFfKY0OiV,108933258580999,cmenttor,2026-09-02T14:17:15.052000+00:00,Ghana,0.4443517,6.9986367,0.0
1416846060545866,XzhCk3dA5L1BZoFfKY0OiV,108933258580999,cmenttor,2026-09-02T14:19:48.993000+00:00,Ghana,0.4346667,6.9987183,0.0
1417767906920994,XzhCk3dA5L1BZoFfKY0OiV,108933258580999,cmenttor,2026-09-02T14:17:47.985000+00:00,Ghana,0.4415283,6.9960317,0.0
1420860099972968,XzhCk3dA5L1BZoFfKY0OiV,108933258580999,cmenttor,2026-09-02T14:17:41.974000+00:00,Ghana,0.4417267,6.9961517,0.0
1423265666356348,XzhCk3dA5L1BZoFfKY0OiV,108933258580999,cmenttor,2026-09-02T14:19:16.043000+00:00,Ghana,0.4378433,6.9974917,0.0
1424400943130210,XzhCk3dA5L1BZoFfKY0OiV,108933258580999,cmenttor,2026-09-02T14:17:13+00:00,Ghana,0.4445783,6.9988233,0.0
1430895445564402,XzhCk3dA5L1BZoFfKY0OiV,108933258580999,cmenttor,2026-09-02T14:21:15.997000+00:00,Ghana,0.418555,7.0024217,0.0
1431024278962743,XzhCk3dA5L1BZoFfKY0OiV,108933258580999,cmenttor,2026-09-02T14:17:43.969000+00:00,Ghana,0.441655,6.99605,0.0
1432379328735879,XzhCk3dA5L1BZoFfKY0OiV,108933258580999,cmenttor,2026-09-02T14:22:23.042000+00:00,Ghana,0.4076017,6.9998133,0.0
1433693832192818,XzhCk3dA5L1BZoFfKY0OiV,108933258580999,cmenttor,2026-09-02T14:24:54.052000+00:00,Ghana,0.379405,7.0035283,0.0
1435075598475002,XzhCk3dA5L1BZoFfKY0OiV,108933258580999,cmenttor,2026-09-02T14:18:30.060000+00:00,Ghana,0.439075,6.9968467,0.0
1435271241793271,XzhCk3dA5L1BZoFfKY0OiV,108933258580999,cmenttor,2026-09-02T14:25:55.049000+00:00,Ghana,0.3707017,7.003575,0.0
1437707464840466,XzhCk3dA5L1BZoFfKY0OiV,108933258580999,cmenttor,2026-09-02T14:23:50.964000+00:00,Ghana,0.3908283,7.0006683,0.0
1439643637977037,XzhCk3dA5L1BZoFfKY0OiV,108933258580999,cmenttor,2026-09-02T14:18:27.966000+00:00,Ghana,0.43918,6.99687,0.0
1440729794626122,XzhCk3dA5L1BZoFfKY0OiV,108933258580999,cmenttor,2026-09-02T14:18:56.113000+00:00,Ghana,0.4386667,6.9971517,0.0
1444065804248160,XzhCk3dA5L1BZoFfKY0OiV,108933258580999,cmenttor,2026-09-02T14:19:23.074000+00:00,Ghana,0.4375267,6.9976967,0.0
1446523910871035,XzhCk3dA5L1BZoFfKY0OiV,108933258580999,cmenttor,2026-09-02T14:23:45.019000+00:00,Ghana,0.391965,7.0003633,0.0
1447950894054198,XzhCk3dA5L1BZoFfKY0OiV,108933258580999,cmenttor,2026-09-02T14:21:01.033000+00:00,Ghana,0.4214233,7.00311,0.0
1456883332923564,XzhCk3dA5L1BZoFfKY0OiV,108933258580999,cmenttor,2026-09-02T14:24:41.993000+00:00,Ghana,0.381485,7.003135,0.0
1458834686073934,XzhCk3dA5L1BZoFfKY0OiV,108933258580999,cmenttor,2026-09-02T14:25:17.052000+00:00,Ghana,0.376145,7.0036417,0.0
1461795579112379,XzhCk3dA5L1BZoFfKY0OiV,108933258580999,cmenttor,2026-09-02T14:19:21.173000+00:00,Ghana,0.437615,6.997665,0.0
1465184998752727,XzhCk3dA5L1BZoFfKY0OiV,108933258580999,cmenttor,2026-09-02T14:24:38.040000+00:00,Ghana,0.3822017,7.0030167,0.0
1478762837627351,XzhCk3dA5L1BZoFfKY0OiV,108933258580999,cmenttor,2026-09-02T14:18:00.080000+00:00,Ghana,0.4408733,6.9963133,0.0
1488176713075560,XzhCk3dA5L1BZoFfKY0OiV,108933258580999,cmenttor,2026-09-02T14:24:25.048000+00:00,Ghana,0.3845283,7.0025017,0.0
1489698983179775,XzhCk3dA5L1BZoFfKY0OiV,108933258580999,cmenttor,2026-09-02T14:22:54.051000+00:00,Ghana,0.4018183,6.9994883,0.0
1496670249052919,XzhCk3dA5L1BZoFfKY0OiV,108933258580999,cmenttor,2026-09-02T14:21:03.032000+00:00,Ghana,0.42104,7.00307,0.0
1509148987647180,XzhCk3dA5L1BZoFfKY0OiV,108933258580999,cmenttor,2026-09-02T14:23:34.005000+00:00,Ghana,0.3940983,6.99973,0.0
1510422494437475,XzhCk3dA5L1BZoFfKY0OiV,108933258580999,cmenttor,2026-09-02T14:18:21.015000+00:00,Ghana,0.439695,6.9967633,0.0
1512281490654135,XzhCk3dA5L1BZoFfKY0OiV,108933258580999,cmenttor,2026-09-02T14:23:30.023000+00:00,Ghana,0.394875,6.9994983,0.0
1516452833619577,XzhCk3dA5L1BZoFfKY0OiV,108933258580999,cmenttor,2026-09-02T14:22:19.025000+00:00,Ghana,0.408195,6.9998567,0.0
1522616676241666,XzhCk3dA5L1BZoFfKY0OiV,108933258580999,cmenttor,2026-09-02T14:21:12.012000+00:00,Ghana,0.41934,7.002625,0.0
1531957438946687,XzhCk3dA5L1BZoFfKY0OiV,108933258580999,cmenttor,2026-09-02T14:21:42.036000+00:00,Ghana,0.4135333,7.0010617,0.0
1539425377455057,XzhCk3dA5L1BZoFfKY0OiV,108933258580999,cmenttor,2026-09-02T14:22:15.005000+00:00,Ghana,0.4087967,6.9999017,0.0
1541135151029875,XzhCk3dA5L1BZoFfKY0OiV,108933258580999,cmenttor,2026-09-02T14:20:48+00:00,Ghana,0.4239617,7.0024167,0.0
1544083261124153,XzhCk3dA5L1BZoFfKY0OiV,108933258580999,cmenttor,2026-09-02T14:22:34.056000+00:00,Ghana,0.405735,6.9997317,0.0
1547695139920610,XzhCk3dA5L1BZoFfKY0OiV,108933258580999,cmenttor,2026-09-02T14:23:20.970000+00:00,Ghana,0.3965967,6.999215,0.0
1548098797001327,XzhCk3dA5L1BZoFfKY0OiV,108933258580999,cmenttor,2026-09-02T14:20:50.023000+00:00,Ghana,0.4235883,7.002555,0.0
1548200759962984,XzhCk3dA5L1BZoFfKY0OiV,108933258580999,cmenttor,2026-09-02T14:20:22.025000+00:00,Ghana,0.42895,7.0007267,0.0
1549778962974930,XzhCk3dA5L1BZoFfKY0OiV,108933258580999,cmenttor,2026-09-02T14:19:51.973000+00:00,Ghana,0.4341933,6.9988867,0.0
1566806385487735,XzhCk3dA5L1BZoFfKY0OiV,108933258580999,cmenttor,2026-09-02T14:23:42.988000+00:00,Ghana,0.3923383,7.00025,0.0
1568950218030380,XzhCk3dA5L1BZoFfKY0OiV,108933258580999,cmenttor,2026-09-02T14:23:35.254000+00:00,Ghana,0.3938983,6.9997833,0.0
1572601687898683,XzhCk3dA5L1BZoFfKY0OiV,108933258580999,cmenttor,2026-09-02T14:17:53.968000+00:00,Ghana,0.4412283,6.99616,0.0
1575825207362682,XzhCk3dA5L1BZoFfKY0OiV,108933258580999,cmenttor,2026-09-02T14:21:58.048000+00:00,Ghana,0.4109767,7.00038,0.0
1579430040574801,XzhCk3dA5L1BZoFfKY0OiV,108933258580999,cmenttor,2026-09-02T14:22:58.980000+00:00,Ghana,0.4008267,6.9994267,0.0
1579740773639151,XzhCk3dA5L1BZoFfKY0OiV,108933258580999,cmenttor,2026-09-02T14:22:56.987000+00:00,Ghana,0.401215,6.9994567,0.0
1583007646943281,XzhCk3dA5L1BZoFfKY0OiV,108933258580999,cmenttor,2026-09-02T14:22:39.966000+00:00,Ghana,0.4045983,6.999655,0.0
1583953106718543,XzhCk3dA5L1BZoFfKY0OiV,108933258580999,cmenttor,2026-09-02T14:24:07.949000+00:00,Ghana,0.3875983,7.001575,0.0
1586146909731001,XzhCk3dA5L1BZoFfKY0OiV,108933258580999,cmenttor,2026-09-02T14:24:58.306000+00:00,Ghana,0.3787317,7.0036617,0.0
1589645336225950,XzhCk3dA5L1BZoFfKY0OiV,108933258580999,cmenttor,2026-09-02T14:26:03.027000+00:00,Ghana,0.36921,7.0035367,0.0
1590745336017494,XzhCk3dA5L1BZoFfKY0OiV,108933258580999,cmenttor,2026-09-02T14:24:21.869000+00:00,Ghana,0.385235,7.0022733,0.0
1591686205749612,XzhCk3dA5L1BZoFfKY0OiV,108933258580999,cmenttor,2026-09-02T14:18:09.024000+00:00,Ghana,0.440555,6.9964383,0.0
1594428825752663,XzhCk3dA5L1BZoFfKY0OiV,108933258580999,cmenttor,2026-09-02T14:19:47.036000+00:00,Ghana,0.434965,6.998615,0.0
1596770028810039,XzhCk3dA5L1BZoFfKY0OiV,108933258580999,cmenttor,2026-09-02T14:21:44.035000+00:00,Ghana,0.4131683,7.00096,0.0
1597348248458776,XzhCk3dA5L1BZoFfKY0OiV,108933258580999,cmenttor,2026-09-02T14:18:17.058000+00:00,Ghana,0.4399967,6.9966483,0.0
1599992805092112,XzhCk3dA5L1BZoFfKY0OiV,108933258580999,cmenttor,2026-09-02T14:22:50.029000+00:00,Ghana,0.4026383,6.9995217,0.0
1600364534858263,XzhCk3dA5L1BZoFfKY0OiV,108933258580999,cmenttor,2026-09-02T14:25:17.997000+00:00,Ghana,0.37605,7.0036417,0.0
1602137621311258,XzhCk3dA5L1BZoFfKY0OiV,108933258580999,cmenttor,2026-09-02T14:18:40.031000+00:00,Ghana,0.4388733,6.9967983,0.0
1603621014445431,XzhCk3dA5L1BZoFfKY0OiV,108933258580999,cmenttor,2026-09-02T14:23:47.994000+00:00,Ghana,0.3913983,7.0005217,0.0
1603658051147265,XzhCk3dA5L1BZoFfKY0OiV,108933258580999,cmenttor,2026-09-02T14:19:35.050000+00:00,Ghana,0.4364983,6.99801,0.0
1604638821309881,XzhCk3dA5L1BZoFfKY0OiV,108933258580999,cmenttor,2026-09-02T14:24:18.086000+00:00,Ghana,0.3857517,7.0021267,0.0
1605787924485509,XzhCk3dA5L1BZoFfKY0OiV,108933258580999,cmenttor,2026-09-02T14:17:59.026000+00:00,Ghana,0.4409133,6.9962933,0.0
1606824911021786,XzhCk3dA5L1BZoFfKY0OiV,108933258580999,cmenttor,2026-09-02T14:20:15.982000+00:00,Ghana,0.4300567,7.0003467,0.0
1606956047747947,XzhCk3dA5L1BZoFfKY0OiV,108933258580999,cmenttor,2026-09-02T14:20:46.073000+00:00,Ghana,0.4243717,7.0022883,0.0
1606981517557436,XzhCk3dA5L1BZoFfKY0OiV,108933258580999,cmenttor,2026-09-02T14:20:31.047000+00:00,Ghana,0.4272267,7.0013133,0.0
1607333210832185,XzhCk3dA5L1BZoFfKY0OiV,108933258580999,cmenttor,2026-09-02T14:25:33.975000+00:00,Ghana,0.3742067,7.0036183,0.0
1608726423932204,XzhCk3dA5L1BZoFfKY0OiV,108933258580999,cmenttor,2026-09-02T14:20:59.011000+00:00,Ghana,0.42182,7.003105,0.0
1608901474195184,XzhCk3dA5L1BZoFfKY0OiV,108933258580999,cmenttor,2026-09-02T14:21:32.156000+00:00,Ghana,0.415405,7.0015633,0.0
1611706874016920,XzhCk3dA5L1BZoFfKY0OiV,108933258580999,cmenttor,2026-09-02T14:25:45.962000+00:00,Ghana,0.3722867,7.0036083,0.0
1612638053637584,XzhCk3dA5L1BZoFfKY0OiV,108933258580999,cmenttor,2026-09-02T14:23:54.982000+00:00,Ghana,0.3900567,7.0008617,0.0
1614515120416173,XzhCk3dA5L1BZoFfKY0OiV,108933258580999,cmenttor,2026-09-02T14:17:35.013000+00:00,Ghana,0.44204,6.99664,0.0
1615020703342654,XzhCk3dA5L1BZoFfKY0OiV,108933258580999,cmenttor,2026-09-02T14:19:22.053000+00:00,Ghana,0.437575,6.9976867,0.0
1615684760260217,XzhCk3dA5L1BZoFfKY0OiV,108933258580999,cmenttor,2026-09-02T14:17:45.016000+00:00,Ghana,0.4416217,6.9960233,0.0
1616196113189738,XzhCk3dA5L1BZoFfKY0OiV,108933258580999,cmenttor,2026-09-02T14:20:00.036000+00:00,Ghana,0.4328767,6.999355,0.0
1616826959872808,XzhCk3dA5L1BZoFfKY0OiV,108933258580999,cmenttor,2026-09-02T14:19:45.045000+00:00,Ghana,0.43526,6.9984967,0.0
1618749949679116,XzhCk3dA5L1BZoFfKY0OiV,108933258580999,cmenttor,2026-09-02T14:20:28.014000+00:00,Ghana,0.427815,7.0011133,0.0
1622596006121665,XzhCk3dA5L1BZoFfKY0OiV,108933258580999,cmenttor,2026-09-02T14:18:52.595000+00:00,Ghana,0.43871,6.9969717,0.0
1623415819435102,XzhCk3dA5L1BZoFfKY0OiV,108933258580999,cmenttor,2026-09-02T14:25:48.030000+00:00,Ghana,0.3719467,7.003595,0.0
1624102049208912,XzhCk3dA5L1BZoFfKY0OiV,108933258580999,cmenttor,2026-09-02T14:20:05.983000+00:00,Ghana,0.43184,6.9997183,0.0
1626822808967536,XzhCk3dA5L1BZoFfKY0OiV,108933258580999,cmenttor,2026-09-02T14:17:47.108000+00:00,Ghana,0.4415633,6.99602,0.0
1627946745783435,XzhCk3dA5L1BZoFfKY0OiV,108933258580999,cmenttor,2026-09-02T14:23:32.012000+00:00,Ghana,0.3944867,6.9996083,0.0
1629172682086272,XzhCk3dA5L1BZoFfKY0OiV,108933258580999,cmenttor,2026-09-02T14:19:24.048000+00:00,Ghana,0.4374683,6.9977017,0.0
1632921674932044,XzhCk3dA5L1BZoFfKY0OiV,108933258580999,cmenttor,2026-09-02T14:23:01.005000+00:00,Ghana,0.4004367,6.999405,0.0
1635548311466476,XzhCk3dA5L1BZoFfKY0OiV,108933258580999,cmenttor,2026-09-02T14:25:32.018000+00:00,Ghana,0.374485,7.0036217,0.0
1636428954567626,XzhCk3dA5L1BZoFfKY0OiV,108933258580999,cmenttor,2026-09-02T14:17:17.022000+00:00,Ghana,0.4441117,6.9984283,0.0
1637685408367712,XzhCk3dA5L1BZoFfKY0OiV,108933258580999,cmenttor,2026-09-02T14:20:33.987000+00:00,Ghana,0.4266583,7.0014983,0.0
1638826074240446,XzhCk3dA5L1BZoFfKY0OiV,108933258580999,cmenttor,2026-09-02T14:23:22.018000+00:00,Ghana,0.3963983,6.9992167,0.0
1641216184264883,XzhCk3dA5L1BZoFfKY0OiV,108933258580999,cmenttor,2026-09-02T14:19:58.998000+00:00,Ghana,0.43305,6.9992933,0.0
1643540500450830,XzhCk3dA5L1BZoFfKY0OiV,108933258580999,cmenttor,2026-09-02T14:23:23.061000+00:00,Ghana,0.3962017,6.9992317,0.0
1645204540531559,XzhCk3dA5L1BZoFfKY0OiV,108933258580999,cmenttor,2026-09-02T14:25:21.948000+00:00,Ghana,0.3756633,7.003625,0.0
1646439673744670,XzhCk3dA5L1BZoFfKY0OiV,108933258580999,cmenttor,2026-09-02T14:23:45.998000+00:00,Ghana,0.3917733,7.0004167,0.0
1656565572531449,XzhCk3dA5L1BZoFfKY0OiV,108933258580999,cmenttor,2026-09-02T14:25:28.064000+00:00,Ghana,0.3749817,7.0036167,0.0
1658140635878916,XzhCk3dA5L1BZoFfKY0OiV,108933258580999,cmenttor,2026-09-02T14:25:10.029000+00:00,Ghana,0.3770933,7.00365,0.0
1673009087574522,XzhCk3dA5L1BZoFfKY0OiV,108933258580999,cmenttor,2026-09-02T14:24:37.029000+00:00,Ghana,0.3823883,7.0029867,0.0
1699783544412914,XzhCk3dA5L1BZoFfKY0OiV,108933258580999,cmenttor,2026-09-02T14:24:14.972000+00:00,Ghana,0.3862817,7.0019617,0.0
1704183640811918,XzhCk3dA5L1BZoFfKY0OiV,108933258580999,cmenttor,2026-09-02T14:21:22.009000+00:00,Ghana,0.4173767,7.00209,0.0
1707882380267648,XzhCk3dA5L1BZoFfKY0OiV,108933258580999,cmenttor,2026-09-02T14:21:50.989000+00:00,Ghana,0.4119517,7.0006417,0.0
1709422823654288,XzhCk3dA5L1BZoFfKY0OiV,108933258580999,cmenttor,2026-09-02T14:18:10+00:00,Ghana,0.440495,6.9964633,0.0
1710780093515902,XzhCk3dA5L1BZoFfKY0OiV,108933258580999,cmenttor,2026-09-02T14:21:36.972000+00:00,Ghana,0.4144517,7.0013167,0.0
1715241483102750,XzhCk3dA5L1BZoFfKY0OiV,108933258580999,cmenttor,2026-09-02T14:25:59.946000+00:00,Ghana,0.36978,7.0035533,0.0
1715766826187165,XzhCk3dA5L1BZoFfKY0OiV,108933258580999,cmenttor,2026-09-02T14:24:20.042000+00:00,Ghana,0.3854117,7.0022183,0.0
1716110773013638,XzhCk3dA5L1BZoFfKY0OiV,108933258580999,cmenttor,2026-09-02T14:21:24.039000+00:00,Ghana,0.41698,7.00198,0.0
1720894012479027,XzhCk3dA5L1BZoFfKY0OiV,108933258580999,cmenttor,2026-09-02T14:19:09.064000+00:00,Ghana,0.438265,6.9973633,0.0
1721576895593604,XzhCk3dA5L1BZoFfKY0OiV,108933258580999,cmenttor,2026-09-02T14:22:45.032000+00:00,Ghana,0.4036233,6.9995917,0.0
1724024922147451,XzhCk3dA5L1BZoFfKY0OiV,108933258580999,cmenttor,2026-09-02T14:18:23.946000+00:00,Ghana,0.4394733,6.9968483,0.0
1730376618265185,XzhCk3dA5L1BZoFfKY0OiV,108933258580999,cmenttor,2026-09-02T14:17:40.047000+00:00,Ghana,0.4418117,6.9962917,0.0
1730633841497094,XzhCk3dA5L1BZoFfKY0OiV,108933258580999,cmenttor,2026-09-02T14:20:10.982000+00:00,Ghana,0.4309717,7.0000233,0.0
1735087764411325,XzhCk3dA5L1BZoFfKY0OiV,108933258580999,cmenttor,2026-09-02T14:26:04+00:00,Ghana,0.369025,7.003525,0.0
1736446540895664,XzhCk3dA5L1BZoFfKY0OiV,108933258580999,cmenttor,2026-09-02T14:22:47.060000+00:00,Ghana,0.403235,6.9995617,0.0
1745427086762372,XzhCk3dA5L1BZoFfKY0OiV,108933258580999,cmenttor,2026-09-02T14:23:08+00:00,Ghana,0.3990767,6.9993467,0.0
1749591269611970,XzhCk3dA5L1BZoFfKY0OiV,108933258580999,cmenttor,2026-09-02T14:20:40.974000+00:00,Ghana,0.4253383,7.0019533,0.0
1750686156036304,XzhCk3dA5L1BZoFfKY0OiV,108933258580999,cmenttor,2026-09-02T14:17:49.978000+00:00,Ghana,0.4414567,6.9960683,0.0
1752710395649246,XzhCk3dA5L1BZoFfKY0OiV,108933258580999,cmenttor,2026-09-02T14:18:21.963000+00:00,Ghana,0.43962,6.99679,0.0
1753200305947359,XzhCk3dA5L1BZoFfKY0OiV,108933258580999,cmenttor,2026-09-02T14:18:02.034000+00:00,Ghana,0.4408083,6.9963383,0.0
1760254218452284,XzhCk3dA5L1BZoFfKY0OiV,108933258580999,cmenttor,2026-09-02T14:20:20.986000+00:00,Ghana,0.4291383,7.000655,0.0
1760285071963614,XzhCk3dA5L1BZoFfKY0OiV,108933258580999,cmenttor,2026-09-02T14:20:24.964000+00:00,Ghana,0.4283883,7.000925,0.0
1760292088550803,XzhCk3dA5L1BZoFfKY0OiV,108933258580999,cmenttor,2026-09-02T14:18:25.975000+00:00,Ghana,0.4393233,6.9968833,0.0
1761640338218494,XzhCk3dA5L1BZoFfKY0OiV,108933258580999,cmenttor,2026-09-02T14:25:20.970000+00:00,Ghana,0.3757683,7.0036333,0.0
1762052705123270,XzhCk3dA5L1BZoFfKY0OiV,108933258580999,cmenttor,2026-09-02T14:25:07.972000+00:00,Ghana,0.37738,7.0036467,0.0
1764482391364510,XzhCk3dA5L1BZoFfKY0OiV,108933258580999,cmenttor,2026-09-02T14:19:38.022000+00:00,Ghana,0.436165,6.9981467,0.0
1766873747843438,XzhCk3dA5L1BZoFfKY0OiV,108933258580999,cmenttor,2026-09-02T14:20:04.027000+00:00,Ghana,0.4321733,6.999605,0.0
1768093647778715,XzhCk3dA5L1BZoFfKY0OiV,108933258580999,cmenttor,2026-09-02T14:18:47.738000+00:00,Ghana,0.4387567,6.99683,0.0
1771013434040094,XzhCk3dA5L1BZoFfKY0OiV,108933258580999,cmenttor,2026-09-02T14:22:36.992000+00:00,Ghana,0.4051683,6.9996983,0.0
1771862667366812,XzhCk3dA5L1BZoFfKY0OiV,108933258580999,cmenttor,2026-09-02T14:21:27.015000+00:00,Ghana,0.416375,7.0018283,0.0
1771873580671808,XzhCk3dA5L1BZoFfKY0OiV,108933258580999,cmenttor,2026-09-02T14:17:37.011000+00:00,Ghana,0.4419217,6.99649,0.0
1772404027338469,XzhCk3dA5L1BZoFfKY0OiV,108933258580999,cmenttor,2026-09-02T14:22:17.033000+00:00,Ghana,0.408495,6.99988,0.0
1774057530289366,XzhCk3dA5L1BZoFfKY0OiV,108933258580999,cmenttor,2026-09-02T14:17:46.199000+00:00,Ghana,0.4415967,6.9960133,0.0
1778682359952629,XzhCk3dA5L1BZoFfKY0OiV,108933258580999,cmenttor,2026-09-02T14:22:20.980000+00:00,Ghana,0.4079,6.999835,0.0
1784597385885837,XzhCk3dA5L1BZoFfKY0OiV,108933258580999,cmenttor,2026-09-02T14:20:29.054000+00:00,Ghana,0.4276217,7.00118,0.0
1785565102465581,XzhCk3dA5L1BZoFfKY0OiV,108933258580999,cmenttor,2026-09-02T14:19:29.039000+00:00,Ghana,0.4370667,6.997785,0.0
1787156765969123,XzhCk3dA5L1BZoFfKY0OiV,108933258580999,cmenttor,2026-09-02T14:20:00.995000+00:00,Ghana,0.4327,6.9994133,0.0
1787784408915418,XzhCk3dA5L1BZoFfKY0OiV,108933258580999,cmenttor,2026-09-02T14:24:50.305000+00:00,Ghana,0.3801083,7.00337,0.0
1790196462095124,XzhCk3dA5L1BZoFfKY0OiV,108933258580999,cmenttor,2026-09-02T14:25:54.006000+00:00,Ghana,0.3708833,7.0035817,0.0
1790198958645729,XzhCk3dA5L1BZoFfKY0OiV,108933258580999,cmenttor,2026-09-02T14:22:36.048000+00:00,Ghana,0.4053617,6.99971,0.0
1792045608619252,XzhCk3dA5L1BZoFfKY0OiV,108933258580999,cmenttor,2026-09-02T14:22:39.020000+00:00,Ghana,0.404785,6.9996717,0.0
1794422891892931,XzhCk3dA5L1BZoFfKY0OiV,108933258580999,cmenttor,2026-09-02T14:23:52.989000+00:00,Ghana,0.39045,7.0007617,0.0
1795339131810385,XzhCk3dA5L1BZoFfKY0OiV,108933258580999,cmenttor,2026-09-02T14:24:49.866000+00:00,Ghana,0.3802867,7.0033283,0.0
1796833381752814,XzhCk3dA5L1BZoFfKY0OiV,108933258580999,cmenttor,2026-09-02T14:17:30.994000+00:00,Ghana,0.4423867,6.9969883,0.0
1796992591658179,XzhCk3dA5L1BZoFfKY0OiV,108933258580999,cmenttor,2026-09-02T14:25:14.053000+00:00,Ghana,0.376495,7.00366,0.0
1797091551634777,XzhCk3dA5L1BZoFfKY0OiV,108933258580999,cmenttor,2026-09-02T14:20:34.966000+00:00,Ghana,0.426475,7.0015617,0.0
1806749173679062,XzhCk3dA5L1BZoFfKY0OiV,108933258580999,cmenttor,2026-09-02T14:17:43.015000+00:00,Ghana,0.44169,6.996095,0.0
1810946299917728,XzhCk3dA5L1BZoFfKY0OiV,108933258580999,cmenttor,2026-09-02T14:21:16.977000+00:00,Ghana,0.41836,7.00237,0.0
1814501303060161,XzhCk3dA5L1BZoFfKY0OiV,108933258580999,cmenttor,2026-09-02T14:24:33.047000+00:00,Ghana,0.383105,7.0028533,0.0
1834532567905642,XzhCk3dA5L1BZoFfKY0OiV,108933258580999,cmenttor,2026-09-02T14:23:29.005000+00:00,Ghana,0.3950667,6.9994467,0.0
1842647373367886,XzhCk3dA5L1BZoFfKY0OiV,108933258580999,cmenttor,2026-09-02T14:21:14.004000+00:00,Ghana,0.4189467,7.0025183,0.0
1866475011395749,XzhCk3dA5L1BZoFfKY0OiV,108933258580999,cmenttor,2026-09-02T14:24:27.002000+00:00,Ghana,0.3841767,7.00261,0.0
1869957724387231,XzhCk3dA5L1BZoFfKY0OiV,108933258580999,cmenttor,2026-09-02T14:19:58.047000+00:00,Ghana,0.4332183,6.9992267,0.0
1877002183265177,XzhCk3dA5L1BZoFfKY0OiV,108933258580999,cmenttor,2026-09-02T14:25:20.024000+00:00,Ghana,0.375865,7.00364,0.0
1885540139085174,XzhCk3dA5L1BZoFfKY0OiV,108933258580999,cmenttor,2026-09-02T14:23:02.053000+00:00,Ghana,0.4002467,6.999395,0.0
1886215532763346,XzhCk3dA5L1BZoFfKY0OiV,108933258580999,cmenttor,2026-09-02T14:19:42.985000+00:00,Ghana,0.4355433,6.9984033,0.0
1887209469390438,XzhCk3dA5L1BZoFfKY0OiV,108933258580999,cmenttor,2026-09-02T14:25:24.045000+00:00,Ghana,0.3754433,7.0036233,0.0
1904465163865101,XzhCk3dA5L1BZoFfKY0OiV,108933258580999,cmenttor,2026-09-02T14:19:17.020000+00:00,Ghana,0.4377883,6.9975233,0.0
1963631910992085,XzhCk3dA5L1BZoFfKY0OiV,108933258580999,cmenttor,2026-09-02T14:20:56.980000+00:00,Ghana,0.4222233,7.0030317,0.0
1964331097561651,XzhCk3dA5L1BZoFfKY0OiV,108933258580999,cmenttor,2026-09-02T14:21:26.031000+00:00,Ghana,0.41658,7.0018733,0.0
1969718767319957,XzhCk3dA5L1BZoFfKY0OiV,108933258580999,cmenttor,2026-09-02T14:23:44.070000+00:00,Ghana,0.3921533,7.000305,0.0
1971305360198396,XzhCk3dA5L1BZoFfKY0OiV,108933258580999,cmenttor,2026-09-02T14:18:19.020000+00:00,Ghana,0.4398483,6.9967033,0.0
1983727262286303,XzhCk3dA5L1BZoFfKY0OiV,108933258580999,cmenttor,2026-09-02T14:23:15.054000+00:00,Ghana,0.39774,6.99924,0.0
2013549706002307,XzhCk3dA5L1BZoFfKY0OiV,108933258580999,cmenttor,2026-09-02T14:23:09.046000+00:00,Ghana,0.3988883,6.9993283,0.0
2028876964431374,XzhCk3dA5L1BZoFfKY0OiV,108933258580999,cmenttor,2026-09-02T14:20:01.961000+00:00,Ghana,0.432525,6.9994767,0.0
2029462401271572,XzhCk3dA5L1BZoFfKY0OiV,108933258580999,cmenttor,2026-09-02T14:23:19.039000+00:00,Ghana,0.3969917,6.9992167,0.0
2033067137347182,XzhCk3dA5L1BZoFfKY0OiV,108933258580999,cmenttor,2026-09-02T14:23:47.044000+00:00,Ghana,0.3915817,7.0004767,0.0
2033754424680790,XzhCk3dA5L1BZoFfKY0OiV,108933258580999,cmenttor,2026-09-02T14:20:17.973000+00:00,Ghana,0.4296917,7.0004717,0.0
2037501416908048,XzhCk3dA5L1BZoFfKY0OiV,108933258580999,cmenttor,2026-09-02T14:20:27.060000+00:00,Ghana,0.4280033,7.0010517,0.0
2047559196128601,XzhCk3dA5L1BZoFfKY0OiV,108933258580999,cmenttor,2026-09-02T14:21:31.032000+00:00,Ghana,0.415595,7.0016117,0.0
2049209055689043,XzhCk3dA5L1BZoFfKY0OiV,108933258580999,cmenttor,2026-09-02T14:21:23.059000+00:00,Ghana,0.4171783,7.002035,0.0
2058430238375538,XzhCk3dA5L1BZoFfKY0OiV,108933258580999,cmenttor,2026-09-02T14:21:12.960000+00:00,Ghana,0.4191433,7.0025717,0.0
2069813097259711,XzhCk3dA5L1BZoFfKY0OiV,108933258580999,cmenttor,2026-09-02T14:17:27.046000+00:00,Ghana,0.44285,6.9973817,0.0
2071619703442585,XzhCk3dA5L1BZoFfKY0OiV,108933258580999,cmenttor,2026-09-02T14:23:33.057000+00:00,Ghana,0.3942917,6.9996633,0.0
2072943647430334,XzhCk3dA5L1BZoFfKY0OiV,108933258580999,cmenttor,2026-09-02T14:18:36.169000+00:00,Ghana,0.438965,6.99682,0.0
2077946196426453,XzhCk3dA5L1BZoFfKY0OiV,108933258580999,cmenttor,2026-09-02T14:19:30.015000+00:00,Ghana,0.436985,6.9978183,0.0
2079259829382710,XzhCk3dA5L1BZoFfKY0OiV,108933258580999,cmenttor,2026-09-02T14:22:58.032000+00:00,Ghana,0.4010217,6.9994433,0.0
2090007995223359,XzhCk3dA5L1BZoFfKY0OiV,108933258580999,cmenttor,2026-09-02T14:20:03.053000+00:00,Ghana,0.4323467,6.999545,0.0
2113942609202626,XzhCk3dA5L1BZoFfKY0OiV,108933258580999,cmenttor,2026-09-02T14:24:05.957000+00:00,Ghana,0.3879783,7.0014617,0.0
2114686949407660,XzhCk3dA5L1BZoFfKY0OiV,108933258580999,cmenttor,2026-09-02T14:23:40.052000+00:00,Ghana,0.3929117,7.00007,0.0
2149594805904082,XzhCk3dA5L1BZoFfKY0OiV,108933258580999,cmenttor,2026-09-02T14:20:52.021000+00:00,Ghana,0.4231917,7.0027,0.0
2155470275067865,XzhCk3dA5L1BZoFfKY0OiV,108933258580999,cmenttor,2026-09-02T14:19:10.105000+00:00,Ghana,0.4382133,6.9973767,0.0
2160789151453229,XzhCk3dA5L1BZoFfKY0OiV,108933258580999,cmenttor,2026-09-02T14:19:01.203000+00:00,Ghana,0.4385617,6.99735,0.0
2172451060291334,XzhCk3dA5L1BZoFfKY0OiV,108933258580999,cmenttor,2026-09-02T14:23:50.018000+00:00,Ghana,0.391015,7.0006217,0.0
2186094711957076,XzhCk3dA5L1BZoFfKY0OiV,108933258580999,cmenttor,2026-09-02T14:20:29.995000+00:00,Ghana,0.427425,7.0012483,0.0
2187280865508292,XzhCk3dA5L1BZoFfKY0OiV,108933258580999,cmenttor,2026-09-02T14:25:16.008000+00:00,Ghana,0.3762467,7.0036433,0.0
2189250548300548,XzhCk3dA5L1BZoFfKY0OiV,108933258580999,cmenttor,2026-09-02T14:23:24.954000+00:00,Ghana,0.3958167,6.999275,0.0
2192574471299736,XzhCk3dA5L1BZoFfKY0OiV,108933258580999,cmenttor,2026-09-02T14:18:23.040000+00:00,Ghana,0.43955,6.9968183,0.0
2195942614586904,XzhCk3dA5L1BZoFfKY0OiV,108933258580999,cmenttor,2026-09-02T14:22:01.021000+00:00,Ghana,0.4106383,7.000295,0.0
2204499806780704,XzhCk3dA5L1BZoFfKY0OiV,108933258580999,cmenttor,2026-09-02T14:21:05.055000+00:00,Ghana,0.4206483,7.0029967,0.0
2207021010143610,XzhCk3dA5L1BZoFfKY0OiV,108933258580999,cmenttor,2026-09-02T14:21:00.058000+00:00,Ghana,0.4216267,7.003115,0.0
2211494919413785,XzhCk3dA5L1BZoFfKY0OiV,108933258580999,cmenttor,2026-09-02T14:25:23.001000+00:00,Ghana,0.3755567,7.0036217,0.0
2242297866615845,XzhCk3dA5L1BZoFfKY0OiV,108933258580999,cmenttor,2026-09-02T14:18:13.076000+00:00,Ghana,0.44029,6.996535,0.0
2248965242600887,XzhCk3dA5L1BZoFfKY0OiV,108933258580999,cmenttor,2026-09-02T14:25:29.008000+00:00,Ghana,0.3748617,7.003615,0.0
2250223835519210,XzhCk3dA5L1BZoFfKY0OiV,108933258580999,cmenttor,2026-09-02T14:18:19.968000+00:00,Ghana,0.4397733,6.9967383,0.0
2255281045269723,XzhCk3dA5L1BZoFfKY0OiV,108933258580999,cmenttor,2026-09-02T14:24:56.014000+00:00,Ghana,0.379065,7.0035933,0.0
2257981165025111,XzhCk3dA5L1BZoFfKY0OiV,108933258580999,cmenttor,2026-09-02T14:18:54.701000+00:00,Ghana,0.4386783,6.9971083,0.0
2286459945448638,XzhCk3dA5L1BZoFfKY0OiV,108933258580999,cmenttor,2026-09-02T14:20:22.980000+00:00,Ghana,0.4287583,7.00079,0.0
2286678992186288,XzhCk3dA5L1BZoFfKY0OiV,108933258580999,cmenttor,2026-09-02T14:17:58.081000+00:00,Ghana,0.4409633,6.9962633,0.0
2291902964916682,XzhCk3dA5L1BZoFfKY0OiV,108933258580999,cmenttor,2026-09-02T14:18:58.507000+00:00,Ghana,0.4386517,6.9971967,0.0
2301337740627319,XzhCk3dA5L1BZoFfKY0OiV,108933258580999,cmenttor,2026-09-02T14:23:11.982000+00:00,Ghana,0.3983117,6.9992933,0.0
2302716290554825,XzhCk3dA5L1BZoFfKY0OiV,108933258580999,cmenttor,2026-09-02T14:19:04.137000+00:00,Ghana,0.4384717,6.997365,0.0
2303988617006658,XzhCk3dA5L1BZoFfKY0OiV,108933258580999,cmenttor,2026-09-02T14:17:22.996000+00:00,Ghana,0.4433517,6.9977967,0.0
2314649852618888,XzhCk3dA5L1BZoFfKY0OiV,108933258580999,cmenttor,2026-09-02T14:23:26.034000+00:00,Ghana,0.3956283,6.9993083,0.0
2316190942539126,XzhCk3dA5L1BZoFfKY0OiV,108933258580999,cmenttor,2026-09-02T14:21:29.006000+00:00,Ghana,0.4159833,7.0017233,0.0
2331841260963199,XzhCk3dA5L1BZoFfKY0OiV,108933258580999,cmenttor,2026-09-02T14:24:09.979000+00:00,Ghana,0.3872217,7.0016883,0.0
2337434593735989,XzhCk3dA5L1BZoFfKY0OiV,108933258580999,cmenttor,2026-09-02T14:23:40.997000+00:00,Ghana,0.3927183,7.0001317,0.0
2351285588942913,XzhCk3dA5L1BZoFfKY0OiV,108933258580999,cmenttor,2026-09-02T14:25:30.056000+00:00,Ghana,0.37474,7.0036183,0.0
2351301255675311,XzhCk3dA5L1BZoFfKY0OiV,108933258580999,cmenttor,2026-09-02T14:21:07.995000+00:00,Ghana,0.420085,7.0028533,0.0
2353356602074938,XzhCk3dA5L1BZoFfKY0OiV,108933258580999,cmenttor,2026-09-02T14:23:17.994000+00:00,Ghana,0.397175,6.999225,0.0
2358470411352160,XzhCk3dA5L1BZoFfKY0OiV,108933258580999,cmenttor,2026-09-02T14:21:35.049000+00:00,Ghana,0.414835,7.0014117,0.0
2376249329862677,XzhCk3dA5L1BZoFfKY0OiV,108933258580999,cmenttor,2026-09-02T14:20:37.056000+00:00,Ghana,0.4260967,7.0016917,0.0
2390517214809446,XzhCk3dA5L1BZoFfKY0OiV,108933258580999,cmenttor,2026-09-02T14:17:21.035000+00:00,Ghana,0.443605,6.9980017,0.0
2394745561050477,XzhCk3dA5L1BZoFfKY0OiV,108933258580999,cmenttor,2026-09-02T14:21:57.002000+00:00,Ghana,0.41109,7.0004067,0.0
2456034604906422,XzhCk3dA5L1BZoFfKY0OiV,108933258580999,cmenttor,2026-09-02T14:23:12.963000+00:00,Ghana,0.39812,6.999275,0.0
2485814718588899,XzhCk3dA5L1BZoFfKY0OiV,108933258580999,cmenttor,2026-09-02T14:19:36.973000+00:00,Ghana,0.4362783,6.998105,0.0
2495157357642715,XzhCk3dA5L1BZoFfKY0OiV,108933258580999,cmenttor,2026-09-02T14:19:20.042000+00:00,Ghana,0.4376467,6.9976283,0.0
2504910869919647,XzhCk3dA5L1BZoFfKY0OiV,108933258580999,cmenttor,2026-09-02T14:24:59.968000+00:00,Ghana,0.3784067,7.003705,0.0
2518406828636492,XzhCk3dA5L1BZoFfKY0OiV,108933258580999,cmenttor,2026-09-02T14:20:50.971000+00:00,Ghana,0.4233883,7.0026267,0.0
2526833747740281,XzhCk3dA5L1BZoFfKY0OiV,108933258580999,cmenttor,2026-09-02T14:21:59.027000+00:00,Ghana,0.41087,7.0003517,0.0
2540692259686382,XzhCk3dA5L1BZoFfKY0OiV,108933258580999,cmenttor,2026-09-02T14:25:52.046000+00:00,Ghana,0.37125,7.0035817,0.0
2548398572271629,XzhCk3dA5L1BZoFfKY0OiV,108933258580999,cmenttor,2026-09-02T14:20:42.999000+00:00,Ghana,0.42496,7.0020817,0.0
2550887668762178,XzhCk3dA5L1BZoFfKY0OiV,108933258580999,cmenttor,2026-09-02T14:24:26.021000+00:00,Ghana,0.3843517,7.00255,0.0
2554194435046539,XzhCk3dA5L1BZoFfKY0OiV,108933258580999,cmenttor,2026-09-02T14:23:06.004000+00:00,Ghana,0.399455,6.9993617,0.0
2565420393902999,XzhCk3dA5L1BZoFfKY0OiV,108933258580999,cmenttor,2026-09-02T14:24:16.023000+00:00,Ghana,0.3860933,7.0020167,0.0
2570283163468369,XzhCk3dA5L1BZoFfKY0OiV,108933258580999,cmenttor,2026-09-02T14:22:08.991000+00:00,Ghana,0.4095983,7.000025,0.0
2572413499865633,XzhCk3dA5L1BZoFfKY0OiV,108933258580999,cmenttor,2026-09-02T14:25:25.968000+00:00,Ghana,0.3752167,7.00363,0.0
2583807092081622,XzhCk3dA5L1BZoFfKY0OiV,108933258580999,cmenttor,2026-09-02T14:23:31.003000+00:00,Ghana,0.394675,6.9995483,0.0
2592340811199938,XzhCk3dA5L1BZoFfKY0OiV,108933258580999,cmenttor,2026-09-02T14:23:35.965000+00:00,Ghana,0.3937,6.99984,0.0
2597877743976477,XzhCk3dA5L1BZoFfKY0OiV,108933258580999,cmenttor,2026-09-02T14:19:28.034000+00:00,Ghana,0.4371567,6.9977583,0.0
2598684687228650,XzhCk3dA5L1BZoFfKY0OiV,108933258580999,cmenttor,2026-09-02T14:24:35.980000+00:00,Ghana,0.382565,7.0029467,0.0
2606748699778779,XzhCk3dA5L1BZoFfKY0OiV,108933258580999,cmenttor,2026-09-02T14:24:22.306000+00:00,Ghana,0.385055,7.0023233,0.0
2614247735675547,XzhCk3dA5L1BZoFfKY0OiV,108933258580999,cmenttor,2026-09-02T14:24:40.036000+00:00,Ghana,0.3818383,7.0030783,0.0
2625796831197595,XzhCk3dA5L1BZoFfKY0OiV,108933258580999,cmenttor,2026-09-02T14:19:19.054000+00:00,Ghana,0.4376817,6.99759,0.0
2658116341269280,XzhCk3dA5L1BZoFfKY0OiV,108933258580999,cmenttor,2026-09-02T14:25:06.013000+00:00,Ghana,0.3776333,7.0036567,0.0
2659543587793617,XzhCk3dA5L1BZoFfKY0OiV,108933258580999,cmenttor,2026-09-02T14:21:40.014000+00:00,Ghana,0.4138983,7.0011567,0.0
2856065648092737,XzhCk3dA5L1BZoFfKY0OiV,108933258580999,cmenttor,2026-09-02T14:21:07.047000+00:00,Ghana,0.4202733,7.0029033,0.0
2888311944887723,XzhCk3dA5L1BZoFfKY0OiV,108933258580999,cmenttor,2026-09-02T14:24:23.053000+00:00,Ghana,0.384875,7.002395,0.0
2889772171408998,XzhCk3dA5L1BZoFfKY0OiV,108933258580999,cmenttor,2026-09-02T14:24:31.963000+00:00,Ghana,0.3832833,7.0028183,0.0
2911764502513654,XzhCk3dA5L1BZoFfKY0OiV,108933258580999,cmenttor,2026-09-02T14:24:01.057000+00:00,Ghana,0.3889,7.0011667,0.0
2952819338390532,XzhCk3dA5L1BZoFfKY0OiV,108933258580999,cmenttor,2026-09-02T14:18:07.028000+00:00,Ghana,0.44067,6.996395,0.0
2974847669530619,XzhCk3dA5L1BZoFfKY0OiV,108933258580999,cmenttor,2026-09-02T14:21:40.961000+00:00,Ghana,0.413715,7.0011117,0.0
3083526221842398,XzhCk3dA5L1BZoFfKY0OiV,108933258580999,cmenttor,2026-09-02T14:19:41.028000+00:00,Ghana,0.4358033,6.99829,0.0
3153683214842741,XzhCk3dA5L1BZoFfKY0OiV,108933258580999,cmenttor,2026-09-02T14:18:29.018000+00:00,Ghana,0.43912,6.99686,0.0
3296147950574697,XzhCk3dA5L1BZoFfKY0OiV,108933258580999,cmenttor,2026-09-02T14:17:52.988000+00:00,Ghana,0.44129,6.9961283,0.0
3377333582469491,XzhCk3dA5L1BZoFfKY0OiV,108933258580999,cmenttor,2026-09-02T14:25:57.955000+00:00,Ghana,0.3701483,7.0035667,0.0
3523452434498055,XzhCk3dA5L1BZoFfKY0OiV,108933258580999,cmenttor,2026-09-02T14:20:19.025000+00:00,Ghana,0.42951,7.000535,0.0
3542427555912109,XzhCk3dA5L1BZoFfKY0OiV,108933258580999,cmenttor,2026-09-02T14:18:32.969000+00:00,Ghana,0.4390083,6.9968367,0.0
3595460643962783,XzhCk3dA5L1BZoFfKY0OiV,108933258580999,cmenttor,2026-09-02T14:18:51.472000+00:00,Ghana,0.43872,6.9969233,0.0
3885747288233441,XzhCk3dA5L1BZoFfKY0OiV,108933258580999,cmenttor,2026-09-02T14:25:39.989000+00:00,Ghana,0.3732883,7.0036233,0.0
3934577930182353,XzhCk3dA5L1BZoFfKY0OiV,108933258580999,cmenttor,2026-09-02T14:25:36.037000+00:00,Ghana,0.37391,7.0036217,0.0
4029839083815947,XzhCk3dA5L1BZoFfKY0OiV,108933258580999,cmenttor,2026-09-02T14:20:17.031000+00:00,Ghana,0.429875,7.00041,0.0
4061434397326403,XzhCk3dA5L1BZoFfKY0OiV,108933258580999,cmenttor,2026-09-02T14:22:48.980000+00:00,Ghana,0.4028417,6.99954,0.0
4120322948104186,XzhCk3dA5L1BZoFfKY0OiV,108933258580999,cmenttor,2026-09-02T14:21:33.018000+00:00,Ghana,0.415215,7.001515,0.0
4223035097830548,XzhCk3dA5L1BZoFfKY0OiV,108933258580999,cmenttor,2026-09-02T14:21:11.034000+00:00,Ghana,0.4195333,7.0026783,0.0
4346418148956843,XzhCk3dA5L1BZoFfKY0OiV,108933258580999,cmenttor,2026-09-02T14:24:04.034000+00:00,Ghana,0.3883433,7.0013167,0.0
4352106218433686,XzhCk3dA5L1BZoFfKY0OiV,108933258580999,cmenttor,2026-09-02T14:22:03.018000+00:00,Ghana,0.4104,7.0002167,0.0
4376768699206453,XzhCk3dA5L1BZoFfKY0OiV,108933258580999,cmenttor,2026-09-02T14:19:51.018000+00:00,Ghana,0.434365,6.998825,0.0
4387121028206297,XzhCk3dA5L1BZoFfKY0OiV,108933258580999,cmenttor,2026-09-02T14:22:45.975000+00:00,Ghana,0.4034283,6.99958,0.0
4393714444202423,XzhCk3dA5L1BZoFfKY0OiV,108933258580999,cmenttor,2026-09-02T14:22:07.034000+00:00,Ghana,0.40987,7.000095,0.0
4403495176566174,XzhCk3dA5L1BZoFfKY0OiV,108933258580999,cmenttor,2026-09-02T14:24:14.005000+00:00,Ghana,0.386475,7.0019067,0.0
4406802426206650,XzhCk3dA5L1BZoFfKY0OiV,108933258580999,cmenttor,2026-09-02T14:18:15.031000+00:00,Ghana,0.4401467,6.9965967,0.0
4443346632596573,XzhCk3dA5L1BZoFfKY0OiV,108933258580999,cmenttor,2026-09-02T14:22:54.993000+00:00,Ghana,0.4016183,6.9994767,0.0
4466213440262343,XzhCk3dA5L1BZoFfKY0OiV,108933258580999,cmenttor,2026-09-02T14:17:39.038000+00:00,Ghana,0.4418483,6.99636,0.0
4470272269894026,XzhCk3dA5L1BZoFfKY0OiV,108933258580999,cmenttor,2026-09-02T14:20:33.072000+00:00,Ghana,0.4268483,7.0014383,0.0
4482166235339519,XzhCk3dA5L1BZoFfKY0OiV,108933258580999,cmenttor,2026-09-02T14:17:18.978000+00:00,Ghana,0.4438633,6.9982117,0.0
4506014379687733,XzhCk3dA5L1BZoFfKY0OiV,108933258580999,cmenttor,2026-09-02T14:23:38.059000+00:00,Ghana,0.3933033,6.9999467,0.0
4514073822214120,XzhCk3dA5L1BZoFfKY0OiV,108933258580999,cmenttor,2026-09-02T14:20:11.960000+00:00,Ghana,0.4307917,7.0000833,0.0
4527165084272041,XzhCk3dA5L1BZoFfKY0OiV,108933258580999,cmenttor,2026-09-02T14:19:12.027000+00:00,Ghana,0.4380867,6.9974033,0.0
4535454393357753,XzhCk3dA5L1BZoFfKY0OiV,108933258580999,cmenttor,2026-09-02T14:20:44.051000+00:00,Ghana,0.424775,7.002145,0.0
4553120298298750,XzhCk3dA5L1BZoFfKY0OiV,108933258580999,cmenttor,2026-09-02T14:17:57.030000+00:00,Ghana,0.4410233,6.996235,0.0
4555520314670217,XzhCk3dA5L1BZoFfKY0OiV,108933258580999,cmenttor,2026-09-02T14:23:00.064000+00:00,Ghana,0.400635,6.999415,0.0
4627791140881043,XzhCk3dA5L1BZoFfKY0OiV,108933258580999,cmenttor,2026-09-02T14:24:44.021000+00:00,Ghana,0.3811483,7.0031883,0.0
4715685078751582,XzhCk3dA5L1BZoFfKY0OiV,108933258580999,cmenttor,2026-09-02T14:25:19.046000+00:00,Ghana,0.3759567,7.003645,0.0
5182490028644910,XzhCk3dA5L1BZoFfKY0OiV,108933258580999,cmenttor,2026-09-02T14:24:38.989000+00:00,Ghana,0.38202,7.0030483,0.0
27919334934403414,XzhCk3dA5L1BZoFfKY0OiV,108933258580999,cmenttor,2026-09-02T14:24:00.013000+00:00,Ghana,0.3890983,7.0011383,0.0
28004579179211703,XzhCk3dA5L1BZoFfKY0OiV,108933258580999,cmenttor,2026-09-02T14:24:35.037000+00:00,Ghana,0.382745,7.00292,0.0
28056998950634002,XzhCk3dA5L1BZoFfKY0OiV,108933258580999,cmenttor,2026-09-02T14:23:27.014000+00:00,Ghana,0.3954433,6.9993533,0.0
28093108880300355,XzhCk3dA5L1BZoFfKY0OiV,108933258580999,cmenttor,2026-09-02T14:20:10.041000+00:00,Ghana,0.4311483,6.9999683,0.0
28110400295296829,XzhCk3dA5L1BZoFfKY0OiV,108933258580999,cmenttor,2026-09-02T14:24:30.037000+00:00,Ghana,0.38364,7.00275,0.0
28173800872304454,XzhCk3dA5L1BZoFfKY0OiV,108933258580999,cmenttor,2026-09-02T14:21:15.050000+00:00,Ghana,0.4187517,7.0024733,0.0
28223639673966188,XzhCk3dA5L1BZoFfKY0OiV,108933258580999,cmenttor,2026-09-02T14:23:14.006000+00:00,Ghana,0.39793,6.9992617,0.0
28394696103495547,XzhCk3dA5L1BZoFfKY0OiV,108933258580999,cmenttor,2026-09-02T14:19:35.989000+00:00,Ghana,0.4363917,6.9980583,0.0
28542813972023962,XzhCk3dA5L1BZoFfKY0OiV,108933258580999,cmenttor,2026-09-02T14:21:38.027000+00:00,Ghana,0.4142617,7.0012667,0.0
28627648393525925,XzhCk3dA5L1BZoFfKY0OiV,108933258580999,cmenttor,2026-09-02T14:21:24.984000+00:00,Ghana,0.4167783,7.0019233,0.0
28635999569341620,XzhCk3dA5L1BZoFfKY0OiV,108933258580999,cmenttor,2026-09-02T14:21:34.014000+00:00,Ghana,0.415025,7.00146,0.0
28790735390550443,XzhCk3dA5L1BZoFfKY0OiV,108933258580999,cmenttor,2026-09-02T14:22:29.057000+00:00,Ghana,0.4066283,6.9997817,0.0
28949811961288636,XzhCk3dA5L1BZoFfKY0OiV,108933258580999,cmenttor,2026-09-02T14:21:19.982000+00:00,Ghana,0.417765,7.00221,0.0
29220687007521290,XzhCk3dA5L1BZoFfKY0OiV,108933258580999,cmenttor,2026-09-02T14:20:49.046000+00:00,Ghana,0.4237767,7.0024883,0.0
38102623782717398,XzhCk3dA5L1BZoFfKY0OiV,108933258580999,cmenttor,2026-09-02T14:17:52.032000+00:00,Ghana,0.4413533,6.996105,0.0
38409724225307770,XzhCk3dA5L1BZoFfKY0OiV,108933258580999,cmenttor,2026-09-02T14:24:02.982000+00:00,Ghana,0.388525,7.0012567,0.0
831658859973717,XzhCk3dA5L1BZoFfKY0OiV,108933258580999,cmenttor,2026-09-02T14:26:16.024000+00:00,Ghana,0.3667333,7.0034767,0.0
849605658147875,XzhCk3dA5L1BZoFfKY0OiV,108933258580999,cmenttor,2026-09-02T14:26:29.030000+00:00,Ghana,0.3642067,7.0034383,0.0
860787037002640,XzhCk3dA5L1BZoFfKY0OiV,108933258580999,cmenttor,2026-09-02T14:26:35.041000+00:00,Ghana,0.363055,7.0034017,0.0
898959673007770,7yl5s3E8QjqDOwbTPfCxhF,108933258580999,cmenttor,2026-09-02T14:31:13.982000+00:00,Ghana,0.31569,7.00231,0.0
908106718696326,7yl5s3E8QjqDOwbTPfCxhF,108933258580999,cmenttor,2026-09-02T14:31:23+00:00,Ghana,0.3140817,7.0022967,0.0
909462381854129,XzhCk3dA5L1BZoFfKY0OiV,108933258580999,cmenttor,2026-09-02T14:27:44.011000+00:00,Ghana,0.349825,7.00443,0.0
921934830500709,XzhCk3dA5L1BZoFfKY0OiV,108933258580999,cmenttor,2026-09-02T14:27:31.984000+00:00,Ghana,0.3521867,7.0041933,0.0
930782962858791,7yl5s3E8QjqDOwbTPfCxhF,108933258580999,cmenttor,2026-09-02T14:30:27.981000+00:00,Ghana,0.3237633,7.0024917,0.0
933339826489798,XzhCk3dA5L1BZoFfKY0OiV,108933258580999,cmenttor,2026-09-02T14:27:47.997000+00:00,Ghana,0.3490483,7.004495,0.0
938325582662623,XzhCk3dA5L1BZoFfKY0OiV,108933258580999,cmenttor,2026-09-02T14:26:59.964000+00:00,Ghana,0.3583817,7.0035283,0.0
941641958345985,XzhCk3dA5L1BZoFfKY0OiV,108933258580999,cmenttor,2026-09-02T14:28:33.998000+00:00,Ghana,0.3410967,7.0053917,0.0
951525727968470,7yl5s3E8QjqDOwbTPfCxhF,108933258580999,cmenttor,2026-09-02T14:30:02.046000+00:00,Ghana,0.3279,7.0026983,0.0
959098470553153,7yl5s3E8QjqDOwbTPfCxhF,108933258580999,cmenttor,2026-09-02T14:29:36.072000+00:00,Ghana,0.3315317,7.003545,0.0
1001401112954124,XzhCk3dA5L1BZoFfKY0OiV,108933258580999,cmenttor,2026-09-02T14:28:19.980000+00:00,Ghana,0.3433983,7.00511,0.0
1002198629545903,7yl5s3E8QjqDOwbTPfCxhF,108933258580999,cmenttor,2026-09-02T14:29:46.034000+00:00,Ghana,0.3302333,7.00324,0.0
1011269795255960,XzhCk3dA5L1BZoFfKY0OiV,108933258580999,cmenttor,2026-09-02T14:27:21.012000+00:00,Ghana,0.354315,7.0039667,0.0
1017478427778195,7yl5s3E8QjqDOwbTPfCxhF,108933258580999,cmenttor,2026-09-02T14:30:54.021000+00:00,Ghana,0.3193583,7.0024017,0.0
1017731497900039,XzhCk3dA5L1BZoFfKY0OiV,108933258580999,cmenttor,2026-09-02T14:27:17.024000+00:00,Ghana,0.35509,7.00388,0.0
1030825916600782,7yl5s3E8QjqDOwbTPfCxhF,108933258580999,cmenttor,2026-09-02T14:29:59.987000+00:00,Ghana,0.3282317,7.0027617,0.0
1031083936598112,XzhCk3dA5L1BZoFfKY0OiV,108933258580999,cmenttor,2026-09-02T14:27:01.012000+00:00,Ghana,0.3581767,7.0035517,0.0
1031128586408533,XzhCk3dA5L1BZoFfKY0OiV,108933258580999,cmenttor,2026-09-02T14:27:21.954000+00:00,Ghana,0.354125,7.0039817,0.0
1031529519859210,XzhCk3dA5L1BZoFfKY0OiV,108933258580999,cmenttor,2026-09-02T14:26:56.993000+00:00,Ghana,0.3589683,7.0034667,0.0
1037992575711421,7yl5s3E8QjqDOwbTPfCxhF,108933258580999,cmenttor,2026-09-02T14:31:25.773000+00:00,Ghana,0.313715,7.0022917,0.0
1038035355707204,7yl5s3E8QjqDOwbTPfCxhF,108933258580999,cmenttor,2026-09-02T14:30:14.035000+00:00,Ghana,0.325975,7.002515,0.0
1043269248521236,XzhCk3dA5L1BZoFfKY0OiV,108933258580999,cmenttor,2026-09-02T14:27:53.971000+00:00,Ghana,0.3478733,7.0046267,0.0
1046595548002543,XzhCk3dA5L1BZoFfKY0OiV,108933258580999,cmenttor,2026-09-02T14:27:41.038000+00:00,Ghana,0.3504017,7.0043883,0.0
1047319921428982,XzhCk3dA5L1BZoFfKY0OiV,108933258580999,cmenttor,2026-09-02T14:27:45.056000+00:00,Ghana,0.3496267,7.00445,0.0
1047745948042376,7yl5s3E8QjqDOwbTPfCxhF,108933258580999,cmenttor,2026-09-02T14:31:20+00:00,Ghana,0.3146233,7.002295,0.0
1047942304695024,XzhCk3dA5L1BZoFfKY0OiV,108933258580999,cmenttor,2026-09-02T14:27:14.997000+00:00,Ghana,0.35547,7.0038433,0.0
1048148061317211,7yl5s3E8QjqDOwbTPfCxhF,108933258580999,cmenttor,2026-09-02T14:30:23.996000+00:00,Ghana,0.3244017,7.002495,0.0
1048481344740874,XzhCk3dA5L1BZoFfKY0OiV,108933258580999,cmenttor,2026-09-02T14:28:08.058000+00:00,Ghana,0.345185,7.00495,0.0
1051543540965488,7yl5s3E8QjqDOwbTPfCxhF,108933258580999,cmenttor,2026-09-02T14:31:16.046000+00:00,Ghana,0.315325,7.0022967,0.0
1051939480792400,7yl5s3E8QjqDOwbTPfCxhF,108933258580999,cmenttor,2026-09-02T14:31:27.186000+00:00,Ghana,0.3133667,7.0022717,0.0
1052916784016695,XzhCk3dA5L1BZoFfKY0OiV,108933258580999,cmenttor,2026-09-02T14:26:56.050000+00:00,Ghana,0.359165,7.003445,0.0
1057345247187609,XzhCk3dA5L1BZoFfKY0OiV,108933258580999,cmenttor,2026-09-02T14:28:12.041000+00:00,Ghana,0.3444867,7.005045,0.0
1062512733092833,XzhCk3dA5L1BZoFfKY0OiV,108933258580999,cmenttor,2026-09-02T14:27:57.045000+00:00,Ghana,0.347285,7.0046933,0.0
1066439389646039,7yl5s3E8QjqDOwbTPfCxhF,108933258580999,cmenttor,2026-09-02T14:29:39.983000+00:00,Ghana,0.33103,7.0034783,0.0
1067094886041835,7yl5s3E8QjqDOwbTPfCxhF,108933258580999,cmenttor,2026-09-02T14:31:23.983000+00:00,Ghana,0.3138983,7.0022983,0.0
1071028188960335,XzhCk3dA5L1BZoFfKY0OiV,108933258580999,cmenttor,2026-09-02T14:26:05.994000+00:00,Ghana,0.3686417,7.0035133,0.0
1071059195709929,7yl5s3E8QjqDOwbTPfCxhF,108933258580999,cmenttor,2026-09-02T14:31:13.035000+00:00,Ghana,0.315875,7.0023183,0.0
1071895398979237,XzhCk3dA5L1BZoFfKY0OiV,108933258580999,cmenttor,2026-09-02T14:28:16.060000+00:00,Ghana,0.3439683,7.0050733,0.0
1072889278779043,XzhCk3dA5L1BZoFfKY0OiV,108933258580999,cmenttor,2026-09-02T14:27:13.009000+00:00,Ghana,0.3558633,7.003805,0.0
1074772968426915,XzhCk3dA5L1BZoFfKY0OiV,108933258580999,cmenttor,2026-09-02T14:27:09.018000+00:00,Ghana,0.3566283,7.00373,0.0
1075026875018499,XzhCk3dA5L1BZoFfKY0OiV,108933258580999,cmenttor,2026-09-02T14:26:14.978000+00:00,Ghana,0.3669283,7.0034817,0.0
1075442315187523,7yl5s3E8QjqDOwbTPfCxhF,108933258580999,cmenttor,2026-09-02T14:31:29.995000+00:00,Ghana,0.3128283,7.0022383,0.0
1076299468145015,7yl5s3E8QjqDOwbTPfCxhF,108933258580999,cmenttor,2026-09-02T14:30:20.013000+00:00,Ghana,0.3250233,7.00249,0.0
1079166038382590,7yl5s3E8QjqDOwbTPfCxhF,108933258580999,cmenttor,2026-09-02T14:31:01.965000+00:00,Ghana,0.3179167,7.002365,0.0
1080345704455593,7yl5s3E8QjqDOwbTPfCxhF,108933258580999,cmenttor,2026-09-02T14:31:39.991000+00:00,Ghana,0.3110517,7.002195,0.0
1082765431352199,XzhCk3dA5L1BZoFfKY0OiV,108933258580999,cmenttor,2026-09-02T14:27:34.081000+00:00,Ghana,0.3517933,7.0042433,0.0
1083033697519421,7yl5s3E8QjqDOwbTPfCxhF,108933258580999,cmenttor,2026-09-02T14:31:43.058000+00:00,Ghana,0.3105017,7.0021833,0.0
1086832940506396,7yl5s3E8QjqDOwbTPfCxhF,108933258580999,cmenttor,2026-09-02T14:31:25.025000+00:00,Ghana,0.313715,7.0022917,0.0
1087512503827946,XzhCk3dA5L1BZoFfKY0OiV,108933258580999,cmenttor,2026-09-02T14:27:55.965000+00:00,Ghana,0.34748,7.0046717,0.0
1088688123563068,XzhCk3dA5L1BZoFfKY0OiV,108933258580999,cmenttor,2026-09-02T14:28:27.986000+00:00,Ghana,0.3421617,7.0052733,0.0
1091808967135307,XzhCk3dA5L1BZoFfKY0OiV,108933258580999,cmenttor,2026-09-02T14:26:12.005000+00:00,Ghana,0.3674933,7.003495,0.0
1093457033022937,7yl5s3E8QjqDOwbTPfCxhF,108933258580999,cmenttor,2026-09-02T14:30:52.065000+00:00,Ghana,0.3197133,7.00242,0.0
1095674416260736,XzhCk3dA5L1BZoFfKY0OiV,108933258580999,cmenttor,2026-09-02T14:26:18.998000+00:00,Ghana,0.3661483,7.0034717,0.0
1097595159589678,7yl5s3E8QjqDOwbTPfCxhF,108933258580999,cmenttor,2026-09-02T14:29:38.065000+00:00,Ghana,0.3312717,7.003525,0.0
1102259388931170,XzhCk3dA5L1BZoFfKY0OiV,108933258580999,cmenttor,2026-09-02T14:27:57.993000+00:00,Ghana,0.34708,7.0047033,0.0
1113120304476687,XzhCk3dA5L1BZoFfKY0OiV,108933258580999,cmenttor,2026-09-02T14:27:02.058000+00:00,Ghana,0.3579817,7.003565,0.0
1131399559228700,XzhCk3dA5L1BZoFfKY0OiV,108933258580999,cmenttor,2026-09-02T14:28:22.044000+00:00,Ghana,0.3431133,7.00517,0.0
1225660906392602,XzhCk3dA5L1BZoFfKY0OiV,108933258580999,cmenttor,2026-09-02T14:27:26.036000+00:00,Ghana,0.3533533,7.0040717,0.0
1247195157533519,XzhCk3dA5L1BZoFfKY0OiV,108933258580999,cmenttor,2026-09-02T14:28:13.999000+00:00,Ghana,0.3442267,7.0050683,0.0
1278262505375328,7yl5s3E8QjqDOwbTPfCxhF,108933258580999,cmenttor,2026-09-02T14:32:12.047000+00:00,Ghana,0.3058183,7.00203,0.0
1301013121972557,7yl5s3E8QjqDOwbTPfCxhF,108933258580999,cmenttor,2026-09-02T14:31:00.006000+00:00,Ghana,0.3182917,7.0023717,0.0
1309132175615674,XzhCk3dA5L1BZoFfKY0OiV,108933258580999,cmenttor,2026-09-02T14:27:35.021000+00:00,Ghana,0.3515883,7.004265,0.0
1331538489059191,7yl5s3E8QjqDOwbTPfCxhF,108933258580999,cmenttor,2026-09-02T14:31:06.046000+00:00,Ghana,0.3171533,7.00236,0.0
1359896742982296,XzhCk3dA5L1BZoFfKY0OiV,108933258580999,cmenttor,2026-09-02T14:26:32.039000+00:00,Ghana,0.3636317,7.003425,0.0
1364212708755191,XzhCk3dA5L1BZoFfKY0OiV,108933258580999,cmenttor,2026-09-02T14:26:39.968000+00:00,Ghana,0.3620783,7.0033967,0.0
1365243075596795,7yl5s3E8QjqDOwbTPfCxhF,108933258580999,cmenttor,2026-09-02T14:32:05.052000+00:00,Ghana,0.3067633,7.0020717,0.0
1375935738046095,7yl5s3E8QjqDOwbTPfCxhF,108933258580999,cmenttor,2026-09-02T14:29:30.066000+00:00,Ghana,0.3323267,7.003815,0.0
1384026289872200,XzhCk3dA5L1BZoFfKY0OiV,108933258580999,cmenttor,2026-09-02T14:26:34.064000+00:00,Ghana,0.3632467,7.003405,0.0
1386881556201846,XzhCk3dA5L1BZoFfKY0OiV,108933258580999,cmenttor,2026-09-02T14:27:10.064000+00:00,Ghana,0.356425,7.0037467,0.0
1387060086889186,7yl5s3E8QjqDOwbTPfCxhF,108933258580999,cmenttor,2026-09-02T14:30:04.035000+00:00,Ghana,0.327585,7.0026383,0.0
1387337082916029,XzhCk3dA5L1BZoFfKY0OiV,108933258580999,cmenttor,2026-09-02T14:26:43.991000+00:00,Ghana,0.3613667,7.00338,0.0
1390793726503742,XzhCk3dA5L1BZoFfKY0OiV,108933258580999,cmenttor,2026-09-02T14:27:46+00:00,Ghana,0.3494367,7.0044683,0.0
1391318043190529,7yl5s3E8QjqDOwbTPfCxhF,108933258580999,cmenttor,2026-09-02T14:30:37.981000+00:00,Ghana,0.322135,7.0024583,0.0
1393020939598214,XzhCk3dA5L1BZoFfKY0OiV,108933258580999,cmenttor,2026-09-02T14:26:50.036000+00:00,Ghana,0.3602833,7.0033333,0.0
1398050398957294,7yl5s3E8QjqDOwbTPfCxhF,108933258580999,cmenttor,2026-09-02T14:32:07.008000+00:00,Ghana,0.30646,7.0020617,0.0
1402057311884303,XzhCk3dA5L1BZoFfKY0OiV,108933258580999,cmenttor,2026-09-02T14:27:51.035000+00:00,Ghana,0.3484567,7.0045683,0.0
1402636025338489,XzhCk3dA5L1BZoFfKY0OiV,108933258580999,cmenttor,2026-09-02T14:27:14.053000+00:00,Ghana,0.355665,7.003825,0.0
1405278774880702,7yl5s3E8QjqDOwbTPfCxhF,108933258580999,cmenttor,2026-09-02T14:31:36.142000+00:00,Ghana,0.3117667,7.0022233,0.0
1410751737936684,XzhCk3dA5L1BZoFfKY0OiV,108933258580999,cmenttor,2026-09-02T14:26:58.041000+00:00,Ghana,0.3587683,7.0034783,0.0
1419891603420526,XzhCk3dA5L1BZoFfKY0OiV,108933258580999,cmenttor,2026-09-02T14:28:02.011000+00:00,Ghana,0.346325,7.004815,0.0
1423929786294876,7yl5s3E8QjqDOwbTPfCxhF,108933258580999,cmenttor,2026-09-02T14:31:59+00:00,Ghana,0.3077067,7.0021167,0.0
1426829965985114,XzhCk3dA5L1BZoFfKY0OiV,108933258580999,cmenttor,2026-09-02T14:27:12.058000+00:00,Ghana,0.3560567,7.00378,0.0
1427789966114243,7yl5s3E8QjqDOwbTPfCxhF,108933258580999,cmenttor,2026-09-02T14:31:55.057000+00:00,Ghana,0.3083767,7.0021117,0.0
1431193775492549,XzhCk3dA5L1BZoFfKY0OiV,108933258580999,cmenttor,2026-09-02T14:26:27.037000+00:00,Ghana,0.3645917,7.0034417,0.0
1444799150871718,XzhCk3dA5L1BZoFfKY0OiV,108933258580999,cmenttor,2026-09-02T14:26:25.008000+00:00,Ghana,0.36498,7.0034533,0.0
1444922004363758,XzhCk3dA5L1BZoFfKY0OiV,108933258580999,cmenttor,2026-09-02T14:27:55.018000+00:00,Ghana,0.3476783,7.0046417,0.0
1476102281220560,7yl5s3E8QjqDOwbTPfCxhF,108933258580999,cmenttor,2026-09-02T14:29:32.023000+00:00,Ghana,0.33206,7.0037217,0.0
1483083373628871,XzhCk3dA5L1BZoFfKY0OiV,108933258580999,cmenttor,2026-09-02T14:27:04.999000+00:00,Ghana,0.3573983,7.003625,0.0
1501337941758452,7yl5s3E8QjqDOwbTPfCxhF,108933258580999,cmenttor,2026-09-02T14:31:42.019000+00:00,Ghana,0.310685,7.0021817,0.0
1505135101416435,7yl5s3E8QjqDOwbTPfCxhF,108933258580999,cmenttor,2026-09-02T14:30:18.057000+00:00,Ghana,0.3253333,7.0025083,0.0
1534383991705620,7yl5s3E8QjqDOwbTPfCxhF,108933258580999,cmenttor,2026-09-02T14:31:21.385000+00:00,Ghana,0.3144433,7.0022917,0.0
1542975817155722,XzhCk3dA5L1BZoFfKY0OiV,108933258580999,cmenttor,2026-09-02T14:26:37.032000+00:00,Ghana,0.3626667,7.0033917,0.0
1543915840749407,XzhCk3dA5L1BZoFfKY0OiV,108933258580999,cmenttor,2026-09-02T14:26:14.034000+00:00,Ghana,0.3671133,7.00349,0.0
1544085850277934,7yl5s3E8QjqDOwbTPfCxhF,108933258580999,cmenttor,2026-09-02T14:29:47.987000+00:00,Ghana,0.3299367,7.00317,0.0
1548044403247784,7yl5s3E8QjqDOwbTPfCxhF,108933258580999,cmenttor,2026-09-02T14:30:07.991000+00:00,Ghana,0.3269467,7.0026,0.0
1550072369755019,XzhCk3dA5L1BZoFfKY0OiV,108933258580999,cmenttor,2026-09-02T14:26:55.003000+00:00,Ghana,0.359355,7.0034183,0.0
1550566336200599,XzhCk3dA5L1BZoFfKY0OiV,108933258580999,cmenttor,2026-09-02T14:26:13.057000+00:00,Ghana,0.3673017,7.0034917,0.0
1553983035904835,XzhCk3dA5L1BZoFfKY0OiV,108933258580999,cmenttor,2026-09-02T14:27:23.001000+00:00,Ghana,0.3539283,7.004,0.0
1557549572069750,XzhCk3dA5L1BZoFfKY0OiV,108933258580999,cmenttor,2026-09-02T14:26:10.010000+00:00,Ghana,0.367885,7.003495,0.0
1562398712297761,XzhCk3dA5L1BZoFfKY0OiV,108933258580999,cmenttor,2026-09-02T14:26:42.034000+00:00,Ghana,0.36172,7.0033867,0.0
1567030805152178,XzhCk3dA5L1BZoFfKY0OiV,108933258580999,cmenttor,2026-09-02T14:27:06.994000+00:00,Ghana,0.357015,7.0036733,0.0
1567048108552622,XzhCk3dA5L1BZoFfKY0OiV,108933258580999,cmenttor,2026-09-02T14:28:30.043000+00:00,Ghana,0.34181,7.0053067,0.0
1569230030880718,7yl5s3E8QjqDOwbTPfCxhF,108933258580999,cmenttor,2026-09-02T14:31:39.048000+00:00,Ghana,0.311235,7.0021983,0.0
1569929204815044,XzhCk3dA5L1BZoFfKY0OiV,108933258580999,cmenttor,2026-09-02T14:26:09.069000+00:00,Ghana,0.3680733,7.0035,0.0
1574447278054855,XzhCk3dA5L1BZoFfKY0OiV,108933258580999,cmenttor,2026-09-02T14:27:29.012000+00:00,Ghana,0.3527783,7.0041267,0.0
1575673887291000,XzhCk3dA5L1BZoFfKY0OiV,108933258580999,cmenttor,2026-09-02T14:26:54.057000+00:00,Ghana,0.3595467,7.0033883,0.0
1580458876911292,XzhCk3dA5L1BZoFfKY0OiV,108933258580999,cmenttor,2026-09-02T14:26:39.027000+00:00,Ghana,0.3622667,7.0033983,0.0
1587278766456289,7yl5s3E8QjqDOwbTPfCxhF,108933258580999,cmenttor,2026-09-02T14:31:44.987000+00:00,Ghana,0.310145,7.0021717,0.0
1589644779427567,7yl5s3E8QjqDOwbTPfCxhF,108933258580999,cmenttor,2026-09-02T14:29:44.077000+00:00,Ghana,0.33052,7.0033217,0.0
1592107099257529,7yl5s3E8QjqDOwbTPfCxhF,108933258580999,cmenttor,2026-09-02T14:31:37.824000+00:00,Ghana,0.31159,7.00221,0.0
1592129272641211,XzhCk3dA5L1BZoFfKY0OiV,108933258580999,cmenttor,2026-09-02T14:26:17.002000+00:00,Ghana,0.366535,7.0034767,0.0
1594766995618302,XzhCk3dA5L1BZoFfKY0OiV,108933258580999,cmenttor,2026-09-02T14:28:33.055000+00:00,Ghana,0.34128,7.0053767,0.0
1599250011778681,7yl5s3E8QjqDOwbTPfCxhF,108933258580999,cmenttor,2026-09-02T14:31:57.049000+00:00,Ghana,0.3080367,7.0021167,0.0
1599922925110539,7yl5s3E8QjqDOwbTPfCxhF,108933258580999,cmenttor,2026-09-02T14:31:35.634000+00:00,Ghana,0.311945,7.00222,0.0
1600853001579957,XzhCk3dA5L1BZoFfKY0OiV,108933258580999,cmenttor,2026-09-02T14:28:32.002000+00:00,Ghana,0.3414633,7.0053567,0.0
1603272041327954,XzhCk3dA5L1BZoFfKY0OiV,108933258580999,cmenttor,2026-09-02T14:28:18.022000+00:00,Ghana,0.3436933,7.005075,0.0
1610656627083583,XzhCk3dA5L1BZoFfKY0OiV,108933258580999,cmenttor,2026-09-02T14:27:19.015000+00:00,Ghana,0.3547033,7.0039183,0.0
1612484487076256,7yl5s3E8QjqDOwbTPfCxhF,108933258580999,cmenttor,2026-09-02T14:31:08.989000+00:00,Ghana,0.31659,7.0023417,0.0
1613629926959437,XzhCk3dA5L1BZoFfKY0OiV,108933258580999,cmenttor,2026-09-02T14:26:07.045000+00:00,Ghana,0.3684467,7.0035117,0.0
1616020103470333,XzhCk3dA5L1BZoFfKY0OiV,108933258580999,cmenttor,2026-09-02T14:26:18.050000+00:00,Ghana,0.3663417,7.003475,0.0
1618935983350284,7yl5s3E8QjqDOwbTPfCxhF,108933258580999,cmenttor,2026-09-02T14:30:36.022000+00:00,Ghana,0.3224633,7.0024683,0.0
1625808895914569,XzhCk3dA5L1BZoFfKY0OiV,108933258580999,cmenttor,2026-09-02T14:27:35.971000+00:00,Ghana,0.3513867,7.0042867,0.0
1626319625575017,XzhCk3dA5L1BZoFfKY0OiV,108933258580999,cmenttor,2026-09-02T14:26:21.967000+00:00,Ghana,0.3655617,7.003465,0.0
1630489171930912,XzhCk3dA5L1BZoFfKY0OiV,108933258580999,cmenttor,2026-09-02T14:26:05.047000+00:00,Ghana,0.3688333,7.0035167,0.0
1640751617573357,7yl5s3E8QjqDOwbTPfCxhF,108933258580999,cmenttor,2026-09-02T14:31:04.018000+00:00,Ghana,0.31754,7.0023583,0.0
1643092020805649,XzhCk3dA5L1BZoFfKY0OiV,108933258580999,cmenttor,2026-09-02T14:27:03.004000+00:00,Ghana,0.3577867,7.00358,0.0
1661441045321214,7yl5s3E8QjqDOwbTPfCxhF,108933258580999,cmenttor,2026-09-02T14:31:49.009000+00:00,Ghana,0.3094317,7.0021417,0.0
1683172139442872,7yl5s3E8QjqDOwbTPfCxhF,108933258580999,cmenttor,2026-09-02T14:31:35.030000+00:00,Ghana,0.311945,7.00222,0.0
1705123870599254,XzhCk3dA5L1BZoFfKY0OiV,108933258580999,cmenttor,2026-09-02T14:27:37.965000+00:00,Ghana,0.3509933,7.0043267,0.0
1706711227073384,7yl5s3E8QjqDOwbTPfCxhF,108933258580999,cmenttor,2026-09-02T14:30:10.054000+00:00,Ghana,0.3266267,7.00255,0.0
1707115597009269,XzhCk3dA5L1BZoFfKY0OiV,108933258580999,cmenttor,2026-09-02T14:26:21.024000+00:00,Ghana,0.3657583,7.00347,0.0
1711653890094772,XzhCk3dA5L1BZoFfKY0OiV,108933258580999,cmenttor,2026-09-02T14:27:39.011000+00:00,Ghana,0.3507983,7.00434,0.0
1712171563230995,XzhCk3dA5L1BZoFfKY0OiV,108933258580999,cmenttor,2026-09-02T14:27:47.052000+00:00,Ghana,0.3492433,7.00448,0.0
1715304116368688,7yl5s3E8QjqDOwbTPfCxhF,108933258580999,cmenttor,2026-09-02T14:31:52.960000+00:00,Ghana,0.30872,7.00211,0.0
1720694679161420,XzhCk3dA5L1BZoFfKY0OiV,108933258580999,cmenttor,2026-09-02T14:27:43.030000+00:00,Ghana,0.350015,7.0044167,0.0
1723023575586083,7yl5s3E8QjqDOwbTPfCxhF,108933258580999,cmenttor,2026-09-02T14:32:11.071000+00:00,Ghana,0.30593,7.002035,0.0
1725171875423911,7yl5s3E8QjqDOwbTPfCxhF,108933258580999,cmenttor,2026-09-02T14:31:08.039000+00:00,Ghana,0.31678,7.0023517,0.0
1731430614788491,XzhCk3dA5L1BZoFfKY0OiV,108933258580999,cmenttor,2026-09-02T14:27:33.034000+00:00,Ghana,0.35199,7.004215,0.0
1731750041270712,7yl5s3E8QjqDOwbTPfCxhF,108933258580999,cmenttor,2026-09-02T14:30:15.987000+00:00,Ghana,0.3256567,7.0025117,0.0
1737822294292640,XzhCk3dA5L1BZoFfKY0OiV,108933258580999,cmenttor,2026-09-02T14:28:04.005000+00:00,Ghana,0.345935,7.0048517,0.0
1745360239923632,XzhCk3dA5L1BZoFfKY0OiV,108933258580999,cmenttor,2026-09-02T14:28:26.025000+00:00,Ghana,0.3424933,7.005235,0.0
1755389749062252,7yl5s3E8QjqDOwbTPfCxhF,108933258580999,cmenttor,2026-09-02T14:31:05.065000+00:00,Ghana,0.317345,7.00236,0.0
1756090022259153,XzhCk3dA5L1BZoFfKY0OiV,108933258580999,cmenttor,2026-09-02T14:27:59.984000+00:00,Ghana,0.346705,7.004765,0.0
1756178638861494,7yl5s3E8QjqDOwbTPfCxhF,108933258580999,cmenttor,2026-09-02T14:31:32.931000+00:00,Ghana,0.3124767,7.002225,0.0
1756855215352971,7yl5s3E8QjqDOwbTPfCxhF,108933258580999,cmenttor,2026-09-02T14:31:51.003000+00:00,Ghana,0.3090717,7.002125,0.0
1764708274777747,XzhCk3dA5L1BZoFfKY0OiV,108933258580999,cmenttor,2026-09-02T14:27:19.960000+00:00,Ghana,0.35451,7.0039367,0.0
1767254391142326,XzhCk3dA5L1BZoFfKY0OiV,108933258580999,cmenttor,2026-09-02T14:26:58.988000+00:00,Ghana,0.35857,7.0035033,0.0
1769289770787714,XzhCk3dA5L1BZoFfKY0OiV,108933258580999,cmenttor,2026-09-02T14:27:11.012000+00:00,Ghana,0.3562383,7.0037617,0.0
1771193937359456,XzhCk3dA5L1BZoFfKY0OiV,108933258580999,cmenttor,2026-09-02T14:27:24.051000+00:00,Ghana,0.353735,7.0040267,0.0
1774968907150000,7yl5s3E8QjqDOwbTPfCxhF,108933258580999,cmenttor,2026-09-02T14:30:48.045000+00:00,Ghana,0.3204283,7.0024367,0.0
1776106616851335,XzhCk3dA5L1BZoFfKY0OiV,108933258580999,cmenttor,2026-09-02T14:26:37.978000+00:00,Ghana,0.36247,7.0033883,0.0
1785463375799105,7yl5s3E8QjqDOwbTPfCxhF,108933258580999,cmenttor,2026-09-02T14:32:03.061000+00:00,Ghana,0.307065,7.0020833,0.0
1786318885966178,7yl5s3E8QjqDOwbTPfCxhF,108933258580999,cmenttor,2026-09-02T14:32:08.967000+00:00,Ghana,0.3061933,7.00204,0.0
1791856688506112,XzhCk3dA5L1BZoFfKY0OiV,108933258580999,cmenttor,2026-09-02T14:26:08.021000+00:00,Ghana,0.3682633,7.0035033,0.0
1797871847780705,XzhCk3dA5L1BZoFfKY0OiV,108933258580999,cmenttor,2026-09-02T14:28:01.067000+00:00,Ghana,0.3465167,7.00479,0.0
1807923477054257,7yl5s3E8QjqDOwbTPfCxhF,108933258580999,cmenttor,2026-09-02T14:30:26.025000+00:00,Ghana,0.32409,7.0024983,0.0
1815409649702260,XzhCk3dA5L1BZoFfKY0OiV,108933258580999,cmenttor,2026-09-02T14:28:06.035000+00:00,Ghana,0.3455567,7.0049,0.0
1819922018995007,7yl5s3E8QjqDOwbTPfCxhF,108933258580999,cmenttor,2026-09-02T14:29:25.383000+00:00,Ghana,0.332885,7.0039683,0.0
1834341607928748,7yl5s3E8QjqDOwbTPfCxhF,108933258580999,cmenttor,2026-09-02T14:29:28.075000+00:00,Ghana,0.33261,7.0038883,0.0
1837171950988843,XzhCk3dA5L1BZoFfKY0OiV,108933258580999,cmenttor,2026-09-02T14:26:23.018000+00:00,Ghana,0.365365,7.0034583,0.0
1848755249629798,XzhCk3dA5L1BZoFfKY0OiV,108933258580999,cmenttor,2026-09-02T14:26:29.976000+00:00,Ghana,0.3640117,7.003435,0.0
1855995098715384,7yl5s3E8QjqDOwbTPfCxhF,108933258580999,cmenttor,2026-09-02T14:32:01.067000+00:00,Ghana,0.3073783,7.0021033,0.0
1878619469779889,7yl5s3E8QjqDOwbTPfCxhF,108933258580999,cmenttor,2026-09-02T14:29:52.046000+00:00,Ghana,0.329425,7.0030033,0.0
1952257188799128,7yl5s3E8QjqDOwbTPfCxhF,108933258580999,cmenttor,2026-09-02T14:31:10.976000+00:00,Ghana,0.3162333,7.00233,0.0
1954457698570741,XzhCk3dA5L1BZoFfKY0OiV,108933258580999,cmenttor,2026-09-02T14:26:32.982000+00:00,Ghana,0.3634417,7.003415,0.0
1955760251779448,XzhCk3dA5L1BZoFfKY0OiV,108933258580999,cmenttor,2026-09-02T14:26:35.984000+00:00,Ghana,0.3628617,7.0033883,0.0
1961151151215342,XzhCk3dA5L1BZoFfKY0OiV,108933258580999,cmenttor,2026-09-02T14:28:07.010000+00:00,Ghana,0.3453717,7.004925,0.0
1985080698839724,XzhCk3dA5L1BZoFfKY0OiV,108933258580999,cmenttor,2026-09-02T14:26:31.055000+00:00,Ghana,0.36382,7.00343,0.0
2011054442941172,7yl5s3E8QjqDOwbTPfCxhF,108933258580999,cmenttor,2026-09-02T14:30:50.003000+00:00,Ghana,0.3200783,7.0024283,0.0
2011488002905295,7yl5s3E8QjqDOwbTPfCxhF,108933258580999,cmenttor,2026-09-02T14:29:41.982000+00:00,Ghana,0.3307783,7.0033983,0.0
2026947714641925,7yl5s3E8QjqDOwbTPfCxhF,108933258580999,cmenttor,2026-09-02T14:30:05.998000+00:00,Ghana,0.3272717,7.00262,0.0
2029396364444311,7yl5s3E8QjqDOwbTPfCxhF,108933258580999,cmenttor,2026-09-02T14:31:38.372000+00:00,Ghana,0.3114167,7.002205,0.0
2058342911642127,XzhCk3dA5L1BZoFfKY0OiV,108933258580999,cmenttor,2026-09-02T14:26:27.981000+00:00,Ghana,0.3643983,7.0034417,0.0
2064702870805058,7yl5s3E8QjqDOwbTPfCxhF,108933258580999,cmenttor,2026-09-02T14:31:18.036000+00:00,Ghana,0.314975,7.0022917,0.0
2070225816962371,XzhCk3dA5L1BZoFfKY0OiV,108933258580999,cmenttor,2026-09-02T14:27:05.945000+00:00,Ghana,0.3572067,7.0036483,0.0
2077914133094055,XzhCk3dA5L1BZoFfKY0OiV,108933258580999,cmenttor,2026-09-02T14:27:42.084000+00:00,Ghana,0.3502,7.0044083,0.0
2102381410355833,7yl5s3E8QjqDOwbTPfCxhF,108933258580999,cmenttor,2026-09-02T14:31:47.047000+00:00,Ghana,0.30979,7.0021667,0.0
2118434165437894,7yl5s3E8QjqDOwbTPfCxhF,108933258580999,cmenttor,2026-09-02T14:31:26.246000+00:00,Ghana,0.3135483,7.0022833,0.0
2121150398818211,7yl5s3E8QjqDOwbTPfCxhF,108933258580999,cmenttor,2026-09-02T14:30:40.042000+00:00,Ghana,0.3217983,7.00244,0.0
2142787869618320,7yl5s3E8QjqDOwbTPfCxhF,108933258580999,cmenttor,2026-09-02T14:30:32.006000+00:00,Ghana,0.3231233,7.00251,0.0
2149317589128900,7yl5s3E8QjqDOwbTPfCxhF,108933258580999,cmenttor,2026-09-02T14:29:50.052000+00:00,Ghana,0.3296717,7.0030967,0.0
2151015892179967,XzhCk3dA5L1BZoFfKY0OiV,108933258580999,cmenttor,2026-09-02T14:26:25.989000+00:00,Ghana,0.3647833,7.0034483,0.0
2175033143447727,7yl5s3E8QjqDOwbTPfCxhF,108933258580999,cmenttor,2026-09-02T14:31:32.493000+00:00,Ghana,0.3124767,7.002225,0.0
2206510516671292,XzhCk3dA5L1BZoFfKY0OiV,108933258580999,cmenttor,2026-09-02T14:27:30.061000+00:00,Ghana,0.3525833,7.004145,0.0
2253566215218474,7yl5s3E8QjqDOwbTPfCxhF,108933258580999,cmenttor,2026-09-02T14:31:29.049000+00:00,Ghana,0.3130117,7.002245,0.0
2283273285790807,7yl5s3E8QjqDOwbTPfCxhF,108933258580999,cmenttor,2026-09-02T14:31:06.998000+00:00,Ghana,0.3169633,7.00236,0.0
2306465246824660,7yl5s3E8QjqDOwbTPfCxhF,108933258580999,cmenttor,2026-09-02T14:30:34.027000+00:00,Ghana,0.3227917,7.0024917,0.0
2308750293268674,7yl5s3E8QjqDOwbTPfCxhF,108933258580999,cmenttor,2026-09-02T14:30:55.983000+00:00,Ghana,0.319015,7.0023883,0.0
2344122933060257,7yl5s3E8QjqDOwbTPfCxhF,108933258580999,cmenttor,2026-09-02T14:30:12.045000+00:00,Ghana,0.3262983,7.0025333,0.0
2371538260048467,XzhCk3dA5L1BZoFfKY0OiV,108933258580999,cmenttor,2026-09-02T14:27:31.006000+00:00,Ghana,0.3523867,7.0041683,0.0
2456458331501634,XzhCk3dA5L1BZoFfKY0OiV,108933258580999,cmenttor,2026-09-02T14:27:04.054000+00:00,Ghana,0.3575917,7.0036033,0.0
2522673884838834,7yl5s3E8QjqDOwbTPfCxhF,108933258580999,cmenttor,2026-09-02T14:31:33.683000+00:00,Ghana,0.3122967,7.00222,0.0
2585702491880224,7yl5s3E8QjqDOwbTPfCxhF,108933258580999,cmenttor,2026-09-02T14:30:57.979000+00:00,Ghana,0.3186533,7.0023833,0.0
2605340996569341,7yl5s3E8QjqDOwbTPfCxhF,108933258580999,cmenttor,2026-09-02T14:30:22.007000+00:00,Ghana,0.3247167,7.0024933,0.0
2626385511153132,7yl5s3E8QjqDOwbTPfCxhF,108933258580999,cmenttor,2026-09-02T14:29:58.020000+00:00,Ghana,0.3285617,7.00282,0.0
2664857713929269,XzhCk3dA5L1BZoFfKY0OiV,108933258580999,cmenttor,2026-09-02T14:28:09.983000+00:00,Ghana,0.344805,7.004995,0.0
2706275833154753,XzhCk3dA5L1BZoFfKY0OiV,108933258580999,cmenttor,2026-09-02T14:26:19.977000+00:00,Ghana,0.3659583,7.0034717,0.0
2766492620403045,XzhCk3dA5L1BZoFfKY0OiV,108933258580999,cmenttor,2026-09-02T14:27:53.029000+00:00,Ghana,0.3480733,7.0046117,0.0
2823045404747661,XzhCk3dA5L1BZoFfKY0OiV,108933258580999,cmenttor,2026-09-02T14:28:05.049000+00:00,Ghana,0.3457483,7.0048783,0.0
2826697597706789,XzhCk3dA5L1BZoFfKY0OiV,108933258580999,cmenttor,2026-09-02T14:27:51.978000+00:00,Ghana,0.348265,7.0045933,0.0
2844834432568650,XzhCk3dA5L1BZoFfKY0OiV,108933258580999,cmenttor,2026-09-02T14:26:23.962000+00:00,Ghana,0.3651683,7.0034533,0.0
2971560096537434,XzhCk3dA5L1BZoFfKY0OiV,108933258580999,cmenttor,2026-09-02T14:26:46.055000+00:00,Ghana,0.3610117,7.003365,0.0
3026001734408202,7yl5s3E8QjqDOwbTPfCxhF,108933258580999,cmenttor,2026-09-02T14:31:41.039000+00:00,Ghana,0.3108683,7.002185,0.0
3150937835099979,XzhCk3dA5L1BZoFfKY0OiV,108933258580999,cmenttor,2026-09-02T14:28:03.058000+00:00,Ghana,0.3461333,7.0048317,0.0
3459970954182299,7yl5s3E8QjqDOwbTPfCxhF,108933258580999,cmenttor,2026-09-02T14:29:56.038000+00:00,Ghana,0.32887,7.0028783,0.0
3472950182874396,XzhCk3dA5L1BZoFfKY0OiV,108933258580999,cmenttor,2026-09-02T14:27:17.967000+00:00,Ghana,0.354895,7.0039017,0.0
3607754492696036,XzhCk3dA5L1BZoFfKY0OiV,108933258580999,cmenttor,2026-09-02T14:27:07.969000+00:00,Ghana,0.35682,7.0037,0.0
3864874470333984,XzhCk3dA5L1BZoFfKY0OiV,108933258580999,cmenttor,2026-09-02T14:27:27.022000+00:00,Ghana,0.35316,7.0040917,0.0
3989132584557136,7yl5s3E8QjqDOwbTPfCxhF,108933258580999,cmenttor,2026-09-02T14:29:54.069000+00:00,Ghana,0.3291633,7.0029283,0.0
4027351030906478,XzhCk3dA5L1BZoFfKY0OiV,108933258580999,cmenttor,2026-09-02T14:27:37.017000+00:00,Ghana,0.3511883,7.004305,0.0
4134136003550596,XzhCk3dA5L1BZoFfKY0OiV,108933258580999,cmenttor,2026-09-02T14:26:11.061000+00:00,Ghana,0.36769,7.0034967,0.0
4304238569793776,XzhCk3dA5L1BZoFfKY0OiV,108933258580999,cmenttor,2026-09-02T14:27:59.047000+00:00,Ghana,0.3468933,7.004735,0.0
4322509444680946,7yl5s3E8QjqDOwbTPfCxhF,108933258580999,cmenttor,2026-09-02T14:31:26.755000+00:00,Ghana,0.3135483,7.0022833,0.0
4388050831457802,7yl5s3E8QjqDOwbTPfCxhF,108933258580999,cmenttor,2026-09-02T14:31:00.981000+00:00,Ghana,0.318105,7.00237,0.0
4424472354474381,XzhCk3dA5L1BZoFfKY0OiV,108933258580999,cmenttor,2026-09-02T14:28:24.039000+00:00,Ghana,0.3428117,7.0052117,0.0
4475898119318184,XzhCk3dA5L1BZoFfKY0OiV,108933258580999,cmenttor,2026-09-02T14:27:24.994000+00:00,Ghana,0.3535433,7.0040467,0.0
4493325927593199,XzhCk3dA5L1BZoFfKY0OiV,108933258580999,cmenttor,2026-09-02T14:27:15.975000+00:00,Ghana,0.355285,7.0038567,0.0
4533295493572504,XzhCk3dA5L1BZoFfKY0OiV,108933258580999,cmenttor,2026-09-02T14:26:47.027000+00:00,Ghana,0.3608267,7.0033567,0.0
4556594607886700,XzhCk3dA5L1BZoFfKY0OiV,108933258580999,cmenttor,2026-09-02T14:28:09.001000+00:00,Ghana,0.344995,7.0049683,0.0
4595762400743263,XzhCk3dA5L1BZoFfKY0OiV,108933258580999,cmenttor,2026-09-02T14:26:51.992000+00:00,Ghana,0.3599183,7.00336,0.0
4611698705777788,7yl5s3E8QjqDOwbTPfCxhF,108933258580999,cmenttor,2026-09-02T14:29:33.979000+00:00,Ghana,0.3317967,7.0036167,0.0
4650835638533560,7yl5s3E8QjqDOwbTPfCxhF,108933258580999,cmenttor,2026-09-02T14:31:21.815000+00:00,Ghana,0.3144433,7.0022917,0.0
26088688800828644,XzhCk3dA5L1BZoFfKY0OiV,108933258580999,cmenttor,2026-09-02T14:27:27.966000+00:00,Ghana,0.3529633,7.0041117,0.0
27675555798790677,XzhCk3dA5L1BZoFfKY0OiV,108933258580999,cmenttor,2026-09-02T14:26:47.976000+00:00,Ghana,0.3606433,7.003345,0.0
27977030908590788,XzhCk3dA5L1BZoFfKY0OiV,108933258580999,cmenttor,2026-09-02T14:27:40.060000+00:00,Ghana,0.3506017,7.0043683,0.0
28291797107107441,7yl5s3E8QjqDOwbTPfCxhF,108933258580999,cmenttor,2026-09-02T14:30:46.054000+00:00,Ghana,0.3207717,7.00244,0.0
28365375073093871,XzhCk3dA5L1BZoFfKY0OiV,108933258580999,cmenttor,2026-09-02T14:27:48.940000+00:00,Ghana,0.348845,7.0045183,0.0
28410402205251832,7yl5s3E8QjqDOwbTPfCxhF,108933258580999,cmenttor,2026-09-02T14:31:03.042000+00:00,Ghana,0.31773,7.00236,0.0
28450116337916586,7yl5s3E8QjqDOwbTPfCxhF,108933258580999,cmenttor,2026-09-02T14:30:30.049000+00:00,Ghana,0.3234367,7.002495,0.0
28953465624254095,XzhCk3dA5L1BZoFfKY0OiV,108933258580999,cmenttor,2026-09-02T14:27:49.985000+00:00,Ghana,0.3486517,7.0045417,0.0
