image_id,sequence_id,user_id,username,captured_at_utc,country,lon,lat,segment_km
2245641739614045,6uVk8ngFAMrGL24sXxW1EZ,103644195212255,kingvik,2026-08-23T12:36:10.192000+00:00,Rwanda,30.18526539899,-1.9830683949495,0.0041
2253695522061760,6uVk8ngFAMrGL24sXxW1EZ,103644195212255,kingvik,2026-08-23T12:35:41.567000+00:00,Rwanda,30.183018723131,-1.980335159697,0.0062
2266292754131212,6uVk8ngFAMrGL24sXxW1EZ,103644195212255,kingvik,2026-08-23T12:35:22.441000+00:00,Rwanda,30.181888746263,-1.978045389899,0.0052
2281085099346945,6uVk8ngFAMrGL24sXxW1EZ,103644195212255,kingvik,2026-08-23T12:36:30.407000+00:00,Rwanda,30.186917095248,-1.9845870393327,0.003
2284833262285852,6uVk8ngFAMrGL24sXxW1EZ,103644195212255,kingvik,2026-08-23T12:35:51.079000+00:00,Rwanda,30.18364410697,-1.9815042779798,0.0048
2310076226469458,6uVk8ngFAMrGL24sXxW1EZ,103644195212255,kingvik,2026-08-23T12:35:20.238000+00:00,Rwanda,30.181756514343,-1.9778225658586,0.005
2342781829799005,6uVk8ngFAMrGL24sXxW1EZ,103644195212255,kingvik,2026-08-23T12:35:41.172000+00:00,Rwanda,30.18299984946,-1.9802825403337,0.0051
2373017966564842,6uVk8ngFAMrGL24sXxW1EZ,103644195212255,kingvik,2026-08-23T12:36:03.986000+00:00,Rwanda,30.184748792424,-1.9825875127273,0.0049
2389651398471261,6uVk8ngFAMrGL24sXxW1EZ,103644195212255,kingvik,2026-08-23T12:36:22.706000+00:00,Rwanda,30.186336662285,-1.9840629614762,0.0051
2415628425929877,6uVk8ngFAMrGL24sXxW1EZ,103644195212255,kingvik,2026-08-23T12:34:38.132000+00:00,Rwanda,30.180970722473,-1.9781618016683,0.0037
2432609090600973,6uVk8ngFAMrGL24sXxW1EZ,103644195212255,kingvik,2026-08-23T12:34:27.111000+00:00,Rwanda,30.181088705657,-1.9784429328283,0.0039
2458768657949288,6uVk8ngFAMrGL24sXxW1EZ,103644195212255,kingvik,2026-08-23T12:35:12.349000+00:00,Rwanda,30.181350783513,-1.9771349904809,0.0072
2488768328202696,6uVk8ngFAMrGL24sXxW1EZ,103644195212255,kingvik,2026-08-23T12:34:17.210000+00:00,Rwanda,30.181323914818,-1.9788702151129,0.0043
2511472442654859,6uVk8ngFAMrGL24sXxW1EZ,103644195212255,kingvik,2026-08-23T12:34:31.024000+00:00,Rwanda,30.181015047451,-1.9782855098039,0.0036
2516527638845217,6uVk8ngFAMrGL24sXxW1EZ,103644195212255,kingvik,2026-08-23T12:35:16.148000+00:00,Rwanda,30.181530405556,-1.97744358,0.0044
2543631049437239,6uVk8ngFAMrGL24sXxW1EZ,103644195212255,kingvik,2026-08-23T12:35:08.544000+00:00,Rwanda,30.181203194742,-1.9769349917088,0.0053
2549890475496060,6uVk8ngFAMrGL24sXxW1EZ,103644195212255,kingvik,2026-08-23T12:34:14.207000+00:00,Rwanda,30.181365109804,-1.9789862745098,0.0031
2554647355005953,6uVk8ngFAMrGL24sXxW1EZ,103644195212255,kingvik,2026-08-23T12:35:46.357000+00:00,Rwanda,30.183292066536,-1.980966330422,0.006
2557617308010083,6uVk8ngFAMrGL24sXxW1EZ,103644195212255,kingvik,2026-08-23T12:35:34.866000+00:00,Rwanda,30.182665497448,-1.9794482924436,0.0049
2561720187580750,6uVk8ngFAMrGL24sXxW1EZ,103644195212255,kingvik,2026-08-23T12:34:46.542000+00:00,Rwanda,30.180937291471,-1.9779425314706,0.0031
2582682478850388,6uVk8ngFAMrGL24sXxW1EZ,103644195212255,kingvik,2026-08-23T12:36:17.903000+00:00,Rwanda,30.18593524946,-1.983685162316,0.0042
2586014445192845,6uVk8ngFAMrGL24sXxW1EZ,103644195212255,kingvik,2026-08-23T12:36:36.686000+00:00,Rwanda,30.187367022548,-1.9849201648129,0.0041
2606885259734957,6uVk8ngFAMrGL24sXxW1EZ,103644195212255,kingvik,2026-08-23T12:34:52.547000+00:00,Rwanda,30.180942143529,-1.9777824823529,0.0034
2698043100615267,6uVk8ngFAMrGL24sXxW1EZ,103644195212255,kingvik,2026-08-23T12:36:41.622000+00:00,Rwanda,30.187745666835,-1.9850996573306,0.0036
2838868296496226,6uVk8ngFAMrGL24sXxW1EZ,103644195212255,kingvik,2026-08-23T12:35:36.447000+00:00,Rwanda,30.182757415066,-1.9796482398382,0.0059
2881796082212845,6uVk8ngFAMrGL24sXxW1EZ,103644195212255,kingvik,2026-08-23T12:35:58.485000+00:00,Rwanda,30.184281336176,-1.9821629847059,0.0053
2941706422838478,6uVk8ngFAMrGL24sXxW1EZ,103644195212255,kingvik,2026-08-23T12:35:55.880000+00:00,Rwanda,30.1840506,-1.98195072,0.0043
2944992985844710,6uVk8ngFAMrGL24sXxW1EZ,103644195212255,kingvik,2026-08-23T12:35:47.452000+00:00,Rwanda,30.18336724,-1.9810992240404,0.0058
2950349085309866,6uVk8ngFAMrGL24sXxW1EZ,103644195212255,kingvik,2026-08-23T12:35:44.468000+00:00,Rwanda,30.183173398584,-1.980722588271,0.005
3004057119938531,6uVk8ngFAMrGL24sXxW1EZ,103644195212255,kingvik,2026-08-23T12:34:18.212000+00:00,Rwanda,30.181304391176,-1.9788307494118,0.0049
3166508500210884,6uVk8ngFAMrGL24sXxW1EZ,103644195212255,kingvik,2026-08-23T12:35:57.384000+00:00,Rwanda,30.184184171344,-1.9820743253189,0.0054
3241400176249450,6uVk8ngFAMrGL24sXxW1EZ,103644195212255,kingvik,2026-08-23T12:36:02.488000+00:00,Rwanda,30.184625329833,-1.9824719088322,0.0041
3249806738560350,6uVk8ngFAMrGL24sXxW1EZ,103644195212255,kingvik,2026-08-23T12:35:57.759000+00:00,Rwanda,30.184217166263,-1.9821047911111,0.005
3253174361559616,6uVk8ngFAMrGL24sXxW1EZ,103644195212255,kingvik,2026-08-23T12:36:04.692000+00:00,Rwanda,30.184806303922,-1.9826424882353,0.0041
3280952978759121,6uVk8ngFAMrGL24sXxW1EZ,103644195212255,kingvik,2026-08-23T12:34:22.807000+00:00,Rwanda,30.181185132861,-1.9786194887765,0.0035
3332451380280515,6uVk8ngFAMrGL24sXxW1EZ,103644195212255,kingvik,2026-08-23T12:35:35.261000+00:00,Rwanda,30.182688653838,-1.9794976720202,0.0061
3456283437884638,6uVk8ngFAMrGL24sXxW1EZ,103644195212255,kingvik,2026-08-23T12:35:32.344000+00:00,Rwanda,30.182517008595,-1.9791378171891,0.0057
3592344090916082,6uVk8ngFAMrGL24sXxW1EZ,103644195212255,kingvik,2026-08-23T12:35:04.174000+00:00,Rwanda,30.181018719725,-1.9770008342493,0.0038
3634278086736062,6uVk8ngFAMrGL24sXxW1EZ,103644195212255,kingvik,2026-08-23T12:36:45.223000+00:00,Rwanda,30.188031315268,-1.9851593017189,0.0043
3906067792868552,6uVk8ngFAMrGL24sXxW1EZ,103644195212255,kingvik,2026-08-23T12:36:03.266000+00:00,Rwanda,30.184690033333,-1.9825319333333,0.0048
3974663109508991,6uVk8ngFAMrGL24sXxW1EZ,103644195212255,kingvik,2026-08-23T12:34:33.520000+00:00,Rwanda,30.180989606977,-1.9782203804853,0.0035
3992188544417730,6uVk8ngFAMrGL24sXxW1EZ,103644195212255,kingvik,2026-08-23T12:35:15.744000+00:00,Rwanda,30.181509926289,-1.9774094141557,0.0034
4047791542189330,6uVk8ngFAMrGL24sXxW1EZ,103644195212255,kingvik,2026-08-23T12:35:13.047000+00:00,Rwanda,30.181382343074,-1.9771889344793,0.0031
4057117311091378,6uVk8ngFAMrGL24sXxW1EZ,103644195212255,kingvik,2026-08-23T12:36:34.411000+00:00,Rwanda,30.187180083333,-1.9848003111111,0.0033
4392888210927156,6uVk8ngFAMrGL24sXxW1EZ,103644195212255,kingvik,2026-08-23T12:35:54.382000+00:00,Rwanda,30.183921857409,-1.9818208715407,0.0044
4397533050468835,6uVk8ngFAMrGL24sXxW1EZ,103644195212255,kingvik,2026-08-23T12:35:58.083000+00:00,Rwanda,30.184245888372,-1.9821308976744,0.0043
4427205014223378,6uVk8ngFAMrGL24sXxW1EZ,103644195212255,kingvik,2026-08-23T12:34:43.437000+00:00,Rwanda,30.1809433105,-1.9780305409225,0.003
4449833788666287,6uVk8ngFAMrGL24sXxW1EZ,103644195212255,kingvik,2026-08-23T12:34:32.217000+00:00,Rwanda,30.180999726593,-1.9782499470172,0.0043
4467285873552279,6uVk8ngFAMrGL24sXxW1EZ,103644195212255,kingvik,2026-08-23T12:36:35.512000+00:00,Rwanda,30.187267009403,-1.984858406269,0.0035
4541089276210842,6uVk8ngFAMrGL24sXxW1EZ,103644195212255,kingvik,2026-08-23T12:35:51.857000+00:00,Rwanda,30.183708860465,-1.9815836865521,0.0055
4551764085145435,6uVk8ngFAMrGL24sXxW1EZ,103644195212255,kingvik,2026-08-23T12:35:16.538000+00:00,Rwanda,30.181550446712,-1.9774769680079,0.0043
4592737977638495,6uVk8ngFAMrGL24sXxW1EZ,103644195212255,kingvik,2026-08-23T12:34:26.317000+00:00,Rwanda,30.181103924706,-1.9784740839216,0.0038
4629430227289350,6uVk8ngFAMrGL24sXxW1EZ,103644195212255,kingvik,2026-08-23T12:35:42.274000+00:00,Rwanda,30.183053698626,-1.9804313568204,0.0052
5495783183980810,6uVk8ngFAMrGL24sXxW1EZ,103644195212255,kingvik,2026-08-23T12:36:25.277000+00:00,Rwanda,30.186547307583,-1.9842542466127,0.0044
5621969161361698,6uVk8ngFAMrGL24sXxW1EZ,103644195212255,kingvik,2026-08-23T12:36:16.474000+00:00,Rwanda,30.185812943276,-1.9835704439838,0.005
27878604368498557,6uVk8ngFAMrGL24sXxW1EZ,103644195212255,kingvik,2026-08-23T12:35:24.961000+00:00,Rwanda,30.182045551816,-1.9783083789009,0.0044
27915148854780549,6uVk8ngFAMrGL24sXxW1EZ,103644195212255,kingvik,2026-08-23T12:36:20.502000+00:00,Rwanda,30.186151555005,-1.9838946413549,0.0051
27931189183216259,6uVk8ngFAMrGL24sXxW1EZ,103644195212255,kingvik,2026-08-23T12:36:10.594000+00:00,Rwanda,30.185299517566,-1.9831001155054,0.0052
28086564781027916,6uVk8ngFAMrGL24sXxW1EZ,103644195212255,kingvik,2026-08-23T12:35:01.064000+00:00,Rwanda,30.180971141176,-1.977220954902,0.0076
28212258821748551,6uVk8ngFAMrGL24sXxW1EZ,103644195212255,kingvik,2026-08-23T12:35:36.068000+00:00,Rwanda,30.182735506471,-1.9795995852941,0.0062
28246571714983771,6uVk8ngFAMrGL24sXxW1EZ,103644195212255,kingvik,2026-08-23T12:35:56.981000+00:00,Rwanda,30.184148709909,-1.9820413992922,0.0054
28929313413359740,6uVk8ngFAMrGL24sXxW1EZ,103644195212255,kingvik,2026-08-23T12:35:28.257000+00:00,Rwanda,30.182256792518,-1.9786667300303,0.0044
29107633878824061,6uVk8ngFAMrGL24sXxW1EZ,103644195212255,kingvik,2026-08-23T12:36:38.714000+00:00,Rwanda,30.187528082609,-1.9850112625885,0.0038
842974092138159,6uVk8ngFAMrGL24sXxW1EZ,103644195212255,kingvik,2026-08-23T12:39:14.769000+00:00,Rwanda,30.202883852727,-1.98428455,0.0123
889262877344984,6uVk8ngFAMrGL24sXxW1EZ,103644195212255,kingvik,2026-08-23T12:38:57.958000+00:00,Rwanda,30.2006801,-1.9848121219823,0.0115
891742757080991,6uVk8ngFAMrGL24sXxW1EZ,103644195212255,kingvik,2026-08-23T12:38:06.624000+00:00,Rwanda,30.193880575761,-1.9850605818449,0.0112
900130036151098,6uVk8ngFAMrGL24sXxW1EZ,103644195212255,kingvik,2026-08-23T12:38:09.028000+00:00,Rwanda,30.194188115309,-1.9850382824338,0.0115
918948494626073,6uVk8ngFAMrGL24sXxW1EZ,103644195212255,kingvik,2026-08-23T12:38:24.233000+00:00,Rwanda,30.196228708342,-1.9848719358194,0.012
922812897558822,6uVk8ngFAMrGL24sXxW1EZ,103644195212255,kingvik,2026-08-23T12:36:57.290000+00:00,Rwanda,30.188974199899,-1.9852212397371,0.0046
926487830525542,6uVk8ngFAMrGL24sXxW1EZ,103644195212255,kingvik,2026-08-23T12:39:25.169000+00:00,Rwanda,30.204226281901,-1.983797019818,0.0124
926908389855292,6uVk8ngFAMrGL24sXxW1EZ,103644195212255,kingvik,2026-08-23T12:38:34.642000+00:00,Rwanda,30.197625638625,-1.9848002618807,0.0119
941084559033074,6uVk8ngFAMrGL24sXxW1EZ,103644195212255,kingvik,2026-08-23T12:38:56.351000+00:00,Rwanda,30.200475203337,-1.984851746815,0.0116
945290745285857,6uVk8ngFAMrGL24sXxW1EZ,103644195212255,kingvik,2026-08-23T12:38:26.636000+00:00,Rwanda,30.196552274092,-1.9848435709519,0.012
945926171131576,6uVk8ngFAMrGL24sXxW1EZ,103644195212255,kingvik,2026-08-23T12:39:00.362000+00:00,Rwanda,30.200988154661,-1.9847415933268,0.0117
988445000878188,6uVk8ngFAMrGL24sXxW1EZ,103644195212255,kingvik,2026-08-23T12:37:33.965000+00:00,Rwanda,30.191260329221,-1.9852831104146,0.0032
989563407463788,6uVk8ngFAMrGL24sXxW1EZ,103644195212255,kingvik,2026-08-23T12:38:20.235000+00:00,Rwanda,30.195688208145,-1.9849171337586,0.0122
999593983134281,6uVk8ngFAMrGL24sXxW1EZ,103644195212255,kingvik,2026-08-23T12:38:29.835000+00:00,Rwanda,30.196982707078,-1.984810613549,0.0119
1013552161665505,6uVk8ngFAMrGL24sXxW1EZ,103644195212255,kingvik,2026-08-23T12:38:09.823000+00:00,Rwanda,30.194291281818,-1.9850302848485,0.0115
1014683938197598,6uVk8ngFAMrGL24sXxW1EZ,103644195212255,kingvik,2026-08-23T12:39:24.373000+00:00,Rwanda,30.204125019412,-1.9838445788235,0.0125
1023759827164777,6uVk8ngFAMrGL24sXxW1EZ,103644195212255,kingvik,2026-08-23T12:37:37.764000+00:00,Rwanda,30.191335269608,-1.9852801848039,0.0047
1027312847030345,6uVk8ngFAMrGL24sXxW1EZ,103644195212255,kingvik,2026-08-23T12:38:18.627000+00:00,Rwanda,30.195470026869,-1.9849351882828,0.012
1031437733096910,6uVk8ngFAMrGL24sXxW1EZ,103644195212255,kingvik,2026-08-23T12:38:13.820000+00:00,Rwanda,30.194818188283,-1.9849876914141,0.0118
1031761023000996,6uVk8ngFAMrGL24sXxW1EZ,103644195212255,kingvik,2026-08-23T12:37:28.355000+00:00,Rwanda,30.191095180471,-1.9852858158979,0.0036
1037528152409551,6uVk8ngFAMrGL24sXxW1EZ,103644195212255,kingvik,2026-08-23T12:36:56.262000+00:00,Rwanda,30.188893888069,-1.9852177193124,0.0051
1038834739134999,6uVk8ngFAMrGL24sXxW1EZ,103644195212255,kingvik,2026-08-23T12:38:59.563000+00:00,Rwanda,30.200885922222,-1.9847662122222,0.0119
1043828154923249,6uVk8ngFAMrGL24sXxW1EZ,103644195212255,kingvik,2026-08-23T12:37:00.101000+00:00,Rwanda,30.189189771541,-1.9852302705594,0.0046
1044455408389405,6uVk8ngFAMrGL24sXxW1EZ,103644195212255,kingvik,2026-08-23T12:39:15.568000+00:00,Rwanda,30.202988937586,-1.9842575772326,0.0121
1046098634889129,6uVk8ngFAMrGL24sXxW1EZ,103644195212255,kingvik,2026-08-23T12:38:41.842000+00:00,Rwanda,30.198592750049,-1.9848558272816,0.012
1049563547696797,6uVk8ngFAMrGL24sXxW1EZ,103644195212255,kingvik,2026-08-23T12:37:15.513000+00:00,Rwanda,30.190231337586,-1.9852626263003,0.0054
1052024764242948,6uVk8ngFAMrGL24sXxW1EZ,103644195212255,kingvik,2026-08-23T12:37:10.411000+00:00,Rwanda,30.189867123529,-1.9852513058824,0.0048
1057873803508005,6uVk8ngFAMrGL24sXxW1EZ,103644195212255,kingvik,2026-08-23T12:38:13.025000+00:00,Rwanda,30.194712191953,-1.9849964346418,0.0118
1058878859832275,6uVk8ngFAMrGL24sXxW1EZ,103644195212255,kingvik,2026-08-23T12:37:06.605000+00:00,Rwanda,30.189641026471,-1.9852439862745,0.0038
1062461773310576,6uVk8ngFAMrGL24sXxW1EZ,103644195212255,kingvik,2026-08-23T12:36:50.558000+00:00,Rwanda,30.18843503798,-1.9852023757576,0.0043
1062813663151728,6uVk8ngFAMrGL24sXxW1EZ,103644195212255,kingvik,2026-08-23T12:38:22.624000+00:00,Rwanda,30.196011430334,-1.9848903511628,0.0119
1062991386123693,6uVk8ngFAMrGL24sXxW1EZ,103644195212255,kingvik,2026-08-23T12:37:11.006000+00:00,Rwanda,30.189907543377,-1.9852516379171,0.0045
1067257565905585,6uVk8ngFAMrGL24sXxW1EZ,103644195212255,kingvik,2026-08-23T12:39:09.963000+00:00,Rwanda,30.202248467037,-1.9844425168857,0.0121
1067806092322971,6uVk8ngFAMrGL24sXxW1EZ,103644195212255,kingvik,2026-08-23T12:38:35.441000+00:00,Rwanda,30.197733013529,-1.9848050420588,0.0119
1076166814812293,6uVk8ngFAMrGL24sXxW1EZ,103644195212255,kingvik,2026-08-23T12:37:46.264000+00:00,Rwanda,30.19166728,-1.9852521733333,0.0053
1076983904787074,6uVk8ngFAMrGL24sXxW1EZ,103644195212255,kingvik,2026-08-23T12:37:24.156000+00:00,Rwanda,30.190853170981,-1.9852842239636,0.0055
1077463498212397,6uVk8ngFAMrGL24sXxW1EZ,103644195212255,kingvik,2026-08-23T12:37:54.916000+00:00,Rwanda,30.192510062791,-1.985182227907,0.0088
1078066434924465,6uVk8ngFAMrGL24sXxW1EZ,103644195212255,kingvik,2026-08-23T12:39:09.166000+00:00,Rwanda,30.202142515098,-1.9844661428431,0.0121
1078105034575332,6uVk8ngFAMrGL24sXxW1EZ,103644195212255,kingvik,2026-08-23T12:38:33.048000+00:00,Rwanda,30.197411950758,-1.9847939988878,0.012
1081612567555296,6uVk8ngFAMrGL24sXxW1EZ,103644195212255,kingvik,2026-08-23T12:38:17.033000+00:00,Rwanda,30.195253621414,-1.9849541871717,0.0123
1084987083951284,6uVk8ngFAMrGL24sXxW1EZ,103644195212255,kingvik,2026-08-23T12:39:05.965000+00:00,Rwanda,30.201715582727,-1.9845586690909,0.0121
1086844634291514,6uVk8ngFAMrGL24sXxW1EZ,103644195212255,kingvik,2026-08-23T12:37:09.103000+00:00,Rwanda,30.189784266431,-1.9852488698686,0.0039
1089846833568132,6uVk8ngFAMrGL24sXxW1EZ,103644195212255,kingvik,2026-08-23T12:37:04.803000+00:00,Rwanda,30.189536425417,-1.9852373417076,0.0044
1090874786959351,6uVk8ngFAMrGL24sXxW1EZ,103644195212255,kingvik,2026-08-23T12:37:57.979000+00:00,Rwanda,30.192847633955,-1.9851559638862,0.0094
1091522126890421,6uVk8ngFAMrGL24sXxW1EZ,103644195212255,kingvik,2026-08-23T12:39:25.978000+00:00,Rwanda,30.204329239394,-1.9837500666667,0.0126
1091987983174453,6uVk8ngFAMrGL24sXxW1EZ,103644195212255,kingvik,2026-08-23T12:36:55.160000+00:00,Rwanda,30.18880532,-1.9852143180392,0.0046
1095747836472115,6uVk8ngFAMrGL24sXxW1EZ,103644195212255,kingvik,2026-08-23T12:39:20.375000+00:00,Rwanda,30.203616111089,-1.9840660724239,0.0122
1096033529616810,6uVk8ngFAMrGL24sXxW1EZ,103644195212255,kingvik,2026-08-23T12:39:23.575000+00:00,Rwanda,30.204024140344,-1.9838935735086,0.0126
1096328072740728,6uVk8ngFAMrGL24sXxW1EZ,103644195212255,kingvik,2026-08-23T12:37:56.410000+00:00,Rwanda,30.192672894944,-1.9851694597573,0.009
1098273776218743,6uVk8ngFAMrGL24sXxW1EZ,103644195212255,kingvik,2026-08-23T12:38:15.429000+00:00,Rwanda,30.195035458824,-1.9849712470588,0.0121
1100694152643967,6uVk8ngFAMrGL24sXxW1EZ,103644195212255,kingvik,2026-08-23T12:36:52.060000+00:00,Rwanda,30.18855309363,-1.985206414459,0.0045
1102985085626146,6uVk8ngFAMrGL24sXxW1EZ,103644195212255,kingvik,2026-08-23T12:36:54.097000+00:00,Rwanda,30.188718193137,-1.9852118269608,0.0048
1105244325339792,6uVk8ngFAMrGL24sXxW1EZ,103644195212255,kingvik,2026-08-23T12:38:37.046000+00:00,Rwanda,30.197948218182,-1.9848185666667,0.0121
1111009628255363,6uVk8ngFAMrGL24sXxW1EZ,103644195212255,kingvik,2026-08-23T12:39:03.561000+00:00,Rwanda,30.201400300809,-1.9846368412538,0.0119
1111056468265716,6uVk8ngFAMrGL24sXxW1EZ,103644195212255,kingvik,2026-08-23T12:39:16.364000+00:00,Rwanda,30.203093248081,-1.9842303335354,0.012
1115647884217006,6uVk8ngFAMrGL24sXxW1EZ,103644195212255,kingvik,2026-08-23T12:37:51.270000+00:00,Rwanda,30.192136336408,-1.9852118454367,0.0085
1116138314420553,6uVk8ngFAMrGL24sXxW1EZ,103644195212255,kingvik,2026-08-23T12:38:10.632000+00:00,Rwanda,30.194397173939,-1.9850218618182,0.0118
1136490109326563,6uVk8ngFAMrGL24sXxW1EZ,103644195212255,kingvik,2026-08-23T12:37:57.220000+00:00,Rwanda,30.192763,-1.98516262,0.01
1270272572837997,6uVk8ngFAMrGL24sXxW1EZ,103644195212255,kingvik,2026-08-23T12:38:23.434000+00:00,Rwanda,30.196120872727,-1.9848812530303,0.0122
1282872430490966,6uVk8ngFAMrGL24sXxW1EZ,103644195212255,kingvik,2026-08-23T12:36:49.562000+00:00,Rwanda,30.188358186061,-1.9851989484848,0.0043
1301417825275422,6uVk8ngFAMrGL24sXxW1EZ,103644195212255,kingvik,2026-08-23T12:37:25.551000+00:00,Rwanda,30.190944946208,-1.9852864079879,0.005
1302406629622725,6uVk8ngFAMrGL24sXxW1EZ,103644195212255,kingvik,2026-08-23T12:37:07.200000+00:00,Rwanda,30.189674178766,-1.9852457685541,0.0037
1351843233341919,6uVk8ngFAMrGL24sXxW1EZ,103644195212255,kingvik,2026-08-23T12:37:29.758000+00:00,Rwanda,30.191153790303,-1.9852837260606,0.0032
1368517224969464,6uVk8ngFAMrGL24sXxW1EZ,103644195212255,kingvik,2026-08-23T12:38:42.638000+00:00,Rwanda,30.198699112121,-1.9848654757576,0.0119
1371010245214237,6uVk8ngFAMrGL24sXxW1EZ,103644195212255,kingvik,2026-08-23T12:37:26.252000+00:00,Rwanda,30.190987947843,-1.9852865278431,0.0048
1372865241091563,6uVk8ngFAMrGL24sXxW1EZ,103644195212255,kingvik,2026-08-23T12:38:49.097000+00:00,Rwanda,30.199537158431,-1.9849173976471,0.0122
1372931934383864,6uVk8ngFAMrGL24sXxW1EZ,103644195212255,kingvik,2026-08-23T12:37:40.662000+00:00,Rwanda,30.191409090192,-1.9852778373104,0.004
1373188417778011,6uVk8ngFAMrGL24sXxW1EZ,103644195212255,kingvik,2026-08-23T12:38:16.224000+00:00,Rwanda,30.195143595147,-1.9849630724975,0.0121
1373837244360327,6uVk8ngFAMrGL24sXxW1EZ,103644195212255,kingvik,2026-08-23T12:37:17.451000+00:00,Rwanda,30.190374337843,-1.9852656317647,0.0052
1373933171594514,6uVk8ngFAMrGL24sXxW1EZ,103644195212255,kingvik,2026-08-23T12:37:08.508000+00:00,Rwanda,30.189748820588,-1.9852481784314,0.0043
1377338520559257,6uVk8ngFAMrGL24sXxW1EZ,103644195212255,kingvik,2026-08-23T12:36:53.057000+00:00,Rwanda,30.188633558182,-1.9852092781818,0.0045
1378078260482372,6uVk8ngFAMrGL24sXxW1EZ,103644195212255,kingvik,2026-08-23T12:37:20.814000+00:00,Rwanda,30.190618272549,-1.9852732872549,0.0052
1378232574521742,6uVk8ngFAMrGL24sXxW1EZ,103644195212255,kingvik,2026-08-23T12:37:42.070000+00:00,Rwanda,30.191456505005,-1.9852740266928,0.0053
1378879587716223,6uVk8ngFAMrGL24sXxW1EZ,103644195212255,kingvik,2026-08-23T12:36:58.398000+00:00,Rwanda,30.18905931,-1.9852242952941,0.0045
1379943284263900,6uVk8ngFAMrGL24sXxW1EZ,103644195212255,kingvik,2026-08-23T12:38:21.030000+00:00,Rwanda,30.195796579778,-1.9849060616785,0.0121
1381074040122205,6uVk8ngFAMrGL24sXxW1EZ,103644195212255,kingvik,2026-08-23T12:38:02.626000+00:00,Rwanda,30.193384695486,-1.9851027153091,0.0107
1381785580139958,6uVk8ngFAMrGL24sXxW1EZ,103644195212255,kingvik,2026-08-23T12:37:50.509000+00:00,Rwanda,30.192060746566,-1.9852201729293,0.0081
1384897399677933,6uVk8ngFAMrGL24sXxW1EZ,103644195212255,kingvik,2026-08-23T12:37:22.153000+00:00,Rwanda,30.190712481901,-1.9852773877654,0.0055
1389058819329971,6uVk8ngFAMrGL24sXxW1EZ,103644195212255,kingvik,2026-08-23T12:38:39.449000+00:00,Rwanda,30.198271270101,-1.9848330343434,0.0121
1392071229734257,6uVk8ngFAMrGL24sXxW1EZ,103644195212255,kingvik,2026-08-23T12:39:21.969000+00:00,Rwanda,30.20382038528,-1.9839867897939,0.0122
1392881449451984,6uVk8ngFAMrGL24sXxW1EZ,103644195212255,kingvik,2026-08-23T12:37:02.399000+00:00,Rwanda,30.189363320707,-1.9852350990909,0.0051
1395190159375384,6uVk8ngFAMrGL24sXxW1EZ,103644195212255,kingvik,2026-08-23T12:39:17.173000+00:00,Rwanda,30.203199074823,-1.9842009023256,0.0122
1400125698727683,6uVk8ngFAMrGL24sXxW1EZ,103644195212255,kingvik,2026-08-23T12:39:08.369000+00:00,Rwanda,30.202036319414,-1.9844903562184,0.0123
1400352518696344,6uVk8ngFAMrGL24sXxW1EZ,103644195212255,kingvik,2026-08-23T12:37:44.869000+00:00,Rwanda,30.191578747576,-1.9852618451515,0.0041
1402756428700815,6uVk8ngFAMrGL24sXxW1EZ,103644195212255,kingvik,2026-08-23T12:38:40.248000+00:00,Rwanda,30.198378689205,-1.9848374455348,0.0119
1407639627949392,6uVk8ngFAMrGL24sXxW1EZ,103644195212255,kingvik,2026-08-23T12:39:04.360000+00:00,Rwanda,30.201504833333,-1.9846103588235,0.012
1409586700612729,6uVk8ngFAMrGL24sXxW1EZ,103644195212255,kingvik,2026-08-23T12:36:59.567000+00:00,Rwanda,30.189148838788,-1.9852284352525,0.0049
1411225830890497,6uVk8ngFAMrGL24sXxW1EZ,103644195212255,kingvik,2026-08-23T12:37:03.595000+00:00,Rwanda,30.189453311111,-1.9852362975758,0.0049
1412170117678889,6uVk8ngFAMrGL24sXxW1EZ,103644195212255,kingvik,2026-08-23T12:39:07.559000+00:00,Rwanda,30.201927744646,-1.9845128294949,0.0121
1417901820252408,6uVk8ngFAMrGL24sXxW1EZ,103644195212255,kingvik,2026-08-23T12:37:45.569000+00:00,Rwanda,30.191620149558,-1.9852572380765,0.0046
1418980486807562,6uVk8ngFAMrGL24sXxW1EZ,103644195212255,kingvik,2026-08-23T12:38:32.239000+00:00,Rwanda,30.19730380202,-1.9847947943434,0.0118
1421062956751426,6uVk8ngFAMrGL24sXxW1EZ,103644195212255,kingvik,2026-08-23T12:38:38.640000+00:00,Rwanda,30.198162474545,-1.9848293236364,0.0119
1423043773222216,6uVk8ngFAMrGL24sXxW1EZ,103644195212255,kingvik,2026-08-23T12:36:54.659000+00:00,Rwanda,30.188764232053,-1.9852130834176,0.0051
1423665529650876,6uVk8ngFAMrGL24sXxW1EZ,103644195212255,kingvik,2026-08-23T12:37:43.465000+00:00,Rwanda,30.191510531501,-1.9852693087341,0.006
1425362149493348,6uVk8ngFAMrGL24sXxW1EZ,103644195212255,kingvik,2026-08-23T12:38:47.445000+00:00,Rwanda,30.199323063333,-1.98491149,0.0114
1427145655943035,6uVk8ngFAMrGL24sXxW1EZ,103644195212255,kingvik,2026-08-23T12:39:19.577000+00:00,Rwanda,30.203512658182,-1.9841021018182,0.0124
1463625825620676,6uVk8ngFAMrGL24sXxW1EZ,103644195212255,kingvik,2026-08-23T12:36:50.062000+00:00,Rwanda,30.188396608832,-1.9852008212954,0.0043
1477976377347484,6uVk8ngFAMrGL24sXxW1EZ,103644195212255,kingvik,2026-08-23T12:36:58.993000+00:00,Rwanda,30.189104837209,-1.9852265128413,0.0051
1478155510736866,6uVk8ngFAMrGL24sXxW1EZ,103644195212255,kingvik,2026-08-23T12:38:53.947000+00:00,Rwanda,30.200164915556,-1.9848930335354,0.0114
1489012436282828,6uVk8ngFAMrGL24sXxW1EZ,103644195212255,kingvik,2026-08-23T12:39:17.971000+00:00,Rwanda,30.203303264216,-1.9841700980392,0.0121
1493902339438919,6uVk8ngFAMrGL24sXxW1EZ,103644195212255,kingvik,2026-08-23T12:37:54.168000+00:00,Rwanda,30.192431135354,-1.9851871878788,0.008
1510664787483818,6uVk8ngFAMrGL24sXxW1EZ,103644195212255,kingvik,2026-08-23T12:36:48.059000+00:00,Rwanda,30.188244905859,-1.9851899171717,0.0119
1529169218530924,6uVk8ngFAMrGL24sXxW1EZ,103644195212255,kingvik,2026-08-23T12:36:53.563000+00:00,Rwanda,30.188674759656,-1.9852105245703,0.0046
1529528602226220,6uVk8ngFAMrGL24sXxW1EZ,103644195212255,kingvik,2026-08-23T12:37:14.848000+00:00,Rwanda,30.190182488182,-1.9852611672727,0.0053
1546802826545368,6uVk8ngFAMrGL24sXxW1EZ,103644195212255,kingvik,2026-08-23T12:36:49.056000+00:00,Rwanda,30.188319810111,-1.9851963060667,0.0042
1549976019750322,6uVk8ngFAMrGL24sXxW1EZ,103644195212255,kingvik,2026-08-23T12:37:27.655000+00:00,Rwanda,30.191062742727,-1.9852865906061,0.004
1567387978459658,6uVk8ngFAMrGL24sXxW1EZ,103644195212255,kingvik,2026-08-23T12:38:29.040000+00:00,Rwanda,30.196875873529,-1.9848179014706,0.012
1574152887731413,6uVk8ngFAMrGL24sXxW1EZ,103644195212255,kingvik,2026-08-23T12:39:02.765000+00:00,Rwanda,30.201296986765,-1.9846632755882,0.0118
1576778957185236,6uVk8ngFAMrGL24sXxW1EZ,103644195212255,kingvik,2026-08-23T12:38:50.748000+00:00,Rwanda,30.199751516176,-1.9849169529412,0.0115
1582743463511293,6uVk8ngFAMrGL24sXxW1EZ,103644195212255,kingvik,2026-08-23T12:37:32.562000+00:00,Rwanda,30.191231954706,-1.9852838127451,0.0039
1586757429809014,6uVk8ngFAMrGL24sXxW1EZ,103644195212255,kingvik,2026-08-23T12:37:18.146000+00:00,Rwanda,30.190425691709,-1.9852671389282,0.0057
1587467853169352,6uVk8ngFAMrGL24sXxW1EZ,103644195212255,kingvik,2026-08-23T12:38:44.246000+00:00,Rwanda,30.19890995211,-1.9848818952895,0.0116
1589682106143362,6uVk8ngFAMrGL24sXxW1EZ,103644195212255,kingvik,2026-08-23T12:39:01.157000+00:00,Rwanda,30.201089993939,-1.9847162981818,0.0117
1590277629213712,6uVk8ngFAMrGL24sXxW1EZ,103644195212255,kingvik,2026-08-23T12:37:58.714000+00:00,Rwanda,30.192930199394,-1.9851490530303,0.0092
1594550965671704,6uVk8ngFAMrGL24sXxW1EZ,103644195212255,kingvik,2026-08-23T12:38:01.017000+00:00,Rwanda,30.193193895248,-1.9851256826087,0.0095
1595225288631280,6uVk8ngFAMrGL24sXxW1EZ,103644195212255,kingvik,2026-08-23T12:37:23.448000+00:00,Rwanda,30.190804025784,-1.9852822452983,0.005
1597821635089466,6uVk8ngFAMrGL24sXxW1EZ,103644195212255,kingvik,2026-08-23T12:36:52.561000+00:00,Rwanda,30.188593383415,-1.9852079533857,0.0045
1601529945018683,6uVk8ngFAMrGL24sXxW1EZ,103644195212255,kingvik,2026-08-23T12:39:12.367000+00:00,Rwanda,30.202566395455,-1.9843665691919,0.012
1602511781449706,6uVk8ngFAMrGL24sXxW1EZ,103644195212255,kingvik,2026-08-23T12:38:12.226000+00:00,Rwanda,30.194606393333,-1.9850055456566,0.0116
1612444723863105,6uVk8ngFAMrGL24sXxW1EZ,103644195212255,kingvik,2026-08-23T12:37:55.676000+00:00,Rwanda,30.19259196451,-1.9851760318627,0.0091
1613710176935252,6uVk8ngFAMrGL24sXxW1EZ,103644195212255,kingvik,2026-08-23T12:37:20.149000+00:00,Rwanda,30.190571139232,-1.9852717926188,0.0056
1616018630092951,6uVk8ngFAMrGL24sXxW1EZ,103644195212255,kingvik,2026-08-23T12:36:57.864000+00:00,Rwanda,30.189018424671,-1.9852227625885,0.0049
1618742866563737,6uVk8ngFAMrGL24sXxW1EZ,103644195212255,kingvik,2026-08-23T12:38:05.015000+00:00,Rwanda,30.193678776465,-1.9850746328283,0.011
1619906269871520,6uVk8ngFAMrGL24sXxW1EZ,103644195212255,kingvik,2026-08-23T12:38:49.949000+00:00,Rwanda,30.19964768908,-1.9849182248736,0.0123
1624249539255464,6uVk8ngFAMrGL24sXxW1EZ,103644195212255,kingvik,2026-08-23T12:38:21.829000+00:00,Rwanda,30.195904451373,-1.9848978521569,0.012
1624281775779299,6uVk8ngFAMrGL24sXxW1EZ,103644195212255,kingvik,2026-08-23T12:37:14.205000+00:00,Rwanda,30.190135053286,-1.9852595484328,0.0049
1626450055517677,6uVk8ngFAMrGL24sXxW1EZ,103644195212255,kingvik,2026-08-23T12:37:39.267000+00:00,Rwanda,30.191372759252,-1.9852793706775,0.0042
1636864594735075,6uVk8ngFAMrGL24sXxW1EZ,103644195212255,kingvik,2026-08-23T12:39:21.171000+00:00,Rwanda,30.203718390101,-1.9840278531313,0.0121
1661748122627481,6uVk8ngFAMrGL24sXxW1EZ,103644195212255,kingvik,2026-08-23T12:38:07.419000+00:00,Rwanda,30.193981436869,-1.9850533075758,0.0112
1669709607903357,6uVk8ngFAMrGL24sXxW1EZ,103644195212255,kingvik,2026-08-23T12:39:05.155000+00:00,Rwanda,30.201609386249,-1.9845843294237,0.012
1670282130734335,6uVk8ngFAMrGL24sXxW1EZ,103644195212255,kingvik,2026-08-23T12:39:13.164000+00:00,Rwanda,30.202671500589,-1.984339023945,0.0121
1677464059987046,6uVk8ngFAMrGL24sXxW1EZ,103644195212255,kingvik,2026-08-23T12:37:03+00:00,Rwanda,30.189408814818,-1.9852358668302,0.0051
1682008369555493,6uVk8ngFAMrGL24sXxW1EZ,103644195212255,kingvik,2026-08-23T12:38:17.832000+00:00,Rwanda,30.195362195878,-1.9849444645731,0.0121
1683611746046719,6uVk8ngFAMrGL24sXxW1EZ,103644195212255,kingvik,2026-08-23T12:38:25.837000+00:00,Rwanda,30.196444582121,-1.9848524485859,0.0121
1695085294929797,6uVk8ngFAMrGL24sXxW1EZ,103644195212255,kingvik,2026-08-23T12:38:43.447000+00:00,Rwanda,30.198805871183,-1.9848739120324,0.0119
1700257807750390,6uVk8ngFAMrGL24sXxW1EZ,103644195212255,kingvik,2026-08-23T12:39:13.961000+00:00,Rwanda,30.202776712929,-1.9843119723232,0.0121
1716630316065476,6uVk8ngFAMrGL24sXxW1EZ,103644195212255,kingvik,2026-08-23T12:37:53.473000+00:00,Rwanda,30.192359121688,-1.9851919689892,0.0086
1720453695687127,6uVk8ngFAMrGL24sXxW1EZ,103644195212255,kingvik,2026-08-23T12:38:45.042000+00:00,Rwanda,30.199012831818,-1.9848898767677,0.0115
1732339344704038,6uVk8ngFAMrGL24sXxW1EZ,103644195212255,kingvik,2026-08-23T12:37:11.642000+00:00,Rwanda,30.189951411765,-1.985252349902,0.0049
1737778104207958,6uVk8ngFAMrGL24sXxW1EZ,103644195212255,kingvik,2026-08-23T12:38:41.044000+00:00,Rwanda,30.198485536768,-1.9848452581818,0.0119
1742283770311983,6uVk8ngFAMrGL24sXxW1EZ,103644195212255,kingvik,2026-08-23T12:38:52.353000+00:00,Rwanda,30.199959481212,-1.9849073781818,0.0116
1754080379131750,6uVk8ngFAMrGL24sXxW1EZ,103644195212255,kingvik,2026-08-23T12:38:19.435000+00:00,Rwanda,30.195579327879,-1.9849273354545,0.0122
1754749872433443,6uVk8ngFAMrGL24sXxW1EZ,103644195212255,kingvik,2026-08-23T12:38:46.649000+00:00,Rwanda,30.199220314132,-1.9849058706575,0.0115
1755647052226431,6uVk8ngFAMrGL24sXxW1EZ,103644195212255,kingvik,2026-08-23T12:37:01.792000+00:00,Rwanda,30.189317691608,-1.9852339166835,0.0044
1757110961974306,6uVk8ngFAMrGL24sXxW1EZ,103644195212255,kingvik,2026-08-23T12:38:51.544000+00:00,Rwanda,30.199854910617,-1.9849131447927,0.0115
1765395384609418,6uVk8ngFAMrGL24sXxW1EZ,103644195212255,kingvik,2026-08-23T12:38:28.241000+00:00,Rwanda,30.19676843549,-1.9848259072801,0.0121
1765778607795491,6uVk8ngFAMrGL24sXxW1EZ,103644195212255,kingvik,2026-08-23T12:37:46.972000+00:00,Rwanda,30.191721544793,-1.9852470535895,0.0061
1766890807950416,6uVk8ngFAMrGL24sXxW1EZ,103644195212255,kingvik,2026-08-23T12:39:06.763000+00:00,Rwanda,30.201821103533,-1.9845346180569,0.012
1767941831075339,6uVk8ngFAMrGL24sXxW1EZ,103644195212255,kingvik,2026-08-23T12:39:10.772000+00:00,Rwanda,30.20235568,-1.9844181133333,0.0122
1771583967095996,6uVk8ngFAMrGL24sXxW1EZ,103644195212255,kingvik,2026-08-23T12:36:56.763000+00:00,Rwanda,30.188933232353,-1.9852194202941,0.0044
1774579110205351,6uVk8ngFAMrGL24sXxW1EZ,103644195212255,kingvik,2026-08-23T12:38:58.754000+00:00,Rwanda,30.200781888889,-1.9847897666667,0.0116
1782247369793198,6uVk8ngFAMrGL24sXxW1EZ,103644195212255,kingvik,2026-08-23T12:37:07.842000+00:00,Rwanda,30.189710437917,-1.985247116178,0.004
1784891152519715,6uVk8ngFAMrGL24sXxW1EZ,103644195212255,kingvik,2026-08-23T12:38:30.644000+00:00,Rwanda,30.197090872121,-1.9848041654545,0.012
1790663465400294,6uVk8ngFAMrGL24sXxW1EZ,103644195212255,kingvik,2026-08-23T12:37:05.398000+00:00,Rwanda,30.189572260606,-1.985239159697,0.004
1797314381274582,6uVk8ngFAMrGL24sXxW1EZ,103644195212255,kingvik,2026-08-23T12:37:49.775000+00:00,Rwanda,30.191988513739,-1.9852276846909,0.0078
1812964576814682,6uVk8ngFAMrGL24sXxW1EZ,103644195212255,kingvik,2026-08-23T12:37:59.523000+00:00,Rwanda,30.193021923964,-1.9851408599596,0.0102
1827525001575850,6uVk8ngFAMrGL24sXxW1EZ,103644195212255,kingvik,2026-08-23T12:38:04.221000+00:00,Rwanda,30.19357977684,-1.9850818692836,0.011
1840940696931090,6uVk8ngFAMrGL24sXxW1EZ,103644195212255,kingvik,2026-08-23T12:39:18.767000+00:00,Rwanda,30.203407189788,-1.9841371391304,0.0121
1857652882065884,6uVk8ngFAMrGL24sXxW1EZ,103644195212255,kingvik,2026-08-23T12:38:05.824000+00:00,Rwanda,30.193779909091,-1.9850677763636,0.0113
1921919488478966,6uVk8ngFAMrGL24sXxW1EZ,103644195212255,kingvik,2026-08-23T12:38:11.431000+00:00,Rwanda,30.194502018155,-1.985013986948,0.0117
1956560739063962,6uVk8ngFAMrGL24sXxW1EZ,103644195212255,kingvik,2026-08-23T12:38:54.756000+00:00,Rwanda,30.200269330505,-1.984881829899,0.0117
1959343971416722,6uVk8ngFAMrGL24sXxW1EZ,103644195212255,kingvik,2026-08-23T12:38:37.845000+00:00,Rwanda,30.198055410108,-1.9848246369971,0.0119
1974095293255779,6uVk8ngFAMrGL24sXxW1EZ,103644195212255,kingvik,2026-08-23T12:38:00.282000+00:00,Rwanda,30.193108677255,-1.985132914902,0.0097
1981342522580171,6uVk8ngFAMrGL24sXxW1EZ,103644195212255,kingvik,2026-08-23T12:37:49.075000+00:00,Rwanda,30.191918915152,-1.9852337333333,0.0079
1987648671773435,6uVk8ngFAMrGL24sXxW1EZ,103644195212255,kingvik,2026-08-23T12:37:01.264000+00:00,Rwanda,30.189278152941,-1.9852329635294,0.0048
1990766228270903,6uVk8ngFAMrGL24sXxW1EZ,103644195212255,kingvik,2026-08-23T12:37:09.746000+00:00,Rwanda,30.189823993428,-1.9852499037412,0.0044
1992849091210791,6uVk8ngFAMrGL24sXxW1EZ,103644195212255,kingvik,2026-08-23T12:37:52.712000+00:00,Rwanda,30.192281602727,-1.9851977763636,0.0084
2067223994186408,6uVk8ngFAMrGL24sXxW1EZ,103644195212255,kingvik,2026-08-23T12:36:55.687000+00:00,Rwanda,30.18884802821,-1.9852158248736,0.0047
2071378906885540,6uVk8ngFAMrGL24sXxW1EZ,103644195212255,kingvik,2026-08-23T12:37:24.857000+00:00,Rwanda,30.190900101471,-1.9852856676471,0.0052
2076581682950790,6uVk8ngFAMrGL24sXxW1EZ,103644195212255,kingvik,2026-08-23T12:36:51.555000+00:00,Rwanda,30.18851294899,-1.9852050721212,0.0043
2103053520584557,6uVk8ngFAMrGL24sXxW1EZ,103644195212255,kingvik,2026-08-23T12:36:51.059000+00:00,Rwanda,30.188474070559,-1.9852038146222,0.0043
2141493700050680,6uVk8ngFAMrGL24sXxW1EZ,103644195212255,kingvik,2026-08-23T12:37:18.811000+00:00,Rwanda,30.190474638665,-1.9852690652601,0.0054
2148865759384755,6uVk8ngFAMrGL24sXxW1EZ,103644195212255,kingvik,2026-08-23T12:37:19.441000+00:00,Rwanda,30.190520345455,-1.9852705490909,0.0051
2155607991964561,6uVk8ngFAMrGL24sXxW1EZ,103644195212255,kingvik,2026-08-23T12:38:14.630000+00:00,Rwanda,30.194927077856,-1.9849792584429,0.0121
2157103268179412,6uVk8ngFAMrGL24sXxW1EZ,103644195212255,kingvik,2026-08-23T12:38:57.160000+00:00,Rwanda,30.200578683636,-1.9848330148485,0.0117
2171354220446392,6uVk8ngFAMrGL24sXxW1EZ,103644195212255,kingvik,2026-08-23T12:37:29.050000+00:00,Rwanda,30.191125394944,-1.9852844420627,0.0034
2172375600351414,6uVk8ngFAMrGL24sXxW1EZ,103644195212255,kingvik,2026-08-23T12:38:48.254000+00:00,Rwanda,30.19942777998,-1.9849149901921,0.0116
2186412608620292,6uVk8ngFAMrGL24sXxW1EZ,103644195212255,kingvik,2026-08-23T12:39:27.573000+00:00,Rwanda,30.20453010798,-1.9836574594949,0.0123
2214918015746477,6uVk8ngFAMrGL24sXxW1EZ,103644195212255,kingvik,2026-08-23T12:36:48.560000+00:00,Rwanda,30.188282398037,-1.9851932947988,0.0042
2250888232312396,6uVk8ngFAMrGL24sXxW1EZ,103644195212255,kingvik,2026-08-23T12:37:16.143000+00:00,Rwanda,30.190277829697,-1.9852638169697,0.0052
2252403048945052,6uVk8ngFAMrGL24sXxW1EZ,103644195212255,kingvik,2026-08-23T12:37:12.302000+00:00,Rwanda,30.189996950253,-1.9852537741153,0.0051
2269150753859561,6uVk8ngFAMrGL24sXxW1EZ,103644195212255,kingvik,2026-08-23T12:38:03.421000+00:00,Rwanda,30.19348119798,-1.9850910993939,0.0108
2269346303866934,6uVk8ngFAMrGL24sXxW1EZ,103644195212255,kingvik,2026-08-23T12:38:55.555000+00:00,Rwanda,30.200372411286,-1.9848679538763,0.0116
2273426956757231,6uVk8ngFAMrGL24sXxW1EZ,103644195212255,kingvik,2026-08-23T12:39:11.570000+00:00,Rwanda,30.20246120314,-1.9843926954858,0.0121
2289019208169219,6uVk8ngFAMrGL24sXxW1EZ,103644195212255,kingvik,2026-08-23T12:39:01.967000+00:00,Rwanda,30.201194094237,-1.984690024368,0.0119
2341779366675901,6uVk8ngFAMrGL24sXxW1EZ,103644195212255,kingvik,2026-08-23T12:37:44.161000+00:00,Rwanda,30.191542072093,-1.9852658195147,0.0035
2450054528850300,6uVk8ngFAMrGL24sXxW1EZ,103644195212255,kingvik,2026-08-23T12:38:01.827000+00:00,Rwanda,30.193288986364,-1.9851153454545,0.0106
2517324912110312,6uVk8ngFAMrGL24sXxW1EZ,103644195212255,kingvik,2026-08-23T12:37:16.815000+00:00,Rwanda,30.190327365521,-1.9852648153691,0.0055
2521317425008811,6uVk8ngFAMrGL24sXxW1EZ,103644195212255,kingvik,2026-08-23T12:38:36.237000+00:00,Rwanda,30.197839750253,-1.9848114276036,0.0119
2533517917153309,6uVk8ngFAMrGL24sXxW1EZ,103644195212255,kingvik,2026-08-23T12:37:21.444000+00:00,Rwanda,30.190662677553,-1.9852753996967,0.0049
2536341523479062,6uVk8ngFAMrGL24sXxW1EZ,103644195212255,kingvik,2026-08-23T12:38:27.431000+00:00,Rwanda,30.196659562222,-1.9848348129293,0.012
2774465139603660,6uVk8ngFAMrGL24sXxW1EZ,103644195212255,kingvik,2026-08-23T12:37:22.817000+00:00,Rwanda,30.190759452941,-1.9852796519608,0.0052
2924341541261344,6uVk8ngFAMrGL24sXxW1EZ,103644195212255,kingvik,2026-08-23T12:39:22.765000+00:00,Rwanda,30.203921800606,-1.9839421381818,0.0123
2964717760542489,6uVk8ngFAMrGL24sXxW1EZ,103644195212255,kingvik,2026-08-23T12:38:08.228000+00:00,Rwanda,30.194085042063,-1.985045762184,0.0115
3128339617558410,6uVk8ngFAMrGL24sXxW1EZ,103644195212255,kingvik,2026-08-23T12:37:06.005000+00:00,Rwanda,30.189607285642,-1.9852415885743,0.0039
3350015428514985,6uVk8ngFAMrGL24sXxW1EZ,103644195212255,kingvik,2026-08-23T12:37:47.672000+00:00,Rwanda,30.191781704412,-1.9852424820588,0.0067
3530918857065251,6uVk8ngFAMrGL24sXxW1EZ,103644195212255,kingvik,2026-08-23T12:38:45.851000+00:00,Rwanda,30.199117305657,-1.9848979315152,0.0116
3785028281653218,6uVk8ngFAMrGL24sXxW1EZ,103644195212255,kingvik,2026-08-23T12:38:53.151000+00:00,Rwanda,30.200062228754,-1.9849011596663,0.0114
4307120149540382,6uVk8ngFAMrGL24sXxW1EZ,103644195212255,kingvik,2026-08-23T12:39:26.776000+00:00,Rwanda,30.204430033562,-1.9837038505397,0.0123
4369585146521543,6uVk8ngFAMrGL24sXxW1EZ,103644195212255,kingvik,2026-08-23T12:38:33.847000+00:00,Rwanda,30.197518807059,-1.9847964670588,0.0119
4378113822517486,6uVk8ngFAMrGL24sXxW1EZ,103644195212255,kingvik,2026-08-23T12:38:25.028000+00:00,Rwanda,30.19633580303,-1.9848620024242,0.012
4435603466712395,6uVk8ngFAMrGL24sXxW1EZ,103644195212255,kingvik,2026-08-23T12:37:26.947000+00:00,Rwanda,30.191026850758,-1.9852865058645,0.0043
4581090638879836,6uVk8ngFAMrGL24sXxW1EZ,103644195212255,kingvik,2026-08-23T12:37:13.610000+00:00,Rwanda,30.190091085182,-1.98525750579,0.0054
4615786698733078,6uVk8ngFAMrGL24sXxW1EZ,103644195212255,kingvik,2026-08-23T12:37:31.153000+00:00,Rwanda,30.191196772323,-1.9852840175758,0.0048
27703720385994797,6uVk8ngFAMrGL24sXxW1EZ,103644195212255,kingvik,2026-08-23T12:37:51.965000+00:00,Rwanda,30.192206361818,-1.9852044173737,0.0078
28042820172026914,6uVk8ngFAMrGL24sXxW1EZ,103644195212255,kingvik,2026-08-23T12:37:48.367000+00:00,Rwanda,30.191847930738,-1.9852384947422,0.0074
28096643923325733,6uVk8ngFAMrGL24sXxW1EZ,103644195212255,kingvik,2026-08-23T12:37:04.202000+00:00,Rwanda,30.189496804853,-1.9852366010111,0.0048
28108379815513430,6uVk8ngFAMrGL24sXxW1EZ,103644195212255,kingvik,2026-08-23T12:37:35.830000+00:00,Rwanda,30.191292664914,-1.9852820694641,0.0036
28264729276455489,6uVk8ngFAMrGL24sXxW1EZ,103644195212255,kingvik,2026-08-23T12:37:00.696000+00:00,Rwanda,30.189235138726,-1.9852318258847,0.005
28764538713143346,6uVk8ngFAMrGL24sXxW1EZ,103644195212255,kingvik,2026-08-23T12:38:31.443000+00:00,Rwanda,30.197197510991,-1.9847988597645,0.0119
28970513172551685,6uVk8ngFAMrGL24sXxW1EZ,103644195212255,kingvik,2026-08-23T12:37:12.944000+00:00,Rwanda,30.190042489293,-1.9852555290909,0.0051
827529743719951,6uVk8ngFAMrGL24sXxW1EZ,103644195212255,kingvik,2026-08-23T12:41:19.412000+00:00,Rwanda,30.216373709091,-1.9816798252525,0.0057
827885573684105,6uVk8ngFAMrGL24sXxW1EZ,103644195212255,kingvik,2026-08-23T12:40:01.199000+00:00,Rwanda,30.20814135,-1.98115145,0.0128
839951785775789,6uVk8ngFAMrGL24sXxW1EZ,103644195212255,kingvik,2026-08-23T12:39:34.783000+00:00,Rwanda,30.205365116768,-1.9831671707071,0.0117
859768490422712,6uVk8ngFAMrGL24sXxW1EZ,103644195212255,kingvik,2026-08-23T12:44:34.977000+00:00,Rwanda,30.221508948184,-1.9796084169774,0.0045
880929811652729,6uVk8ngFAMrGL24sXxW1EZ,103644195212255,kingvik,2026-08-23T12:44:09.128000+00:00,Rwanda,30.220709371933,-1.9797012125613,0.003
902006422623383,6uVk8ngFAMrGL24sXxW1EZ,103644195212255,kingvik,2026-08-23T12:44:14.967000+00:00,Rwanda,30.220892217778,-1.9796551288889,0.0058
904724735682824,6uVk8ngFAMrGL24sXxW1EZ,103644195212255,kingvik,2026-08-23T12:42:31.868000+00:00,Rwanda,30.218217181818,-1.9808008046465,0.0041
913455358044253,6uVk8ngFAMrGL24sXxW1EZ,103644195212255,kingvik,2026-08-23T12:42:16.783000+00:00,Rwanda,30.217706072727,-1.9810347909091,0.0039
915648637798047,6uVk8ngFAMrGL24sXxW1EZ,103644195212255,kingvik,2026-08-23T12:39:53.191000+00:00,Rwanda,30.207208262745,-1.9817384647059,0.0115
917810578063059,6uVk8ngFAMrGL24sXxW1EZ,103644195212255,kingvik,2026-08-23T12:44:23.341000+00:00,Rwanda,30.221169967451,-1.9796216592157,0.0035
923114984199211,6uVk8ngFAMrGL24sXxW1EZ,103644195212255,kingvik,2026-08-23T12:41:07.702000+00:00,Rwanda,30.216052295354,-1.9818277971717,0.0064
937799525358463,6uVk8ngFAMrGL24sXxW1EZ,103644195212255,kingvik,2026-08-23T12:42:28.492000+00:00,Rwanda,30.218146342265,-1.9808320339737,0.0052
942700765529999,6uVk8ngFAMrGL24sXxW1EZ,103644195212255,kingvik,2026-08-23T12:44:19.165000+00:00,Rwanda,30.22102738899,-1.9796390092929,0.0031
948332477659852,6uVk8ngFAMrGL24sXxW1EZ,103644195212255,kingvik,2026-08-23T12:41:12.710000+00:00,Rwanda,30.216233989394,-1.9817462386869,0.0052
952301411269936,6uVk8ngFAMrGL24sXxW1EZ,103644195212255,kingvik,2026-08-23T12:41:27.751000+00:00,Rwanda,30.216653523232,-1.9815307141414,0.0046
1017975921059075,6uVk8ngFAMrGL24sXxW1EZ,103644195212255,kingvik,2026-08-23T12:41:30.197000+00:00,Rwanda,30.216678649697,-1.981516089697,0.0032
1020263304374113,6uVk8ngFAMrGL24sXxW1EZ,103644195212255,kingvik,2026-08-23T12:42:07.639000+00:00,Rwanda,30.217414253488,-1.981173582912,0.0032
1025323370264428,6uVk8ngFAMrGL24sXxW1EZ,103644195212255,kingvik,2026-08-23T12:40:43.520000+00:00,Rwanda,30.213585766026,-1.9825417338726,0.0111
1031754073240148,6uVk8ngFAMrGL24sXxW1EZ,103644195212255,kingvik,2026-08-23T12:41:44.862000+00:00,Rwanda,30.217025738371,-1.9813552888126,0.0037
1036301139179142,6uVk8ngFAMrGL24sXxW1EZ,103644195212255,kingvik,2026-08-23T12:41:40.665000+00:00,Rwanda,30.216881021492,-1.9814200494603,0.0032
1036435265880358,6uVk8ngFAMrGL24sXxW1EZ,103644195212255,kingvik,2026-08-23T12:40:54.330000+00:00,Rwanda,30.214771446516,-1.982342531894,0.0097
1036762945796682,6uVk8ngFAMrGL24sXxW1EZ,103644195212255,kingvik,2026-08-23T12:40:04.399000+00:00,Rwanda,30.208598057507,-1.9810546453386,0.013
1037749465700113,6uVk8ngFAMrGL24sXxW1EZ,103644195212255,kingvik,2026-08-23T12:40:42.675000+00:00,Rwanda,30.2134859,-1.9825460823529,0.0113
1039774735358554,6uVk8ngFAMrGL24sXxW1EZ,103644195212255,kingvik,2026-08-23T12:42:22.700000+00:00,Rwanda,30.217957141414,-1.9809183939394,0.0043
1040233555521056,6uVk8ngFAMrGL24sXxW1EZ,103644195212255,kingvik,2026-08-23T12:39:44.386000+00:00,Rwanda,30.206328938824,-1.9824218756863,0.0113
1041413428792373,6uVk8ngFAMrGL24sXxW1EZ,103644195212255,kingvik,2026-08-23T12:40:02.007000+00:00,Rwanda,30.208253048889,-1.9811150977778,0.0131
1041859538687650,6uVk8ngFAMrGL24sXxW1EZ,103644195212255,kingvik,2026-08-23T12:42:09.282000+00:00,Rwanda,30.217448848479,-1.9811584407262,0.0042
1042545065244053,6uVk8ngFAMrGL24sXxW1EZ,103644195212255,kingvik,2026-08-23T12:40:19.618000+00:00,Rwanda,30.210571852376,-1.9819420308392,0.0126
1042762588526307,6uVk8ngFAMrGL24sXxW1EZ,103644195212255,kingvik,2026-08-23T12:41:10.207000+00:00,Rwanda,30.216164029899,-1.9817777820202,0.004
1046480794817084,6uVk8ngFAMrGL24sXxW1EZ,103644195212255,kingvik,2026-08-23T12:43:50.749000+00:00,Rwanda,30.220137719608,-1.9799187147059,0.0055
1046833874718298,6uVk8ngFAMrGL24sXxW1EZ,103644195212255,kingvik,2026-08-23T12:39:51.584000+00:00,Rwanda,30.207048067273,-1.9818669127273,0.011
1048339148172725,6uVk8ngFAMrGL24sXxW1EZ,103644195212255,kingvik,2026-08-23T12:43:20.731000+00:00,Rwanda,30.219292957647,-1.9803112194118,0.0056
1049030028009766,6uVk8ngFAMrGL24sXxW1EZ,103644195212255,kingvik,2026-08-23T12:43:24.895000+00:00,Rwanda,30.219420602355,-1.980253058685,0.0035
1051457241106048,6uVk8ngFAMrGL24sXxW1EZ,103644195212255,kingvik,2026-08-23T12:44:45.058000+00:00,Rwanda,30.22184330303,-1.9796210449495,0.004
1053255167412016,6uVk8ngFAMrGL24sXxW1EZ,103644195212255,kingvik,2026-08-23T12:41:17.747000+00:00,Rwanda,30.21632811098,-1.9817033772549,0.0044
1055987024063831,6uVk8ngFAMrGL24sXxW1EZ,103644195212255,kingvik,2026-08-23T12:40:39.322000+00:00,Rwanda,30.213077770707,-1.9825436466667,0.0115
1060238656814154,6uVk8ngFAMrGL24sXxW1EZ,103644195212255,kingvik,2026-08-23T12:44:42.554000+00:00,Rwanda,30.22173922798,-1.9796151565657,0.0039
1060914980002265,6uVk8ngFAMrGL24sXxW1EZ,103644195212255,kingvik,2026-08-23T12:40:06.005000+00:00,Rwanda,30.208834715875,-1.981050656724,0.0133
1061130892989480,6uVk8ngFAMrGL24sXxW1EZ,103644195212255,kingvik,2026-08-23T12:41:01.841000+00:00,Rwanda,30.215549277647,-1.9820502129412,0.0098
1061368433108326,6uVk8ngFAMrGL24sXxW1EZ,103644195212255,kingvik,2026-08-23T12:39:29.976000+00:00,Rwanda,30.204822882929,-1.9835099876768,0.012
1062236273276560,6uVk8ngFAMrGL24sXxW1EZ,103644195212255,kingvik,2026-08-23T12:42:45.208000+00:00,Rwanda,30.218637554545,-1.9806112,0.004
1062679129497511,6uVk8ngFAMrGL24sXxW1EZ,103644195212255,kingvik,2026-08-23T12:40:18.011000+00:00,Rwanda,30.210375572424,-1.9818301944063,0.0126
1068503815828781,6uVk8ngFAMrGL24sXxW1EZ,103644195212255,kingvik,2026-08-23T12:40:59.337000+00:00,Rwanda,30.215293557605,-1.982157777527,0.0098
1068571338871235,6uVk8ngFAMrGL24sXxW1EZ,103644195212255,kingvik,2026-08-23T12:41:26.057000+00:00,Rwanda,30.216616929091,-1.9815505981818,0.0031
1068860072366025,6uVk8ngFAMrGL24sXxW1EZ,103644195212255,kingvik,2026-08-23T12:43:05.959000+00:00,Rwanda,30.219040174242,-1.9804292587879,0.0036
1069694312622030,6uVk8ngFAMrGL24sXxW1EZ,103644195212255,kingvik,2026-08-23T12:40:30.117000+00:00,Rwanda,30.211924926667,-1.9823798854545,0.0117
1069847879231164,6uVk8ngFAMrGL24sXxW1EZ,103644195212255,kingvik,2026-08-23T12:41:37.365000+00:00,Rwanda,30.216780993428,-1.981466532457,0.0048
1070772368745257,6uVk8ngFAMrGL24sXxW1EZ,103644195212255,kingvik,2026-08-23T12:40:15.608000+00:00,Rwanda,30.210087369872,-1.9816419380765,0.0128
1071977975218800,6uVk8ngFAMrGL24sXxW1EZ,103644195212255,kingvik,2026-08-23T12:44:22.478000+00:00,Rwanda,30.221139026188,-1.9796251557128,0.0031
1072216111889064,6uVk8ngFAMrGL24sXxW1EZ,103644195212255,kingvik,2026-08-23T12:39:59.605000+00:00,Rwanda,30.207933309899,-1.9812456773737,0.0126
1072276445749154,6uVk8ngFAMrGL24sXxW1EZ,103644195212255,kingvik,2026-08-23T12:40:17.214000+00:00,Rwanda,30.210279253939,-1.9817699456566,0.0129
1074717015062425,6uVk8ngFAMrGL24sXxW1EZ,103644195212255,kingvik,2026-08-23T12:41:50.727000+00:00,Rwanda,30.217210411111,-1.9812714378788,0.0055
1074930211734339,6uVk8ngFAMrGL24sXxW1EZ,103644195212255,kingvik,2026-08-23T12:42:30.195000+00:00,Rwanda,30.218183001276,-1.9808156894995,0.0045
1075103208311973,6uVk8ngFAMrGL24sXxW1EZ,103644195212255,kingvik,2026-08-23T12:44:04.960000+00:00,Rwanda,30.220582278824,-1.9797427631373,0.0031
1076621148092997,6uVk8ngFAMrGL24sXxW1EZ,103644195212255,kingvik,2026-08-23T12:43:02.461000+00:00,Rwanda,30.219010929697,-1.9804427145455,0.0037
1077061361537619,6uVk8ngFAMrGL24sXxW1EZ,103644195212255,kingvik,2026-08-23T12:42:41.010000+00:00,Rwanda,30.218480978665,-1.9806812399393,0.0032
1077610738185697,6uVk8ngFAMrGL24sXxW1EZ,103644195212255,kingvik,2026-08-23T12:43:47.452000+00:00,Rwanda,30.22004105202,-1.9799616121212,0.0032
1079687007892820,6uVk8ngFAMrGL24sXxW1EZ,103644195212255,kingvik,2026-08-23T12:44:00.756000+00:00,Rwanda,30.220446290909,-1.979791840404,0.0032
1079937571233748,6uVk8ngFAMrGL24sXxW1EZ,103644195212255,kingvik,2026-08-23T12:41:43.167000+00:00,Rwanda,30.216965518449,-1.9813816524043,0.0033
1085807420801219,6uVk8ngFAMrGL24sXxW1EZ,103644195212255,kingvik,2026-08-23T12:43:43.254000+00:00,Rwanda,30.219906227098,-1.9800237421638,0.003
1086336893884031,6uVk8ngFAMrGL24sXxW1EZ,103644195212255,kingvik,2026-08-23T12:39:58.795000+00:00,Rwanda,30.207833963195,-1.9813004529828,0.0122
1086414484077229,6uVk8ngFAMrGL24sXxW1EZ,103644195212255,kingvik,2026-08-23T12:40:44.329000+00:00,Rwanda,30.21368016202,-1.9825349774747,0.0105
1087630323632920,6uVk8ngFAMrGL24sXxW1EZ,103644195212255,kingvik,2026-08-23T12:41:05.199000+00:00,Rwanda,30.215872977778,-1.9819069666667,0.0095
1088800257163578,6uVk8ngFAMrGL24sXxW1EZ,103644195212255,kingvik,2026-08-23T12:42:44.371000+00:00,Rwanda,30.218604920707,-1.9806261253189,0.0041
1089053920229312,6uVk8ngFAMrGL24sXxW1EZ,103644195212255,kingvik,2026-08-23T12:43:31.546000+00:00,Rwanda,30.219616886364,-1.9801615145455,0.0057
1089732223492238,6uVk8ngFAMrGL24sXxW1EZ,103644195212255,kingvik,2026-08-23T12:40:46.833000+00:00,Rwanda,30.213965333165,-1.9825066413549,0.0102
1090132773457537,6uVk8ngFAMrGL24sXxW1EZ,103644195212255,kingvik,2026-08-23T12:43:23.234000+00:00,Rwanda,30.219365863592,-1.9802779378803,0.003
1091303293844995,6uVk8ngFAMrGL24sXxW1EZ,103644195212255,kingvik,2026-08-23T12:43:59.954000+00:00,Rwanda,30.22041907998,-1.9798021373896,0.0033
1092180223324138,6uVk8ngFAMrGL24sXxW1EZ,103644195212255,kingvik,2026-08-23T12:43:54.123000+00:00,Rwanda,30.220233428182,-1.9798777360606,0.0058
1096404979479044,6uVk8ngFAMrGL24sXxW1EZ,103644195212255,kingvik,2026-08-23T12:44:03.259000+00:00,Rwanda,30.22052769,-1.97976196,0.003
1096833756033953,6uVk8ngFAMrGL24sXxW1EZ,103644195212255,kingvik,2026-08-23T12:44:33.349000+00:00,Rwanda,30.22146865,-1.9796083444444,0.0047
1098865859378536,6uVk8ngFAMrGL24sXxW1EZ,103644195212255,kingvik,2026-08-23T12:43:57.450000+00:00,Rwanda,30.220335702059,-1.9798349118627,0.0032
1100427029599208,6uVk8ngFAMrGL24sXxW1EZ,103644195212255,kingvik,2026-08-23T12:43:32.406000+00:00,Rwanda,30.219641081845,-1.9801493902846,0.003
1101277542335103,6uVk8ngFAMrGL24sXxW1EZ,103644195212255,kingvik,2026-08-23T12:42:46.865000+00:00,Rwanda,30.218699374444,-1.9805827752525,0.0038
1103959612285591,6uVk8ngFAMrGL24sXxW1EZ,103644195212255,kingvik,2026-08-23T12:40:22.807000+00:00,Rwanda,30.210978703535,-1.9821156025253,0.0122
1112474664776334,6uVk8ngFAMrGL24sXxW1EZ,103644195212255,kingvik,2026-08-23T12:44:08.266000+00:00,Rwanda,30.220683305455,-1.9797095981818,0.0057
1127003693198719,6uVk8ngFAMrGL24sXxW1EZ,103644195212255,kingvik,2026-08-23T12:40:57.687000+00:00,Rwanda,30.21512323697,-1.9822251066667,0.0105
1134416955581631,6uVk8ngFAMrGL24sXxW1EZ,103644195212255,kingvik,2026-08-23T12:41:01.045000+00:00,Rwanda,30.215468588372,-1.9820848651163,0.0105
1227937609520841,6uVk8ngFAMrGL24sXxW1EZ,103644195212255,kingvik,2026-08-23T12:39:32.380000+00:00,Rwanda,30.205098966061,-1.9833429288889,0.0118
1233605708912350,6uVk8ngFAMrGL24sXxW1EZ,103644195212255,kingvik,2026-08-23T12:41:39.017000+00:00,Rwanda,30.216828276441,-1.9814442381193,0.0058
1235780398683917,6uVk8ngFAMrGL24sXxW1EZ,103644195212255,kingvik,2026-08-23T12:43:45.742000+00:00,Rwanda,30.219986867713,-1.9799868829244,0.0032
1271855744973223,6uVk8ngFAMrGL24sXxW1EZ,103644195212255,kingvik,2026-08-23T12:41:33.267000+00:00,Rwanda,30.216706348485,-1.9815023636364,0.0034
1284753680294322,6uVk8ngFAMrGL24sXxW1EZ,103644195212255,kingvik,2026-08-23T12:43:49.115000+00:00,Rwanda,30.220091990909,-1.9799379393939,0.0032
1297337612353637,6uVk8ngFAMrGL24sXxW1EZ,103644195212255,kingvik,2026-08-23T12:42:33.500000+00:00,Rwanda,30.21825077816,-1.9807859555106,0.0041
1299887299873049,6uVk8ngFAMrGL24sXxW1EZ,103644195212255,kingvik,2026-08-23T12:44:24.172000+00:00,Rwanda,30.221199802932,-1.9796184493428,0.0033
1321254309870715,6uVk8ngFAMrGL24sXxW1EZ,103644195212255,kingvik,2026-08-23T12:40:09.206000+00:00,Rwanda,30.209294414328,-1.9811521176644,0.0131
1332872275589002,6uVk8ngFAMrGL24sXxW1EZ,103644195212255,kingvik,2026-08-23T12:42:43.514000+00:00,Rwanda,30.218571546465,-1.9806412562626,0.0038
1339067861334849,6uVk8ngFAMrGL24sXxW1EZ,103644195212255,kingvik,2026-08-23T12:42:48.506000+00:00,Rwanda,30.218754683333,-1.9805565666667,0.0033
1361833758963384,6uVk8ngFAMrGL24sXxW1EZ,103644195212255,kingvik,2026-08-23T12:43:27.398000+00:00,Rwanda,30.219499958292,-1.9802172372915,0.0031
1366126865500030,6uVk8ngFAMrGL24sXxW1EZ,103644195212255,kingvik,2026-08-23T12:40:27.614000+00:00,Rwanda,30.211604282305,-1.9822973125379,0.0119
1368916118738272,6uVk8ngFAMrGL24sXxW1EZ,103644195212255,kingvik,2026-08-23T12:40:08.409000+00:00,Rwanda,30.209183837778,-1.981112259596,0.0133
1371597014563681,6uVk8ngFAMrGL24sXxW1EZ,103644195212255,kingvik,2026-08-23T12:42:19.287000+00:00,Rwanda,30.217810431515,-1.9809869163636,0.0042
1373352402517301,6uVk8ngFAMrGL24sXxW1EZ,103644195212255,kingvik,2026-08-23T12:44:26.675000+00:00,Rwanda,30.221285000606,-1.9796110181818,0.0031
1377967894449872,6uVk8ngFAMrGL24sXxW1EZ,103644195212255,kingvik,2026-08-23T12:43:08.229000+00:00,Rwanda,30.219065491313,-1.9804178844444,0.0031
1381061724219668,6uVk8ngFAMrGL24sXxW1EZ,103644195212255,kingvik,2026-08-23T12:44:43.390000+00:00,Rwanda,30.221774339394,-1.9796171048485,0.0039
1381086604140721,6uVk8ngFAMrGL24sXxW1EZ,103644195212255,kingvik,2026-08-23T12:40:41.028000+00:00,Rwanda,30.213286908529,-1.9825475145098,0.0115
1381492513397248,6uVk8ngFAMrGL24sXxW1EZ,103644195212255,kingvik,2026-08-23T12:42:21.852000+00:00,Rwanda,30.217921821818,-1.9809344887879,0.0045
1381951543392166,6uVk8ngFAMrGL24sXxW1EZ,103644195212255,kingvik,2026-08-23T12:39:36.378000+00:00,Rwanda,30.205532472828,-1.9830458177778,0.0114
1383509293760993,6uVk8ngFAMrGL24sXxW1EZ,103644195212255,kingvik,2026-08-23T12:39:48.396000+00:00,Rwanda,30.206732926364,-1.9821100488889,0.0114
1387804483338489,6uVk8ngFAMrGL24sXxW1EZ,103644195212255,kingvik,2026-08-23T12:39:43.589000+00:00,Rwanda,30.206248988878,-1.9824840912032,0.0114
1393156336254496,6uVk8ngFAMrGL24sXxW1EZ,103644195212255,kingvik,2026-08-23T12:41:21.916000+00:00,Rwanda,30.216461981699,-1.9816305660263,0.0042
1398648655559555,6uVk8ngFAMrGL24sXxW1EZ,103644195212255,kingvik,2026-08-23T12:42:12.647000+00:00,Rwanda,30.217550265217,-1.9811082304348,0.0035
1402722335377543,6uVk8ngFAMrGL24sXxW1EZ,103644195212255,kingvik,2026-08-23T12:44:10.770000+00:00,Rwanda,30.22076183185,-1.9796853319515,0.003
1402766791736627,6uVk8ngFAMrGL24sXxW1EZ,103644195212255,kingvik,2026-08-23T12:44:38.356000+00:00,Rwanda,30.221589776036,-1.9796103655207,0.0047
1404931998401610,6uVk8ngFAMrGL24sXxW1EZ,103644195212255,kingvik,2026-08-23T12:40:41.826000+00:00,Rwanda,30.213384078868,-1.982547486451,0.0108
1408446068097914,6uVk8ngFAMrGL24sXxW1EZ,103644195212255,kingvik,2026-08-23T12:41:49.033000+00:00,Rwanda,30.217165220606,-1.9812926133333,0.0032
1410418407864327,6uVk8ngFAMrGL24sXxW1EZ,103644195212255,kingvik,2026-08-23T12:42:51.873000+00:00,Rwanda,30.218852091313,-1.9805120523232,0.0054
1415908030433932,6uVk8ngFAMrGL24sXxW1EZ,103644195212255,kingvik,2026-08-23T12:42:49.369000+00:00,Rwanda,30.218782404853,-1.9805437485339,0.0034
1417401503613143,6uVk8ngFAMrGL24sXxW1EZ,103644195212255,kingvik,2026-08-23T12:44:25.845000+00:00,Rwanda,30.221256981551,-1.9796129167812,0.0033
1423532183085352,6uVk8ngFAMrGL24sXxW1EZ,103644195212255,kingvik,2026-08-23T12:40:40.185000+00:00,Rwanda,30.21318362093,-1.982546335996,0.0118
1430587192217944,6uVk8ngFAMrGL24sXxW1EZ,103644195212255,kingvik,2026-08-23T12:42:25.988000+00:00,Rwanda,30.218077686667,-1.9808631381818,0.0032
1432638455399470,6uVk8ngFAMrGL24sXxW1EZ,103644195212255,kingvik,2026-08-23T12:39:41.982000+00:00,Rwanda,30.206089870756,-1.9826100234544,0.0112
1434140551916685,6uVk8ngFAMrGL24sXxW1EZ,103644195212255,kingvik,2026-08-23T12:41:42.372000+00:00,Rwanda,30.21693864101,-1.9813939010101,0.0035
1457680076198950,6uVk8ngFAMrGL24sXxW1EZ,103644195212255,kingvik,2026-08-23T12:42:40.200000+00:00,Rwanda,30.218454720909,-1.9806933863636,0.0033
1474870517783403,6uVk8ngFAMrGL24sXxW1EZ,103644195212255,kingvik,2026-08-23T12:40:48.527000+00:00,Rwanda,30.214151415672,-1.9824772615774,0.0104
1475180467778997,6uVk8ngFAMrGL24sXxW1EZ,103644195212255,kingvik,2026-08-23T12:43:44.116000+00:00,Rwanda,30.219933281452,-1.9800113510304,0.0033
1510854217461242,6uVk8ngFAMrGL24sXxW1EZ,103644195212255,kingvik,2026-08-23T12:39:55.595000+00:00,Rwanda,30.20746381423,-1.9815388432777,0.0121
1534078388004055,6uVk8ngFAMrGL24sXxW1EZ,103644195212255,kingvik,2026-08-23T12:42:25.188000+00:00,Rwanda,30.218051501276,-1.9808752617272,0.0036
1535430691714325,6uVk8ngFAMrGL24sXxW1EZ,103644195212255,kingvik,2026-08-23T12:39:50.787000+00:00,Rwanda,30.206969578705,-1.9819273052012,0.011
1539271497369320,6uVk8ngFAMrGL24sXxW1EZ,103644195212255,kingvik,2026-08-23T12:40:31.822000+00:00,Rwanda,30.212141923062,-1.9824295815505,0.0122
1551866193101925,6uVk8ngFAMrGL24sXxW1EZ,103644195212255,kingvik,2026-08-23T12:41:21.049000+00:00,Rwanda,30.216428583636,-1.9816491,0.0036
1555125859443659,6uVk8ngFAMrGL24sXxW1EZ,103644195212255,kingvik,2026-08-23T12:40:34.326000+00:00,Rwanda,30.212456244259,-1.9824890969578,0.0119
1557247129278567,6uVk8ngFAMrGL24sXxW1EZ,103644195212255,kingvik,2026-08-23T12:44:28.341000+00:00,Rwanda,30.221337496162,-1.9796085429293,0.0058
1558632578494631,6uVk8ngFAMrGL24sXxW1EZ,103644195212255,kingvik,2026-08-23T12:42:23.494000+00:00,Rwanda,30.217989029735,-1.980904044946,0.0039
1560573599172855,6uVk8ngFAMrGL24sXxW1EZ,103644195212255,kingvik,2026-08-23T12:42:36.876000+00:00,Rwanda,30.218347385859,-1.9807435050505,0.0064
1561854568744711,6uVk8ngFAMrGL24sXxW1EZ,103644195212255,kingvik,2026-08-23T12:39:57.998000+00:00,Rwanda,30.207739458137,-1.9813568564706,0.0122
1563196598129705,6uVk8ngFAMrGL24sXxW1EZ,103644195212255,kingvik,2026-08-23T12:44:24.981000+00:00,Rwanda,30.221227636465,-1.9796157064646,0.0031
1566843641567639,6uVk8ngFAMrGL24sXxW1EZ,103644195212255,kingvik,2026-08-23T12:42:42.705000+00:00,Rwanda,30.218540668959,-1.9806549110212,0.0037
1570764291121212,6uVk8ngFAMrGL24sXxW1EZ,103644195212255,kingvik,2026-08-23T12:42:37.706000+00:00,Rwanda,30.218374609617,-1.9807309023553,0.0033
1574317214243805,6uVk8ngFAMrGL24sXxW1EZ,103644195212255,kingvik,2026-08-23T12:43:24.035000+00:00,Rwanda,30.219391539596,-1.9802661844444,0.0031
1576450420941273,6uVk8ngFAMrGL24sXxW1EZ,103644195212255,kingvik,2026-08-23T12:42:55.206000+00:00,Rwanda,30.218923006575,-1.9804797729146,0.004
1580576626797289,6uVk8ngFAMrGL24sXxW1EZ,103644195212255,kingvik,2026-08-23T12:39:30.785000+00:00,Rwanda,30.204917600101,-1.9834556659252,0.0121
1582421823351956,6uVk8ngFAMrGL24sXxW1EZ,103644195212255,kingvik,2026-08-23T12:42:46.002000+00:00,Rwanda,30.218668023062,-1.980597130422,0.0037
1584541789881912,6uVk8ngFAMrGL24sXxW1EZ,103644195212255,kingvik,2026-08-23T12:42:14.289000+00:00,Rwanda,30.217609300393,-1.9810800291462,0.0036
1586380499686422,6uVk8ngFAMrGL24sXxW1EZ,103644195212255,kingvik,2026-08-23T12:42:17.655000+00:00,Rwanda,30.217741311919,-1.9810184463636,0.0043
1586645756244192,6uVk8ngFAMrGL24sXxW1EZ,103644195212255,kingvik,2026-08-23T12:39:46.789000+00:00,Rwanda,30.206570683611,-1.9822341463199,0.0113
1586757253145122,6uVk8ngFAMrGL24sXxW1EZ,103644195212255,kingvik,2026-08-23T12:43:46.612000+00:00,Rwanda,30.220014971111,-1.9799738090909,0.0034
1587630319742701,6uVk8ngFAMrGL24sXxW1EZ,103644195212255,kingvik,2026-08-23T12:43:56.628000+00:00,Rwanda,30.220308893327,-1.9798461048534,0.0061
1592593812526112,6uVk8ngFAMrGL24sXxW1EZ,103644195212255,kingvik,2026-08-23T12:42:20.991000+00:00,Rwanda,30.217884812758,-1.9809518473994,0.0045
1593445972512674,6uVk8ngFAMrGL24sXxW1EZ,103644195212255,kingvik,2026-08-23T12:40:47.683000+00:00,Rwanda,30.214059277647,-1.9824924111765,0.0106
1595108145983546,6uVk8ngFAMrGL24sXxW1EZ,103644195212255,kingvik,2026-08-23T12:41:44.025000+00:00,Rwanda,30.216995356667,-1.9813684706061,0.0036
1597540015234423,6uVk8ngFAMrGL24sXxW1EZ,103644195212255,kingvik,2026-08-23T12:40:16.405000+00:00,Rwanda,30.210182170909,-1.9817062647475,0.0127
1598646491855487,6uVk8ngFAMrGL24sXxW1EZ,103644195212255,kingvik,2026-08-23T12:41:23.553000+00:00,Rwanda,30.21652689545,-1.9815962965622,0.004
1598759815141835,6uVk8ngFAMrGL24sXxW1EZ,103644195212255,kingvik,2026-08-23T12:41:45.662000+00:00,Rwanda,30.217055146006,-1.9813422077856,0.0036
1599744811504427,6uVk8ngFAMrGL24sXxW1EZ,103644195212255,kingvik,2026-08-23T12:42:41.867000+00:00,Rwanda,30.218510288235,-1.9806680870588,0.0036
1602115151582256,6uVk8ngFAMrGL24sXxW1EZ,103644195212255,kingvik,2026-08-23T12:40:11.610000+00:00,Rwanda,30.209603201961,-1.9813168886275,0.0128
1603345591485463,6uVk8ngFAMrGL24sXxW1EZ,103644195212255,kingvik,2026-08-23T12:39:40.388000+00:00,Rwanda,30.20593350736,-1.9827365806673,0.0111
1604077057855832,6uVk8ngFAMrGL24sXxW1EZ,103644195212255,kingvik,2026-08-23T12:41:25.247000+00:00,Rwanda,30.216591988372,-1.9815635802831,0.0038
1614142693568086,6uVk8ngFAMrGL24sXxW1EZ,103644195212255,kingvik,2026-08-23T12:41:24.405000+00:00,Rwanda,30.216561021176,-1.9815789268627,0.0043
1617234659920496,6uVk8ngFAMrGL24sXxW1EZ,103644195212255,kingvik,2026-08-23T12:44:04.139000+00:00,Rwanda,30.220556327806,-1.9797517969666,0.0034
1620474949745963,6uVk8ngFAMrGL24sXxW1EZ,103644195212255,kingvik,2026-08-23T12:40:33.484000+00:00,Rwanda,30.212350643636,-1.9824707969697,0.0123
1621335533111046,6uVk8ngFAMrGL24sXxW1EZ,103644195212255,kingvik,2026-08-23T12:43:10.733000+00:00,Rwanda,30.2190985,-1.9804048,0.0039
1622768186224484,6uVk8ngFAMrGL24sXxW1EZ,103644195212255,kingvik,2026-08-23T12:39:29.179000+00:00,Rwanda,30.204727882237,-1.9835608973503,0.0245
1623888192411789,6uVk8ngFAMrGL24sXxW1EZ,103644195212255,kingvik,2026-08-23T12:41:09.341000+00:00,Rwanda,30.216131462386,-1.9817927271992,0.0043
1625749552526634,6uVk8ngFAMrGL24sXxW1EZ,103644195212255,kingvik,2026-08-23T12:40:32.621000+00:00,Rwanda,30.212242391709,-1.9824498977755,0.0114
1626526409067707,6uVk8ngFAMrGL24sXxW1EZ,103644195212255,kingvik,2026-08-23T12:43:52.459000+00:00,Rwanda,30.22018538303,-1.97989806,0.0058
1627104145650031,6uVk8ngFAMrGL24sXxW1EZ,103644195212255,kingvik,2026-08-23T12:40:46.024000+00:00,Rwanda,30.213874296364,-1.9825174963636,0.0107
1627113842358195,6uVk8ngFAMrGL24sXxW1EZ,103644195212255,kingvik,2026-08-23T12:41:16.042000+00:00,Rwanda,30.216292385455,-1.9817195954545,0.0034
1633405628209734,6uVk8ngFAMrGL24sXxW1EZ,103644195212255,kingvik,2026-08-23T12:43:29.902000+00:00,Rwanda,30.219570835294,-1.9801832529412,0.003
1635968204823556,6uVk8ngFAMrGL24sXxW1EZ,103644195212255,kingvik,2026-08-23T12:43:44.949000+00:00,Rwanda,30.21996036,-1.9799989078788,0.0033
1636076654713499,6uVk8ngFAMrGL24sXxW1EZ,103644195212255,kingvik,2026-08-23T12:44:19.974000+00:00,Rwanda,30.221054933939,-1.9796350951515,0.0031
1646628583737413,6uVk8ngFAMrGL24sXxW1EZ,103644195212255,kingvik,2026-08-23T12:43:17.400000+00:00,Rwanda,30.219204377374,-1.9803538444444,0.0046
1655816499547780,6uVk8ngFAMrGL24sXxW1EZ,103644195212255,kingvik,2026-08-23T12:41:06.837000+00:00,Rwanda,30.215999950303,-1.9818511557576,0.0069
1673180124432824,6uVk8ngFAMrGL24sXxW1EZ,103644195212255,kingvik,2026-08-23T12:40:37.628000+00:00,Rwanda,30.21287,-1.9825336545455,0.0112
1673449313722419,6uVk8ngFAMrGL24sXxW1EZ,103644195212255,kingvik,2026-08-23T12:41:48.165000+00:00,Rwanda,30.217139254141,-1.9813045974747,0.0031
1680514226387679,6uVk8ngFAMrGL24sXxW1EZ,103644195212255,kingvik,2026-08-23T12:43:34.118000+00:00,Rwanda,30.219684691203,-1.9801272633974,0.0054
1691018165305270,6uVk8ngFAMrGL24sXxW1EZ,103644195212255,kingvik,2026-08-23T12:43:15.724000+00:00,Rwanda,30.219167716765,-1.9803722120588,0.0045
1716679329620192,6uVk8ngFAMrGL24sXxW1EZ,103644195212255,kingvik,2026-08-23T12:44:45.893000+00:00,Rwanda,30.221878376768,-1.9796229125253,0.0039
1719575300174140,6uVk8ngFAMrGL24sXxW1EZ,103644195212255,kingvik,2026-08-23T12:39:33.189000+00:00,Rwanda,30.205189809091,-1.9832851909091,0.012
1722361882350720,6uVk8ngFAMrGL24sXxW1EZ,103644195212255,kingvik,2026-08-23T12:39:52.394000+00:00,Rwanda,30.207128374216,-1.9818038673407,0.0113
1730325701576993,6uVk8ngFAMrGL24sXxW1EZ,103644195212255,kingvik,2026-08-23T12:43:59.131000+00:00,Rwanda,30.220391090909,-1.9798131448485,0.0035
1733091654408056,6uVk8ngFAMrGL24sXxW1EZ,103644195212255,kingvik,2026-08-23T12:40:23.616000+00:00,Rwanda,30.211084266667,-1.9821488575758,0.0123
1734201917705986,6uVk8ngFAMrGL24sXxW1EZ,103644195212255,kingvik,2026-08-23T12:39:54.797000+00:00,Rwanda,30.207375624242,-1.9816033329293,0.0122
1735001404434627,6uVk8ngFAMrGL24sXxW1EZ,103644195212255,kingvik,2026-08-23T12:41:02.694000+00:00,Rwanda,30.215634830233,-1.9820130983822,0.0104
1735921707622255,6uVk8ngFAMrGL24sXxW1EZ,103644195212255,kingvik,2026-08-23T12:40:50.187000+00:00,Rwanda,30.214329735329,-1.9824438517174,0.0103
1737054440869132,6uVk8ngFAMrGL24sXxW1EZ,103644195212255,kingvik,2026-08-23T12:41:06.039000+00:00,Rwanda,30.215943098626,-1.981876415211,0.0085
1737313184168852,6uVk8ngFAMrGL24sXxW1EZ,103644195212255,kingvik,2026-08-23T12:40:18.808000+00:00,Rwanda,30.210472431818,-1.9818874812121,0.0125
1741230560555058,6uVk8ngFAMrGL24sXxW1EZ,103644195212255,kingvik,2026-08-23T12:40:49.336000+00:00,Rwanda,30.214238837576,-1.9824613761616,0.0099
1743272979927114,6uVk8ngFAMrGL24sXxW1EZ,103644195212255,kingvik,2026-08-23T12:44:13.345000+00:00,Rwanda,30.220841062727,-1.9796647881818,0.006
1743279256913580,6uVk8ngFAMrGL24sXxW1EZ,103644195212255,kingvik,2026-08-23T12:40:24.413000+00:00,Rwanda,30.211188654956,-1.9821794737978,0.0121
1743358143593733,6uVk8ngFAMrGL24sXxW1EZ,103644195212255,kingvik,2026-08-23T12:40:07.600000+00:00,Rwanda,30.20906802548,-1.9810822367037,0.0131
1746884036639860,6uVk8ngFAMrGL24sXxW1EZ,103644195212255,kingvik,2026-08-23T12:42:20.158000+00:00,Rwanda,30.217848500506,-1.9809690337715,0.0047
1748521149690095,6uVk8ngFAMrGL24sXxW1EZ,103644195212255,kingvik,2026-08-23T12:40:21.212000+00:00,Rwanda,30.210772706667,-1.982037500404,0.0124
1757633595578120,6uVk8ngFAMrGL24sXxW1EZ,103644195212255,kingvik,2026-08-23T12:39:57.201000+00:00,Rwanda,30.207646783316,-1.9814151498483,0.0124
1759094425281099,6uVk8ngFAMrGL24sXxW1EZ,103644195212255,kingvik,2026-08-23T12:39:37.187000+00:00,Rwanda,30.205615606572,-1.9829836002022,0.0115
1766978837973527,6uVk8ngFAMrGL24sXxW1EZ,103644195212255,kingvik,2026-08-23T12:40:05.196000+00:00,Rwanda,30.208715242424,-1.9810486078788,0.013
1768489511239544,6uVk8ngFAMrGL24sXxW1EZ,103644195212255,kingvik,2026-08-23T12:43:22.409000+00:00,Rwanda,30.219340996667,-1.9802891344444,0.0059
1771106180600583,6uVk8ngFAMrGL24sXxW1EZ,103644195212255,kingvik,2026-08-23T12:42:13.495000+00:00,Rwanda,30.217579999798,-1.9810939652525,0.0037
1781934359467694,6uVk8ngFAMrGL24sXxW1EZ,103644195212255,kingvik,2026-08-23T12:41:54.025000+00:00,Rwanda,30.217278989118,-1.9812386785294,0.0038
1785385792507606,6uVk8ngFAMrGL24sXxW1EZ,103644195212255,kingvik,2026-08-23T12:44:39.984000+00:00,Rwanda,30.221641732483,-1.9796114196271,0.0058
1791922855156120,6uVk8ngFAMrGL24sXxW1EZ,103644195212255,kingvik,2026-08-23T12:41:41.522000+00:00,Rwanda,30.216909814646,-1.9814071267677,0.0035
1793135098529287,6uVk8ngFAMrGL24sXxW1EZ,103644195212255,kingvik,2026-08-23T12:42:05.984000+00:00,Rwanda,30.217388327401,-1.981185248635,0.0038
1794865515295337,6uVk8ngFAMrGL24sXxW1EZ,103644195212255,kingvik,2026-08-23T12:43:54.946000+00:00,Rwanda,30.220258382139,-1.979867002159,0.003
1797639357903269,6uVk8ngFAMrGL24sXxW1EZ,103644195212255,kingvik,2026-08-23T12:39:49.990000+00:00,Rwanda,30.206891075556,-1.9819873711111,0.0111
1801467674363409,6uVk8ngFAMrGL24sXxW1EZ,103644195212255,kingvik,2026-08-23T12:41:14.348000+00:00,Rwanda,30.216264244848,-1.9817324987879,0.0037
1810698823291100,6uVk8ngFAMrGL24sXxW1EZ,103644195212255,kingvik,2026-08-23T12:43:42.445000+00:00,Rwanda,30.219881705051,-1.9800351620202,0.0057
1812340193452054,6uVk8ngFAMrGL24sXxW1EZ,103644195212255,kingvik,2026-08-23T12:41:03.549000+00:00,Rwanda,30.215718928586,-1.9819756955556,0.0102
1831819901531529,6uVk8ngFAMrGL24sXxW1EZ,103644195212255,kingvik,2026-08-23T12:44:11.632000+00:00,Rwanda,30.220788950588,-1.9796778909804,0.0031
1837365213722920,6uVk8ngFAMrGL24sXxW1EZ,103644195212255,kingvik,2026-08-23T12:41:39.869000+00:00,Rwanda,30.216854967273,-1.9814317866667,0.0033
1841774043457077,6uVk8ngFAMrGL24sXxW1EZ,103644195212255,kingvik,2026-08-23T12:42:56.916000+00:00,Rwanda,30.218952153691,-1.9804660525784,0.0036
1850141516404782,6uVk8ngFAMrGL24sXxW1EZ,103644195212255,kingvik,2026-08-23T12:44:47.561000+00:00,Rwanda,30.221946772727,-1.9796292618182,0.0039
1878711136446889,6uVk8ngFAMrGL24sXxW1EZ,103644195212255,kingvik,2026-08-23T12:39:41.185000+00:00,Rwanda,30.206011705455,-1.9826734989899,0.0112
1978926109435508,6uVk8ngFAMrGL24sXxW1EZ,103644195212255,kingvik,2026-08-23T12:40:13.204000+00:00,Rwanda,30.209798823235,-1.9814444501961,0.013
1985755638804092,6uVk8ngFAMrGL24sXxW1EZ,103644195212255,kingvik,2026-08-23T12:44:36.689000+00:00,Rwanda,30.221547638524,-1.9796090214358,0.0043
1989840961723959,6uVk8ngFAMrGL24sXxW1EZ,103644195212255,kingvik,2026-08-23T12:41:46.530000+00:00,Rwanda,30.217085963838,-1.9813285183838,0.0037
2000020537367697,6uVk8ngFAMrGL24sXxW1EZ,103644195212255,kingvik,2026-08-23T12:43:40.751000+00:00,Rwanda,30.219835049899,-1.9800566010101,0.005
2011327366215675,6uVk8ngFAMrGL24sXxW1EZ,103644195212255,kingvik,2026-08-23T12:39:49.193000+00:00,Rwanda,30.20681236634,-1.9820484070658,0.0112
2042495616388413,6uVk8ngFAMrGL24sXxW1EZ,103644195212255,kingvik,2026-08-23T12:43:25.730000+00:00,Rwanda,30.219448719091,-1.9802404363636,0.0034
2067216391335772,6uVk8ngFAMrGL24sXxW1EZ,103644195212255,kingvik,2026-08-23T12:41:00.190000+00:00,Rwanda,30.215381238687,-1.982121770404,0.0105
2069517910598653,6uVk8ngFAMrGL24sXxW1EZ,103644195212255,kingvik,2026-08-23T12:42:24.356000+00:00,Rwanda,30.218021842929,-1.9808890025253,0.004
2070750090199377,6uVk8ngFAMrGL24sXxW1EZ,103644195212255,kingvik,2026-08-23T12:40:29.319000+00:00,Rwanda,30.211822815604,-1.9823540443572,0.0124
2078124636912313,6uVk8ngFAMrGL24sXxW1EZ,103644195212255,kingvik,2026-08-23T12:40:56.834000+00:00,Rwanda,30.215034605201,-1.9822578604514,0.0098
2078875262760068,6uVk8ngFAMrGL24sXxW1EZ,103644195212255,kingvik,2026-08-23T12:44:40.860000+00:00,Rwanda,30.22167299899,-1.9796120882828,0.0035
2082501632635334,6uVk8ngFAMrGL24sXxW1EZ,103644195212255,kingvik,2026-08-23T12:44:46.685000+00:00,Rwanda,30.221911951129,-1.9796261856722,0.0037
2089279804994367,6uVk8ngFAMrGL24sXxW1EZ,103644195212255,kingvik,2026-08-23T12:40:10.003000+00:00,Rwanda,30.209400632727,-1.9812010224242,0.013
2096212047653565,6uVk8ngFAMrGL24sXxW1EZ,103644195212255,kingvik,2026-08-23T12:40:10.813000+00:00,Rwanda,30.209504176542,-1.9812574298281,0.0131
2096429527654970,6uVk8ngFAMrGL24sXxW1EZ,103644195212255,kingvik,2026-08-23T12:39:35.581000+00:00,Rwanda,30.205449397448,-1.9831065858685,0.0115
2106699816722956,6uVk8ngFAMrGL24sXxW1EZ,103644195212255,kingvik,2026-08-23T12:43:35.744000+00:00,Rwanda,30.219718231345,-1.9801101480283,0.0042
2114319326174988,6uVk8ngFAMrGL24sXxW1EZ,103644195212255,kingvik,2026-08-23T12:44:01.635000+00:00,Rwanda,30.220475287879,-1.9797810929293,0.0034
2120615241851853,6uVk8ngFAMrGL24sXxW1EZ,103644195212255,kingvik,2026-08-23T12:40:52.679000+00:00,Rwanda,30.214595226667,-1.98238862,0.0104
2122511568651226,6uVk8ngFAMrGL24sXxW1EZ,103644195212255,kingvik,2026-08-23T12:44:17.471000+00:00,Rwanda,30.220972193333,-1.9796443266667,0.0058
2133178657628322,6uVk8ngFAMrGL24sXxW1EZ,103644195212255,kingvik,2026-08-23T12:44:09.960000+00:00,Rwanda,30.220735922727,-1.9796931944444,0.0031
2143379373055176,6uVk8ngFAMrGL24sXxW1EZ,103644195212255,kingvik,2026-08-23T12:42:15.984000+00:00,Rwanda,30.217674482728,-1.9810493273798,0.004
2147181072561674,6uVk8ngFAMrGL24sXxW1EZ,103644195212255,kingvik,2026-08-23T12:40:22.009000+00:00,Rwanda,30.210875169872,-1.9820787193327,0.0123
2155762182039280,6uVk8ngFAMrGL24sXxW1EZ,103644195212255,kingvik,2026-08-23T12:43:48.245000+00:00,Rwanda,30.220065607262,-1.9799501769382,0.003
2164016781161679,6uVk8ngFAMrGL24sXxW1EZ,103644195212255,kingvik,2026-08-23T12:42:15.150000+00:00,Rwanda,30.217642114343,-1.9810643833333,0.004
2206591790184998,6uVk8ngFAMrGL24sXxW1EZ,103644195212255,kingvik,2026-08-23T12:40:35.124000+00:00,Rwanda,30.212556771111,-1.9825035863636,0.0113
2223054585153276,6uVk8ngFAMrGL24sXxW1EZ,103644195212255,kingvik,2026-08-23T12:44:29.971000+00:00,Rwanda,30.221381366634,-1.9796080569185,0.0049
2242922103138733,6uVk8ngFAMrGL24sXxW1EZ,103644195212255,kingvik,2026-08-23T12:40:14.811000+00:00,Rwanda,30.209992839394,-1.9815762575758,0.0131
2243286903128078,6uVk8ngFAMrGL24sXxW1EZ,103644195212255,kingvik,2026-08-23T12:43:58.252000+00:00,Rwanda,30.2203619818,-1.9798244147624,0.0031
2256593528523974,6uVk8ngFAMrGL24sXxW1EZ,103644195212255,kingvik,2026-08-23T12:39:31.584000+00:00,Rwanda,30.205009166241,-1.9833998426889,0.0119
2258967094957352,6uVk8ngFAMrGL24sXxW1EZ,103644195212255,kingvik,2026-08-23T12:40:35.974000+00:00,Rwanda,30.212663918842,-1.982515918842,0.012
2263040544430837,6uVk8ngFAMrGL24sXxW1EZ,103644195212255,kingvik,2026-08-23T12:39:37.984000+00:00,Rwanda,30.205695895294,-1.9829225764706,0.0112
2266263334215921,6uVk8ngFAMrGL24sXxW1EZ,103644195212255,kingvik,2026-08-23T12:40:26.019000+00:00,Rwanda,30.211398366026,-1.9822400683519,0.0122
2266691784096865,6uVk8ngFAMrGL24sXxW1EZ,103644195212255,kingvik,2026-08-23T12:41:52.372000+00:00,Rwanda,30.21724738902,-1.9812527627451,0.0046
2279201872864060,6uVk8ngFAMrGL24sXxW1EZ,103644195212255,kingvik,2026-08-23T12:40:26.816000+00:00,Rwanda,30.211501278039,-1.9822692733333,0.0119
2281028816006115,6uVk8ngFAMrGL24sXxW1EZ,103644195212255,kingvik,2026-08-23T12:41:04.344000+00:00,Rwanda,30.215794917174,-1.9819413480864,0.0093
2289970198243985,6uVk8ngFAMrGL24sXxW1EZ,103644195212255,kingvik,2026-08-23T12:40:12.407000+00:00,Rwanda,30.209701140445,-1.9813795858443,0.0129
2313766649384277,6uVk8ngFAMrGL24sXxW1EZ,103644195212255,kingvik,2026-08-23T12:41:11.046000+00:00,Rwanda,30.216191180864,-1.9817655587831,0.0033
2328633104633085,6uVk8ngFAMrGL24sXxW1EZ,103644195212255,kingvik,2026-08-23T12:42:11.786000+00:00,Rwanda,30.217521764118,-1.9811221897059,0.0031
2354097951998908,6uVk8ngFAMrGL24sXxW1EZ,103644195212255,kingvik,2026-08-23T12:41:35.671000+00:00,Rwanda,30.216742257432,-1.9814857712841,0.0044
2362140587949827,6uVk8ngFAMrGL24sXxW1EZ,103644195212255,kingvik,2026-08-23T12:44:44.182000+00:00,Rwanda,30.221807480569,-1.9796192041217,0.0037
2456192214869198,6uVk8ngFAMrGL24sXxW1EZ,103644195212255,kingvik,2026-08-23T12:39:45.992000+00:00,Rwanda,30.206490251919,-1.9822962074747,0.0115
2457613644713350,6uVk8ngFAMrGL24sXxW1EZ,103644195212255,kingvik,2026-08-23T12:43:26.539000+00:00,Rwanda,30.219474703636,-1.980228910303,0.0032
2474416073066925,6uVk8ngFAMrGL24sXxW1EZ,103644195212255,kingvik,2026-08-23T12:39:45.183000+00:00,Rwanda,30.206409014762,-1.9823596862487,0.0113
2494963647647569,6uVk8ngFAMrGL24sXxW1EZ,103644195212255,kingvik,2026-08-23T12:40:51.031000+00:00,Rwanda,30.214419488384,-1.9824262212121,0.0102
2512491209227950,6uVk8ngFAMrGL24sXxW1EZ,103644195212255,kingvik,2026-08-23T12:39:53.988000+00:00,Rwanda,30.207289615672,-1.9816709254803,0.0118
2576255642880020,6uVk8ngFAMrGL24sXxW1EZ,103644195212255,kingvik,2026-08-23T12:39:42.779000+00:00,Rwanda,30.206168427576,-1.9825473651515,0.0112
2583027402211588,6uVk8ngFAMrGL24sXxW1EZ,103644195212255,kingvik,2026-08-23T12:41:20.251000+00:00,Rwanda,30.216400335918,-1.9816648776251,0.0034
2588292524960551,6uVk8ngFAMrGL24sXxW1EZ,103644195212255,kingvik,2026-08-23T12:39:47.587000+00:00,Rwanda,30.206651472727,-1.9821725393939,0.0113
2601560843638098,6uVk8ngFAMrGL24sXxW1EZ,103644195212255,kingvik,2026-08-23T12:40:20.415000+00:00,Rwanda,30.21067142787,-1.9819917696762,0.0124
2638007823367602,6uVk8ngFAMrGL24sXxW1EZ,103644195212255,kingvik,2026-08-23T12:40:14.001000+00:00,Rwanda,30.209895892214,-1.9815096307381,0.013
2875644739458380,6uVk8ngFAMrGL24sXxW1EZ,103644195212255,kingvik,2026-08-23T12:42:53.512000+00:00,Rwanda,30.218890039058,-1.9804948580962,0.0046
2918862845146880,6uVk8ngFAMrGL24sXxW1EZ,103644195212255,kingvik,2026-08-23T12:40:55.182000+00:00,Rwanda,30.214861089293,-1.9823161549495,0.0104
2956318051385676,6uVk8ngFAMrGL24sXxW1EZ,103644195212255,kingvik,2026-08-23T12:40:53.534000+00:00,Rwanda,30.214687004444,-1.9823653411111,0.0105
2993765150969306,6uVk8ngFAMrGL24sXxW1EZ,103644195212255,kingvik,2026-08-23T12:40:56.038000+00:00,Rwanda,30.214950964408,-1.9822870072801,0.0105
2998836970459394,6uVk8ngFAMrGL24sXxW1EZ,103644195212255,kingvik,2026-08-23T12:40:02.804000+00:00,Rwanda,30.208366143474,-1.9810876263003,0.0129
3119176458272347,6uVk8ngFAMrGL24sXxW1EZ,103644195212255,kingvik,2026-08-23T12:41:08.542000+00:00,Rwanda,30.216096036016,-1.9818086513248,0.0053
3149925775362498,6uVk8ngFAMrGL24sXxW1EZ,103644195212255,kingvik,2026-08-23T12:44:31.682000+00:00,Rwanda,30.221426131717,-1.9796083812121,0.005
3324642247719932,6uVk8ngFAMrGL24sXxW1EZ,103644195212255,kingvik,2026-08-23T12:44:02.457000+00:00,Rwanda,30.220501901766,-1.9797712714426,0.0032
3401704060008551,6uVk8ngFAMrGL24sXxW1EZ,103644195212255,kingvik,2026-08-23T12:42:10.991000+00:00,Rwanda,30.217497001719,-1.9811344875632,0.006
3430785033760963,6uVk8ngFAMrGL24sXxW1EZ,103644195212255,kingvik,2026-08-23T12:44:18.334000+00:00,Rwanda,30.220999721099,-1.9796422888126,0.0031
3440677336093794,6uVk8ngFAMrGL24sXxW1EZ,103644195212255,kingvik,2026-08-23T12:41:22.754000+00:00,Rwanda,30.216494814804,-1.9816129153922,0.0041
3448751501952584,6uVk8ngFAMrGL24sXxW1EZ,103644195212255,kingvik,2026-08-23T12:40:45.179000+00:00,Rwanda,30.213777987242,-1.9825264148184,0.0109
3491054174404756,6uVk8ngFAMrGL24sXxW1EZ,103644195212255,kingvik,2026-08-23T12:40:06.802000+00:00,Rwanda,30.20895197451,-1.9810620794118,0.0131
3627838194059769,6uVk8ngFAMrGL24sXxW1EZ,103644195212255,kingvik,2026-08-23T12:39:33.986000+00:00,Rwanda,30.205278706869,-1.983227155054,0.0118
3630844310408069,6uVk8ngFAMrGL24sXxW1EZ,103644195212255,kingvik,2026-08-23T12:43:39.108000+00:00,Rwanda,30.21979405211,-1.9800757609421,0.0047
3713692185451530,6uVk8ngFAMrGL24sXxW1EZ,103644195212255,kingvik,2026-08-23T12:40:51.827000+00:00,Rwanda,30.214504144652,-1.9824091767419,0.0096
3776549275832533,6uVk8ngFAMrGL24sXxW1EZ,103644195212255,kingvik,2026-08-23T12:39:39.591000+00:00,Rwanda,30.205855106061,-1.982798930303,0.0113
3946092679031080,6uVk8ngFAMrGL24sXxW1EZ,103644195212255,kingvik,2026-08-23T12:44:06.643000+00:00,Rwanda,30.220634666061,-1.9797256680808,0.0061
4001705166632428,6uVk8ngFAMrGL24sXxW1EZ,103644195212255,kingvik,2026-08-23T12:39:38.781000+00:00,Rwanda,30.205775121739,-1.9828615869565,0.0111
4227021424275273,6uVk8ngFAMrGL24sXxW1EZ,103644195212255,kingvik,2026-08-23T12:42:18.487000+00:00,Rwanda,30.2177760316,-1.9810026829244,0.0042
4322971954620607,6uVk8ngFAMrGL24sXxW1EZ,103644195212255,kingvik,2026-08-23T12:40:38.478000+00:00,Rwanda,30.212974408342,-1.9825395594701,0.0116
4369758213337354,6uVk8ngFAMrGL24sXxW1EZ,103644195212255,kingvik,2026-08-23T12:42:50.215000+00:00,Rwanda,30.218807774545,-1.9805322581818,0.0031
4425182424405742,6uVk8ngFAMrGL24sXxW1EZ,103644195212255,kingvik,2026-08-23T12:42:38.506000+00:00,Rwanda,30.218400502626,-1.9807186610101,0.0032
4430297900521681,6uVk8ngFAMrGL24sXxW1EZ,103644195212255,kingvik,2026-08-23T12:41:55.676000+00:00,Rwanda,30.217304336364,-1.9812278222222,0.0031
4431608780412834,6uVk8ngFAMrGL24sXxW1EZ,103644195212255,kingvik,2026-08-23T12:44:41.679000+00:00,Rwanda,30.221704009323,-1.9796133153091,0.0034
4463127890671327,6uVk8ngFAMrGL24sXxW1EZ,103644195212255,kingvik,2026-08-23T12:42:35.203000+00:00,Rwanda,30.21829495368,-1.9807663997056,0.0054
4472324382981663,6uVk8ngFAMrGL24sXxW1EZ,103644195212255,kingvik,2026-08-23T12:40:28.476000+00:00,Rwanda,30.211714931818,-1.9823261439394,0.0127
4479650955605257,6uVk8ngFAMrGL24sXxW1EZ,103644195212255,kingvik,2026-08-23T12:43:13.236000+00:00,Rwanda,30.219131148129,-1.9803896102123,0.004
4508507322757258,6uVk8ngFAMrGL24sXxW1EZ,103644195212255,kingvik,2026-08-23T12:40:36.819000+00:00,Rwanda,30.212769662626,-1.9825258171717,0.0118
4561360514085196,6uVk8ngFAMrGL24sXxW1EZ,103644195212255,kingvik,2026-08-23T12:44:15.849000+00:00,Rwanda,30.220920644444,-1.9796506222222,0.0032
4589969324582895,6uVk8ngFAMrGL24sXxW1EZ,103644195212255,kingvik,2026-08-23T12:39:56.392000+00:00,Rwanda,30.207554021818,-1.9814764109091,0.0122
4604517863148235,6uVk8ngFAMrGL24sXxW1EZ,103644195212255,kingvik,2026-08-23T12:44:20.837000+00:00,Rwanda,30.221083317959,-1.9796312328754,0.0032
4648359658719552,6uVk8ngFAMrGL24sXxW1EZ,103644195212255,kingvik,2026-08-23T12:41:47.366000+00:00,Rwanda,30.217113981551,-1.9813161266928,0.0034
4697062553841723,6uVk8ngFAMrGL24sXxW1EZ,103644195212255,kingvik,2026-08-23T12:40:58.541000+00:00,Rwanda,30.21521142202,-1.9821907886869,0.0105
4998401697053355,6uVk8ngFAMrGL24sXxW1EZ,103644195212255,kingvik,2026-08-23T12:43:29.042000+00:00,Rwanda,30.21954605996,-1.980194793731,0.0057
5409652475926944,6uVk8ngFAMrGL24sXxW1EZ,103644195212255,kingvik,2026-08-23T12:42:26.860000+00:00,Rwanda,30.218103720425,-1.9808513008089,0.0032
27218039824537415,6uVk8ngFAMrGL24sXxW1EZ,103644195212255,kingvik,2026-08-23T12:40:00.402000+00:00,Rwanda,30.208035308243,-1.981195484789,0.0126
27696496763383299,6uVk8ngFAMrGL24sXxW1EZ,103644195212255,kingvik,2026-08-23T12:40:30.979000+00:00,Rwanda,30.212034989192,-1.982406060101,0.0126
27740476345654489,6uVk8ngFAMrGL24sXxW1EZ,103644195212255,kingvik,2026-08-23T12:42:58.989000+00:00,Rwanda,30.218980130303,-1.9804541712121,0.0034
27773915782290884,6uVk8ngFAMrGL24sXxW1EZ,103644195212255,kingvik,2026-08-23T12:44:21.668000+00:00,Rwanda,30.221111098485,-1.9796281772727,0.0031
27856134344079573,6uVk8ngFAMrGL24sXxW1EZ,103644195212255,kingvik,2026-08-23T12:40:03.602000+00:00,Rwanda,30.208481471919,-1.9810676329293,0.013
27948215294807376,6uVk8ngFAMrGL24sXxW1EZ,103644195212255,kingvik,2026-08-23T12:40:25.210000+00:00,Rwanda,30.211293179192,-1.9822097270707,0.0121
27974515542171486,6uVk8ngFAMrGL24sXxW1EZ,103644195212255,kingvik,2026-08-23T12:43:37.446000+00:00,Rwanda,30.219755585672,-1.980093196369,0.0046
27977674585228021,6uVk8ngFAMrGL24sXxW1EZ,103644195212255,kingvik,2026-08-23T12:42:39.363000+00:00,Rwanda,30.21842789735,-1.9807056716389,0.0034
28063637329966943,6uVk8ngFAMrGL24sXxW1EZ,103644195212255,kingvik,2026-08-23T12:42:47.712000+00:00,Rwanda,30.218728316077,-1.9805693227503,0.0035
28231182996475705,6uVk8ngFAMrGL24sXxW1EZ,103644195212255,kingvik,2026-08-23T12:43:19.028000+00:00,Rwanda,30.219247255556,-1.9803330853535,0.0053
28376761148626918,6uVk8ngFAMrGL24sXxW1EZ,103644195212255,kingvik,2026-08-23T12:42:02.064000+00:00,Rwanda,30.217357561818,-1.9812008863636,0.0031
29321590104118919,6uVk8ngFAMrGL24sXxW1EZ,103644195212255,kingvik,2026-08-23T12:41:58.239000+00:00,Rwanda,30.217332524975,-1.9812140570273,0.0035
825855740548875,6uVk8ngFAMrGL24sXxW1EZ,103644195212255,kingvik,2026-08-23T12:47:40.579000+00:00,Rwanda,30.227911453333,-1.97580178,0.0105
832154039909439,6uVk8ngFAMrGL24sXxW1EZ,103644195212255,kingvik,2026-08-23T12:47:29.694000+00:00,Rwanda,30.227648689899,-1.9770556242424,0.0116
841697585599312,6uVk8ngFAMrGL24sXxW1EZ,103644195212255,kingvik,2026-08-23T12:48:15.606000+00:00,Rwanda,30.228514891515,-1.9721219830303,0.0101
872392285807409,6uVk8ngFAMrGL24sXxW1EZ,103644195212255,kingvik,2026-08-23T12:45:43.821000+00:00,Rwanda,30.223774693229,-1.9797457326791,0.0036
891307640469784,6uVk8ngFAMrGL24sXxW1EZ,103644195212255,kingvik,2026-08-23T12:49:59.269000+00:00,Rwanda,30.231182596364,-1.9625159709091,0.008
898871939621650,6uVk8ngFAMrGL24sXxW1EZ,103644195212255,kingvik,2026-08-23T12:46:02.834000+00:00,Rwanda,30.224866636869,-1.9798067651515,0.0053
899595209567920,6uVk8ngFAMrGL24sXxW1EZ,103644195212255,kingvik,2026-08-23T12:45:47.127000+00:00,Rwanda,30.223931963232,-1.979750950303,0.0047
900384786126553,6uVk8ngFAMrGL24sXxW1EZ,103644195212255,kingvik,2026-08-23T12:47:00.462000+00:00,Rwanda,30.226037777553,-1.9796301011122,0.0065
901065519655138,6uVk8ngFAMrGL24sXxW1EZ,103644195212255,kingvik,2026-08-23T12:46:44.458000+00:00,Rwanda,30.225785917576,-1.9797280018182,0.0048
907664255749662,6uVk8ngFAMrGL24sXxW1EZ,103644195212255,kingvik,2026-08-23T12:44:56.692000+00:00,Rwanda,30.222268512121,-1.9796520621212,0.0035
911061088748689,6uVk8ngFAMrGL24sXxW1EZ,103644195212255,kingvik,2026-08-23T12:49:20.048000+00:00,Rwanda,30.229745546364,-1.9660057309091,0.0087
913192981855036,6uVk8ngFAMrGL24sXxW1EZ,103644195212255,kingvik,2026-08-23T12:49:10.036000+00:00,Rwanda,30.229425985868,-1.9668841354269,0.0082
916806591499012,6uVk8ngFAMrGL24sXxW1EZ,103644195212255,kingvik,2026-08-23T12:47:11.370000+00:00,Rwanda,30.226738100708,-1.9790131793731,0.0097
919068694611288,6uVk8ngFAMrGL24sXxW1EZ,103644195212255,kingvik,2026-08-23T12:45:00.890000+00:00,Rwanda,30.222437699394,-1.9796581872727,0.0036
926751836747242,6uVk8ngFAMrGL24sXxW1EZ,103644195212255,kingvik,2026-08-23T12:49:56.767000+00:00,Rwanda,30.23109612051,-1.962720526104,0.0079
935568195656143,6uVk8ngFAMrGL24sXxW1EZ,103644195212255,kingvik,2026-08-23T12:49:33.451000+00:00,Rwanda,30.230207257213,-1.9648755157017,0.0081
938053835458321,6uVk8ngFAMrGL24sXxW1EZ,103644195212255,kingvik,2026-08-23T12:48:46.735000+00:00,Rwanda,30.228992952525,-1.9689752787879,0.01
943925862078009,6uVk8ngFAMrGL24sXxW1EZ,103644195212255,kingvik,2026-08-23T12:50:05.972000+00:00,Rwanda,30.231410294118,-1.9619419843137,0.0084
945589575244295,6uVk8ngFAMrGL24sXxW1EZ,103644195212255,kingvik,2026-08-23T12:49:23.456000+00:00,Rwanda,30.229867066263,-1.9657135893939,0.0089
952365461217136,6uVk8ngFAMrGL24sXxW1EZ,103644195212255,kingvik,2026-08-23T12:49:08.432000+00:00,Rwanda,30.229379700808,-1.9670275243434,0.0095
955071514271691,6uVk8ngFAMrGL24sXxW1EZ,103644195212255,kingvik,2026-08-23T12:47:52.200000+00:00,Rwanda,30.228124489899,-1.9746543581818,0.0099
956924727425233,6uVk8ngFAMrGL24sXxW1EZ,103644195212255,kingvik,2026-08-23T12:44:58.387000+00:00,Rwanda,30.222337934343,-1.9796551882828,0.0038
959991547118496,6uVk8ngFAMrGL24sXxW1EZ,103644195212255,kingvik,2026-08-23T12:48:39.224000+00:00,Rwanda,30.228877788979,-1.9697645015167,0.0107
960018397113355,6uVk8ngFAMrGL24sXxW1EZ,103644195212255,kingvik,2026-08-23T12:50:01.773000+00:00,Rwanda,30.23126978202,-1.9623099527273,0.0081
984903027959285,6uVk8ngFAMrGL24sXxW1EZ,103644195212255,kingvik,2026-08-23T12:49:38.457000+00:00,Rwanda,30.230384268453,-1.9644453148635,0.0086
992049030513696,6uVk8ngFAMrGL24sXxW1EZ,103644195212255,kingvik,2026-08-23T12:47:24.686000+00:00,Rwanda,30.227435610202,-1.9776567294949,0.0115
1003542046008179,6uVk8ngFAMrGL24sXxW1EZ,103644195212255,kingvik,2026-08-23T12:47:28.871000+00:00,Rwanda,30.227616353286,-1.977155282912,0.0126
1008475745513493,6uVk8ngFAMrGL24sXxW1EZ,103644195212255,kingvik,2026-08-23T12:46:09.534000+00:00,Rwanda,30.225203220707,-1.9798207794949,0.0041
1026781893689157,6uVk8ngFAMrGL24sXxW1EZ,103644195212255,kingvik,2026-08-23T12:47:51.394000+00:00,Rwanda,30.228108837782,-1.9747421769382,0.0098
1034860116043137,6uVk8ngFAMrGL24sXxW1EZ,103644195212255,kingvik,2026-08-23T12:46:08.710000+00:00,Rwanda,30.225166305594,-1.9798204899902,0.0045
1034921622636949,6uVk8ngFAMrGL24sXxW1EZ,103644195212255,kingvik,2026-08-23T12:48:14.710000+00:00,Rwanda,30.228502158194,-1.9722116159961,0.0088
1035584725911894,6uVk8ngFAMrGL24sXxW1EZ,103644195212255,kingvik,2026-08-23T12:49:10.938000+00:00,Rwanda,30.229451362222,-1.9668040949495,0.0093
1038743792122714,6uVk8ngFAMrGL24sXxW1EZ,103644195212255,kingvik,2026-08-23T12:48:32.322000+00:00,Rwanda,30.228764569697,-1.9704753024242,0.0101
1039258672247260,6uVk8ngFAMrGL24sXxW1EZ,103644195212255,kingvik,2026-08-23T12:49:58.462000+00:00,Rwanda,30.231154717763,-1.9625818210991,0.0078
1045125008340211,6uVk8ngFAMrGL24sXxW1EZ,103644195212255,kingvik,2026-08-23T12:45:10.201000+00:00,Rwanda,30.222776665947,-1.9796804548577,0.0038
1045294911459509,6uVk8ngFAMrGL24sXxW1EZ,103644195212255,kingvik,2026-08-23T12:47:38.898000+00:00,Rwanda,30.227878867172,-1.975979259596,0.0101
1045989934866317,6uVk8ngFAMrGL24sXxW1EZ,103644195212255,kingvik,2026-08-23T12:49:12.540000+00:00,Rwanda,30.229498370363,-1.9666654564279,0.0079
1050260737970682,6uVk8ngFAMrGL24sXxW1EZ,103644195212255,kingvik,2026-08-23T12:46:42.764000+00:00,Rwanda,30.225744843131,-1.9797414783838,0.0052
1052291967652527,6uVk8ngFAMrGL24sXxW1EZ,103644195212255,kingvik,2026-08-23T12:46:06.205000+00:00,Rwanda,30.225045987941,-1.9798163061765,0.0049
1053827174242475,6uVk8ngFAMrGL24sXxW1EZ,103644195212255,kingvik,2026-08-23T12:48:59.235000+00:00,Rwanda,30.229174275758,-1.9678710678788,0.008
1053832470357987,6uVk8ngFAMrGL24sXxW1EZ,103644195212255,kingvik,2026-08-23T12:48:55.038000+00:00,Rwanda,30.229112543074,-1.9682306263903,0.0077
1054030837406937,6uVk8ngFAMrGL24sXxW1EZ,103644195212255,kingvik,2026-08-23T12:49:05.929000+00:00,Rwanda,30.229316813333,-1.9672548011111,0.0094
1054641604151794,6uVk8ngFAMrGL24sXxW1EZ,103644195212255,kingvik,2026-08-23T12:47:03.774000+00:00,Rwanda,30.226267228889,-1.9794917888889,0.0075
1054728527167050,6uVk8ngFAMrGL24sXxW1EZ,103644195212255,kingvik,2026-08-23T12:46:12.038000+00:00,Rwanda,30.225306288788,-1.9798189010101,0.0036
1054879800487439,6uVk8ngFAMrGL24sXxW1EZ,103644195212255,kingvik,2026-08-23T12:47:14.657000+00:00,Rwanda,30.226916590698,-1.9787182566229,0.0107
1055166050741099,6uVk8ngFAMrGL24sXxW1EZ,103644195212255,kingvik,2026-08-23T12:46:07.841000+00:00,Rwanda,30.225126037172,-1.9798194426263,0.0043
1056057050457270,6uVk8ngFAMrGL24sXxW1EZ,103644195212255,kingvik,2026-08-23T12:47:21.362000+00:00,Rwanda,30.227262985378,-1.9780291292444,0.0117
1056563010114840,6uVk8ngFAMrGL24sXxW1EZ,103644195212255,kingvik,2026-08-23T12:45:40.405000+00:00,Rwanda,30.223659651515,-1.9797398342424,0.0051
1058149100247329,6uVk8ngFAMrGL24sXxW1EZ,103644195212255,kingvik,2026-08-23T12:47:53.895000+00:00,Rwanda,30.228155097576,-1.9744676969697,0.0102
1058812553399239,6uVk8ngFAMrGL24sXxW1EZ,103644195212255,kingvik,2026-08-23T12:45:50.321000+00:00,Rwanda,30.224113198235,-1.9797617239216,0.0053
1059813500107089,6uVk8ngFAMrGL24sXxW1EZ,103644195212255,kingvik,2026-08-23T12:44:59.196000+00:00,Rwanda,30.222370985455,-1.9796559971717,0.0037
1060495596841965,6uVk8ngFAMrGL24sXxW1EZ,103644195212255,kingvik,2026-08-23T12:45:22.989000+00:00,Rwanda,30.22319519,-1.97970709,0.0054
1061204536297734,6uVk8ngFAMrGL24sXxW1EZ,103644195212255,kingvik,2026-08-23T12:49:41.769000+00:00,Rwanda,30.230509287273,-1.9641451018182,0.009
1061516146468831,6uVk8ngFAMrGL24sXxW1EZ,103644195212255,kingvik,2026-08-23T12:49:40.961000+00:00,Rwanda,30.23047837101,-1.9642201751515,0.0089
1062327442847379,6uVk8ngFAMrGL24sXxW1EZ,103644195212255,kingvik,2026-08-23T12:49:20.952000+00:00,Rwanda,30.229780282626,-1.9659246440404,0.0098
1062336419485869,6uVk8ngFAMrGL24sXxW1EZ,103644195212255,kingvik,2026-08-23T12:47:12.979000+00:00,Rwanda,30.226828740748,-1.9788759500506,0.0093
1062341826292603,6uVk8ngFAMrGL24sXxW1EZ,103644195212255,kingvik,2026-08-23T12:48:42.523000+00:00,Rwanda,30.228927660059,-1.9694107585868,0.0097
1063225529758292,6uVk8ngFAMrGL24sXxW1EZ,103644195212255,kingvik,2026-08-23T12:46:57.962000+00:00,Rwanda,30.225887368235,-1.9796890764706,0.0037
1065216206504363,6uVk8ngFAMrGL24sXxW1EZ,103644195212255,kingvik,2026-08-23T12:48:23.127000+00:00,Rwanda,30.22862603913,-1.9713748102123,0.009
1069009932523980,6uVk8ngFAMrGL24sXxW1EZ,103644195212255,kingvik,2026-08-23T12:47:19.680000+00:00,Rwanda,30.227173193333,-1.9782087430303,0.0107
1069133512147267,6uVk8ngFAMrGL24sXxW1EZ,103644195212255,kingvik,2026-08-23T12:48:27.315000+00:00,Rwanda,30.228689110505,-1.9709678963636,0.0099
1070424962164537,6uVk8ngFAMrGL24sXxW1EZ,103644195212255,kingvik,2026-08-23T12:47:01.271000+00:00,Rwanda,30.226093442424,-1.979601880404,0.0069
1071736678923308,6uVk8ngFAMrGL24sXxW1EZ,103644195212255,kingvik,2026-08-23T12:48:52.534000+00:00,Rwanda,30.229077086869,-1.9684417676768,0.0079
1074502291756629,6uVk8ngFAMrGL24sXxW1EZ,103644195212255,kingvik,2026-08-23T12:47:23.863000+00:00,Rwanda,30.227394909091,-1.9777519242424,0.0123
1075217008358394,6uVk8ngFAMrGL24sXxW1EZ,103644195212255,kingvik,2026-08-23T12:45:26.406000+00:00,Rwanda,30.223287238371,-1.9797124912659,0.0052
1075811421518754,6uVk8ngFAMrGL24sXxW1EZ,103644195212255,kingvik,2026-08-23T12:49:17.546000+00:00,Rwanda,30.22965455103,-1.966227748577,0.0083
1076919791447853,6uVk8ngFAMrGL24sXxW1EZ,103644195212255,kingvik,2026-08-23T12:48:09.703000+00:00,Rwanda,30.228423721176,-1.9727231221569,0.0096
1078215811396269,6uVk8ngFAMrGL24sXxW1EZ,103644195212255,kingvik,2026-08-23T12:49:27.653000+00:00,Rwanda,30.230009839394,-1.9653667131313,0.0091
1079926331173704,6uVk8ngFAMrGL24sXxW1EZ,103644195212255,kingvik,2026-08-23T12:46:35.336000+00:00,Rwanda,30.225639949495,-1.9797688424242,0.0039
1080429911152561,6uVk8ngFAMrGL24sXxW1EZ,103644195212255,kingvik,2026-08-23T12:47:04.647000+00:00,Rwanda,30.226326586752,-1.9794484788027,0.0082
1080681537734697,6uVk8ngFAMrGL24sXxW1EZ,103644195212255,kingvik,2026-08-23T12:45:44.624000+00:00,Rwanda,30.223809129091,-1.9797466254545,0.0038
1081392091037126,6uVk8ngFAMrGL24sXxW1EZ,103644195212255,kingvik,2026-08-23T12:48:50.031000+00:00,Rwanda,30.229041958182,-1.9686642448485,0.0085
1082143798084804,6uVk8ngFAMrGL24sXxW1EZ,103644195212255,kingvik,2026-08-23T12:46:37.840000+00:00,Rwanda,30.22567160303,-1.9797613419192,0.0036
1092324737086533,6uVk8ngFAMrGL24sXxW1EZ,103644195212255,kingvik,2026-08-23T12:45:04.378000+00:00,Rwanda,30.222552051818,-1.9796646827273,0.0058
1093133583275529,6uVk8ngFAMrGL24sXxW1EZ,103644195212255,kingvik,2026-08-23T12:47:36.381000+00:00,Rwanda,30.227827893939,-1.9762575342424,0.0116
1094076793201161,6uVk8ngFAMrGL24sXxW1EZ,103644195212255,kingvik,2026-08-23T12:47:42.190000+00:00,Rwanda,30.22793933945,-1.9756468486752,0.0083
1094330090205948,6uVk8ngFAMrGL24sXxW1EZ,103644195212255,kingvik,2026-08-23T12:45:53.629000+00:00,Rwanda,30.224318524242,-1.9797756727273,0.0057
1099290049326756,6uVk8ngFAMrGL24sXxW1EZ,103644195212255,kingvik,2026-08-23T12:46:04.506000+00:00,Rwanda,30.224958321212,-1.9798116432323,0.0053
1104343852532434,6uVk8ngFAMrGL24sXxW1EZ,103644195212255,kingvik,2026-08-23T12:48:18.109000+00:00,Rwanda,30.228548831919,-1.9718709387879,0.0101
1105586018806818,6uVk8ngFAMrGL24sXxW1EZ,103644195212255,kingvik,2026-08-23T12:46:40.260000+00:00,Rwanda,30.225699420909,-1.9797537318182,0.0032
1107597405131411,6uVk8ngFAMrGL24sXxW1EZ,103644195212255,kingvik,2026-08-23T12:48:23.915000+00:00,Rwanda,30.228638555294,-1.9712984164706,0.0086
1109647538066380,6uVk8ngFAMrGL24sXxW1EZ,103644195212255,kingvik,2026-08-23T12:45:56.132000+00:00,Rwanda,30.224473087273,-1.9797868133333,0.0055
1270283778469450,6uVk8ngFAMrGL24sXxW1EZ,103644195212255,kingvik,2026-08-23T12:48:48.336000+00:00,Rwanda,30.229017735556,-1.9688217955556,0.0086
1291582670707140,6uVk8ngFAMrGL24sXxW1EZ,103644195212255,kingvik,2026-08-23T12:49:25.965000+00:00,Rwanda,30.229952431616,-1.9655078753535,0.0081
1293781439372653,6uVk8ngFAMrGL24sXxW1EZ,103644195212255,kingvik,2026-08-23T12:49:31.756000+00:00,Rwanda,30.230148554545,-1.9650197457576,0.0082
1299142168807982,6uVk8ngFAMrGL24sXxW1EZ,103644195212255,kingvik,2026-08-23T12:49:55.169000+00:00,Rwanda,30.231040203333,-1.9628581666667,0.01
1301088178613362,6uVk8ngFAMrGL24sXxW1EZ,103644195212255,kingvik,2026-08-23T12:49:50.975000+00:00,Rwanda,30.230878714156,-1.9632596508595,0.0095
1323415746538432,6uVk8ngFAMrGL24sXxW1EZ,103644195212255,kingvik,2026-08-23T12:45:19.481000+00:00,Rwanda,30.223101391373,-1.9797028367647,0.0052
1329979910190853,6uVk8ngFAMrGL24sXxW1EZ,103644195212255,kingvik,2026-08-23T12:45:45.492000+00:00,Rwanda,30.223849132287,-1.9797476473994,0.0044
1331671542134150,6uVk8ngFAMrGL24sXxW1EZ,103644195212255,kingvik,2026-08-23T12:49:15.043000+00:00,Rwanda,30.229574278999,-1.9664479564279,0.0081
1338595854731929,6uVk8ngFAMrGL24sXxW1EZ,103644195212255,kingvik,2026-08-23T12:48:45.833000+00:00,Rwanda,30.228979460909,-1.9690644681818,0.0093
1348944577064270,6uVk8ngFAMrGL24sXxW1EZ,103644195212255,kingvik,2026-08-23T12:46:03.624000+00:00,Rwanda,30.224910861531,-1.9798090747792,0.0049
1353294510298407,6uVk8ngFAMrGL24sXxW1EZ,103644195212255,kingvik,2026-08-23T12:47:10.475000+00:00,Rwanda,30.226686429091,-1.9790836263636,0.0084
1359519442838812,6uVk8ngFAMrGL24sXxW1EZ,103644195212255,kingvik,2026-08-23T12:45:05.997000+00:00,Rwanda,30.222607823862,-1.9796693453994,0.0032
1364600295880013,6uVk8ngFAMrGL24sXxW1EZ,103644195212255,kingvik,2026-08-23T12:48:29.819000+00:00,Rwanda,30.228725108889,-1.97072284,0.0099
1364624299213096,6uVk8ngFAMrGL24sXxW1EZ,103644195212255,kingvik,2026-08-23T12:45:57.827000+00:00,Rwanda,30.224575651212,-1.9797931760606,0.0055
1365180718615832,6uVk8ngFAMrGL24sXxW1EZ,103644195212255,kingvik,2026-08-23T12:47:31.374000+00:00,Rwanda,30.22770371899,-1.9768504360606,0.0125
1366206055178701,6uVk8ngFAMrGL24sXxW1EZ,103644195212255,kingvik,2026-08-23T12:45:06.882000+00:00,Rwanda,30.222641154141,-1.9796724307071,0.0037
1366795435534287,6uVk8ngFAMrGL24sXxW1EZ,103644195212255,kingvik,2026-08-23T12:49:22.552000+00:00,Rwanda,30.229836704853,-1.9657875057634,0.0081
1369783828697348,6uVk8ngFAMrGL24sXxW1EZ,103644195212255,kingvik,2026-08-23T12:47:22.972000+00:00,Rwanda,30.227348532483,-1.9778522986261,0.0108
1372264915042053,6uVk8ngFAMrGL24sXxW1EZ,103644195212255,kingvik,2026-08-23T12:46:17.044000+00:00,Rwanda,30.225412337273,-1.9798120736364,0.0038
1372965014430550,6uVk8ngFAMrGL24sXxW1EZ,103644195212255,kingvik,2026-08-23T12:45:21.199000+00:00,Rwanda,30.223146920784,-1.9797058509804,0.0051
1376152994583400,6uVk8ngFAMrGL24sXxW1EZ,103644195212255,kingvik,2026-08-23T12:48:26.415000+00:00,Rwanda,30.228676281496,-1.9710560233569,0.0088
1377084500598640,6uVk8ngFAMrGL24sXxW1EZ,103644195212255,kingvik,2026-08-23T12:50:00.966000+00:00,Rwanda,30.231241135329,-1.9623771724239,0.0078
1377824337151643,6uVk8ngFAMrGL24sXxW1EZ,103644195212255,kingvik,2026-08-23T12:47:45.587000+00:00,Rwanda,30.227993661212,-1.9753356618182,0.0093
1379254837672616,6uVk8ngFAMrGL24sXxW1EZ,103644195212255,kingvik,2026-08-23T12:48:08.916000+00:00,Rwanda,30.228410725278,-1.9728081190091,0.01
1380500797615660,6uVk8ngFAMrGL24sXxW1EZ,103644195212255,kingvik,2026-08-23T12:47:43.906000+00:00,Rwanda,30.227966100202,-1.9754907535354,0.0085
1383276749933506,6uVk8ngFAMrGL24sXxW1EZ,103644195212255,kingvik,2026-08-23T12:48:50.933000+00:00,Rwanda,30.229054756162,-1.9685823243434,0.0092
1385726636860944,6uVk8ngFAMrGL24sXxW1EZ,103644195212255,kingvik,2026-08-23T12:49:52.665000+00:00,Rwanda,30.230945786855,-1.9630951809909,0.0106
1387373323366585,6uVk8ngFAMrGL24sXxW1EZ,103644195212255,kingvik,2026-08-23T12:47:17.985000+00:00,Rwanda,30.227085759596,-1.9783854252525,0.0104
1387504663493476,6uVk8ngFAMrGL24sXxW1EZ,103644195212255,kingvik,2026-08-23T12:47:32.982000+00:00,Rwanda,30.227748129091,-1.9766556218182,0.0111
1389026223329822,6uVk8ngFAMrGL24sXxW1EZ,103644195212255,kingvik,2026-08-23T12:50:03.468000+00:00,Rwanda,30.231327470461,-1.9621642523062,0.0081
1389784016683988,6uVk8ngFAMrGL24sXxW1EZ,103644195212255,kingvik,2026-08-23T12:47:22.183000+00:00,Rwanda,30.227306832222,-1.9779395533333,0.0111
1391593808967984,6uVk8ngFAMrGL24sXxW1EZ,103644195212255,kingvik,2026-08-23T12:45:07.698000+00:00,Rwanda,30.222673435623,-1.9796749970559,0.0036
1393009072772393,6uVk8ngFAMrGL24sXxW1EZ,103644195212255,kingvik,2026-08-23T12:49:29.252000+00:00,Rwanda,30.230063351212,-1.9652317863636,0.0082
1395192699415651,6uVk8ngFAMrGL24sXxW1EZ,103644195212255,kingvik,2026-08-23T12:47:09.670000+00:00,Rwanda,30.22663966791,-1.9791432093229,0.0082
1401520045491466,6uVk8ngFAMrGL24sXxW1EZ,103644195212255,kingvik,2026-08-23T12:46:59.639000+00:00,Rwanda,30.225983956275,-1.979653974902,0.0064
1403800184443873,6uVk8ngFAMrGL24sXxW1EZ,103644195212255,kingvik,2026-08-23T12:48:47.529000+00:00,Rwanda,30.229005229146,-1.9688983755643,0.0087
1404446498312240,6uVk8ngFAMrGL24sXxW1EZ,103644195212255,kingvik,2026-08-23T12:45:17.781000+00:00,Rwanda,30.223054551515,-1.9797001121212,0.003
1410461821008739,6uVk8ngFAMrGL24sXxW1EZ,103644195212255,kingvik,2026-08-23T12:47:25.475000+00:00,Rwanda,30.22747324524,-1.9775638444553,0.0111
1414926883306080,6uVk8ngFAMrGL24sXxW1EZ,103644195212255,kingvik,2026-08-23T12:44:53.360000+00:00,Rwanda,30.222143332188,-1.9796443375859,0.0036
1415170323872024,6uVk8ngFAMrGL24sXxW1EZ,103644195212255,kingvik,2026-08-23T12:48:21.411000+00:00,Rwanda,30.228598315113,-1.9715424720314,0.0088
1422983866401237,6uVk8ngFAMrGL24sXxW1EZ,103644195212255,kingvik,2026-08-23T12:48:58.420000+00:00,Rwanda,30.229161085967,-1.9679417776251,0.0086
1423275283026209,6uVk8ngFAMrGL24sXxW1EZ,103644195212255,kingvik,2026-08-23T12:48:07.200000+00:00,Rwanda,30.228382130716,-1.9729945194308,0.0097
1425876772756486,6uVk8ngFAMrGL24sXxW1EZ,103644195212255,kingvik,2026-08-23T12:47:57.207000+00:00,Rwanda,30.228213656364,-1.9740959814141,0.0102
1426416812696129,6uVk8ngFAMrGL24sXxW1EZ,103644195212255,kingvik,2026-08-23T12:49:57.672000+00:00,Rwanda,30.231127291919,-1.9626464559596,0.0089
1428470015854168,6uVk8ngFAMrGL24sXxW1EZ,103644195212255,kingvik,2026-08-23T12:47:02.965000+00:00,Rwanda,30.226211416667,-1.9795303666667,0.0076
1428999622428319,6uVk8ngFAMrGL24sXxW1EZ,103644195212255,kingvik,2026-08-23T12:48:00.586000+00:00,Rwanda,30.228270642983,-1.9737213258096,0.0109
1429529765736595,6uVk8ngFAMrGL24sXxW1EZ,103644195212255,kingvik,2026-08-23T12:47:16.271000+00:00,Rwanda,30.226997877233,-1.9785587388616,0.0098
1432075675437028,6uVk8ngFAMrGL24sXxW1EZ,103644195212255,kingvik,2026-08-23T12:49:35.956000+00:00,Rwanda,30.230294679216,-1.9646622388235,0.0081
1434837375218982,6uVk8ngFAMrGL24sXxW1EZ,103644195212255,kingvik,2026-08-23T12:49:28.445000+00:00,Rwanda,30.230036224926,-1.9652999044161,0.008
1454498423402509,6uVk8ngFAMrGL24sXxW1EZ,103644195212255,kingvik,2026-08-23T12:47:48.090000+00:00,Rwanda,30.228040828182,-1.975091090303,0.0102
1473366398160046,6uVk8ngFAMrGL24sXxW1EZ,103644195212255,kingvik,2026-08-23T12:46:32.833000+00:00,Rwanda,30.225605883114,-1.9797771736097,0.0038
1509519951173020,6uVk8ngFAMrGL24sXxW1EZ,103644195212255,kingvik,2026-08-23T12:47:48.892000+00:00,Rwanda,30.228057468204,-1.9750087917566,0.0093
1510325897518006,6uVk8ngFAMrGL24sXxW1EZ,103644195212255,kingvik,2026-08-23T12:46:58.767000+00:00,Rwanda,30.225930143579,-1.9796748242669,0.005
1531021262106226,6uVk8ngFAMrGL24sXxW1EZ,103644195212255,kingvik,2026-08-23T12:45:12.698000+00:00,Rwanda,30.222881183636,-1.9796874236364,0.0038
1534764181754000,6uVk8ngFAMrGL24sXxW1EZ,103644195212255,kingvik,2026-08-23T12:45:51.125000+00:00,Rwanda,30.224162532457,-1.9797647292214,0.0055
1535216044553269,6uVk8ngFAMrGL24sXxW1EZ,103644195212255,kingvik,2026-08-23T12:49:36.763000+00:00,Rwanda,30.230322476542,-1.9645930475228,0.0083
1535545537900294,6uVk8ngFAMrGL24sXxW1EZ,103644195212255,kingvik,2026-08-23T12:45:38.668000+00:00,Rwanda,30.223614111678,-1.9797366387635,0.0053
1538758740763893,6uVk8ngFAMrGL24sXxW1EZ,103644195212255,kingvik,2026-08-23T12:47:44.693000+00:00,Rwanda,30.227978977331,-1.9754183653582,0.0082
1540831681065273,6uVk8ngFAMrGL24sXxW1EZ,103644195212255,kingvik,2026-08-23T12:49:13.440000+00:00,Rwanda,30.229525073939,-1.9665875359596,0.0092
1542064630528615,6uVk8ngFAMrGL24sXxW1EZ,103644195212255,kingvik,2026-08-23T12:48:53.437000+00:00,Rwanda,30.229089268049,-1.9683655186047,0.0086
1543362307103084,6uVk8ngFAMrGL24sXxW1EZ,103644195212255,kingvik,2026-08-23T12:48:11.419000+00:00,Rwanda,30.22845124,-1.97254308,0.0096
1547285643813647,6uVk8ngFAMrGL24sXxW1EZ,103644195212255,kingvik,2026-08-23T12:48:04.697000+00:00,Rwanda,30.228339752208,-1.9732671863592,0.0097
1549224660217348,6uVk8ngFAMrGL24sXxW1EZ,103644195212255,kingvik,2026-08-23T12:45:59.504000+00:00,Rwanda,30.224674735819,-1.9797984818449,0.0057
1549788166603407,6uVk8ngFAMrGL24sXxW1EZ,103644195212255,kingvik,2026-08-23T12:50:07.666000+00:00,Rwanda,30.231466892353,-1.9617842047059,0.0088
1551586626763171,6uVk8ngFAMrGL24sXxW1EZ,103644195212255,kingvik,2026-08-23T12:45:16.877000+00:00,Rwanda,30.22302747841,-1.9796983827282,0.006
1552967899646533,6uVk8ngFAMrGL24sXxW1EZ,103644195212255,kingvik,2026-08-23T12:48:10.598000+00:00,Rwanda,30.228438276138,-1.9726281884732,0.0107
1559481865171784,6uVk8ngFAMrGL24sXxW1EZ,103644195212255,kingvik,2026-08-23T12:49:39.266000+00:00,Rwanda,30.230414491919,-1.9643738565657,0.0086
1565912298362309,6uVk8ngFAMrGL24sXxW1EZ,103644195212255,kingvik,2026-08-23T12:47:37.183000+00:00,Rwanda,30.227844962022,-1.976167083317,0.0102
1566012121669616,6uVk8ngFAMrGL24sXxW1EZ,103644195212255,kingvik,2026-08-23T12:47:07.972000+00:00,Rwanda,30.226539345152,-1.9792592610101,0.008
1570649267873220,6uVk8ngFAMrGL24sXxW1EZ,103644195212255,kingvik,2026-08-23T12:48:19.803000+00:00,Rwanda,30.228573468182,-1.9717018242424,0.01
1572216991070207,6uVk8ngFAMrGL24sXxW1EZ,103644195212255,kingvik,2026-08-23T12:48:28.919000+00:00,Rwanda,30.22871175,-1.97081102,0.0089
1580389233473461,6uVk8ngFAMrGL24sXxW1EZ,103644195212255,kingvik,2026-08-23T12:47:56.398000+00:00,Rwanda,30.228199107078,-1.9741862465116,0.0104
1581310383941593,6uVk8ngFAMrGL24sXxW1EZ,103644195212255,kingvik,2026-08-23T12:49:03.427000+00:00,Rwanda,30.229256806869,-1.967489180471,0.0095
1582781076719159,6uVk8ngFAMrGL24sXxW1EZ,103644195212255,kingvik,2026-08-23T12:45:47.918000+00:00,Rwanda,30.223974216977,-1.9797532582924,0.0047
1583046620218764,6uVk8ngFAMrGL24sXxW1EZ,103644195212255,kingvik,2026-08-23T12:47:06.277000+00:00,Rwanda,30.226433936364,-1.9793611575758,0.0077
1584995750289031,6uVk8ngFAMrGL24sXxW1EZ,103644195212255,kingvik,2026-08-23T12:45:24.682000+00:00,Rwanda,30.223240778384,-1.9797092355556,0.0051
1586910112816932,6uVk8ngFAMrGL24sXxW1EZ,103644195212255,kingvik,2026-08-23T12:49:19.240000+00:00,Rwanda,30.22971467949,-1.9660775560353,0.0085
1587008926310891,6uVk8ngFAMrGL24sXxW1EZ,103644195212255,kingvik,2026-08-23T12:47:32.177000+00:00,Rwanda,30.227726138371,-1.9767527850834,0.0111
1588549799343745,6uVk8ngFAMrGL24sXxW1EZ,103644195212255,kingvik,2026-08-23T12:45:43.009000+00:00,Rwanda,30.223742254444,-1.9797444411111,0.0035
1589238792907057,6uVk8ngFAMrGL24sXxW1EZ,103644195212255,kingvik,2026-08-23T12:46:30.328000+00:00,Rwanda,30.225572684444,-1.9797859456566,0.0031
1594287982059442,6uVk8ngFAMrGL24sXxW1EZ,103644195212255,kingvik,2026-08-23T12:44:54.189000+00:00,Rwanda,30.222175242222,-1.9796466982828,0.0036
1595460985630481,6uVk8ngFAMrGL24sXxW1EZ,103644195212255,kingvik,2026-08-23T12:45:36.891000+00:00,Rwanda,30.223566428817,-1.9797328389282,0.0053
1595552185436972,6uVk8ngFAMrGL24sXxW1EZ,103644195212255,kingvik,2026-08-23T12:49:21.744000+00:00,Rwanda,30.229809107851,-1.9658550223749,0.0084
1601779901312697,6uVk8ngFAMrGL24sXxW1EZ,103644195212255,kingvik,2026-08-23T12:49:02.548000+00:00,Rwanda,30.229236175455,-1.9675724981818,0.0086
1602154684605882,6uVk8ngFAMrGL24sXxW1EZ,103644195212255,kingvik,2026-08-23T12:49:48.470000+00:00,Rwanda,30.230777029798,-1.9635012116162,0.0094
1603762611403490,6uVk8ngFAMrGL24sXxW1EZ,103644195212255,kingvik,2026-08-23T12:49:24.247000+00:00,Rwanda,30.229894058587,-1.9656490589794,0.0078
1613159973848229,6uVk8ngFAMrGL24sXxW1EZ,103644195212255,kingvik,2026-08-23T12:46:01.120000+00:00,Rwanda,30.224768530422,-1.9798027544652,0.0051
1617002113386716,6uVk8ngFAMrGL24sXxW1EZ,103644195212255,kingvik,2026-08-23T12:47:02.143000+00:00,Rwanda,30.226154170559,-1.9795670214917,0.0078
1618690913238929,6uVk8ngFAMrGL24sXxW1EZ,103644195212255,kingvik,2026-08-23T12:46:00.330000+00:00,Rwanda,30.224722883333,-1.9798007355556,0.0054
1620629936250329,6uVk8ngFAMrGL24sXxW1EZ,103644195212255,kingvik,2026-08-23T12:47:41.401000+00:00,Rwanda,30.227926364914,-1.9757205005056,0.0092
1620769669695151,6uVk8ngFAMrGL24sXxW1EZ,103644195212255,kingvik,2026-08-23T12:47:26.366000+00:00,Rwanda,30.22751286,-1.9774574830303,0.0126
1624658329186733,6uVk8ngFAMrGL24sXxW1EZ,103644195212255,kingvik,2026-08-23T12:48:16.404000+00:00,Rwanda,30.22852608106,-1.9720420327772,0.009
1639888704521074,6uVk8ngFAMrGL24sXxW1EZ,103644195212255,kingvik,2026-08-23T12:50:05.186000+00:00,Rwanda,30.231384376138,-1.9620130502528,0.0086
1641475647675195,6uVk8ngFAMrGL24sXxW1EZ,103644195212255,kingvik,2026-08-23T12:47:59.711000+00:00,Rwanda,30.228256201717,-1.9738183769697,0.0101
1642164767504918,6uVk8ngFAMrGL24sXxW1EZ,103644195212255,kingvik,2026-08-23T12:44:50.065000+00:00,Rwanda,30.222030353434,-1.9796364250505,0.0093
1648055626979102,6uVk8ngFAMrGL24sXxW1EZ,103644195212255,kingvik,2026-08-23T12:48:05.590000+00:00,Rwanda,30.228355048889,-1.9731701437374,0.0109
1657157973088498,6uVk8ngFAMrGL24sXxW1EZ,103644195212255,kingvik,2026-08-23T12:47:50.594000+00:00,Rwanda,30.228093032323,-1.9748284631313,0.0108
1693098085125620,6uVk8ngFAMrGL24sXxW1EZ,103644195212255,kingvik,2026-08-23T12:49:09.249000+00:00,Rwanda,30.229402987563,-1.9669544100101,0.0085
1695928564817653,6uVk8ngFAMrGL24sXxW1EZ,103644195212255,kingvik,2026-08-23T12:48:49.215000+00:00,Rwanda,30.229030578705,-1.9687394591757,0.0093
1698536254584884,6uVk8ngFAMrGL24sXxW1EZ,103644195212255,kingvik,2026-08-23T12:47:54.704000+00:00,Rwanda,30.228169255612,-1.974376923458,0.0102
1707135207009581,6uVk8ngFAMrGL24sXxW1EZ,103644195212255,kingvik,2026-08-23T12:45:35.120000+00:00,Rwanda,30.223519241456,-1.9797290318504,0.0048
1709944003446894,6uVk8ngFAMrGL24sXxW1EZ,103644195212255,kingvik,2026-08-23T12:46:07.031000+00:00,Rwanda,30.225087111628,-1.9798180651163,0.0046
1711181863510288,6uVk8ngFAMrGL24sXxW1EZ,103644195212255,kingvik,2026-08-23T12:45:29.913000+00:00,Rwanda,30.223384258586,-1.9797186979798,0.0052
1713475066401335,6uVk8ngFAMrGL24sXxW1EZ,103644195212255,kingvik,2026-08-23T12:49:15.945000+00:00,Rwanda,30.229602209091,-1.9663690757576,0.0093
1717472313075642,6uVk8ngFAMrGL24sXxW1EZ,103644195212255,kingvik,2026-08-23T12:49:14.256000+00:00,Rwanda,30.229549988384,-1.9665165314141,0.0084
1720575182359329,6uVk8ngFAMrGL24sXxW1EZ,103644195212255,kingvik,2026-08-23T12:47:53.075000+00:00,Rwanda,30.228140201766,-1.9745586328754,0.0108
1723149928737845,6uVk8ngFAMrGL24sXxW1EZ,103644195212255,kingvik,2026-08-23T12:49:05.029000+00:00,Rwanda,30.229296341904,-1.9673372028459,0.0085
1730088834930760,6uVk8ngFAMrGL24sXxW1EZ,103644195212255,kingvik,2026-08-23T12:47:43.083000+00:00,Rwanda,30.227953042525,-1.9755656678788,0.0092
1733463947939168,6uVk8ngFAMrGL24sXxW1EZ,103644195212255,kingvik,2026-08-23T12:45:48.722000+00:00,Rwanda,30.224018789697,-1.9797565257576,0.005
1734445147774204,6uVk8ngFAMrGL24sXxW1EZ,103644195212255,kingvik,2026-08-23T12:49:54.264000+00:00,Rwanda,30.23100710893,-1.9629416773307,0.0089
1748478623090255,6uVk8ngFAMrGL24sXxW1EZ,103644195212255,kingvik,2026-08-23T12:49:45.968000+00:00,Rwanda,30.230674959091,-1.9637419490909,0.0094
1750619452652833,6uVk8ngFAMrGL24sXxW1EZ,103644195212255,kingvik,2026-08-23T12:45:52.821000+00:00,Rwanda,30.224267394135,-1.9797718178969,0.0057
1756754375574877,6uVk8ngFAMrGL24sXxW1EZ,103644195212255,kingvik,2026-08-23T12:48:17.210000+00:00,Rwanda,30.228537010909,-1.9719611411111,0.0091
1761650541621273,6uVk8ngFAMrGL24sXxW1EZ,103644195212255,kingvik,2026-08-23T12:46:26.149000+00:00,Rwanda,30.225508719192,-1.9797988363636,0.0035
1764087164785212,6uVk8ngFAMrGL24sXxW1EZ,103644195212255,kingvik,2026-08-23T12:49:50.161000+00:00,Rwanda,30.230845697059,-1.9633383782353,0.0103
1768586741004955,6uVk8ngFAMrGL24sXxW1EZ,103644195212255,kingvik,2026-08-23T12:47:47.193000+00:00,Rwanda,30.228022177778,-1.9751810818182,0.0089
1772187510795345,6uVk8ngFAMrGL24sXxW1EZ,103644195212255,kingvik,2026-08-23T12:49:30.949000+00:00,Rwanda,30.230121297939,-1.9650884520118,0.008
1774153706939673,6uVk8ngFAMrGL24sXxW1EZ,103644195212255,kingvik,2026-08-23T12:47:27.979000+00:00,Rwanda,30.22758045,-1.97726292,0.0112
1775236796981755,6uVk8ngFAMrGL24sXxW1EZ,103644195212255,kingvik,2026-08-23T12:47:58.902000+00:00,Rwanda,30.228243239394,-1.9739081393939,0.0102
1777336076808668,6uVk8ngFAMrGL24sXxW1EZ,103644195212255,kingvik,2026-08-23T12:47:46.388000+00:00,Rwanda,30.228006959666,-1.9752596438665,0.0086
1777686939915558,6uVk8ngFAMrGL24sXxW1EZ,103644195212255,kingvik,2026-08-23T12:48:22.307000+00:00,Rwanda,30.228612810505,-1.9714546879798,0.0099
1780030313025748,6uVk8ngFAMrGL24sXxW1EZ,103644195212255,kingvik,2026-08-23T12:45:33.383000+00:00,Rwanda,30.22347573631,-1.9797261168793,0.0049
1780827909927185,6uVk8ngFAMrGL24sXxW1EZ,103644195212255,kingvik,2026-08-23T12:45:15.201000+00:00,Rwanda,30.222973920808,-1.9796936070707,0.0032
1781100749571808,6uVk8ngFAMrGL24sXxW1EZ,103644195212255,kingvik,2026-08-23T12:50:06.878000+00:00,Rwanda,30.231440404651,-1.9618584302326,0.0099
1783270929693091,6uVk8ngFAMrGL24sXxW1EZ,103644195212255,kingvik,2026-08-23T12:47:55.579000+00:00,Rwanda,30.228184506667,-1.9742782466667,0.0111
1791556995419157,6uVk8ngFAMrGL24sXxW1EZ,103644195212255,kingvik,2026-08-23T12:47:35.485000+00:00,Rwanda,30.227808110101,-1.9763603656566,0.0106
1794258244939623,6uVk8ngFAMrGL24sXxW1EZ,103644195212255,kingvik,2026-08-23T12:45:13.507000+00:00,Rwanda,30.22291318303,-1.9796896972727,0.0036
1795899171838499,6uVk8ngFAMrGL24sXxW1EZ,103644195212255,kingvik,2026-08-23T12:46:23.646000+00:00,Rwanda,30.225477958182,-1.97980401,0.0036
1800725714697813,6uVk8ngFAMrGL24sXxW1EZ,103644195212255,kingvik,2026-08-23T12:45:14.373000+00:00,Rwanda,30.222945291953,-1.9796916245339,0.0036
1802410061173946,6uVk8ngFAMrGL24sXxW1EZ,103644195212255,kingvik,2026-08-23T12:49:40.147000+00:00,Rwanda,30.230447764769,-1.9642945160942,0.0096
1803478944148690,6uVk8ngFAMrGL24sXxW1EZ,103644195212255,kingvik,2026-08-23T12:45:11.004000+00:00,Rwanda,30.222810647576,-1.9796824887879,0.0038
1806442483963742,6uVk8ngFAMrGL24sXxW1EZ,103644195212255,kingvik,2026-08-23T12:45:42.121000+00:00,Rwanda,30.223710433333,-1.9797428111111,0.0057
1807770367317346,6uVk8ngFAMrGL24sXxW1EZ,103644195212255,kingvik,2026-08-23T12:48:03.909000+00:00,Rwanda,30.228326216162,-1.9733529894949,0.0102
1815831249773222,6uVk8ngFAMrGL24sXxW1EZ,103644195212255,kingvik,2026-08-23T12:49:18.448000+00:00,Rwanda,30.229685829495,-1.9661479082828,0.0095
1816080582864191,6uVk8ngFAMrGL24sXxW1EZ,103644195212255,kingvik,2026-08-23T12:47:15.482000+00:00,Rwanda,30.226958067273,-1.9786371054545,0.0101
1816763079508649,6uVk8ngFAMrGL24sXxW1EZ,103644195212255,kingvik,2026-08-23T12:48:41.728000+00:00,Rwanda,30.228915612727,-1.9694968266667,0.0109
1817528556084347,6uVk8ngFAMrGL24sXxW1EZ,103644195212255,kingvik,2026-08-23T12:47:08.867000+00:00,Rwanda,30.226592539596,-1.9791996369697,0.0089
1836875017284420,6uVk8ngFAMrGL24sXxW1EZ,103644195212255,kingvik,2026-08-23T12:46:10.343000+00:00,Rwanda,30.225237906061,-1.9798207193939,0.0039
1857056441942451,6uVk8ngFAMrGL24sXxW1EZ,103644195212255,kingvik,2026-08-23T12:48:55.916000+00:00,Rwanda,30.229124748039,-1.96815605,0.0084
1860269911615440,6uVk8ngFAMrGL24sXxW1EZ,103644195212255,kingvik,2026-08-23T12:49:30.157000+00:00,Rwanda,30.230094459596,-1.9651554313131,0.0092
1865319111501757,6uVk8ngFAMrGL24sXxW1EZ,103644195212255,kingvik,2026-08-23T12:47:20.489000+00:00,Rwanda,30.227216061616,-1.9781229767677,0.0107
1872675320365430,6uVk8ngFAMrGL24sXxW1EZ,103644195212255,kingvik,2026-08-23T12:45:55.323000+00:00,Rwanda,30.224423815758,-1.9797833889899,0.0057
1880164810057142,6uVk8ngFAMrGL24sXxW1EZ,103644195212255,kingvik,2026-08-23T12:45:46.318000+00:00,Rwanda,30.223889789899,-1.9797489846465,0.0045
1934367347230154,6uVk8ngFAMrGL24sXxW1EZ,103644195212255,kingvik,2026-08-23T12:44:57.557000+00:00,Rwanda,30.222303467713,-1.9796540373896,0.0039
1944543186501489,6uVk8ngFAMrGL24sXxW1EZ,103644195212255,kingvik,2026-08-23T12:44:52.495000+00:00,Rwanda,30.222110612639,-1.9796421177958,0.0031
1962202251153147,6uVk8ngFAMrGL24sXxW1EZ,103644195212255,kingvik,2026-08-23T12:45:02.690000+00:00,Rwanda,30.222499890481,-1.9796615879293,0.0031
1988353211879805,6uVk8ngFAMrGL24sXxW1EZ,103644195212255,kingvik,2026-08-23T12:48:33.118000+00:00,Rwanda,30.228777318744,-1.9703955278705,0.009
1998606867517277,6uVk8ngFAMrGL24sXxW1EZ,103644195212255,kingvik,2026-08-23T12:47:34.680000+00:00,Rwanda,30.227790799313,-1.9764542441609,0.0107
2015185012475271,6uVk8ngFAMrGL24sXxW1EZ,103644195212255,kingvik,2026-08-23T12:47:05.468000+00:00,Rwanda,30.226381280808,-1.9794058140404,0.0077
2016917055623764,6uVk8ngFAMrGL24sXxW1EZ,103644195212255,kingvik,2026-08-23T12:46:11.213000+00:00,Rwanda,30.225273954269,-1.9798199060844,0.004
2021816271856365,6uVk8ngFAMrGL24sXxW1EZ,103644195212255,kingvik,2026-08-23T12:45:58.635000+00:00,Rwanda,30.224623489697,-1.9797960286869,0.0053
2033797807263387,6uVk8ngFAMrGL24sXxW1EZ,103644195212255,kingvik,2026-08-23T12:49:51.760000+00:00,Rwanda,30.230910448333,-1.9631833326471,0.0092
2077319193143661,6uVk8ngFAMrGL24sXxW1EZ,103644195212255,kingvik,2026-08-23T12:48:13.923000+00:00,Rwanda,30.228490277273,-1.9722899767677,0.0092
2096148817779884,6uVk8ngFAMrGL24sXxW1EZ,103644195212255,kingvik,2026-08-23T12:45:54.497000+00:00,Rwanda,30.224372847694,-1.9797796050049,0.0061
2103843413546943,6uVk8ngFAMrGL24sXxW1EZ,103644195212255,kingvik,2026-08-23T12:45:11.870000+00:00,Rwanda,30.222847241511,-1.9796847899902,0.0041
2105779090327796,6uVk8ngFAMrGL24sXxW1EZ,103644195212255,kingvik,2026-08-23T12:49:47.658000+00:00,Rwanda,30.230743447792,-1.9635791048086,0.0102
2106416093305655,6uVk8ngFAMrGL24sXxW1EZ,103644195212255,kingvik,2026-08-23T12:49:43.464000+00:00,Rwanda,30.230575927475,-1.9639837487879,0.0094
2108591219740143,6uVk8ngFAMrGL24sXxW1EZ,103644195212255,kingvik,2026-08-23T12:49:35.165000+00:00,Rwanda,30.230267336502,-1.9647294806876,0.0093
2109429726319066,6uVk8ngFAMrGL24sXxW1EZ,103644195212255,kingvik,2026-08-23T12:48:51.727000+00:00,Rwanda,30.229065717664,-1.9685114583906,0.008
2121226425409491,6uVk8ngFAMrGL24sXxW1EZ,103644195212255,kingvik,2026-08-23T12:48:24.811000+00:00,Rwanda,30.228652360465,-1.9712119157735,0.0097
2131137877758118,6uVk8ngFAMrGL24sXxW1EZ,103644195212255,kingvik,2026-08-23T12:49:37.643000+00:00,Rwanda,30.230354098824,-1.96451663,0.0092
2137622923457541,6uVk8ngFAMrGL24sXxW1EZ,103644195212255,kingvik,2026-08-23T12:47:38.075000+00:00,Rwanda,30.227862409697,-1.9760687,0.0111
2139340339955284,6uVk8ngFAMrGL24sXxW1EZ,103644195212255,kingvik,2026-08-23T12:45:28.196000+00:00,Rwanda,30.223337713737,-1.9797158170707,0.0056
2140393550206526,6uVk8ngFAMrGL24sXxW1EZ,103644195212255,kingvik,2026-08-23T12:50:02.679000+00:00,Rwanda,30.231300944545,-1.9622325312121,0.0093
2140570023168226,6uVk8ngFAMrGL24sXxW1EZ,103644195212255,kingvik,2026-08-23T12:48:25.608000+00:00,Rwanda,30.228664435784,-1.9711346490196,0.0087
2150754485874660,6uVk8ngFAMrGL24sXxW1EZ,103644195212255,kingvik,2026-08-23T12:48:06.411000+00:00,Rwanda,30.228368838182,-1.9730807127273,0.0101
2151832392422881,6uVk8ngFAMrGL24sXxW1EZ,103644195212255,kingvik,2026-08-23T12:47:27.190000+00:00,Rwanda,30.227547833974,-1.977358261274,0.0117
2156713384887260,6uVk8ngFAMrGL24sXxW1EZ,103644195212255,kingvik,2026-08-23T12:49:01.739000+00:00,Rwanda,30.22921991899,-1.9676485490909,0.0084
2156750005262931,6uVk8ngFAMrGL24sXxW1EZ,103644195212255,kingvik,2026-08-23T12:48:20.623000+00:00,Rwanda,30.228585941616,-1.9716202579798,0.0092
2159946601532229,6uVk8ngFAMrGL24sXxW1EZ,103644195212255,kingvik,2026-08-23T12:48:08.094000+00:00,Rwanda,30.22839714596,-1.9728970838384,0.011
2164053511125658,6uVk8ngFAMrGL24sXxW1EZ,103644195212255,kingvik,2026-08-23T12:45:08.501000+00:00,Rwanda,30.222705806566,-1.9796768040404,0.0036
2164118134506273,6uVk8ngFAMrGL24sXxW1EZ,103644195212255,kingvik,2026-08-23T12:48:36.702000+00:00,Rwanda,30.228837147879,-1.9700296006061,0.0126
2167618524187648,6uVk8ngFAMrGL24sXxW1EZ,103644195212255,kingvik,2026-08-23T12:49:04.242000+00:00,Rwanda,30.229277364646,-1.9674114020202,0.0089
2171197497148810,6uVk8ngFAMrGL24sXxW1EZ,103644195212255,kingvik,2026-08-23T12:45:51.993000+00:00,Rwanda,30.224216099216,-1.9797682548039,0.006
2171382856755332,6uVk8ngFAMrGL24sXxW1EZ,103644195212255,kingvik,2026-08-23T12:49:32.660000+00:00,Rwanda,30.230179684848,-1.9649429412121,0.0092
2183677212572659,6uVk8ngFAMrGL24sXxW1EZ,103644195212255,kingvik,2026-08-23T12:49:45.154000+00:00,Rwanda,30.230642948283,-1.9638205639843,0.0102
2190915251486194,6uVk8ngFAMrGL24sXxW1EZ,103644195212255,kingvik,2026-08-23T12:49:42.651000+00:00,Rwanda,30.230543829342,-1.9640619991168,0.01
2201611940688010,6uVk8ngFAMrGL24sXxW1EZ,103644195212255,kingvik,2026-08-23T12:48:31.422000+00:00,Rwanda,30.228750090909,-1.9705649,0.009
2220974772086570,6uVk8ngFAMrGL24sXxW1EZ,103644195212255,kingvik,2026-08-23T12:48:34.802000+00:00,Rwanda,30.228804727576,-1.9702250875368,0.01
2260484291475109,6uVk8ngFAMrGL24sXxW1EZ,103644195212255,kingvik,2026-08-23T12:46:02.002000+00:00,Rwanda,30.224819141818,-1.9798046854545,0.0056
2262259254552629,6uVk8ngFAMrGL24sXxW1EZ,103644195212255,kingvik,2026-08-23T12:44:55.890000+00:00,Rwanda,30.222237394897,-1.9796504345437,0.0034
2275529566627582,6uVk8ngFAMrGL24sXxW1EZ,103644195212255,kingvik,2026-08-23T12:45:01.849000+00:00,Rwanda,30.222472042727,-1.9796601511111,0.0038
2295830327839678,6uVk8ngFAMrGL24sXxW1EZ,103644195212255,kingvik,2026-08-23T12:44:51.685000+00:00,Rwanda,30.222082366667,-1.97964052,0.0058
2308255183279239,6uVk8ngFAMrGL24sXxW1EZ,103644195212255,kingvik,2026-08-23T12:46:54.818000+00:00,Rwanda,30.225810765657,-1.9797169878788,0.003
2317255902437554,6uVk8ngFAMrGL24sXxW1EZ,103644195212255,kingvik,2026-08-23T12:49:49.280000+00:00,Rwanda,30.230809944186,-1.9634234860465,0.0094
2336526387173167,6uVk8ngFAMrGL24sXxW1EZ,103644195212255,kingvik,2026-08-23T12:47:13.768000+00:00,Rwanda,30.226870858039,-1.9788033484314,0.0093
2340067873398078,6uVk8ngFAMrGL24sXxW1EZ,103644195212255,kingvik,2026-08-23T12:49:55.982000+00:00,Rwanda,30.231069068889,-1.9627863688889,0.0086
2375870169816840,6uVk8ngFAMrGL24sXxW1EZ,103644195212255,kingvik,2026-08-23T12:50:04.373000+00:00,Rwanda,30.231357748687,-1.9620852230303,0.0094
2446774936150387,6uVk8ngFAMrGL24sXxW1EZ,103644195212255,kingvik,2026-08-23T12:48:40.827000+00:00,Rwanda,30.228901811122,-1.9695936941355,0.0097
2467367407094069,6uVk8ngFAMrGL24sXxW1EZ,103644195212255,kingvik,2026-08-23T12:46:12.847000+00:00,Rwanda,30.225334048687,-1.9798175658586,0.0031
2509393456232154,6uVk8ngFAMrGL24sXxW1EZ,103644195212255,kingvik,2026-08-23T12:48:13.102000+00:00,Rwanda,30.228478233131,-1.9723720220202,0.0102
2542692162833791,6uVk8ngFAMrGL24sXxW1EZ,103644195212255,kingvik,2026-08-23T12:49:34.259000+00:00,Rwanda,30.230235989394,-1.9648069607071,0.0083
2571669390017806,6uVk8ngFAMrGL24sXxW1EZ,103644195212255,kingvik,2026-08-23T12:48:01.405000+00:00,Rwanda,30.228284418182,-1.9736305931313,0.0102
2635681916942757,6uVk8ngFAMrGL24sXxW1EZ,103644195212255,kingvik,2026-08-23T12:46:14.541000+00:00,Rwanda,30.225378293939,-1.9798150363636,0.0049
2741873019568633,6uVk8ngFAMrGL24sXxW1EZ,103644195212255,kingvik,2026-08-23T12:48:02.193000+00:00,Rwanda,30.228297377331,-1.9735429904809,0.0098
2813759598998467,6uVk8ngFAMrGL24sXxW1EZ,103644195212255,kingvik,2026-08-23T12:47:49.697000+00:00,Rwanda,30.22807506,-1.9749241290909,0.0096
2857717687932818,6uVk8ngFAMrGL24sXxW1EZ,103644195212255,kingvik,2026-08-23T12:49:06.745000+00:00,Rwanda,30.229335853333,-1.9671808266667,0.0085
2894797857548581,6uVk8ngFAMrGL24sXxW1EZ,103644195212255,kingvik,2026-08-23T12:49:26.751000+00:00,Rwanda,30.229978889696,-1.9654423868499,0.0079
2924259044594194,6uVk8ngFAMrGL24sXxW1EZ,103644195212255,kingvik,2026-08-23T12:48:45.026000+00:00,Rwanda,30.228966644357,-1.9691468116781,0.0093
3130195073840429,6uVk8ngFAMrGL24sXxW1EZ,103644195212255,kingvik,2026-08-23T12:49:11.752000+00:00,Rwanda,30.22947524697,-1.9667331015152,0.0083
3245391362314709,6uVk8ngFAMrGL24sXxW1EZ,103644195212255,kingvik,2026-08-23T12:48:33.926000+00:00,Rwanda,30.228790405051,-1.9703142178788,0.0092
3295506930658117,6uVk8ngFAMrGL24sXxW1EZ,103644195212255,kingvik,2026-08-23T12:46:28.652000+00:00,Rwanda,30.225545459798,-1.9797919387879,0.0042
3310226515826640,6uVk8ngFAMrGL24sXxW1EZ,103644195212255,kingvik,2026-08-23T12:47:39.686000+00:00,Rwanda,30.227894052895,-1.9758948844946,0.0095
3440467312802464,6uVk8ngFAMrGL24sXxW1EZ,103644195212255,kingvik,2026-08-23T12:47:30.482000+00:00,Rwanda,30.227676733268,-1.9769594754661,0.0111
3442779675883605,6uVk8ngFAMrGL24sXxW1EZ,103644195212255,kingvik,2026-08-23T12:45:49.531000+00:00,Rwanda,30.224065783721,-1.9797591976744,0.0052
3467006020132762,6uVk8ngFAMrGL24sXxW1EZ,103644195212255,kingvik,2026-08-23T12:49:46.776000+00:00,Rwanda,30.230707586465,-1.9636638834343,0.0094
3485937864913214,6uVk8ngFAMrGL24sXxW1EZ,103644195212255,kingvik,2026-08-23T12:45:57.001000+00:00,Rwanda,30.224525875662,-1.9797901526006,0.0059
3502136016634599,6uVk8ngFAMrGL24sXxW1EZ,103644195212255,kingvik,2026-08-23T12:48:35.619000+00:00,Rwanda,30.228818643838,-1.9701415072727,0.0094
3614778472012675,6uVk8ngFAMrGL24sXxW1EZ,103644195212255,kingvik,2026-08-23T12:45:09.386000+00:00,Rwanda,30.222742436364,-1.9796786509091,0.0041
3675141855983498,6uVk8ngFAMrGL24sXxW1EZ,103644195212255,kingvik,2026-08-23T12:45:31.683000+00:00,Rwanda,30.223432106667,-1.9797222972727,0.0053
3698698430282344,6uVk8ngFAMrGL24sXxW1EZ,103644195212255,kingvik,2026-08-23T12:44:55.073000+00:00,Rwanda,30.222207283838,-1.9796488739394,0.0036
3984302598537383,6uVk8ngFAMrGL24sXxW1EZ,103644195212255,kingvik,2026-08-23T12:47:33.878000+00:00,Rwanda,30.227771556364,-1.9765488016162,0.0122
3996199543849729,6uVk8ngFAMrGL24sXxW1EZ,103644195212255,kingvik,2026-08-23T12:49:44.273000+00:00,Rwanda,30.230607975354,-1.9639056953535,0.0094
4053830204922469,6uVk8ngFAMrGL24sXxW1EZ,103644195212255,kingvik,2026-08-23T12:49:07.533000+00:00,Rwanda,30.229355451325,-1.9671092011776,0.0083
4068690960101070,6uVk8ngFAMrGL24sXxW1EZ,103644195212255,kingvik,2026-08-23T12:45:05.194000+00:00,Rwanda,30.222579207556,-1.979666810893,0.003
4140255902939053,6uVk8ngFAMrGL24sXxW1EZ,103644195212255,kingvik,2026-08-23T12:48:57.541000+00:00,Rwanda,30.229147575253,-1.9680175126263,0.0078
4152257788412659,6uVk8ngFAMrGL24sXxW1EZ,103644195212255,kingvik,2026-08-23T12:46:57.157000+00:00,Rwanda,30.225855832659,-1.9796996418605,0.0054
4187294898070237,6uVk8ngFAMrGL24sXxW1EZ,103644195212255,kingvik,2026-08-23T12:48:12.207000+00:00,Rwanda,30.228464449951,-1.9724624806673,0.0091
4191430324323607,6uVk8ngFAMrGL24sXxW1EZ,103644195212255,kingvik,2026-08-23T12:48:43.330000+00:00,Rwanda,30.228939861111,-1.9693247151515,0.0097
4418414341705970,6uVk8ngFAMrGL24sXxW1EZ,103644195212255,kingvik,2026-08-23T12:50:00.176000+00:00,Rwanda,30.231213914646,-1.9624419560606,0.0089
4451368438524899,6uVk8ngFAMrGL24sXxW1EZ,103644195212255,kingvik,2026-08-23T12:48:18.908000+00:00,Rwanda,30.228560102257,-1.9717911955839,0.009
4465244593722620,6uVk8ngFAMrGL24sXxW1EZ,103644195212255,kingvik,2026-08-23T12:46:20.338000+00:00,Rwanda,30.225445858587,-1.9798082801766,0.0037
4471836036402431,6uVk8ngFAMrGL24sXxW1EZ,103644195212255,kingvik,2026-08-23T12:48:37.516000+00:00,Rwanda,30.228851267713,-1.9699447040236,0.0096
4567723976848375,6uVk8ngFAMrGL24sXxW1EZ,103644195212255,kingvik,2026-08-23T12:49:00.044000+00:00,Rwanda,30.229187979596,-1.9678004306061,0.008
4667307783485500,6uVk8ngFAMrGL24sXxW1EZ,103644195212255,kingvik,2026-08-23T12:48:38.323000+00:00,Rwanda,30.228864284646,-1.9698598947475,0.0095
4677596005897174,6uVk8ngFAMrGL24sXxW1EZ,103644195212255,kingvik,2026-08-23T12:48:28.112000+00:00,Rwanda,30.228700201766,-1.9708898524043,0.0088
4701494243508666,6uVk8ngFAMrGL24sXxW1EZ,103644195212255,kingvik,2026-08-23T12:48:30.615000+00:00,Rwanda,30.228737410108,-1.9706446658489,0.0088
7456549687948465,6uVk8ngFAMrGL24sXxW1EZ,103644195212255,kingvik,2026-08-23T12:48:44.231000+00:00,Rwanda,30.228953946061,-1.9692295935354,0.0107
27026420120367540,6uVk8ngFAMrGL24sXxW1EZ,103644195212255,kingvik,2026-08-23T12:49:53.477000+00:00,Rwanda,30.230977675354,-1.9630163379798,0.0095
27956822957302081,6uVk8ngFAMrGL24sXxW1EZ,103644195212255,kingvik,2026-08-23T12:47:12.173000+00:00,Rwanda,30.226783778431,-1.9789464254902,0.009
28005082815767753,6uVk8ngFAMrGL24sXxW1EZ,103644195212255,kingvik,2026-08-23T12:47:18.860000+00:00,Rwanda,30.227130467517,-1.9782946440628,0.0113
28113275638335548,6uVk8ngFAMrGL24sXxW1EZ,103644195212255,kingvik,2026-08-23T12:49:00.924000+00:00,Rwanda,30.229203931992,-1.9677226481845,0.0088
28146900728301578,6uVk8ngFAMrGL24sXxW1EZ,103644195212255,kingvik,2026-08-23T12:46:05.337000+00:00,Rwanda,30.225001707685,-1.9798140348837,0.0048
28161838686817603,6uVk8ngFAMrGL24sXxW1EZ,103644195212255,kingvik,2026-08-23T12:45:00.061000+00:00,Rwanda,30.222405549362,-1.9796570096173,0.0038
28272194645735555,6uVk8ngFAMrGL24sXxW1EZ,103644195212255,kingvik,2026-08-23T12:47:07.150000+00:00,Rwanda,30.226488901472,-1.9793102214917,0.0083
28594661430131672,6uVk8ngFAMrGL24sXxW1EZ,103644195212255,kingvik,2026-08-23T12:48:54.230000+00:00,Rwanda,30.229101076471,-1.9682988317647,0.0075
28623943613870000,6uVk8ngFAMrGL24sXxW1EZ,103644195212255,kingvik,2026-08-23T12:47:58.083000+00:00,Rwanda,30.228229155937,-1.9739988300294,0.0109
28624166157167567,6uVk8ngFAMrGL24sXxW1EZ,103644195212255,kingvik,2026-08-23T12:48:56.732000+00:00,Rwanda,30.229135987968,-1.968086729727,0.0078
28883626851240368,6uVk8ngFAMrGL24sXxW1EZ,103644195212255,kingvik,2026-08-23T12:48:03.087000+00:00,Rwanda,30.228311973636,-1.9734437242424,0.0112
29300464636209086,6uVk8ngFAMrGL24sXxW1EZ,103644195212255,kingvik,2026-08-23T12:49:16.759000+00:00,Rwanda,30.22962842303,-1.9662972893939,0.0085
29373625422237271,6uVk8ngFAMrGL24sXxW1EZ,103644195212255,kingvik,2026-08-23T12:48:40.019000+00:00,Rwanda,30.228889621667,-1.9696799265686,0.0095
37734329099548316,6uVk8ngFAMrGL24sXxW1EZ,103644195212255,kingvik,2026-08-23T12:49:25.149000+00:00,Rwanda,30.229925014545,-1.96557522,0.0089
38907136772206925,6uVk8ngFAMrGL24sXxW1EZ,103644195212255,kingvik,2026-08-23T12:47:17.161000+00:00,Rwanda,30.227043283838,-1.9784692340404,0.0112
841295928973388,6uVk8ngFAMrGL24sXxW1EZ,103644195212255,kingvik,2026-08-23T12:53:53.813000+00:00,Rwanda,30.248429554702,-1.9521849203236,0.0135
882488548075618,6uVk8ngFAMrGL24sXxW1EZ,103644195212255,kingvik,2026-08-23T12:54:00.515000+00:00,Rwanda,30.249384672727,-1.9519530054545,0.0125
883122607990356,6uVk8ngFAMrGL24sXxW1EZ,103644195212255,kingvik,2026-08-23T12:54:45.848000+00:00,Rwanda,30.255141464377,-1.9501072491658,0.0123
887335124243976,6uVk8ngFAMrGL24sXxW1EZ,103644195212255,kingvik,2026-08-23T12:50:20.992000+00:00,Rwanda,30.231961648736,-1.960529329727,0.0089
888242677446403,6uVk8ngFAMrGL24sXxW1EZ,103644195212255,kingvik,2026-08-23T12:54:29.037000+00:00,Rwanda,30.253086226263,-1.9505852852525,0.012
888704194063460,6uVk8ngFAMrGL24sXxW1EZ,103644195212255,kingvik,2026-08-23T12:53:28.701000+00:00,Rwanda,30.245266515898,-1.9527079810599,0.0078
888886067392307,6uVk8ngFAMrGL24sXxW1EZ,103644195212255,kingvik,2026-08-23T12:54:29.860000+00:00,Rwanda,30.25318682895,-1.9505445160942,0.0121
897976519737577,6uVk8ngFAMrGL24sXxW1EZ,103644195212255,kingvik,2026-08-23T12:54:54.167000+00:00,Rwanda,30.256177425581,-1.950207327907,0.0115
904297589028363,6uVk8ngFAMrGL24sXxW1EZ,103644195212255,kingvik,2026-08-23T12:53:06.382000+00:00,Rwanda,30.243358448788,-1.952729279798,0.0063
905752412174616,6uVk8ngFAMrGL24sXxW1EZ,103644195212255,kingvik,2026-08-23T12:52:07.562000+00:00,Rwanda,30.239772057409,-1.9544476062807,0.008
914945951202260,6uVk8ngFAMrGL24sXxW1EZ,103644195212255,kingvik,2026-08-23T12:52:23.462000+00:00,Rwanda,30.240822473939,-1.9536846831313,0.0069
918452814184858,6uVk8ngFAMrGL24sXxW1EZ,103644195212255,kingvik,2026-08-23T12:50:37.506000+00:00,Rwanda,30.232995076055,-1.9594513467125,0.0085
919108970760685,6uVk8ngFAMrGL24sXxW1EZ,103644195212255,kingvik,2026-08-23T12:51:39.234000+00:00,Rwanda,30.237617717778,-1.9560334133333,0.0099
920983167239791,6uVk8ngFAMrGL24sXxW1EZ,103644195212255,kingvik,2026-08-23T12:53:54.634000+00:00,Rwanda,30.248547972745,-1.9521535196078,0.0136
922454274270399,6uVk8ngFAMrGL24sXxW1EZ,103644195212255,kingvik,2026-08-23T12:50:38.291000+00:00,Rwanda,30.233048023945,-1.9594120532875,0.0073
923478137474741,6uVk8ngFAMrGL24sXxW1EZ,103644195212255,kingvik,2026-08-23T12:52:30.971000+00:00,Rwanda,30.241251272522,-1.9533777650638,0.006
928841326365408,6uVk8ngFAMrGL24sXxW1EZ,103644195212255,kingvik,2026-08-23T12:52:25.964000+00:00,Rwanda,30.240974471246,-1.9535768306183,0.0066
931679366035831,6uVk8ngFAMrGL24sXxW1EZ,103644195212255,kingvik,2026-08-23T12:51:57.549000+00:00,Rwanda,30.239039622222,-1.9549872777778,0.0081
939668365844401,6uVk8ngFAMrGL24sXxW1EZ,103644195212255,kingvik,2026-08-23T12:53:52.131000+00:00,Rwanda,30.248186438077,-1.9522515529931,0.0135
939784391803344,6uVk8ngFAMrGL24sXxW1EZ,103644195212255,kingvik,2026-08-23T12:53:32.901000+00:00,Rwanda,30.245630019495,-1.9526674145455,0.0099
944128214664557,6uVk8ngFAMrGL24sXxW1EZ,103644195212255,kingvik,2026-08-23T12:51:01.608000+00:00,Rwanda,30.234686665217,-1.9581941743175,0.0072
946982755102155,6uVk8ngFAMrGL24sXxW1EZ,103644195212255,kingvik,2026-08-23T12:51:49.246000+00:00,Rwanda,30.238414775564,-1.9554350301276,0.0085
947370097622178,6uVk8ngFAMrGL24sXxW1EZ,103644195212255,kingvik,2026-08-23T12:52:53.289000+00:00,Rwanda,30.242389149495,-1.9527670878788,0.006
952949744505866,6uVk8ngFAMrGL24sXxW1EZ,103644195212255,kingvik,2026-08-23T12:51:35.036000+00:00,Rwanda,30.237292790481,-1.9562597720314,0.0084
969643166185310,6uVk8ngFAMrGL24sXxW1EZ,103644195212255,kingvik,2026-08-23T12:54:55.052000+00:00,Rwanda,30.256287142198,-1.9502221620216,0.0123
972041489236049,6uVk8ngFAMrGL24sXxW1EZ,103644195212255,kingvik,2026-08-23T12:51:06.616000+00:00,Rwanda,30.234994188182,-1.9579620073737,0.007
982346624866113,6uVk8ngFAMrGL24sXxW1EZ,103644195212255,kingvik,2026-08-23T12:50:36.597000+00:00,Rwanda,30.232934090909,-1.9594974826263,0.0076
992643603818225,6uVk8ngFAMrGL24sXxW1EZ,103644195212255,kingvik,2026-08-23T12:52:54.974000+00:00,Rwanda,30.242504317576,-1.9527447578788,0.0063
992804370435844,6uVk8ngFAMrGL24sXxW1EZ,103644195212255,kingvik,2026-08-23T12:53:58.836000+00:00,Rwanda,30.249151472424,-1.9520149361616,0.0133
996251396764439,6uVk8ngFAMrGL24sXxW1EZ,103644195212255,kingvik,2026-08-23T12:55:00.059000+00:00,Rwanda,30.256905359274,-1.9503042829244,0.0111
998970693180934,6uVk8ngFAMrGL24sXxW1EZ,103644195212255,kingvik,2026-08-23T12:52:40.962000+00:00,Rwanda,30.241764713131,-1.9530169683838,0.0047
1000715196355610,6uVk8ngFAMrGL24sXxW1EZ,103644195212255,kingvik,2026-08-23T12:55:11.767000+00:00,Rwanda,30.258372331818,-1.9505348651515,0.0119
1008394462235665,6uVk8ngFAMrGL24sXxW1EZ,103644195212255,kingvik,2026-08-23T12:50:43.298000+00:00,Rwanda,30.233378448283,-1.959169639596,0.0073
1012798065126291,6uVk8ngFAMrGL24sXxW1EZ,103644195212255,kingvik,2026-08-23T12:50:12.673000+00:00,Rwanda,30.231634683513,-1.961299561629,0.0092
1017789351367284,6uVk8ngFAMrGL24sXxW1EZ,103644195212255,kingvik,2026-08-23T12:54:03.033000+00:00,Rwanda,30.249731562626,-1.9518559171717,0.0131
1022990124130559,6uVk8ngFAMrGL24sXxW1EZ,103644195212255,kingvik,2026-08-23T12:51:35.825000+00:00,Rwanda,30.237352494848,-1.9562185290909,0.0081
1026241710446173,6uVk8ngFAMrGL24sXxW1EZ,103644195212255,kingvik,2026-08-23T12:51:29.220000+00:00,Rwanda,30.236813832727,-1.9566037818182,0.0104
1028837193309683,6uVk8ngFAMrGL24sXxW1EZ,103644195212255,kingvik,2026-08-23T12:54:19.829000+00:00,Rwanda,30.251903109519,-1.9510591534838,0.0137
1032097479587993,6uVk8ngFAMrGL24sXxW1EZ,103644195212255,kingvik,2026-08-23T12:54:56.670000+00:00,Rwanda,30.256487005455,-1.9502475154545,0.0114
1034501139371334,6uVk8ngFAMrGL24sXxW1EZ,103644195212255,kingvik,2026-08-23T12:50:14.389000+00:00,Rwanda,30.231695943333,-1.96112929,0.0106
1034702506006665,6uVk8ngFAMrGL24sXxW1EZ,103644195212255,kingvik,2026-08-23T12:51:00.798000+00:00,Rwanda,30.234635248086,-1.958232839156,0.0072
1035071216034814,6uVk8ngFAMrGL24sXxW1EZ,103644195212255,kingvik,2026-08-23T12:54:39.148000+00:00,Rwanda,30.254305444118,-1.9501883720588,0.0124
1035341895944451,6uVk8ngFAMrGL24sXxW1EZ,103644195212255,kingvik,2026-08-23T12:53:04.785000+00:00,Rwanda,30.243246645142,-1.9527302892051,0.0072
1037268225973185,6uVk8ngFAMrGL24sXxW1EZ,103644195212255,kingvik,2026-08-23T12:52:40.175000+00:00,Rwanda,30.241729155447,-1.9530397820412,0.0058
1037965735697305,6uVk8ngFAMrGL24sXxW1EZ,103644195212255,kingvik,2026-08-23T12:55:21.686000+00:00,Rwanda,30.259787046176,-1.9510647117647,0.0154
1038422698803533,6uVk8ngFAMrGL24sXxW1EZ,103644195212255,kingvik,2026-08-23T12:54:18.116000+00:00,Rwanda,30.251683392727,-1.9511479781818,0.0119
1038807325829217,6uVk8ngFAMrGL24sXxW1EZ,103644195212255,kingvik,2026-08-23T12:54:32.426000+00:00,Rwanda,30.253495061616,-1.9504217311111,0.0124
1038972732265685,6uVk8ngFAMrGL24sXxW1EZ,103644195212255,kingvik,2026-08-23T12:51:53.445000+00:00,Rwanda,30.238736032727,-1.9552047925253,0.0093
1039692772168914,6uVk8ngFAMrGL24sXxW1EZ,103644195212255,kingvik,2026-08-23T12:55:09.263000+00:00,Rwanda,30.258047864868,-1.9504758446516,0.0115
1044306508580784,6uVk8ngFAMrGL24sXxW1EZ,103644195212255,kingvik,2026-08-23T12:53:08.885000+00:00,Rwanda,30.243561573636,-1.9527166486869,0.0087
1044343235256946,6uVk8ngFAMrGL24sXxW1EZ,103644195212255,kingvik,2026-08-23T12:55:18.358000+00:00,Rwanda,30.259283620606,-1.9508437459596,0.0127
1046003561369775,6uVk8ngFAMrGL24sXxW1EZ,103644195212255,kingvik,2026-08-23T12:52:20.959000+00:00,Rwanda,30.240664063636,-1.9537979727273,0.007
1046078348042746,6uVk8ngFAMrGL24sXxW1EZ,103644195212255,kingvik,2026-08-23T12:55:04.256000+00:00,Rwanda,30.25742328577,-1.9503788615309,0.0123
1050244880959183,6uVk8ngFAMrGL24sXxW1EZ,103644195212255,kingvik,2026-08-23T12:55:05.065000+00:00,Rwanda,30.257524084545,-1.9503929466667,0.0113
1050466217736770,6uVk8ngFAMrGL24sXxW1EZ,103644195212255,kingvik,2026-08-23T12:52:24.278000+00:00,Rwanda,30.240873122375,-1.953648826104,0.0069
1050948000970661,6uVk8ngFAMrGL24sXxW1EZ,103644195212255,kingvik,2026-08-23T12:51:08.309000+00:00,Rwanda,30.235103140606,-1.9578828763636,0.0071
1051758407567064,6uVk8ngFAMrGL24sXxW1EZ,103644195212255,kingvik,2026-08-23T12:53:53.004000+00:00,Rwanda,30.248312870101,-1.9522172524242,0.0146
1053010207108645,6uVk8ngFAMrGL24sXxW1EZ,103644195212255,kingvik,2026-08-23T12:54:51.662000+00:00,Rwanda,30.255868381818,-1.9501598636364,0.0115
1053066434187174,6uVk8ngFAMrGL24sXxW1EZ,103644195212255,kingvik,2026-08-23T12:51:25.024000+00:00,Rwanda,30.236470418182,-1.9568658969697,0.0096
1053940510844909,6uVk8ngFAMrGL24sXxW1EZ,103644195212255,kingvik,2026-08-23T12:51:44.239000+00:00,Rwanda,30.238021291462,-1.9557349515211,0.0102
1054182233901195,6uVk8ngFAMrGL24sXxW1EZ,103644195212255,kingvik,2026-08-23T12:54:50.835000+00:00,Rwanda,30.255765851212,-1.9501467826263,0.0122
1054572330776743,6uVk8ngFAMrGL24sXxW1EZ,103644195212255,kingvik,2026-08-23T12:54:44.961000+00:00,Rwanda,30.255030477071,-1.9501082468687,0.0115
1056072817351192,6uVk8ngFAMrGL24sXxW1EZ,103644195212255,kingvik,2026-08-23T12:53:33.707000+00:00,Rwanda,30.245717399902,-1.9526565509323,0.0098
1057259610389222,6uVk8ngFAMrGL24sXxW1EZ,103644195212255,kingvik,2026-08-23T12:50:44.107000+00:00,Rwanda,30.233429874092,-1.9591302652601,0.0072
1058498807041931,6uVk8ngFAMrGL24sXxW1EZ,103644195212255,kingvik,2026-08-23T12:51:19.230000+00:00,Rwanda,30.23596533209,-1.957243192051,0.0109
1058637383553831,6uVk8ngFAMrGL24sXxW1EZ,103644195212255,kingvik,2026-08-23T12:55:26.772000+00:00,Rwanda,30.26055809421,-1.9513971583906,0.016
1060883639893774,6uVk8ngFAMrGL24sXxW1EZ,103644195212255,kingvik,2026-08-23T12:51:20.829000+00:00,Rwanda,30.236105536667,-1.9571366266667,0.01
1060898936314369,6uVk8ngFAMrGL24sXxW1EZ,103644195212255,kingvik,2026-08-23T12:54:16.436000+00:00,Rwanda,30.251473852323,-1.9512363855556,0.0121
1066313136149101,6uVk8ngFAMrGL24sXxW1EZ,103644195212255,kingvik,2026-08-23T12:54:30.732000+00:00,Rwanda,30.253292483333,-1.9505021,0.0127
1066494625859021,6uVk8ngFAMrGL24sXxW1EZ,103644195212255,kingvik,2026-08-23T12:54:35.738000+00:00,Rwanda,30.253888702929,-1.9502843691919,0.0113
1068474592834399,6uVk8ngFAMrGL24sXxW1EZ,103644195212255,kingvik,2026-08-23T12:53:32.004000+00:00,Rwanda,30.245541222828,-1.9526786876768,0.008
1069129956076181,6uVk8ngFAMrGL24sXxW1EZ,103644195212255,kingvik,2026-08-23T12:55:20.052000+00:00,Rwanda,30.259536483838,-1.9509572949495,0.0159
1072210278757198,6uVk8ngFAMrGL24sXxW1EZ,103644195212255,kingvik,2026-08-23T12:52:10.945000+00:00,Rwanda,30.240010440202,-1.9542804331313,0.0082
1074771518440120,6uVk8ngFAMrGL24sXxW1EZ,103644195212255,kingvik,2026-08-23T12:50:55.007000+00:00,Rwanda,30.234208958182,-1.9585440927273,0.0095
1078490454676975,6uVk8ngFAMrGL24sXxW1EZ,103644195212255,kingvik,2026-08-23T12:54:11.413000+00:00,Rwanda,30.250841787664,-1.9514959573306,0.012
1080204884527727,6uVk8ngFAMrGL24sXxW1EZ,103644195212255,kingvik,2026-08-23T12:50:33.283000+00:00,Rwanda,30.232710034838,-1.9596670761531,0.0085
1081264388168831,6uVk8ngFAMrGL24sXxW1EZ,103644195212255,kingvik,2026-08-23T12:50:17.679000+00:00,Rwanda,30.231815941904,-1.960821481158,0.0086
1083930327482755,6uVk8ngFAMrGL24sXxW1EZ,103644195212255,kingvik,2026-08-23T12:51:55.046000+00:00,Rwanda,30.238855151515,-1.9551193787879,0.008
1084625314103506,6uVk8ngFAMrGL24sXxW1EZ,103644195212255,kingvik,2026-08-23T12:54:36.561000+00:00,Rwanda,30.253988826497,-1.9502577690873,0.0115
1085488240626854,6uVk8ngFAMrGL24sXxW1EZ,103644195212255,kingvik,2026-08-23T12:53:20.085000+00:00,Rwanda,30.244632684444,-1.9527010175758,0.0091
1087084710943787,6uVk8ngFAMrGL24sXxW1EZ,103644195212255,kingvik,2026-08-23T12:51:52.541000+00:00,Rwanda,30.238667347273,-1.955252640202,0.0083
1088787267004355,6uVk8ngFAMrGL24sXxW1EZ,103644195212255,kingvik,2026-08-23T12:51:00.013000+00:00,Rwanda,30.234583282532,-1.9582720343474,0.009
1089067773641783,6uVk8ngFAMrGL24sXxW1EZ,103644195212255,kingvik,2026-08-23T12:52:46.776000+00:00,Rwanda,30.242015486163,-1.9528880483808,0.0048
1090055750631860,6uVk8ngFAMrGL24sXxW1EZ,103644195212255,kingvik,2026-08-23T12:55:10.958000+00:00,Rwanda,30.25826709843,-1.9505136038273,0.013
1094519303640582,6uVk8ngFAMrGL24sXxW1EZ,103644195212255,kingvik,2026-08-23T12:54:52.548000+00:00,Rwanda,30.255977681452,-1.9501763677134,0.0123
1095417283175006,6uVk8ngFAMrGL24sXxW1EZ,103644195212255,kingvik,2026-08-23T12:54:39.936000+00:00,Rwanda,30.254403254702,-1.9501705325581,0.011
1098241232732054,6uVk8ngFAMrGL24sXxW1EZ,103644195212255,kingvik,2026-08-23T12:51:17.512000+00:00,Rwanda,30.235817886047,-1.9573569992922,0.0094
1098353562547266,6uVk8ngFAMrGL24sXxW1EZ,103644195212255,kingvik,2026-08-23T12:52:59.881000+00:00,Rwanda,30.242885129091,-1.9527239,0.0081
1099238192669931,6uVk8ngFAMrGL24sXxW1EZ,103644195212255,kingvik,2026-08-23T12:51:30.843000+00:00,Rwanda,30.236950954902,-1.9565000843137,0.0096
1103492378741658,6uVk8ngFAMrGL24sXxW1EZ,103644195212255,kingvik,2026-08-23T12:51:51.750000+00:00,Rwanda,30.238606616585,-1.9552955315996,0.0085
1104120472148001,6uVk8ngFAMrGL24sXxW1EZ,103644195212255,kingvik,2026-08-23T12:52:45.970000+00:00,Rwanda,30.241975884444,-1.9529053711111,0.0046
1106256265298089,6uVk8ngFAMrGL24sXxW1EZ,103644195212255,kingvik,2026-08-23T12:54:40.759000+00:00,Rwanda,30.254506044902,-1.9501543986275,0.0116
1111996884807316,6uVk8ngFAMrGL24sXxW1EZ,103644195212255,kingvik,2026-08-23T12:51:54.253000+00:00,Rwanda,30.238796788322,-1.9551616086359,0.0083
1119793243706630,6uVk8ngFAMrGL24sXxW1EZ,103644195212255,kingvik,2026-08-23T12:50:52.503000+00:00,Rwanda,30.234019505051,-1.9586846712121,0.0091
1122895556734653,6uVk8ngFAMrGL24sXxW1EZ,103644195212255,kingvik,2026-08-23T12:52:00.954000+00:00,Rwanda,30.239287683023,-1.954803620314,0.0092
1123402876920031,6uVk8ngFAMrGL24sXxW1EZ,103644195212255,kingvik,2026-08-23T12:53:56.317000+00:00,Rwanda,30.248791794545,-1.9520986363636,0.0133
1129402006077606,6uVk8ngFAMrGL24sXxW1EZ,103644195212255,kingvik,2026-08-23T12:55:15.161000+00:00,Rwanda,30.25882380303,-1.9506592373737,0.0141
1220029153644830,6uVk8ngFAMrGL24sXxW1EZ,103644195212255,kingvik,2026-08-23T12:52:28.468000+00:00,Rwanda,30.241114966667,-1.9534738168627,0.006
1242289398971485,6uVk8ngFAMrGL24sXxW1EZ,103644195212255,kingvik,2026-08-23T12:52:33.474000+00:00,Rwanda,30.241385675662,-1.9532814889107,0.0058
1266950658803186,6uVk8ngFAMrGL24sXxW1EZ,103644195212255,kingvik,2026-08-23T12:53:23.596000+00:00,Rwanda,30.244903168889,-1.9527103711111,0.0072
1286346263457864,6uVk8ngFAMrGL24sXxW1EZ,103644195212255,kingvik,2026-08-23T12:54:21.527000+00:00,Rwanda,30.252123983333,-1.9509723633333,0.0139
1297808518949546,6uVk8ngFAMrGL24sXxW1EZ,103644195212255,kingvik,2026-08-23T12:53:17.481000+00:00,Rwanda,30.244388044848,-1.9527032381818,0.0092
1298065302254767,6uVk8ngFAMrGL24sXxW1EZ,103644195212255,kingvik,2026-08-23T12:50:19.397000+00:00,Rwanda,30.231886723357,-1.9606680617796,0.0099
1301412586395656,6uVk8ngFAMrGL24sXxW1EZ,103644195212255,kingvik,2026-08-23T12:50:32.399000+00:00,Rwanda,30.2326508,-1.9597158,0.0079
1317090450313889,6uVk8ngFAMrGL24sXxW1EZ,103644195212255,kingvik,2026-08-23T12:55:16.863000+00:00,Rwanda,30.259065085455,-1.9507482381818,0.0084
1323578769851876,6uVk8ngFAMrGL24sXxW1EZ,103644195212255,kingvik,2026-08-23T12:54:08.122000+00:00,Rwanda,30.250416328656,-1.9516519968597,0.0138
1342772947931800,6uVk8ngFAMrGL24sXxW1EZ,103644195212255,kingvik,2026-08-23T12:53:51.310000+00:00,Rwanda,30.248068344242,-1.9522814854545,0.0148
1348190177048512,6uVk8ngFAMrGL24sXxW1EZ,103644195212255,kingvik,2026-08-23T12:54:26.534000+00:00,Rwanda,30.252771892121,-1.9507121612121,0.0124
1351512206716026,6uVk8ngFAMrGL24sXxW1EZ,103644195212255,kingvik,2026-08-23T12:52:12.545000+00:00,Rwanda,30.240117454848,-1.9542007178788,0.0073
1354407526415153,6uVk8ngFAMrGL24sXxW1EZ,103644195212255,kingvik,2026-08-23T12:52:29.261000+00:00,Rwanda,30.241157218605,-1.9534429302326,0.0058
1360399992922492,6uVk8ngFAMrGL24sXxW1EZ,103644195212255,kingvik,2026-08-23T12:53:27.006000+00:00,Rwanda,30.245136864804,-1.9527092194118,0.0063
1362975039159595,6uVk8ngFAMrGL24sXxW1EZ,103644195212255,kingvik,2026-08-23T12:53:59.726000+00:00,Rwanda,30.249275583121,-1.9519821419038,0.0143
1363726915910991,6uVk8ngFAMrGL24sXxW1EZ,103644195212255,kingvik,2026-08-23T12:54:07.230000+00:00,Rwanda,30.250298814646,-1.9516911439394,0.0125
1370426785281741,6uVk8ngFAMrGL24sXxW1EZ,103644195212255,kingvik,2026-08-23T12:52:31.766000+00:00,Rwanda,30.241294925253,-1.9533466361616,0.006
1376008424038273,6uVk8ngFAMrGL24sXxW1EZ,103644195212255,kingvik,2026-08-23T12:53:13.094000+00:00,Rwanda,30.243972617088,-1.9527117841254,0.0088
1378005270985242,6uVk8ngFAMrGL24sXxW1EZ,103644195212255,kingvik,2026-08-23T12:50:39.985000+00:00,Rwanda,30.233161953189,-1.9593309688911,0.0081
1378024901109820,6uVk8ngFAMrGL24sXxW1EZ,103644195212255,kingvik,2026-08-23T12:50:40.794000+00:00,Rwanda,30.233216030303,-1.9592924919192,0.0074
1378479694250107,6uVk8ngFAMrGL24sXxW1EZ,103644195212255,kingvik,2026-08-23T12:51:43.336000+00:00,Rwanda,30.237947831515,-1.9557901305051,0.009
1378577500397680,6uVk8ngFAMrGL24sXxW1EZ,103644195212255,kingvik,2026-08-23T12:54:08.910000+00:00,Rwanda,30.250519455152,-1.9516157587879,0.0121
1380409997540765,6uVk8ngFAMrGL24sXxW1EZ,103644195212255,kingvik,2026-08-23T12:54:20.633000+00:00,Rwanda,30.252007520808,-1.9510181082828,0.0125
1381659683354917,6uVk8ngFAMrGL24sXxW1EZ,103644195212255,kingvik,2026-08-23T12:52:27.660000+00:00,Rwanda,30.241071419717,-1.9535062255814,0.007
1381747783429998,6uVk8ngFAMrGL24sXxW1EZ,103644195212255,kingvik,2026-08-23T12:52:19.271000+00:00,Rwanda,30.240556194897,-1.953874828263,0.0072
1382001306890094,6uVk8ngFAMrGL24sXxW1EZ,103644195212255,kingvik,2026-08-23T12:51:32.532000+00:00,Rwanda,30.237093495,-1.956397565,0.0092
1384124793828547,6uVk8ngFAMrGL24sXxW1EZ,103644195212255,kingvik,2026-08-23T12:53:40.408000+00:00,Rwanda,30.246570113935,-1.9525686131501,0.0135
1385414666301043,6uVk8ngFAMrGL24sXxW1EZ,103644195212255,kingvik,2026-08-23T12:53:49.612000+00:00,Rwanda,30.247824778705,-1.9523429160942,0.013
1385638783707975,6uVk8ngFAMrGL24sXxW1EZ,103644195212255,kingvik,2026-08-23T12:52:54.186000+00:00,Rwanda,30.242448265456,-1.9527551235525,0.0067
1386476816183376,6uVk8ngFAMrGL24sXxW1EZ,103644195212255,kingvik,2026-08-23T12:51:41.736000+00:00,Rwanda,30.237816523062,-1.9558817755643,0.01
1387457283362151,6uVk8ngFAMrGL24sXxW1EZ,103644195212255,kingvik,2026-08-23T12:52:42.679000+00:00,Rwanda,30.24183539,-1.95297435,0.0046
1387876733294646,6uVk8ngFAMrGL24sXxW1EZ,103644195212255,kingvik,2026-08-23T12:52:55.783000+00:00,Rwanda,30.242564946107,-1.9527370321537,0.0068
1389045209855602,6uVk8ngFAMrGL24sXxW1EZ,103644195212255,kingvik,2026-08-23T12:50:51.619000+00:00,Rwanda,30.233953419038,-1.9587335759568,0.0084
1394889722784030,6uVk8ngFAMrGL24sXxW1EZ,103644195212255,kingvik,2026-08-23T12:50:55.814000+00:00,Rwanda,30.234270995289,-1.9584988364082,0.0085
1397854192308192,6uVk8ngFAMrGL24sXxW1EZ,103644195212255,kingvik,2026-08-23T12:51:16.727000+00:00,Rwanda,30.235749556471,-1.9574066176471,0.0106
1397854985630524,6uVk8ngFAMrGL24sXxW1EZ,103644195212255,kingvik,2026-08-23T12:51:05.805000+00:00,Rwanda,30.234943900808,-1.9579997985859,0.0067
1405161998240894,6uVk8ngFAMrGL24sXxW1EZ,103644195212255,kingvik,2026-08-23T12:50:56.600000+00:00,Rwanda,30.234330837778,-1.958455600202,0.0082
1405592975006332,6uVk8ngFAMrGL24sXxW1EZ,103644195212255,kingvik,2026-08-23T12:50:48.305000+00:00,Rwanda,30.233711657374,-1.9589161492929,0.0079
1411067234556360,6uVk8ngFAMrGL24sXxW1EZ,103644195212255,kingvik,2026-08-23T12:51:33.320000+00:00,Rwanda,30.237158742366,-1.9563524109201,0.0088
1411252577552312,6uVk8ngFAMrGL24sXxW1EZ,103644195212255,kingvik,2026-08-23T12:53:36.210000+00:00,Rwanda,30.246013911482,-1.9526192269872,0.011
1411700457543265,6uVk8ngFAMrGL24sXxW1EZ,103644195212255,kingvik,2026-08-23T12:50:50+00:00,Rwanda,30.233833159394,-1.9588238552525,0.0089
1413815530638597,6uVk8ngFAMrGL24sXxW1EZ,103644195212255,kingvik,2026-08-23T12:53:37.904000+00:00,Rwanda,30.246233882924,-1.9525991209028,0.0131
1414133613913764,6uVk8ngFAMrGL24sXxW1EZ,103644195212255,kingvik,2026-08-23T12:50:35.787000+00:00,Rwanda,30.232879415407,-1.9595388728165,0.0083
1417772446890648,6uVk8ngFAMrGL24sXxW1EZ,103644195212255,kingvik,2026-08-23T12:51:45.027000+00:00,Rwanda,30.238084684242,-1.9556839416162,0.009
1419583143366722,6uVk8ngFAMrGL24sXxW1EZ,103644195212255,kingvik,2026-08-23T12:50:09.381000+00:00,Rwanda,30.231523331919,-1.9616204524242,0.0193
1419698530097831,6uVk8ngFAMrGL24sXxW1EZ,103644195212255,kingvik,2026-08-23T12:54:43.263000+00:00,Rwanda,30.254818780079,-1.9501191397448,0.0115
1419713430073824,6uVk8ngFAMrGL24sXxW1EZ,103644195212255,kingvik,2026-08-23T12:52:50.876000+00:00,Rwanda,30.242238435152,-1.9528049715152,0.0056
1421141483241314,6uVk8ngFAMrGL24sXxW1EZ,103644195212255,kingvik,2026-08-23T12:52:01.741000+00:00,Rwanda,30.239345326465,-1.954760149798,0.008
1431113885548120,6uVk8ngFAMrGL24sXxW1EZ,103644195212255,kingvik,2026-08-23T12:53:43.713000+00:00,Rwanda,30.24701734,-1.95250778,0.0122
1434728868708731,6uVk8ngFAMrGL24sXxW1EZ,103644195212255,kingvik,2026-08-23T12:51:42.523000+00:00,Rwanda,30.237881672727,-1.9558373939394,0.0088
1438820478063570,6uVk8ngFAMrGL24sXxW1EZ,103644195212255,kingvik,2026-08-23T12:52:48.373000+00:00,Rwanda,30.242096486667,-1.9528546480808,0.005
1439662558213663,6uVk8ngFAMrGL24sXxW1EZ,103644195212255,kingvik,2026-08-23T12:52:13.449000+00:00,Rwanda,30.240176953589,-1.9541563366026,0.0083
1442702267699556,6uVk8ngFAMrGL24sXxW1EZ,103644195212255,kingvik,2026-08-23T12:50:58.317000+00:00,Rwanda,30.234460391953,-1.9583622848871,0.0083
1443064494546875,6uVk8ngFAMrGL24sXxW1EZ,103644195212255,kingvik,2026-08-23T12:51:05.020000+00:00,Rwanda,30.234896140039,-1.9580361559372,0.0077
1446388393990152,6uVk8ngFAMrGL24sXxW1EZ,103644195212255,kingvik,2026-08-23T12:54:13.129000+00:00,Rwanda,30.251059186654,-1.9514103287537,0.0135
1446961977264549,6uVk8ngFAMrGL24sXxW1EZ,103644195212255,kingvik,2026-08-23T12:54:48.351000+00:00,Rwanda,30.255454957311,-1.9501191707556,0.0124
1452851340013511,6uVk8ngFAMrGL24sXxW1EZ,103644195212255,kingvik,2026-08-23T12:52:04.245000+00:00,Rwanda,30.239531414242,-1.9546252587879,0.0083
1459573295998544,6uVk8ngFAMrGL24sXxW1EZ,103644195212255,kingvik,2026-08-23T12:54:44.135000+00:00,Rwanda,30.254927401818,-1.9501119042424,0.0121
1468075711846953,6uVk8ngFAMrGL24sXxW1EZ,103644195212255,kingvik,2026-08-23T12:52:41.780000+00:00,Rwanda,30.241799303337,-1.9529950889788,0.0045
1477355477745769,6uVk8ngFAMrGL24sXxW1EZ,103644195212255,kingvik,2026-08-23T12:51:13.317000+00:00,Rwanda,30.235468468687,-1.9576137151515,0.0088
1480447254114255,6uVk8ngFAMrGL24sXxW1EZ,103644195212255,kingvik,2026-08-23T12:52:32.667000+00:00,Rwanda,30.241343397475,-1.9533122813131,0.0066
1489154876381574,6uVk8ngFAMrGL24sXxW1EZ,103644195212255,kingvik,2026-08-23T12:55:27.563000+00:00,Rwanda,30.260678826263,-1.9514424225253,0.0143
1504944281444310,6uVk8ngFAMrGL24sXxW1EZ,103644195212255,kingvik,2026-08-23T12:54:18.939000+00:00,Rwanda,30.25178844596,-1.9511052727273,0.0126
1512725683960690,6uVk8ngFAMrGL24sXxW1EZ,103644195212255,kingvik,2026-08-23T12:54:49.964000+00:00,Rwanda,30.255657126889,-1.9501350654563,0.0115
1527746135818062,6uVk8ngFAMrGL24sXxW1EZ,103644195212255,kingvik,2026-08-23T12:52:57.377000+00:00,Rwanda,30.242686592619,-1.9527281842265,0.0067
1535175237886736,6uVk8ngFAMrGL24sXxW1EZ,103644195212255,kingvik,2026-08-23T12:52:15.143000+00:00,Rwanda,30.240286275126,-1.9540756866532,0.0078
1536597584445536,6uVk8ngFAMrGL24sXxW1EZ,103644195212255,kingvik,2026-08-23T12:54:42.440000+00:00,Rwanda,30.254716141414,-1.9501286676768,0.0113
1537307777667754,6uVk8ngFAMrGL24sXxW1EZ,103644195212255,kingvik,2026-08-23T12:51:04.112000+00:00,Rwanda,30.234840930303,-1.9580782666667,0.0069
1539454654118902,6uVk8ngFAMrGL24sXxW1EZ,103644195212255,kingvik,2026-08-23T12:51:25.835000+00:00,Rwanda,30.236537969382,-1.9568155950932,0.0094
1541828670429968,6uVk8ngFAMrGL24sXxW1EZ,103644195212255,kingvik,2026-08-23T12:52:11.753000+00:00,Rwanda,30.240064522669,-1.9542397320903,0.0075
1543756790289381,6uVk8ngFAMrGL24sXxW1EZ,103644195212255,kingvik,2026-08-23T12:53:14.001000+00:00,Rwanda,30.244059809804,-1.9527123521569,0.0097
1544273946957841,6uVk8ngFAMrGL24sXxW1EZ,103644195212255,kingvik,2026-08-23T12:55:25.059000+00:00,Rwanda,30.260300241313,-1.9512874334343,0.0143
1547934656442754,6uVk8ngFAMrGL24sXxW1EZ,103644195212255,kingvik,2026-08-23T12:53:38.693000+00:00,Rwanda,30.246338804545,-1.9525903245455,0.0117
1550720127067613,6uVk8ngFAMrGL24sXxW1EZ,103644195212255,kingvik,2026-08-23T12:51:24.214000+00:00,Rwanda,30.236401116566,-1.9569167346465,0.0106
1551817766256254,6uVk8ngFAMrGL24sXxW1EZ,103644195212255,kingvik,2026-08-23T12:55:16.376000+00:00,Rwanda,30.258994326566,-1.9507204693939,0.008
1559590939193664,6uVk8ngFAMrGL24sXxW1EZ,103644195212255,kingvik,2026-08-23T12:54:27.357000+00:00,Rwanda,30.252876420118,-1.950670619529,0.0125
1564760415122378,6uVk8ngFAMrGL24sXxW1EZ,103644195212255,kingvik,2026-08-23T12:53:55.508000+00:00,Rwanda,30.248674434176,-1.9521237874621,0.0144
1566025501646837,6uVk8ngFAMrGL24sXxW1EZ,103644195212255,kingvik,2026-08-23T12:51:48.439000+00:00,Rwanda,30.23835289596,-1.9554803323232,0.0097
1568252391701368,6uVk8ngFAMrGL24sXxW1EZ,103644195212255,kingvik,2026-08-23T12:50:50.808000+00:00,Rwanda,30.233892627273,-1.9587790557576,0.0083
1576838423823301,6uVk8ngFAMrGL24sXxW1EZ,103644195212255,kingvik,2026-08-23T12:55:23.386000+00:00,Rwanda,30.260048665455,-1.9511755842424,0.0156
1579574910324478,6uVk8ngFAMrGL24sXxW1EZ,103644195212255,kingvik,2026-08-23T12:54:28.229000+00:00,Rwanda,30.252986048788,-1.9506261136364,0.0131
1581062280145354,6uVk8ngFAMrGL24sXxW1EZ,103644195212255,kingvik,2026-08-23T12:54:13.932000+00:00,Rwanda,30.251160823333,-1.9513688212121,0.0122
1581112370055218,6uVk8ngFAMrGL24sXxW1EZ,103644195212255,kingvik,2026-08-23T12:54:01.335000+00:00,Rwanda,30.24949797684,-1.9519212761531,0.0131
1587580912706546,6uVk8ngFAMrGL24sXxW1EZ,103644195212255,kingvik,2026-08-23T12:55:13.461000+00:00,Rwanda,30.258595153189,-1.9505882348381,0.0122
1588912169912941,6uVk8ngFAMrGL24sXxW1EZ,103644195212255,kingvik,2026-08-23T12:51:45.839000+00:00,Rwanda,30.238149348736,-1.9556320156724,0.0092
1589114269514562,6uVk8ngFAMrGL24sXxW1EZ,103644195212255,kingvik,2026-08-23T12:53:14.877000+00:00,Rwanda,30.244142026491,-1.9527109646107,0.0091
1590237192652160,6uVk8ngFAMrGL24sXxW1EZ,103644195212255,kingvik,2026-08-23T12:53:15.698000+00:00,Rwanda,30.244218879697,-1.9527084036364,0.0085
1590266566105207,6uVk8ngFAMrGL24sXxW1EZ,103644195212255,kingvik,2026-08-23T12:53:39.515000+00:00,Rwanda,30.246449334949,-1.9525807226263,0.0123
1592896825768251,6uVk8ngFAMrGL24sXxW1EZ,103644195212255,kingvik,2026-08-23T12:54:10.625000+00:00,Rwanda,30.250740878922,-1.9515342756863,0.0136
1594506428755289,6uVk8ngFAMrGL24sXxW1EZ,103644195212255,kingvik,2026-08-23T12:53:45.415000+00:00,Rwanda,30.247249418351,-1.9524692549558,0.0124
1594520755371988,6uVk8ngFAMrGL24sXxW1EZ,103644195212255,kingvik,2026-08-23T12:51:38.329000+00:00,Rwanda,30.237545976667,-1.9560858666667,0.0084
1595995685516849,6uVk8ngFAMrGL24sXxW1EZ,103644195212255,kingvik,2026-08-23T12:55:15.902000+00:00,Rwanda,30.258926622375,-1.9506952665358,0.0121
1596324735192891,6uVk8ngFAMrGL24sXxW1EZ,103644195212255,kingvik,2026-08-23T12:53:24.415000+00:00,Rwanda,30.244960414818,-1.9527116518155,0.0064
1599379401678835,6uVk8ngFAMrGL24sXxW1EZ,103644195212255,kingvik,2026-08-23T12:52:56.589000+00:00,Rwanda,30.24262671451,-1.9527317678431,0.0069
1600020874839574,6uVk8ngFAMrGL24sXxW1EZ,103644195212255,kingvik,2026-08-23T12:52:51.683000+00:00,Rwanda,30.242286892247,-1.9527912454367,0.0056
1602536474558916,6uVk8ngFAMrGL24sXxW1EZ,103644195212255,kingvik,2026-08-23T12:51:37.539000+00:00,Rwanda,30.237483278116,-1.9561288278705,0.0084
1604332134754809,6uVk8ngFAMrGL24sXxW1EZ,103644195212255,kingvik,2026-08-23T12:52:00.053000+00:00,Rwanda,30.239221161173,-1.9548528708797,0.0083
1606558874465633,6uVk8ngFAMrGL24sXxW1EZ,103644195212255,kingvik,2026-08-23T12:50:29.087000+00:00,Rwanda,30.232433856624,-1.9599122713445,0.0079
1614016297111023,6uVk8ngFAMrGL24sXxW1EZ,103644195212255,kingvik,2026-08-23T12:54:49.142000+00:00,Rwanda,30.255553866667,-1.9501264044444,0.011
1614166146989395,6uVk8ngFAMrGL24sXxW1EZ,103644195212255,kingvik,2026-08-23T12:54:12.239000+00:00,Rwanda,30.250946533333,-1.9514552533333,0.0125
1614552173608458,6uVk8ngFAMrGL24sXxW1EZ,103644195212255,kingvik,2026-08-23T12:55:28.393000+00:00,Rwanda,30.260807857172,-1.9514826222222,0.015
1614708580333701,6uVk8ngFAMrGL24sXxW1EZ,103644195212255,kingvik,2026-08-23T12:51:34.228000+00:00,Rwanda,30.237231025455,-1.95630304,0.0097
1617714859930573,6uVk8ngFAMrGL24sXxW1EZ,103644195212255,kingvik,2026-08-23T12:54:14.826000+00:00,Rwanda,30.251273291515,-1.9513220012121,0.0135
1618032593002551,6uVk8ngFAMrGL24sXxW1EZ,103644195212255,kingvik,2026-08-23T12:51:59.237000+00:00,Rwanda,30.239161441212,-1.9548974763636,0.0079
1622571572749401,6uVk8ngFAMrGL24sXxW1EZ,103644195212255,kingvik,2026-08-23T12:55:25.889000+00:00,Rwanda,30.260424942424,-1.9513418333333,0.0151
1625218912370602,6uVk8ngFAMrGL24sXxW1EZ,103644195212255,kingvik,2026-08-23T12:51:14.223000+00:00,Rwanda,30.235541695682,-1.9575596306183,0.0101
1630071425352064,6uVk8ngFAMrGL24sXxW1EZ,103644195212255,kingvik,2026-08-23T12:52:20.150000+00:00,Rwanda,30.240612029293,-1.9538339985859,0.0077
1636909677868656,6uVk8ngFAMrGL24sXxW1EZ,103644195212255,kingvik,2026-08-23T12:52:18.456000+00:00,Rwanda,30.240504536061,-1.9539133819192,0.0073
1638557424505039,6uVk8ngFAMrGL24sXxW1EZ,103644195212255,kingvik,2026-08-23T12:53:01.475000+00:00,Rwanda,30.243006232828,-1.9527260439394,0.0065
1638599984495435,6uVk8ngFAMrGL24sXxW1EZ,103644195212255,kingvik,2026-08-23T12:52:17.647000+00:00,Rwanda,30.240452145455,-1.9539530181818,0.0081
1639491597506795,6uVk8ngFAMrGL24sXxW1EZ,103644195212255,kingvik,2026-08-23T12:53:47.110000+00:00,Rwanda,30.247480385574,-1.9524273621197,0.0137
1642771157209653,6uVk8ngFAMrGL24sXxW1EZ,103644195212255,kingvik,2026-08-23T12:50:45.801000+00:00,Rwanda,30.233541363333,-1.9590471775758,0.0074
1664784715214739,6uVk8ngFAMrGL24sXxW1EZ,103644195212255,kingvik,2026-08-23T12:51:10.813000+00:00,Rwanda,30.235277684444,-1.9577564064646,0.008
1675355824595991,6uVk8ngFAMrGL24sXxW1EZ,103644195212255,kingvik,2026-08-23T12:52:50.068000+00:00,Rwanda,30.242190743939,-1.9528200121212,0.0059
1693120928462482,6uVk8ngFAMrGL24sXxW1EZ,103644195212255,kingvik,2026-08-23T12:54:17.326000+00:00,Rwanda,30.251584497939,-1.9511895751717,0.0134
1698537194587880,6uVk8ngFAMrGL24sXxW1EZ,103644195212255,kingvik,2026-08-23T12:50:26.587000+00:00,Rwanda,30.232276813837,-1.9600827204122,0.0063
1707144521145347,6uVk8ngFAMrGL24sXxW1EZ,103644195212255,kingvik,2026-08-23T12:51:56.734000+00:00,Rwanda,30.238980195556,-1.9550296511111,0.008
1707681433619847,6uVk8ngFAMrGL24sXxW1EZ,103644195212255,kingvik,2026-08-23T12:53:05.573000+00:00,Rwanda,30.243301776162,-1.9527301628283,0.0061
1710721193325196,6uVk8ngFAMrGL24sXxW1EZ,103644195212255,kingvik,2026-08-23T12:52:35.168000+00:00,Rwanda,30.241474380962,-1.9532165186457,0.0064
1710907116876625,6uVk8ngFAMrGL24sXxW1EZ,103644195212255,kingvik,2026-08-23T12:52:22.653000+00:00,Rwanda,30.240772120606,-1.9537206547475,0.0077
1711580676774983,6uVk8ngFAMrGL24sXxW1EZ,103644195212255,kingvik,2026-08-23T12:51:58.450000+00:00,Rwanda,30.239104917763,-1.9549399084396,0.009
1714475473187090,6uVk8ngFAMrGL24sXxW1EZ,103644195212255,kingvik,2026-08-23T12:54:06.426000+00:00,Rwanda,30.250191935819,-1.951725041315,0.0138
1719184299145668,6uVk8ngFAMrGL24sXxW1EZ,103644195212255,kingvik,2026-08-23T12:55:03.371000+00:00,Rwanda,30.257313579798,-1.9503636555556,0.0113
1720943405785451,6uVk8ngFAMrGL24sXxW1EZ,103644195212255,kingvik,2026-08-23T12:50:54.097000+00:00,Rwanda,30.23414008106,-1.9585950875368,0.0082
1724297632130458,6uVk8ngFAMrGL24sXxW1EZ,103644195212255,kingvik,2026-08-23T12:54:57.556000+00:00,Rwanda,30.25659669156,-1.9502610730128,0.0123
1728275741808487,6uVk8ngFAMrGL24sXxW1EZ,103644195212255,kingvik,2026-08-23T12:50:46.611000+00:00,Rwanda,30.233595935329,-1.9590062446516,0.0076
1730551087989117,6uVk8ngFAMrGL24sXxW1EZ,103644195212255,kingvik,2026-08-23T12:53:37.011000+00:00,Rwanda,30.246117017172,-1.9526110593939,0.0115
1731394894766468,6uVk8ngFAMrGL24sXxW1EZ,103644195212255,kingvik,2026-08-23T12:50:59.104000+00:00,Rwanda,30.234518489697,-1.9583199121212,0.008
1732694077980422,6uVk8ngFAMrGL24sXxW1EZ,103644195212255,kingvik,2026-08-23T12:52:15.953000+00:00,Rwanda,30.240338700404,-1.9540354741414,0.0073
1733105994579465,6uVk8ngFAMrGL24sXxW1EZ,103644195212255,kingvik,2026-08-23T12:54:23.138000+00:00,Rwanda,30.252332986869,-1.9508898456566,0.0124
1734921527560094,6uVk8ngFAMrGL24sXxW1EZ,103644195212255,kingvik,2026-08-23T12:52:44.282000+00:00,Rwanda,30.241899188235,-1.9529420745098,0.0041
1749821152888835,6uVk8ngFAMrGL24sXxW1EZ,103644195212255,kingvik,2026-08-23T12:51:36.731000+00:00,Rwanda,30.237421084848,-1.9561713989899,0.0093
1750146749591525,6uVk8ngFAMrGL24sXxW1EZ,103644195212255,kingvik,2026-08-23T12:53:42.107000+00:00,Rwanda,30.246800341919,-1.9525408967677,0.0136
1751820965848946,6uVk8ngFAMrGL24sXxW1EZ,103644195212255,kingvik,2026-08-23T12:51:18.325000+00:00,Rwanda,30.235887952626,-1.9573037365657,0.0098
1759098122035945,6uVk8ngFAMrGL24sXxW1EZ,103644195212255,kingvik,2026-08-23T12:50:30.779000+00:00,Rwanda,30.232543036997,-1.9598091636899,0.0087
1770589621044201,6uVk8ngFAMrGL24sXxW1EZ,103644195212255,kingvik,2026-08-23T12:50:18.487000+00:00,Rwanda,30.231848444646,-1.9607489153535,0.0088
1772289677248946,6uVk8ngFAMrGL24sXxW1EZ,103644195212255,kingvik,2026-08-23T12:50:29.895000+00:00,Rwanda,30.232485593131,-1.959862100404,0.008
1772677110817948,6uVk8ngFAMrGL24sXxW1EZ,103644195212255,kingvik,2026-08-23T12:55:00.868000+00:00,Rwanda,30.257004754545,-1.9503190745455,0.0112
1775729223459182,6uVk8ngFAMrGL24sXxW1EZ,103644195212255,kingvik,2026-08-23T12:53:16.604000+00:00,Rwanda,30.244305498037,-1.9527049762512,0.0096
1778546259932127,6uVk8ngFAMrGL24sXxW1EZ,103644195212255,kingvik,2026-08-23T12:51:03.301000+00:00,Rwanda,30.234791348332,-1.9581154886754,0.0067
1784259645909749,6uVk8ngFAMrGL24sXxW1EZ,103644195212255,kingvik,2026-08-23T12:51:27.526000+00:00,Rwanda,30.236675418586,-1.9567129793939,0.0091
1785851956195042,6uVk8ngFAMrGL24sXxW1EZ,103644195212255,kingvik,2026-08-23T12:52:58.980000+00:00,Rwanda,30.242812524874,-1.9527249907988,0.0071
1786948915642792,6uVk8ngFAMrGL24sXxW1EZ,103644195212255,kingvik,2026-08-23T12:53:10.489000+00:00,Rwanda,30.243714878788,-1.9527139979798,0.0086
1787392015610982,6uVk8ngFAMrGL24sXxW1EZ,103644195212255,kingvik,2026-08-23T12:54:59.254000+00:00,Rwanda,30.25680648303,-1.9502893047475,0.0123
1790926151916518,6uVk8ngFAMrGL24sXxW1EZ,103644195212255,kingvik,2026-08-23T12:50:49.115000+00:00,Rwanda,30.233769017566,-1.95887218263,0.008
1792421938850879,6uVk8ngFAMrGL24sXxW1EZ,103644195212255,kingvik,2026-08-23T12:53:07.986000+00:00,Rwanda,30.243483063636,-1.952719870303,0.0072
1796969698394985,6uVk8ngFAMrGL24sXxW1EZ,103644195212255,kingvik,2026-08-23T12:53:02.284000+00:00,Rwanda,30.243065531515,-1.9527275713131,0.0066
1798872687779336,6uVk8ngFAMrGL24sXxW1EZ,103644195212255,kingvik,2026-08-23T12:51:47.533000+00:00,Rwanda,30.238282970374,-1.9555318327604,0.0085
1802001820982754,6uVk8ngFAMrGL24sXxW1EZ,103644195212255,kingvik,2026-08-23T12:54:41.630000+00:00,Rwanda,30.25461523185,-1.9501396705763,0.0122
1802042024135215,6uVk8ngFAMrGL24sXxW1EZ,103644195212255,kingvik,2026-08-23T12:51:23.331000+00:00,Rwanda,30.236324535819,-1.9569729194308,0.0098
1803912123939940,6uVk8ngFAMrGL24sXxW1EZ,103644195212255,kingvik,2026-08-23T12:50:28.301000+00:00,Rwanda,30.232384248675,-1.9599637457311,0.0094
1803982913833894,6uVk8ngFAMrGL24sXxW1EZ,103644195212255,kingvik,2026-08-23T12:50:24.378000+00:00,Rwanda,30.232144844357,-1.9602503251227,0.0096
1806211657483235,6uVk8ngFAMrGL24sXxW1EZ,103644195212255,kingvik,2026-08-23T12:52:38.459000+00:00,Rwanda,30.241644175758,-1.9530962545455,0.0054
1809432983560135,6uVk8ngFAMrGL24sXxW1EZ,103644195212255,kingvik,2026-08-23T12:52:49.190000+00:00,Rwanda,30.242140585378,-1.9528376603533,0.0053
1819595368888177,6uVk8ngFAMrGL24sXxW1EZ,103644195212255,kingvik,2026-08-23T12:51:40.832000+00:00,Rwanda,30.237743609596,-1.9559350154545,0.0088
1833115971187209,6uVk8ngFAMrGL24sXxW1EZ,103644195212255,kingvik,2026-08-23T12:51:02.516000+00:00,Rwanda,30.234743061176,-1.9581517041176,0.0078
1851851772463068,6uVk8ngFAMrGL24sXxW1EZ,103644195212255,kingvik,2026-08-23T12:50:25.189000+00:00,Rwanda,30.232192232727,-1.9601871551515,0.0088
1854850119223253,6uVk8ngFAMrGL24sXxW1EZ,103644195212255,kingvik,2026-08-23T12:55:17.646000+00:00,Rwanda,30.259179147694,-1.9507969633955,0.0138
1915546639831358,6uVk8ngFAMrGL24sXxW1EZ,103644195212255,kingvik,2026-08-23T12:54:55.842000+00:00,Rwanda,30.256384828081,-1.9502347294949,0.0109
1921791212062579,6uVk8ngFAMrGL24sXxW1EZ,103644195212255,kingvik,2026-08-23T12:54:31.554000+00:00,Rwanda,30.253390967223,-1.9504627767419,0.0118
1923095491693678,6uVk8ngFAMrGL24sXxW1EZ,103644195212255,kingvik,2026-08-23T12:52:09.251000+00:00,Rwanda,30.239892789899,-1.954363380303,0.0078
1943342049670229,6uVk8ngFAMrGL24sXxW1EZ,103644195212255,kingvik,2026-08-23T12:52:39.277000+00:00,Rwanda,30.241685522222,-1.9530687547475,0.0055
1967518863911382,6uVk8ngFAMrGL24sXxW1EZ,103644195212255,kingvik,2026-08-23T12:55:19.183000+00:00,Rwanda,30.259405856428,-1.9508989697743,0.0149
1975422713120569,6uVk8ngFAMrGL24sXxW1EZ,103644195212255,kingvik,2026-08-23T12:54:25.725000+00:00,Rwanda,30.252668267846,-1.950753280182,0.0135
1977331346280436,6uVk8ngFAMrGL24sXxW1EZ,103644195212255,kingvik,2026-08-23T12:50:11.885000+00:00,Rwanda,30.231606831818,-1.9613774363636,0.0105
1982630465732979,6uVk8ngFAMrGL24sXxW1EZ,103644195212255,kingvik,2026-08-23T12:55:22.555000+00:00,Rwanda,30.259919719717,-1.9511208002022,0.016
1985793762088303,6uVk8ngFAMrGL24sXxW1EZ,103644195212255,kingvik,2026-08-23T12:52:02.555000+00:00,Rwanda,30.239404845731,-1.9547155915604,0.0083
1991661078200305,6uVk8ngFAMrGL24sXxW1EZ,103644195212255,kingvik,2026-08-23T12:53:20.905000+00:00,Rwanda,30.244700908182,-1.9527049372727,0.0076
2006147703412813,6uVk8ngFAMrGL24sXxW1EZ,103644195212255,kingvik,2026-08-23T12:53:12.295000+00:00,Rwanda,30.243893762647,-1.9527117,0.01
2012627259413708,6uVk8ngFAMrGL24sXxW1EZ,103644195212255,kingvik,2026-08-23T12:50:10.978000+00:00,Rwanda,30.231575706667,-1.9614663353535,0.0092
2020974611885440,6uVk8ngFAMrGL24sXxW1EZ,103644195212255,kingvik,2026-08-23T12:51:15.820000+00:00,Rwanda,30.235672944287,-1.9574626507583,0.0092
2039724924096714,6uVk8ngFAMrGL24sXxW1EZ,103644195212255,kingvik,2026-08-23T12:55:05.955000+00:00,Rwanda,30.257634719596,-1.950408400202,0.0124
2054292415218750,6uVk8ngFAMrGL24sXxW1EZ,103644195212255,kingvik,2026-08-23T12:51:28.338000+00:00,Rwanda,30.236741076742,-1.95666197684,0.0092
2056858491860453,6uVk8ngFAMrGL24sXxW1EZ,103644195212255,kingvik,2026-08-23T12:51:30.030000+00:00,Rwanda,30.23688181274,-1.9565512634985,0.0095
2059155661359370,6uVk8ngFAMrGL24sXxW1EZ,103644195212255,kingvik,2026-08-23T12:53:25.302000+00:00,Rwanda,30.245020497576,-1.9527118042424,0.0067
2064788010825976,6uVk8ngFAMrGL24sXxW1EZ,103644195212255,kingvik,2026-08-23T12:51:50.942000+00:00,Rwanda,30.238545121818,-1.9553406563636,0.0095
2079053132695448,6uVk8ngFAMrGL24sXxW1EZ,103644195212255,kingvik,2026-08-23T12:52:52.470000+00:00,Rwanda,30.242336602828,-1.9527786751515,0.0057
2083956079142373,6uVk8ngFAMrGL24sXxW1EZ,103644195212255,kingvik,2026-08-23T12:50:13.481000+00:00,Rwanda,30.231663564444,-1.9612191688889,0.0095
2084594689117151,6uVk8ngFAMrGL24sXxW1EZ,103644195212255,kingvik,2026-08-23T12:53:46.217000+00:00,Rwanda,30.247359159596,-1.9524501454545,0.0124
2088311258424427,6uVk8ngFAMrGL24sXxW1EZ,103644195212255,kingvik,2026-08-23T12:53:30.310000+00:00,Rwanda,30.245396269091,-1.9527005072727,0.0074
2091931361394680,6uVk8ngFAMrGL24sXxW1EZ,103644195212255,kingvik,2026-08-23T12:52:03.436000+00:00,Rwanda,30.239470978586,-1.9546687020202,0.009
2096314504645706,6uVk8ngFAMrGL24sXxW1EZ,103644195212255,kingvik,2026-08-23T12:54:04.712000+00:00,Rwanda,30.249961124545,-1.9517924418182,0.0124
2102268253999772,6uVk8ngFAMrGL24sXxW1EZ,103644195212255,kingvik,2026-08-23T12:52:06.748000+00:00,Rwanda,30.239713261414,-1.9544893675758,0.0082
2102354330405723,6uVk8ngFAMrGL24sXxW1EZ,103644195212255,kingvik,2026-08-23T12:50:41.604000+00:00,Rwanda,30.233268846222,-1.9592532368008,0.0073
2114270449474493,6uVk8ngFAMrGL24sXxW1EZ,103644195212255,kingvik,2026-08-23T12:52:43.466000+00:00,Rwanda,30.241865910718,-1.9529581907988,0.0038
2120703085498105,6uVk8ngFAMrGL24sXxW1EZ,103644195212255,kingvik,2026-08-23T12:54:22.332000+00:00,Rwanda,30.252228950245,-1.9509313599607,0.0125
2123545431526878,6uVk8ngFAMrGL24sXxW1EZ,103644195212255,kingvik,2026-08-23T12:52:47.564000+00:00,Rwanda,30.242054946364,-1.95287135,0.0048
2132084200744913,6uVk8ngFAMrGL24sXxW1EZ,103644195212255,kingvik,2026-08-23T12:51:15.010000+00:00,Rwanda,30.23560616404,-1.9575121591919,0.0089
2145184546211193,6uVk8ngFAMrGL24sXxW1EZ,103644195212255,kingvik,2026-08-23T12:52:16.767000+00:00,Rwanda,30.24039294632,-1.9539959396467,0.0075
2163386497943394,6uVk8ngFAMrGL24sXxW1EZ,103644195212255,kingvik,2026-08-23T12:53:57.139000+00:00,Rwanda,30.248910355447,-1.9520735638862,0.0135
2167219207520534,6uVk8ngFAMrGL24sXxW1EZ,103644195212255,kingvik,2026-08-23T12:53:29.489000+00:00,Rwanda,30.245329985657,-1.9527053361616,0.0071
2194403714802840,6uVk8ngFAMrGL24sXxW1EZ,103644195212255,kingvik,2026-08-23T12:53:34.508000+00:00,Rwanda,30.245810048485,-1.9526456757576,0.0104
2201118527953465,6uVk8ngFAMrGL24sXxW1EZ,103644195212255,kingvik,2026-08-23T12:55:10.073000+00:00,Rwanda,30.258152090909,-1.9504933787879,0.0117
2207567889810744,6uVk8ngFAMrGL24sXxW1EZ,103644195212255,kingvik,2026-08-23T12:53:31.204000+00:00,Rwanda,30.245470105103,-1.9526905088322,0.0083
2210275163039089,6uVk8ngFAMrGL24sXxW1EZ,103644195212255,kingvik,2026-08-23T12:53:11.400000+00:00,Rwanda,30.243804034783,-1.9527121438827,0.0099
2219790702134644,6uVk8ngFAMrGL24sXxW1EZ,103644195212255,kingvik,2026-08-23T12:53:48.807000+00:00,Rwanda,30.24771191899,-1.9523719882828,0.0141
2223803731514406,6uVk8ngFAMrGL24sXxW1EZ,103644195212255,kingvik,2026-08-23T12:52:21.774000+00:00,Rwanda,30.240716052797,-1.953761189107,0.0071
2232550320920599,6uVk8ngFAMrGL24sXxW1EZ,103644195212255,kingvik,2026-08-23T12:54:37.433000+00:00,Rwanda,30.254095215556,-1.9502327117172,0.0121
2237948323664964,6uVk8ngFAMrGL24sXxW1EZ,103644195212255,kingvik,2026-08-23T12:52:10.067000+00:00,Rwanda,30.239949924141,-1.9543228705594,0.0078
2248986932524998,6uVk8ngFAMrGL24sXxW1EZ,103644195212255,kingvik,2026-08-23T12:53:44.609000+00:00,Rwanda,30.247139066869,-1.952487939899,0.0137
2253215922188581,6uVk8ngFAMrGL24sXxW1EZ,103644195212255,kingvik,2026-08-23T12:52:35.956000+00:00,Rwanda,30.241514776263,-1.9531863556566,0.0056
2253895952028051,6uVk8ngFAMrGL24sXxW1EZ,103644195212255,kingvik,2026-08-23T12:52:30.164000+00:00,Rwanda,30.241206440909,-1.9534075945455,0.0067
2274068666663063,6uVk8ngFAMrGL24sXxW1EZ,103644195212255,kingvik,2026-08-23T12:55:07.569000+00:00,Rwanda,30.257835114762,-1.9504386736097,0.0113
2279995992578648,6uVk8ngFAMrGL24sXxW1EZ,103644195212255,kingvik,2026-08-23T12:51:55.947000+00:00,Rwanda,30.23892228371,-1.9550721654563,0.0091
2284339549035733,6uVk8ngFAMrGL24sXxW1EZ,103644195212255,kingvik,2026-08-23T12:50:34.903000+00:00,Rwanda,30.232819001766,-1.959582979686,0.0076
2285871822250239,6uVk8ngFAMrGL24sXxW1EZ,103644195212255,kingvik,2026-08-23T12:54:33.235000+00:00,Rwanda,30.253590997677,-1.9503843593939,0.0114
2315192972557125,6uVk8ngFAMrGL24sXxW1EZ,103644195212255,kingvik,2026-08-23T12:54:24.030000+00:00,Rwanda,30.252448740546,-1.9508423613751,0.0139
2319004292173366,6uVk8ngFAMrGL24sXxW1EZ,103644195212255,kingvik,2026-08-23T12:50:20.182000+00:00,Rwanda,30.231922646471,-1.9605993411765,0.0086
2333138084089062,6uVk8ngFAMrGL24sXxW1EZ,103644195212255,kingvik,2026-08-23T12:51:20.017000+00:00,Rwanda,30.236033771111,-1.9571904222222,0.0096
2335060887303956,6uVk8ngFAMrGL24sXxW1EZ,103644195212255,kingvik,2026-08-23T12:53:35.404000+00:00,Rwanda,30.24591595596,-1.952632100404,0.0119
2347320332689167,6uVk8ngFAMrGL24sXxW1EZ,103644195212255,kingvik,2026-08-23T12:54:02.209000+00:00,Rwanda,30.249618408384,-1.9518873654545,0.0139
2349597815569806,6uVk8ngFAMrGL24sXxW1EZ,103644195212255,kingvik,2026-08-23T12:53:58.012000+00:00,Rwanda,30.249035108081,-1.9520442979798,0.0142
2379333442871990,6uVk8ngFAMrGL24sXxW1EZ,103644195212255,kingvik,2026-08-23T12:50:39.100000+00:00,Rwanda,30.233102718351,-1.9593728163886,0.0075
2404226603439518,6uVk8ngFAMrGL24sXxW1EZ,103644195212255,kingvik,2026-08-23T12:54:24.853000+00:00,Rwanda,30.252555587745,-1.9507990504902,0.0128
2452372338576139,6uVk8ngFAMrGL24sXxW1EZ,103644195212255,kingvik,2026-08-23T12:54:34.929000+00:00,Rwanda,30.253791409091,-1.95031384,0.0121
2468571620335626,6uVk8ngFAMrGL24sXxW1EZ,103644195212255,kingvik,2026-08-23T12:52:26.758000+00:00,Rwanda,30.241020355051,-1.9535431772727,0.0063
2470668370111392,6uVk8ngFAMrGL24sXxW1EZ,103644195212255,kingvik,2026-08-23T12:55:02.562000+00:00,Rwanda,30.257213328459,-1.9503490801766,0.0111
2477340912711747,6uVk8ngFAMrGL24sXxW1EZ,103644195212255,kingvik,2026-08-23T12:53:22.699000+00:00,Rwanda,30.244838077778,-1.9527096666667,0.0074
2478392685992531,6uVk8ngFAMrGL24sXxW1EZ,103644195212255,kingvik,2026-08-23T12:50:16.892000+00:00,Rwanda,30.231785566667,-1.9608928911111,0.0101
2495899870822985,6uVk8ngFAMrGL24sXxW1EZ,103644195212255,kingvik,2026-08-23T12:51:21.733000+00:00,Rwanda,30.236185022571,-1.9570771330716,0.011
2496076757531895,6uVk8ngFAMrGL24sXxW1EZ,103644195212255,kingvik,2026-08-23T12:55:14.271000+00:00,Rwanda,30.258702952727,-1.9506197836364,0.0125
2503358883409527,6uVk8ngFAMrGL24sXxW1EZ,103644195212255,kingvik,2026-08-23T12:50:47.495000+00:00,Rwanda,30.233655661335,-1.9589593872424,0.0084
2513299092520884,6uVk8ngFAMrGL24sXxW1EZ,103644195212255,kingvik,2026-08-23T12:51:40.043000+00:00,Rwanda,30.237681678803,-1.9559837336605,0.009
2515228778939245,6uVk8ngFAMrGL24sXxW1EZ,103644195212255,kingvik,2026-08-23T12:53:27.806000+00:00,Rwanda,30.245196563802,-1.952708652275,0.0066
2522631001532595,6uVk8ngFAMrGL24sXxW1EZ,103644195212255,kingvik,2026-08-23T12:55:01.758000+00:00,Rwanda,30.257114440808,-1.9503344052525,0.0123
2570607513373863,6uVk8ngFAMrGL24sXxW1EZ,103644195212255,kingvik,2026-08-23T12:51:31.724000+00:00,Rwanda,30.237025896967,-1.9564458985844,0.0103
2582291468938507,6uVk8ngFAMrGL24sXxW1EZ,103644195212255,kingvik,2026-08-23T12:51:50.039000+00:00,Rwanda,30.23847551,-1.9553909282828,0.0083
2663610754099269,6uVk8ngFAMrGL24sXxW1EZ,103644195212255,kingvik,2026-08-23T12:53:41.209000+00:00,Rwanda,30.246678826188,-1.9525572302326,0.0121
2679237952471304,6uVk8ngFAMrGL24sXxW1EZ,103644195212255,kingvik,2026-08-23T12:50:57.509000+00:00,Rwanda,30.234399689192,-1.9584057353535,0.0094
2795383680843364,6uVk8ngFAMrGL24sXxW1EZ,103644195212255,kingvik,2026-08-23T12:50:10.169000+00:00,Rwanda,30.231549052306,-1.9615445958783,0.0089
2841853272862525,6uVk8ngFAMrGL24sXxW1EZ,103644195212255,kingvik,2026-08-23T12:53:47.910000+00:00,Rwanda,30.247588994242,-1.9524033112121,0.0124
2857543637955034,6uVk8ngFAMrGL24sXxW1EZ,103644195212255,kingvik,2026-08-23T12:53:50.414000+00:00,Rwanda,30.247939499798,-1.9523140923232,0.0131
2860857907623646,6uVk8ngFAMrGL24sXxW1EZ,103644195212255,kingvik,2026-08-23T12:55:24.269000+00:00,Rwanda,30.260182362807,-1.9512360310108,0.0163
2893935947635866,6uVk8ngFAMrGL24sXxW1EZ,103644195212255,kingvik,2026-08-23T12:52:34.269000+00:00,Rwanda,30.241427595152,-1.9532507975758,0.0058
2948440895515809,6uVk8ngFAMrGL24sXxW1EZ,103644195212255,kingvik,2026-08-23T12:54:09.734000+00:00,Rwanda,30.250626176239,-1.9515769217391,0.0126
2990786881255257,6uVk8ngFAMrGL24sXxW1EZ,103644195212255,kingvik,2026-08-23T12:53:21.812000+00:00,Rwanda,30.244771429146,-1.9527083758587,0.0078
3176182499439473,6uVk8ngFAMrGL24sXxW1EZ,103644195212255,kingvik,2026-08-23T12:53:03.091000+00:00,Rwanda,30.243124147988,-1.9527291722277,0.0065
3224602474390597,6uVk8ngFAMrGL24sXxW1EZ,103644195212255,kingvik,2026-08-23T12:54:38.260000+00:00,Rwanda,30.25419645814,-1.9502107658241,0.0115
3278715535662558,6uVk8ngFAMrGL24sXxW1EZ,103644195212255,kingvik,2026-08-23T12:51:11.720000+00:00,Rwanda,30.23534531629,-1.957706881158,0.0093
3279430322243535,6uVk8ngFAMrGL24sXxW1EZ,103644195212255,kingvik,2026-08-23T12:51:26.717000+00:00,Rwanda,30.236610296162,-1.9567618778788,0.01
3305904569594788,6uVk8ngFAMrGL24sXxW1EZ,103644195212255,kingvik,2026-08-23T12:55:12.657000+00:00,Rwanda,30.258489067071,-1.9505608464646,0.0133
3488135421356522,6uVk8ngFAMrGL24sXxW1EZ,103644195212255,kingvik,2026-08-23T12:50:34.093000+00:00,Rwanda,30.232764023131,-1.9596239012121,0.0077
3630439397122704,6uVk8ngFAMrGL24sXxW1EZ,103644195212255,kingvik,2026-08-23T12:55:20.861000+00:00,Rwanda,30.259659382508,-1.9510105308392,0.0149
3681876578626913,6uVk8ngFAMrGL24sXxW1EZ,103644195212255,kingvik,2026-08-23T12:50:25.999000+00:00,Rwanda,30.232240651616,-1.9601259611111,0.0087
3700314263466455,6uVk8ngFAMrGL24sXxW1EZ,103644195212255,kingvik,2026-08-23T12:51:10.004000+00:00,Rwanda,30.235219589394,-1.9577995848485,0.0075
3736087826567869,6uVk8ngFAMrGL24sXxW1EZ,103644195212255,kingvik,2026-08-23T12:53:00.687000+00:00,Rwanda,30.242947698135,-1.9527241217861,0.007
3957359044571662,6uVk8ngFAMrGL24sXxW1EZ,103644195212255,kingvik,2026-08-23T12:52:05.059000+00:00,Rwanda,30.239591550834,-1.9545819433759,0.0082
4022516691388687,6uVk8ngFAMrGL24sXxW1EZ,103644195212255,kingvik,2026-08-23T12:53:07.188000+00:00,Rwanda,30.243418571148,-1.9527242853778,0.0067
4188751034591492,6uVk8ngFAMrGL24sXxW1EZ,103644195212255,kingvik,2026-08-23T12:52:25.157000+00:00,Rwanda,30.240926376364,-1.9536114981818,0.0072
4203480613282767,6uVk8ngFAMrGL24sXxW1EZ,103644195212255,kingvik,2026-08-23T12:55:08.459000+00:00,Rwanda,30.257946321616,-1.9504576784848,0.0125
4317489301874758,6uVk8ngFAMrGL24sXxW1EZ,103644195212255,kingvik,2026-08-23T12:54:47.465000+00:00,Rwanda,30.255343787879,-1.9501128275758,0.0115
4399165743666721,6uVk8ngFAMrGL24sXxW1EZ,103644195212255,kingvik,2026-08-23T12:51:46.743000+00:00,Rwanda,30.238221009412,-1.9555773238235,0.01
4434882503446467,6uVk8ngFAMrGL24sXxW1EZ,103644195212255,kingvik,2026-08-23T12:53:26.200000+00:00,Rwanda,30.245080502022,-1.9527101736097,0.0067
4457777404433666,6uVk8ngFAMrGL24sXxW1EZ,103644195212255,kingvik,2026-08-23T12:54:03.923000+00:00,Rwanda,30.249853623454,-1.9518222877331,0.0141
4489465091366096,6uVk8ngFAMrGL24sXxW1EZ,103644195212255,kingvik,2026-08-23T12:52:58.184000+00:00,Rwanda,30.242748560588,-1.952726082451,0.0069
4518244065170477,6uVk8ngFAMrGL24sXxW1EZ,103644195212255,kingvik,2026-08-23T12:55:06.759000+00:00,Rwanda,30.257734417174,-1.9504232774289,0.0112
4525440117728843,6uVk8ngFAMrGL24sXxW1EZ,103644195212255,kingvik,2026-08-23T12:51:07.522000+00:00,Rwanda,30.235051348577,-1.9579203783121,0.0079
4526547794299856,6uVk8ngFAMrGL24sXxW1EZ,103644195212255,kingvik,2026-08-23T12:52:05.939000+00:00,Rwanda,30.239653964646,-1.9545328232323,0.0088
4542445186007727,6uVk8ngFAMrGL24sXxW1EZ,103644195212255,kingvik,2026-08-23T12:50:31.590000+00:00,Rwanda,30.232596513333,-1.9597618188889,0.0079
4555294241458282,6uVk8ngFAMrGL24sXxW1EZ,103644195212255,kingvik,2026-08-23T12:52:14.264000+00:00,Rwanda,30.240229793333,-1.9541178731373,0.0073
4560068814273315,6uVk8ngFAMrGL24sXxW1EZ,103644195212255,kingvik,2026-08-23T12:52:37.672000+00:00,Rwanda,30.24160375103,-1.9531237445535,0.0063
4606196973036370,6uVk8ngFAMrGL24sXxW1EZ,103644195212255,kingvik,2026-08-23T12:52:45.160000+00:00,Rwanda,30.24193796633,-1.9529229628918,0.0048
4665635447091212,6uVk8ngFAMrGL24sXxW1EZ,103644195212255,kingvik,2026-08-23T12:53:03.889000+00:00,Rwanda,30.24318192,-1.95273048,0.0064
4683812385231983,6uVk8ngFAMrGL24sXxW1EZ,103644195212255,kingvik,2026-08-23T12:50:44.992000+00:00,Rwanda,30.233487340726,-1.959086747792,0.008
4696075860623596,6uVk8ngFAMrGL24sXxW1EZ,103644195212255,kingvik,2026-08-23T12:50:23.494000+00:00,Rwanda,30.232094577273,-1.960321029798,0.0089
4707269659546370,6uVk8ngFAMrGL24sXxW1EZ,103644195212255,kingvik,2026-08-23T12:54:46.637000+00:00,Rwanda,30.255240273737,-1.950108560202,0.011
4738741319680529,6uVk8ngFAMrGL24sXxW1EZ,103644195212255,kingvik,2026-08-23T12:54:34.057000+00:00,Rwanda,30.253688012561,-1.9503489995093,0.0115
27339145732424892,6uVk8ngFAMrGL24sXxW1EZ,103644195212255,kingvik,2026-08-23T12:52:36.773000+00:00,Rwanda,30.241557168081,-1.9531559246465,0.0058
27840515212306740,6uVk8ngFAMrGL24sXxW1EZ,103644195212255,kingvik,2026-08-23T12:53:42.912000+00:00,Rwanda,30.246908718548,-1.9525243824338,0.0122
27867948956208878,6uVk8ngFAMrGL24sXxW1EZ,103644195212255,kingvik,2026-08-23T12:53:09.691000+00:00,Rwanda,30.243637209225,-1.9527152610402,0.0084
27932858496335423,6uVk8ngFAMrGL24sXxW1EZ,103644195212255,kingvik,2026-08-23T12:50:15.176000+00:00,Rwanda,30.231723308832,-1.9610536856722,0.0089
27957640450567921,6uVk8ngFAMrGL24sXxW1EZ,103644195212255,kingvik,2026-08-23T12:54:05.537000+00:00,Rwanda,30.250072562424,-1.9517607034343,0.0129
27981329424867409,6uVk8ngFAMrGL24sXxW1EZ,103644195212255,kingvik,2026-08-23T12:52:08.442000+00:00,Rwanda,30.239835114545,-1.95440344,0.0086
27984705434526602,6uVk8ngFAMrGL24sXxW1EZ,103644195212255,kingvik,2026-08-23T12:50:42.488000+00:00,Rwanda,30.233326607556,-1.9592093263984,0.0081
28112741031711335,6uVk8ngFAMrGL24sXxW1EZ,103644195212255,kingvik,2026-08-23T12:53:18.301000+00:00,Rwanda,30.24446443899,-1.9527023461616,0.0085
28120747837574276,6uVk8ngFAMrGL24sXxW1EZ,103644195212255,kingvik,2026-08-23T12:50:53.311000+00:00,Rwanda,30.234080551521,-1.9586388997056,0.0085
28239511675679623,6uVk8ngFAMrGL24sXxW1EZ,103644195212255,kingvik,2026-08-23T12:51:09.217000+00:00,Rwanda,30.23516475947,-1.9578392881256,0.0084
28267424746228416,6uVk8ngFAMrGL24sXxW1EZ,103644195212255,kingvik,2026-08-23T12:50:22.686000+00:00,Rwanda,30.232050012437,-1.960387077452,0.0089
28276638575294909,6uVk8ngFAMrGL24sXxW1EZ,103644195212255,kingvik,2026-08-23T12:54:53.338000+00:00,Rwanda,30.256075082525,-1.9501926163636,0.011
28326809143672911,6uVk8ngFAMrGL24sXxW1EZ,103644195212255,kingvik,2026-08-23T12:51:22.520000+00:00,Rwanda,30.236253830505,-1.9570255369697,0.0096
28397414629895519,6uVk8ngFAMrGL24sXxW1EZ,103644195212255,kingvik,2026-08-23T12:50:15.985000+00:00,Rwanda,30.231752278182,-1.9609772745455,0.0091
28418312761189060,6uVk8ngFAMrGL24sXxW1EZ,103644195212255,kingvik,2026-08-23T12:54:15.631000+00:00,Rwanda,30.251373968793,-1.9512791348381,0.0122
28709756455276848,6uVk8ngFAMrGL24sXxW1EZ,103644195212255,kingvik,2026-08-23T12:51:12.506000+00:00,Rwanda,30.235405266364,-1.95766167,0.0083
28738042939134036,6uVk8ngFAMrGL24sXxW1EZ,103644195212255,kingvik,2026-08-23T12:50:27.392000+00:00,Rwanda,30.232326996768,-1.9600255589899,0.0085
29231267473141916,6uVk8ngFAMrGL24sXxW1EZ,103644195212255,kingvik,2026-08-23T12:50:21.874000+00:00,Rwanda,30.232006931765,-1.9604546890196,0.0097
37725620493753174,6uVk8ngFAMrGL24sXxW1EZ,103644195212255,kingvik,2026-08-23T12:53:19.208000+00:00,Rwanda,30.244551106968,-1.9526997216879,0.0096
38112559635055386,6uVk8ngFAMrGL24sXxW1EZ,103644195212255,kingvik,2026-08-23T12:54:58.364000+00:00,Rwanda,30.256696542828,-1.9502739943434,0.0112
860240100387916,6uVk8ngFAMrGL24sXxW1EZ,103644195212255,kingvik,2026-08-23T13:00:25.509000+00:00,Rwanda,30.273168729902,-1.9190250220588,0.0132
894232026813568,6uVk8ngFAMrGL24sXxW1EZ,103644195212255,kingvik,2026-08-23T12:56:08.496000+00:00,Rwanda,30.265972552012,-1.9491523871443,0.0152
916511744376607,6uVk8ngFAMrGL24sXxW1EZ,103644195212255,kingvik,2026-08-23T12:56:20.104000+00:00,Rwanda,30.266815089598,-1.9476528082434,0.0125
921088723903332,6uVk8ngFAMrGL24sXxW1EZ,103644195212255,kingvik,2026-08-23T13:00:16.345000+00:00,Rwanda,30.273554419608,-1.9201959952941,0.0122
923540736943052,6uVk8ngFAMrGL24sXxW1EZ,103644195212255,kingvik,2026-08-23T12:56:57.613000+00:00,Rwanda,30.270321865657,-1.9441001971717,0.0127
923881710799906,6uVk8ngFAMrGL24sXxW1EZ,103644195212255,kingvik,2026-08-23T12:58:34.568000+00:00,Rwanda,30.27654609451,-1.9337079843137,0.0138
923963460758868,6uVk8ngFAMrGL24sXxW1EZ,103644195212255,kingvik,2026-08-23T13:00:38.008000+00:00,Rwanda,30.27274492101,-1.9172496020202,0.0136
929153213579714,6uVk8ngFAMrGL24sXxW1EZ,103644195212255,kingvik,2026-08-23T12:58:31.198000+00:00,Rwanda,30.276496750404,-1.9341876281818,0.0133
941036512388639,6uVk8ngFAMrGL24sXxW1EZ,103644195212255,kingvik,2026-08-23T12:56:39.231000+00:00,Rwanda,30.268854401515,-1.9460196,0.0121
941933361552759,6uVk8ngFAMrGL24sXxW1EZ,103644195212255,kingvik,2026-08-23T12:58:36.204000+00:00,Rwanda,30.276560246107,-1.9334738758342,0.0134
944397862026561,6uVk8ngFAMrGL24sXxW1EZ,103644195212255,kingvik,2026-08-23T12:56:19.301000+00:00,Rwanda,30.266752943782,-1.947746089181,0.0139
946478827734255,6uVk8ngFAMrGL24sXxW1EZ,103644195212255,kingvik,2026-08-23T13:00:29.714000+00:00,Rwanda,30.27299011202,-1.91846029,0.0137
947873877843013,6uVk8ngFAMrGL24sXxW1EZ,103644195212255,kingvik,2026-08-23T12:56:25.902000+00:00,Rwanda,30.267404438182,-1.9470906,0.0127
963897760050874,6uVk8ngFAMrGL24sXxW1EZ,103644195212255,kingvik,2026-08-23T12:55:53.482000+00:00,Rwanda,30.264539256061,-1.9509217807071,0.0147
966101606513245,6uVk8ngFAMrGL24sXxW1EZ,103644195212255,kingvik,2026-08-23T12:59:19.581000+00:00,Rwanda,30.276103130435,-1.9273678065723,0.0123
990250034027704,6uVk8ngFAMrGL24sXxW1EZ,103644195212255,kingvik,2026-08-23T12:57:57.772000+00:00,Rwanda,30.274154419899,-1.937961970101,0.0118
996823763408313,6uVk8ngFAMrGL24sXxW1EZ,103644195212255,kingvik,2026-08-23T12:57:38.544000+00:00,Rwanda,30.272477422255,-1.9391890413725,0.0102
1002485166137578,6uVk8ngFAMrGL24sXxW1EZ,103644195212255,kingvik,2026-08-23T12:59:18.787000+00:00,Rwanda,30.276117509804,-1.9274773694118,0.0134
1002735969459285,6uVk8ngFAMrGL24sXxW1EZ,103644195212255,kingvik,2026-08-23T12:57:53.576000+00:00,Rwanda,30.273781670707,-1.9383417323232,0.0113
1009774852048343,6uVk8ngFAMrGL24sXxW1EZ,103644195212255,kingvik,2026-08-23T12:57:50.250000+00:00,Rwanda,30.273460839216,-1.9385861745098,0.0111
1012981805126079,6uVk8ngFAMrGL24sXxW1EZ,103644195212255,kingvik,2026-08-23T12:59:17.923000+00:00,Rwanda,30.276132110606,-1.9275972521212,0.0132
1013795295048985,6uVk8ngFAMrGL24sXxW1EZ,103644195212255,kingvik,2026-08-23T12:58:30.355000+00:00,Rwanda,30.276482304242,-1.9343065030303,0.0125
1022352440830816,6uVk8ngFAMrGL24sXxW1EZ,103644195212255,kingvik,2026-08-23T12:56:45.114000+00:00,Rwanda,30.269449732385,-1.945499292051,0.0121
1026339810424265,6uVk8ngFAMrGL24sXxW1EZ,103644195212255,kingvik,2026-08-23T12:55:48.397000+00:00,Rwanda,30.263871611515,-1.951279730303,0.0135
1030338439840531,6uVk8ngFAMrGL24sXxW1EZ,103644195212255,kingvik,2026-08-23T12:56:41.808000+00:00,Rwanda,30.26912197404,-1.9458025822222,0.0129
1030878629947721,6uVk8ngFAMrGL24sXxW1EZ,103644195212255,kingvik,2026-08-23T12:55:36.767000+00:00,Rwanda,30.262131589181,-1.9515679710819,0.0152
1032390873125356,6uVk8ngFAMrGL24sXxW1EZ,103644195212255,kingvik,2026-08-23T12:59:52.095000+00:00,Rwanda,30.274382359091,-1.9231745034343,0.0114
1033311153027001,6uVk8ngFAMrGL24sXxW1EZ,103644195212255,kingvik,2026-08-23T13:00:28.011000+00:00,Rwanda,30.273059120314,-1.9186916002944,0.0135
1035728142419051,6uVk8ngFAMrGL24sXxW1EZ,103644195212255,kingvik,2026-08-23T12:59:03.713000+00:00,Rwanda,30.276440226896,-1.9295858392315,0.0133
1037738209065707,6uVk8ngFAMrGL24sXxW1EZ,103644195212255,kingvik,2026-08-23T12:59:37.886000+00:00,Rwanda,30.274863122626,-1.9250984715152,0.0128
1038601862482425,6uVk8ngFAMrGL24sXxW1EZ,103644195212255,kingvik,2026-08-23T12:59:20.417000+00:00,Rwanda,30.276083682843,-1.9272523783333,0.013
1043052485386923,6uVk8ngFAMrGL24sXxW1EZ,103644195212255,kingvik,2026-08-23T12:56:56.749000+00:00,Rwanda,30.270269461531,-1.9442012802748,0.0121
1044469505034189,6uVk8ngFAMrGL24sXxW1EZ,103644195212255,kingvik,2026-08-23T12:59:57.938000+00:00,Rwanda,30.274222018627,-1.9224609936275,0.0116
1045134455170412,6uVk8ngFAMrGL24sXxW1EZ,103644195212255,kingvik,2026-08-23T12:58:29.563000+00:00,Rwanda,30.276469295098,-1.9344183987255,0.0136
1047057024578106,6uVk8ngFAMrGL24sXxW1EZ,103644195212255,kingvik,2026-08-23T12:58:26.159000+00:00,Rwanda,30.276408852121,-1.9348955717172,0.0125
1047598454853125,6uVk8ngFAMrGL24sXxW1EZ,103644195212255,kingvik,2026-08-23T12:59:06.217000+00:00,Rwanda,30.276393493939,-1.9292325838384,0.0134
1048103941252428,6uVk8ngFAMrGL24sXxW1EZ,103644195212255,kingvik,2026-08-23T12:57:12.634000+00:00,Rwanda,30.271089948182,-1.9422236366667,0.0135
1048664874718863,6uVk8ngFAMrGL24sXxW1EZ,103644195212255,kingvik,2026-08-23T12:58:24.499000+00:00,Rwanda,30.2763563,-1.935125,0.0132
1050265307704980,6uVk8ngFAMrGL24sXxW1EZ,103644195212255,kingvik,2026-08-23T12:58:13.660000+00:00,Rwanda,30.275521950784,-1.9363602145098,0.0131
1052562170722578,6uVk8ngFAMrGL24sXxW1EZ,103644195212255,kingvik,2026-08-23T12:58:07.753000+00:00,Rwanda,30.27500586269,-1.9369711323559,0.0118
1053157357425214,6uVk8ngFAMrGL24sXxW1EZ,103644195212255,kingvik,2026-08-23T12:55:42.577000+00:00,Rwanda,30.263023727478,-1.9514586081452,0.0136
1054010630740669,6uVk8ngFAMrGL24sXxW1EZ,103644195212255,kingvik,2026-08-23T12:58:15.296000+00:00,Rwanda,30.275666047071,-1.9361911818182,0.0128
1054734384078348,6uVk8ngFAMrGL24sXxW1EZ,103644195212255,kingvik,2026-08-23T12:59:40.389000+00:00,Rwanda,30.274730009091,-1.9247563,0.014
1055928023746606,6uVk8ngFAMrGL24sXxW1EZ,103644195212255,kingvik,2026-08-23T12:59:37.093000+00:00,Rwanda,30.274909673529,-1.9252039132353,0.0139
1058201170354310,6uVk8ngFAMrGL24sXxW1EZ,103644195212255,kingvik,2026-08-23T12:57:54.454000+00:00,Rwanda,30.273862432929,-1.9382676757576,0.0122
1058998037060647,6uVk8ngFAMrGL24sXxW1EZ,103644195212255,kingvik,2026-08-23T12:57:10.932000+00:00,Rwanda,30.27103238371,-1.9424506085378,0.0123
1059356946725726,6uVk8ngFAMrGL24sXxW1EZ,103644195212255,kingvik,2026-08-23T12:58:32.859000+00:00,Rwanda,30.27652410303,-1.9339515561616,0.0127
1059497853497766,6uVk8ngFAMrGL24sXxW1EZ,103644195212255,kingvik,2026-08-23T12:58:27.853000+00:00,Rwanda,30.276441536364,-1.9346579636364,0.0135
1060079066763262,6uVk8ngFAMrGL24sXxW1EZ,103644195212255,kingvik,2026-08-23T12:58:21.153000+00:00,Rwanda,30.27616125,-1.9355487772727,0.0124
1062017486802213,6uVk8ngFAMrGL24sXxW1EZ,103644195212255,kingvik,2026-08-23T13:00:13.851000+00:00,Rwanda,30.273666939394,-1.9205027577778,0.0124
1062306813168514,6uVk8ngFAMrGL24sXxW1EZ,103644195212255,kingvik,2026-08-23T12:59:47.089000+00:00,Rwanda,30.274514263939,-1.9238238726263,0.0131
1062621626478807,6uVk8ngFAMrGL24sXxW1EZ,103644195212255,kingvik,2026-08-23T12:56:50.913000+00:00,Rwanda,30.269916540404,-1.9448772752525,0.0115
1063768796232246,6uVk8ngFAMrGL24sXxW1EZ,103644195212255,kingvik,2026-08-23T12:59:49.592000+00:00,Rwanda,30.274449363333,-1.92349294,0.0117
1064404163014319,6uVk8ngFAMrGL24sXxW1EZ,103644195212255,kingvik,2026-08-23T12:56:31.738000+00:00,Rwanda,30.268040061727,-1.9466267667321,0.0126
1064579909391598,6uVk8ngFAMrGL24sXxW1EZ,103644195212255,kingvik,2026-08-23T12:57:23.462000+00:00,Rwanda,30.271431442424,-1.9407889171717,0.0123
1064668522682794,6uVk8ngFAMrGL24sXxW1EZ,103644195212255,kingvik,2026-08-23T12:59:01.210000+00:00,Rwanda,30.276464313333,-1.9299388871717,0.0133
1065188669585818,6uVk8ngFAMrGL24sXxW1EZ,103644195212255,kingvik,2026-08-23T13:00:08.806000+00:00,Rwanda,30.273874731515,-1.9211301766667,0.0117
1066291252522586,6uVk8ngFAMrGL24sXxW1EZ,103644195212255,kingvik,2026-08-23T12:58:58.707000+00:00,Rwanda,30.276479827576,-1.9302946669697,0.0132
1066628919277865,6uVk8ngFAMrGL24sXxW1EZ,103644195212255,kingvik,2026-08-23T12:57:51.042000+00:00,Rwanda,30.273538258384,-1.9385339953535,0.0104
1066740689074623,6uVk8ngFAMrGL24sXxW1EZ,103644195212255,kingvik,2026-08-23T13:00:33.850000+00:00,Rwanda,30.272848657273,-1.9178750963636,0.0142
1067207792391558,6uVk8ngFAMrGL24sXxW1EZ,103644195212255,kingvik,2026-08-23T12:59:07.082000+00:00,Rwanda,30.276374477429,-1.929111073896,0.0137
1068018545985750,6uVk8ngFAMrGL24sXxW1EZ,103644195212255,kingvik,2026-08-23T12:58:21.995000+00:00,Rwanda,30.276218862424,-1.9354460119192,0.0131
1068536615578291,6uVk8ngFAMrGL24sXxW1EZ,103644195212255,kingvik,2026-08-23T12:56:30.100000+00:00,Rwanda,30.267861130909,-1.9467570551515,0.0126
1070158315763941,6uVk8ngFAMrGL24sXxW1EZ,103644195212255,kingvik,2026-08-23T13:00:04.638000+00:00,Rwanda,30.27402552549,-1.921647104902,0.0118
1071871498875054,6uVk8ngFAMrGL24sXxW1EZ,103644195212255,kingvik,2026-08-23T13:00:37.214000+00:00,Rwanda,30.27276556,-1.9173702329412,0.0146
1074509578290454,6uVk8ngFAMrGL24sXxW1EZ,103644195212255,kingvik,2026-08-23T12:56:23.424000+00:00,Rwanda,30.267124274747,-1.9473052830303,0.0131
1074716081601951,6uVk8ngFAMrGL24sXxW1EZ,103644195212255,kingvik,2026-08-23T12:55:30.066000+00:00,Rwanda,30.261069940909,-1.9515470854545,0.03
1074783515278407,6uVk8ngFAMrGL24sXxW1EZ,103644195212255,kingvik,2026-08-23T12:59:31.287000+00:00,Rwanda,30.275360041616,-1.9259134925253,0.0141
1076386588181200,6uVk8ngFAMrGL24sXxW1EZ,103644195212255,kingvik,2026-08-23T12:56:53.416000+00:00,Rwanda,30.27007256202,-1.9445898031313,0.0115
1076423938410603,6uVk8ngFAMrGL24sXxW1EZ,103644195212255,kingvik,2026-08-23T13:00:23.800000+00:00,Rwanda,30.273242913131,-1.9192489654545,0.0121
1078552278443552,6uVk8ngFAMrGL24sXxW1EZ,103644195212255,kingvik,2026-08-23T12:57:43.550000+00:00,Rwanda,30.272845619529,-1.9389562518155,0.0092
1080083181155647,6uVk8ngFAMrGL24sXxW1EZ,103644195212255,kingvik,2026-08-23T12:59:07.910000+00:00,Rwanda,30.276357263636,-1.9289945068687,0.0131
1080875844901258,6uVk8ngFAMrGL24sXxW1EZ,103644195212255,kingvik,2026-08-23T12:57:16.761000+00:00,Rwanda,30.271225986653,-1.9416718215369,0.0128
1083564134121465,6uVk8ngFAMrGL24sXxW1EZ,103644195212255,kingvik,2026-08-23T12:59:44.586000+00:00,Rwanda,30.274582593333,-1.9241649084848,0.0135
1084527094040553,6uVk8ngFAMrGL24sXxW1EZ,103644195212255,kingvik,2026-08-23T12:59:02.076000+00:00,Rwanda,30.276457709412,-1.9298162905882,0.0137
1084550034030037,6uVk8ngFAMrGL24sXxW1EZ,103644195212255,kingvik,2026-08-23T12:58:56.204000+00:00,Rwanda,30.276493767273,-1.9306532806061,0.0133
1086044970666237,6uVk8ngFAMrGL24sXxW1EZ,103644195212255,kingvik,2026-08-23T12:58:10.289000+00:00,Rwanda,30.275221943333,-1.93670604,0.0123
1086454893858326,6uVk8ngFAMrGL24sXxW1EZ,103644195212255,kingvik,2026-08-23T12:58:52.073000+00:00,Rwanda,30.276520188889,-1.9312450171717,0.0138
1086526674312353,6uVk8ngFAMrGL24sXxW1EZ,103644195212255,kingvik,2026-08-23T12:59:45.395000+00:00,Rwanda,30.274559459091,-1.9240539187879,0.0126
1088288133647682,6uVk8ngFAMrGL24sXxW1EZ,103644195212255,kingvik,2026-08-23T12:57:42.679000+00:00,Rwanda,30.272773416061,-1.9389959469697,0.0084
1089418483438077,6uVk8ngFAMrGL24sXxW1EZ,103644195212255,kingvik,2026-08-23T12:57:14.229000+00:00,Rwanda,30.271144073333,-1.9420107616162,0.0122
1090144453963963,6uVk8ngFAMrGL24sXxW1EZ,103644195212255,kingvik,2026-08-23T12:58:01.987000+00:00,Rwanda,30.274510004412,-1.9375445997059,0.0121
1094213483169855,6uVk8ngFAMrGL24sXxW1EZ,103644195212255,kingvik,2026-08-23T12:57:20.959000+00:00,Rwanda,30.271360973333,-1.9411189111111,0.0123
1095329146165517,6uVk8ngFAMrGL24sXxW1EZ,103644195212255,kingvik,2026-08-23T12:57:36.048000+00:00,Rwanda,30.272239838625,-1.9393495100101,0.0127
1095564546745379,6uVk8ngFAMrGL24sXxW1EZ,103644195212255,kingvik,2026-08-23T12:57:59.452000+00:00,Rwanda,30.27429649107,-1.9377984904809,0.0115
1096312182957609,6uVk8ngFAMrGL24sXxW1EZ,103644195212255,kingvik,2026-08-23T12:59:02.869000+00:00,Rwanda,30.276450422222,-1.9297047641414,0.0124
1096941332668093,6uVk8ngFAMrGL24sXxW1EZ,103644195212255,kingvik,2026-08-23T12:57:02.620000+00:00,Rwanda,30.270623416481,-1.9435047095045,0.0118
1097536239374934,6uVk8ngFAMrGL24sXxW1EZ,103644195212255,kingvik,2026-08-23T12:56:33.413000+00:00,Rwanda,30.268225555556,-1.9464879136364,0.0125
1102148382265424,6uVk8ngFAMrGL24sXxW1EZ,103644195212255,kingvik,2026-08-23T12:56:59.254000+00:00,Rwanda,30.270422375074,-1.9439078020608,0.0122
1103791935595337,6uVk8ngFAMrGL24sXxW1EZ,103644195212255,kingvik,2026-08-23T12:58:52.874000+00:00,Rwanda,30.276515510588,-1.9311310361765,0.0127
1244080061178024,6uVk8ngFAMrGL24sXxW1EZ,103644195212255,kingvik,2026-08-23T12:58:18.650000+00:00,Rwanda,30.275962018687,-1.9358380613131,0.0122
1252553676962274,6uVk8ngFAMrGL24sXxW1EZ,103644195212255,kingvik,2026-08-23T12:59:10.413000+00:00,Rwanda,30.276308394545,-1.9286411539394,0.0132
1271264125028313,6uVk8ngFAMrGL24sXxW1EZ,103644195212255,kingvik,2026-08-23T12:55:35.072000+00:00,Rwanda,30.261864043478,-1.9515859173913,0.0143
1271800751643796,6uVk8ngFAMrGL24sXxW1EZ,103644195212255,kingvik,2026-08-23T12:55:55.985000+00:00,Rwanda,30.264831236667,-1.95068598,0.0147
1292688739465404,6uVk8ngFAMrGL24sXxW1EZ,103644195212255,kingvik,2026-08-23T12:59:23.778000+00:00,Rwanda,30.27596306101,-1.9267945787879,0.0136
1305459631528326,6uVk8ngFAMrGL24sXxW1EZ,103644195212255,kingvik,2026-08-23T13:00:15.506000+00:00,Rwanda,30.27359121365,-1.9202992226491,0.0115
1321745119804256,6uVk8ngFAMrGL24sXxW1EZ,103644195212255,kingvik,2026-08-23T12:58:57.079000+00:00,Rwanda,30.276488727879,-1.9305275372727,0.014
1323079769655347,6uVk8ngFAMrGL24sXxW1EZ,103644195212255,kingvik,2026-08-23T12:58:42.870000+00:00,Rwanda,30.276562281818,-1.9325309006061,0.0124
1324940412805442,6uVk8ngFAMrGL24sXxW1EZ,103644195212255,kingvik,2026-08-23T12:58:09.464000+00:00,Rwanda,30.27515203451,-1.9367922978431,0.0131
1326774202627719,6uVk8ngFAMrGL24sXxW1EZ,103644195212255,kingvik,2026-08-23T12:55:34.263000+00:00,Rwanda,30.261735352121,-1.9515904551515,0.0154
1326793135975049,6uVk8ngFAMrGL24sXxW1EZ,103644195212255,kingvik,2026-08-23T13:00:03.801000+00:00,Rwanda,30.274053177778,-1.9217494911111,0.0122
1345405467378463,6uVk8ngFAMrGL24sXxW1EZ,103644195212255,kingvik,2026-08-23T12:55:59.292000+00:00,Rwanda,30.265163305986,-1.9503155070658,0.0136
1345789937542592,6uVk8ngFAMrGL24sXxW1EZ,103644195212255,kingvik,2026-08-23T12:59:42.892000+00:00,Rwanda,30.274634593333,-1.9244022366667,0.0139
1351853360010085,6uVk8ngFAMrGL24sXxW1EZ,103644195212255,kingvik,2026-08-23T12:57:56.079000+00:00,Rwanda,30.274008001515,-1.9381230384848,0.0116
1353929556897110,6uVk8ngFAMrGL24sXxW1EZ,103644195212255,kingvik,2026-08-23T12:57:10.130000+00:00,Rwanda,30.271005440303,-1.9425582358586,0.0135
1358793983091690,6uVk8ngFAMrGL24sXxW1EZ,103644195212255,kingvik,2026-08-23T12:56:06.784000+00:00,Rwanda,30.265831744186,-1.9493793097068,0.0137
1362469099288357,6uVk8ngFAMrGL24sXxW1EZ,103644195212255,kingvik,2026-08-23T12:56:18.416000+00:00,Rwanda,30.266687988485,-1.9478527134343,0.0131
1363051262683486,6uVk8ngFAMrGL24sXxW1EZ,103644195212255,kingvik,2026-08-23T12:56:05.993000+00:00,Rwanda,30.265764606275,-1.9494823109804,0.0152
1370259291889374,6uVk8ngFAMrGL24sXxW1EZ,103644195212255,kingvik,2026-08-23T12:58:47.067000+00:00,Rwanda,30.276541057374,-1.9319485068687,0.0133
1372369971717872,6uVk8ngFAMrGL24sXxW1EZ,103644195212255,kingvik,2026-08-23T12:57:36.850000+00:00,Rwanda,30.272320493235,-1.9392916058824,0.011
1373264394995465,6uVk8ngFAMrGL24sXxW1EZ,103644195212255,kingvik,2026-08-23T12:57:44.343000+00:00,Rwanda,30.27291470101,-1.9389201250505,0.0087
1374004530949802,6uVk8ngFAMrGL24sXxW1EZ,103644195212255,kingvik,2026-08-23T12:57:31.844000+00:00,Rwanda,30.271842027772,-1.9397473688911,0.013
1374860354191050,6uVk8ngFAMrGL24sXxW1EZ,103644195212255,kingvik,2026-08-23T12:58:47.876000+00:00,Rwanda,30.276536683434,-1.9318351266667,0.0126
1374991594181825,6uVk8ngFAMrGL24sXxW1EZ,103644195212255,kingvik,2026-08-23T12:59:34.589000+00:00,Rwanda,30.275080249118,-1.9255236639216,0.0139
1375617768111762,6uVk8ngFAMrGL24sXxW1EZ,103644195212255,kingvik,2026-08-23T12:58:39.574000+00:00,Rwanda,30.276571045535,-1.9329934287537,0.0137
1378115871160124,6uVk8ngFAMrGL24sXxW1EZ,103644195212255,kingvik,2026-08-23T12:58:00.276000+00:00,Rwanda,30.274366060101,-1.9377167186869,0.0119
1378519027742577,6uVk8ngFAMrGL24sXxW1EZ,103644195212255,kingvik,2026-08-23T12:56:04.299000+00:00,Rwanda,30.265617925,-1.949699225,0.0137
1378674750399933,6uVk8ngFAMrGL24sXxW1EZ,103644195212255,kingvik,2026-08-23T12:57:46.845000+00:00,Rwanda,30.273138259091,-1.9387917828283,0.0093
1378891420434159,6uVk8ngFAMrGL24sXxW1EZ,103644195212255,kingvik,2026-08-23T12:58:26.993000+00:00,Rwanda,30.276426494014,-1.9347786936212,0.0131
1382509826683081,6uVk8ngFAMrGL24sXxW1EZ,103644195212255,kingvik,2026-08-23T12:58:22.863000+00:00,Rwanda,30.276273663235,-1.9353387634314,0.0134
1383710210401968,6uVk8ngFAMrGL24sXxW1EZ,103644195212255,kingvik,2026-08-23T12:56:02.609000+00:00,Rwanda,30.265467441212,-1.949910559798,0.0138
1385390437117040,6uVk8ngFAMrGL24sXxW1EZ,103644195212255,kingvik,2026-08-23T13:00:09.644000+00:00,Rwanda,30.273843371765,-1.92102548,0.0122
1387343169671643,6uVk8ngFAMrGL24sXxW1EZ,103644195212255,kingvik,2026-08-23T12:57:22.640000+00:00,Rwanda,30.271409568302,-1.9408974211973,0.012
1387380906818707,6uVk8ngFAMrGL24sXxW1EZ,103644195212255,kingvik,2026-08-23T12:56:00.992000+00:00,Rwanda,30.265320592222,-1.9501090345455,0.015
1387906126097848,6uVk8ngFAMrGL24sXxW1EZ,103644195212255,kingvik,2026-08-23T12:55:43.389000+00:00,Rwanda,30.263144990909,-1.9514417272727,0.0136
1388497139902652,6uVk8ngFAMrGL24sXxW1EZ,103644195212255,kingvik,2026-08-23T13:00:23.005000+00:00,Rwanda,30.273277855054,-1.9193519011776,0.0121
1389136476665483,6uVk8ngFAMrGL24sXxW1EZ,103644195212255,kingvik,2026-08-23T13:00:24.648000+00:00,Rwanda,30.273206089091,-1.9191380915152,0.013
1390654272994229,6uVk8ngFAMrGL24sXxW1EZ,103644195212255,kingvik,2026-08-23T12:58:42.061000+00:00,Rwanda,30.276565046465,-1.9326428277778,0.0133
1391663293067461,6uVk8ngFAMrGL24sXxW1EZ,103644195212255,kingvik,2026-08-23T12:56:55.110000+00:00,Rwanda,30.270172338384,-1.944392349697,0.0126
1392204226201553,6uVk8ngFAMrGL24sXxW1EZ,103644195212255,kingvik,2026-08-23T12:57:56.949000+00:00,Rwanda,30.274083678431,-1.9380405941176,0.0124
1392825222779083,6uVk8ngFAMrGL24sXxW1EZ,103644195212255,kingvik,2026-08-23T12:57:24.335000+00:00,Rwanda,30.271455259764,-1.9406740366045,0.013
1393486872712267,6uVk8ngFAMrGL24sXxW1EZ,103644195212255,kingvik,2026-08-23T12:55:31.778000+00:00,Rwanda,30.26134019578,-1.951586720314,0.0156
1396856921910256,6uVk8ngFAMrGL24sXxW1EZ,103644195212255,kingvik,2026-08-23T12:56:03.495000+00:00,Rwanda,30.265546543175,-1.949799929727,0.0151
1399537872362970,6uVk8ngFAMrGL24sXxW1EZ,103644195212255,kingvik,2026-08-23T12:56:15.122000+00:00,Rwanda,30.266457219725,-1.9482754274779,0.0136
1400245328836452,6uVk8ngFAMrGL24sXxW1EZ,103644195212255,kingvik,2026-08-23T12:56:37.610000+00:00,Rwanda,30.268681747879,-1.9461484949495,0.0131
1402152268461418,6uVk8ngFAMrGL24sXxW1EZ,103644195212255,kingvik,2026-08-23T12:59:29.584000+00:00,Rwanda,30.275516291765,-1.926103574902,0.0127
1405385981502017,6uVk8ngFAMrGL24sXxW1EZ,103644195212255,kingvik,2026-08-23T13:00:26.303000+00:00,Rwanda,30.273133731111,-1.9189202793939,0.0123
1405496471522855,6uVk8ngFAMrGL24sXxW1EZ,103644195212255,kingvik,2026-08-23T12:59:46.232000+00:00,Rwanda,30.274536257647,-1.9239399141176,0.0129
1411962424161764,6uVk8ngFAMrGL24sXxW1EZ,103644195212255,kingvik,2026-08-23T12:56:29.235000+00:00,Rwanda,30.267769144455,-1.9468236467125,0.0121
1413798836937391,6uVk8ngFAMrGL24sXxW1EZ,103644195212255,kingvik,2026-08-23T13:00:48.020000+00:00,Rwanda,30.272488801818,-1.9157634882828,0.0131
1414495840528215,6uVk8ngFAMrGL24sXxW1EZ,103644195212255,kingvik,2026-08-23T12:58:19.491000+00:00,Rwanda,30.276032938586,-1.9357439989899,0.0131
1416702933728643,6uVk8ngFAMrGL24sXxW1EZ,103644195212255,kingvik,2026-08-23T12:57:05.962000+00:00,Rwanda,30.270817143434,-1.9430977939394,0.0127
1418425873480797,6uVk8ngFAMrGL24sXxW1EZ,103644195212255,kingvik,2026-08-23T13:00:20.512000+00:00,Rwanda,30.273383801818,-1.9196704458586,0.012
1421513706504444,6uVk8ngFAMrGL24sXxW1EZ,103644195212255,kingvik,2026-08-23T12:59:12.917000+00:00,Rwanda,30.276254135354,-1.9282918373737,0.013
1421665359840655,6uVk8ngFAMrGL24sXxW1EZ,103644195212255,kingvik,2026-08-23T13:00:27.150000+00:00,Rwanda,30.273096459091,-1.9188074172727,0.0132
1423467622979951,6uVk8ngFAMrGL24sXxW1EZ,103644195212255,kingvik,2026-08-23T12:55:47.584000+00:00,Rwanda,30.263756356035,-1.9513194223749,0.0133
1428089395884399,6uVk8ngFAMrGL24sXxW1EZ,103644195212255,kingvik,2026-08-23T12:57:34.347000+00:00,Rwanda,30.272067276275,-1.9394934708824,0.0132
1430987635516259,6uVk8ngFAMrGL24sXxW1EZ,103644195212255,kingvik,2026-08-23T12:56:50.121000+00:00,Rwanda,30.269862213641,-1.94496578263,0.0129
1433383701965331,6uVk8ngFAMrGL24sXxW1EZ,103644195212255,kingvik,2026-08-23T12:58:49.570000+00:00,Rwanda,30.27652992303,-1.9315982860606,0.0133
1434330358545536,6uVk8ngFAMrGL24sXxW1EZ,103644195212255,kingvik,2026-08-23T12:56:54.247000+00:00,Rwanda,30.270121173209,-1.9444932031403,0.012
1438726858309370,6uVk8ngFAMrGL24sXxW1EZ,103644195212255,kingvik,2026-08-23T12:55:44.277000+00:00,Rwanda,30.263275885152,-1.9514225148485,0.0147
1447983813822687,6uVk8ngFAMrGL24sXxW1EZ,103644195212255,kingvik,2026-08-23T13:00:36.355000+00:00,Rwanda,30.272786790101,-1.9175002263636,0.0144
1454388663405615,6uVk8ngFAMrGL24sXxW1EZ,103644195212255,kingvik,2026-08-23T12:55:55.099000+00:00,Rwanda,30.264731688889,-1.9507735111111,0.0136
1461593945790294,6uVk8ngFAMrGL24sXxW1EZ,103644195212255,kingvik,2026-08-23T12:59:30.412000+00:00,Rwanda,30.275440606061,-1.9260114121212,0.0133
1470075484932015,6uVk8ngFAMrGL24sXxW1EZ,103644195212255,kingvik,2026-08-23T12:59:32.087000+00:00,Rwanda,30.275287636899,-1.9258223575074,0.0129
1477627830782464,6uVk8ngFAMrGL24sXxW1EZ,103644195212255,kingvik,2026-08-23T12:58:23.656000+00:00,Rwanda,30.276317661476,-1.9352374386249,0.0123
1489398289896918,6uVk8ngFAMrGL24sXxW1EZ,103644195212255,kingvik,2026-08-23T13:00:11.348000+00:00,Rwanda,30.273776142424,-1.9208127187879,0.0124
1498752908724973,6uVk8ngFAMrGL24sXxW1EZ,103644195212255,kingvik,2026-08-23T13:00:01.298000+00:00,Rwanda,30.274129705051,-1.922054210101,0.0119
1500419275103891,6uVk8ngFAMrGL24sXxW1EZ,103644195212255,kingvik,2026-08-23T12:59:05.372000+00:00,Rwanda,30.276411515758,-1.9293515060606,0.0126
1519780836570656,6uVk8ngFAMrGL24sXxW1EZ,103644195212255,kingvik,2026-08-23T12:57:01.828000+00:00,Rwanda,30.270576915882,-1.9435997097059,0.013
1524822029385615,6uVk8ngFAMrGL24sXxW1EZ,103644195212255,kingvik,2026-08-23T12:57:49.380000+00:00,Rwanda,30.273376554545,-1.9386405460606,0.0106
1534487198480257,6uVk8ngFAMrGL24sXxW1EZ,103644195212255,kingvik,2026-08-23T12:56:47.617000+00:00,Rwanda,30.26967157,-1.9452400935294,0.0122
1534630991293928,6uVk8ngFAMrGL24sXxW1EZ,103644195212255,kingvik,2026-08-23T12:59:52.932000+00:00,Rwanda,30.274358305294,-1.9230706388235,0.0119
1538277074172545,6uVk8ngFAMrGL24sXxW1EZ,103644195212255,kingvik,2026-08-23T12:57:30.134000+00:00,Rwanda,30.271719361212,-1.9399414933333,0.0119
1540712973939869,6uVk8ngFAMrGL24sXxW1EZ,103644195212255,kingvik,2026-08-23T12:55:45.081000+00:00,Rwanda,30.26339372895,-1.9514036099117,0.0133
1542046270923196,6uVk8ngFAMrGL24sXxW1EZ,103644195212255,kingvik,2026-08-23T13:00:02.928000+00:00,Rwanda,30.27408037088,-1.9218558201213,0.0116
1545962770044183,6uVk8ngFAMrGL24sXxW1EZ,103644195212255,kingvik,2026-08-23T12:56:51.749000+00:00,Rwanda,30.26997136303,-1.9447824521212,0.0122
1546735726693010,6uVk8ngFAMrGL24sXxW1EZ,103644195212255,kingvik,2026-08-23T12:57:52.753000+00:00,Rwanda,30.273704377647,-1.9384080929412,0.0119
1551044980368358,6uVk8ngFAMrGL24sXxW1EZ,103644195212255,kingvik,2026-08-23T12:57:21.839000+00:00,Rwanda,30.27138735,-1.94100332,0.0132
1557574462409674,6uVk8ngFAMrGL24sXxW1EZ,103644195212255,kingvik,2026-08-23T12:59:41.198000+00:00,Rwanda,30.274695332929,-1.9246423661616,0.0132
1561393942397162,6uVk8ngFAMrGL24sXxW1EZ,103644195212255,kingvik,2026-08-23T12:59:54.597000+00:00,Rwanda,30.27431020202,-1.922867910101,0.0112
1562301805671899,6uVk8ngFAMrGL24sXxW1EZ,103644195212255,kingvik,2026-08-23T12:59:32.881000+00:00,Rwanda,30.275218428283,-1.9257299511111,0.0128
1569400484884436,6uVk8ngFAMrGL24sXxW1EZ,103644195212255,kingvik,2026-08-23T12:57:17.634000+00:00,Rwanda,30.271253841176,-1.9415568411765,0.0132
1570535780595514,6uVk8ngFAMrGL24sXxW1EZ,103644195212255,kingvik,2026-08-23T12:57:41.047000+00:00,Rwanda,30.272654458039,-1.9390733037255,0.0077
1572478577705526,6uVk8ngFAMrGL24sXxW1EZ,103644195212255,kingvik,2026-08-23T12:57:45.183000+00:00,Rwanda,30.272988292929,-1.9388791043434,0.0094
1574975394082869,6uVk8ngFAMrGL24sXxW1EZ,103644195212255,kingvik,2026-08-23T12:56:45.931000+00:00,Rwanda,30.26952522303,-1.9454179549495,0.0123
1576466847511171,6uVk8ngFAMrGL24sXxW1EZ,103644195212255,kingvik,2026-08-23T13:00:21.351000+00:00,Rwanda,30.273349430882,-1.9195634711765,0.0125
1579548236985814,6uVk8ngFAMrGL24sXxW1EZ,103644195212255,kingvik,2026-08-23T12:55:33.395000+00:00,Rwanda,30.261596863003,-1.9515932553484,0.0146
1579899107177769,6uVk8ngFAMrGL24sXxW1EZ,103644195212255,kingvik,2026-08-23T13:00:05.495000+00:00,Rwanda,30.273996174545,-1.9215420478788,0.0121
1585817466606750,6uVk8ngFAMrGL24sXxW1EZ,103644195212255,kingvik,2026-08-23T12:57:08.430000+00:00,Rwanda,30.270939025025,-1.9427812960746,0.0122
1589236402660987,6uVk8ngFAMrGL24sXxW1EZ,103644195212255,kingvik,2026-08-23T12:59:09.585000+00:00,Rwanda,30.276325017647,-1.9287584132353,0.0127
1591530102695153,6uVk8ngFAMrGL24sXxW1EZ,103644195212255,kingvik,2026-08-23T12:57:51.882000+00:00,Rwanda,30.273620608999,-1.9384741319515,0.0113
1593364965797813,6uVk8ngFAMrGL24sXxW1EZ,103644195212255,kingvik,2026-08-23T13:00:13.003000+00:00,Rwanda,30.273706062424,-1.9206075380808,0.0116
1593807435423804,6uVk8ngFAMrGL24sXxW1EZ,103644195212255,kingvik,2026-08-23T12:58:43.705000+00:00,Rwanda,30.276559005986,-1.9324159380765,0.0128
1594982245685212,6uVk8ngFAMrGL24sXxW1EZ,103644195212255,kingvik,2026-08-23T12:57:58.651000+00:00,Rwanda,30.274228978182,-1.9378770551515,0.0126
1597057035336765,6uVk8ngFAMrGL24sXxW1EZ,103644195212255,kingvik,2026-08-23T12:59:57.101000+00:00,Rwanda,30.274243144444,-1.9225631911111,0.0112
1597792535372003,6uVk8ngFAMrGL24sXxW1EZ,103644195212255,kingvik,2026-08-23T12:57:05.124000+00:00,Rwanda,30.270769517273,-1.9432016254545,0.0119
1601347078287516,6uVk8ngFAMrGL24sXxW1EZ,103644195212255,kingvik,2026-08-23T12:59:38.695000+00:00,Rwanda,30.274816955253,-1.9249893153535,0.0132
1603419231405973,6uVk8ngFAMrGL24sXxW1EZ,103644195212255,kingvik,2026-08-23T13:00:07.141000+00:00,Rwanda,30.273936444357,-1.9213381542689,0.0121
1605304137931762,6uVk8ngFAMrGL24sXxW1EZ,103644195212255,kingvik,2026-08-23T12:59:25.424000+00:00,Rwanda,30.27586306549,-1.9265814003922,0.0133
1606434790838698,6uVk8ngFAMrGL24sXxW1EZ,103644195212255,kingvik,2026-08-23T12:59:17.078000+00:00,Rwanda,30.276149409091,-1.9277146711111,0.0124
1607435304417721,6uVk8ngFAMrGL24sXxW1EZ,103644195212255,kingvik,2026-08-23T12:55:38.403000+00:00,Rwanda,30.262386774289,-1.9515394462218,0.0144
1607599560997948,6uVk8ngFAMrGL24sXxW1EZ,103644195212255,kingvik,2026-08-23T12:56:17.600000+00:00,Rwanda,30.266629351521,-1.9479547765456,0.013
1609401664124607,6uVk8ngFAMrGL24sXxW1EZ,103644195212255,kingvik,2026-08-23T12:59:13.782000+00:00,Rwanda,30.27623467549,-1.9281715793137,0.0135
1610779480412683,6uVk8ngFAMrGL24sXxW1EZ,103644195212255,kingvik,2026-08-23T12:58:04.458000+00:00,Rwanda,30.274719218744,-1.9373023894014,0.0116
1615305820181963,6uVk8ngFAMrGL24sXxW1EZ,103644195212255,kingvik,2026-08-23T12:58:59.573000+00:00,Rwanda,30.276475316977,-1.9301713500491,0.0137
1620740956250769,6uVk8ngFAMrGL24sXxW1EZ,103644195212255,kingvik,2026-08-23T12:59:14.575000+00:00,Rwanda,30.276215145455,-1.9280614890909,0.0124
1621225256039288,6uVk8ngFAMrGL24sXxW1EZ,103644195212255,kingvik,2026-08-23T12:59:56.292000+00:00,Rwanda,30.274263873333,-1.92266204,0.0119
1624557359243707,6uVk8ngFAMrGL24sXxW1EZ,103644195212255,kingvik,2026-08-23T12:57:06.835000+00:00,Rwanda,30.270862585967,-1.9429869455348,0.0133
1627014705704809,6uVk8ngFAMrGL24sXxW1EZ,103644195212255,kingvik,2026-08-23T12:55:56.788000+00:00,Rwanda,30.264916802748,-1.9506017198234,0.0133
1630282475197048,6uVk8ngFAMrGL24sXxW1EZ,103644195212255,kingvik,2026-08-23T12:58:57.879000+00:00,Rwanda,30.276484350392,-1.930413042549,0.0127
1632533491627223,6uVk8ngFAMrGL24sXxW1EZ,103644195212255,kingvik,2026-08-23T12:58:16.989000+00:00,Rwanda,30.275815923333,-1.9360133466667,0.0126
1632891388543065,6uVk8ngFAMrGL24sXxW1EZ,103644195212255,kingvik,2026-08-23T12:55:50.111000+00:00,Rwanda,30.264108447451,-1.9511797889216,0.0138
1638502471237829,6uVk8ngFAMrGL24sXxW1EZ,103644195212255,kingvik,2026-08-23T12:56:01.795000+00:00,Rwanda,30.265394188911,-1.950011158685,0.0136
1639589371211916,6uVk8ngFAMrGL24sXxW1EZ,103644195212255,kingvik,2026-08-23T12:59:47.935000+00:00,Rwanda,30.274493583822,-1.923710355814,0.0128
1641764017522403,6uVk8ngFAMrGL24sXxW1EZ,103644195212255,kingvik,2026-08-23T12:56:26.731000+00:00,Rwanda,30.26749782895,-1.9470219395486,0.0129
1642463137210040,6uVk8ngFAMrGL24sXxW1EZ,103644195212255,kingvik,2026-08-23T12:59:28.784000+00:00,Rwanda,30.275587883838,-1.9261922439394,0.0135
1647587916699238,6uVk8ngFAMrGL24sXxW1EZ,103644195212255,kingvik,2026-08-23T12:57:40.177000+00:00,Rwanda,30.272597589091,-1.9391125909091,0.0077
1648425333581125,6uVk8ngFAMrGL24sXxW1EZ,103644195212255,kingvik,2026-08-23T13:00:40.512000+00:00,Rwanda,30.272680042727,-1.9168687390909,0.0136
1651310693029765,6uVk8ngFAMrGL24sXxW1EZ,103644195212255,kingvik,2026-08-23T12:59:22.084000+00:00,Rwanda,30.276033787475,-1.9270237343434,0.0126
1657803799245944,6uVk8ngFAMrGL24sXxW1EZ,103644195212255,kingvik,2026-08-23T12:56:46.814000+00:00,Rwanda,30.269603965925,-1.9453262715875,0.0134
1663569818663363,6uVk8ngFAMrGL24sXxW1EZ,103644195212255,kingvik,2026-08-23T12:56:48.409000+00:00,Rwanda,30.269734667846,-1.945153649545,0.0119
1664084111750599,6uVk8ngFAMrGL24sXxW1EZ,103644195212255,kingvik,2026-08-23T12:55:40.906000+00:00,Rwanda,30.26277031001,-1.9514923180569,0.0141
1694916854902789,6uVk8ngFAMrGL24sXxW1EZ,103644195212255,kingvik,2026-08-23T12:59:35.383000+00:00,Rwanda,30.275021390799,-1.9254247102123,0.0128
1697327298161310,6uVk8ngFAMrGL24sXxW1EZ,103644195212255,kingvik,2026-08-23T12:59:53.789000+00:00,Rwanda,30.274333050808,-1.9229658340404,0.012
1698125981257635,6uVk8ngFAMrGL24sXxW1EZ,103644195212255,kingvik,2026-08-23T12:59:58.794000+00:00,Rwanda,30.274200010303,-1.922356950303,0.0118
1703750267580325,6uVk8ngFAMrGL24sXxW1EZ,103644195212255,kingvik,2026-08-23T12:59:22.920000+00:00,Rwanda,30.276002218744,-1.9269100914622,0.0131
1707014577259815,6uVk8ngFAMrGL24sXxW1EZ,103644195212255,kingvik,2026-08-23T12:59:16.285000+00:00,Rwanda,30.276169005692,-1.9278247208047,0.0136
1724742435474696,6uVk8ngFAMrGL24sXxW1EZ,103644195212255,kingvik,2026-08-23T12:56:49.246000+00:00,Rwanda,30.269798353131,-1.9450621549495,0.0124
1725087488782081,6uVk8ngFAMrGL24sXxW1EZ,103644195212255,kingvik,2026-08-23T12:55:52.594000+00:00,Rwanda,30.264429717391,-1.9509965173913,0.0135
1726308068595741,6uVk8ngFAMrGL24sXxW1EZ,103644195212255,kingvik,2026-08-23T12:57:41.839000+00:00,Rwanda,30.272709219798,-1.9390353218182,0.0074
1733512337972654,6uVk8ngFAMrGL24sXxW1EZ,103644195212255,kingvik,2026-08-23T13:00:19.703000+00:00,Rwanda,30.27341643798,-1.9197733479798,0.0127
1734012747640947,6uVk8ngFAMrGL24sXxW1EZ,103644195212255,kingvik,2026-08-23T12:57:29.342000+00:00,Rwanda,30.27167097549,-1.9400366803922,0.0132
1735354481051775,6uVk8ngFAMrGL24sXxW1EZ,103644195212255,kingvik,2026-08-23T12:57:55.256000+00:00,Rwanda,30.273935080373,-1.9381978838077,0.0112
1736930760911703,6uVk8ngFAMrGL24sXxW1EZ,103644195212255,kingvik,2026-08-23T12:59:27.089000+00:00,Rwanda,30.2757341,-1.9263821636364,0.0128
1742637283445145,6uVk8ngFAMrGL24sXxW1EZ,103644195212255,kingvik,2026-08-23T12:56:10.999000+00:00,Rwanda,30.266162670658,-1.9488176192345,0.0149
1749079329691886,6uVk8ngFAMrGL24sXxW1EZ,103644195212255,kingvik,2026-08-23T12:57:25.127000+00:00,Rwanda,30.271479560909,-1.9405697134343,0.0119
1749904079616539,6uVk8ngFAMrGL24sXxW1EZ,103644195212255,kingvik,2026-08-23T12:56:55.919000+00:00,Rwanda,30.270219970909,-1.9442977372727,0.0118
1752292249438731,6uVk8ngFAMrGL24sXxW1EZ,103644195212255,kingvik,2026-08-23T12:58:06.960000+00:00,Rwanda,30.274937961373,-1.9370528835294,0.0119
1752846405863992,6uVk8ngFAMrGL24sXxW1EZ,103644195212255,kingvik,2026-08-23T12:55:58.488000+00:00,Rwanda,30.26508624899,-1.9504105868687,0.0148
1752912792693353,6uVk8ngFAMrGL24sXxW1EZ,103644195212255,kingvik,2026-08-23T12:56:00.106000+00:00,Rwanda,30.26523922303,-1.9502167818182,0.0138
1756266878711651,6uVk8ngFAMrGL24sXxW1EZ,103644195212255,kingvik,2026-08-23T12:56:36.727000+00:00,Rwanda,30.268587016869,-1.9462190454545,0.0122
1756589312328998,6uVk8ngFAMrGL24sXxW1EZ,103644195212255,kingvik,2026-08-23T12:58:05.283000+00:00,Rwanda,30.274790391515,-1.9372204515152,0.0121
1757501249181315,6uVk8ngFAMrGL24sXxW1EZ,103644195212255,kingvik,2026-08-23T13:00:43.863000+00:00,Rwanda,30.272594047321,-1.916367157634,0.0142
1759209222163398,6uVk8ngFAMrGL24sXxW1EZ,103644195212255,kingvik,2026-08-23T12:57:35.169000+00:00,Rwanda,30.272149843434,-1.9394200349495,0.0123
1762182808246880,6uVk8ngFAMrGL24sXxW1EZ,103644195212255,kingvik,2026-08-23T12:58:25.366000+00:00,Rwanda,30.276387189804,-1.935005624902,0.0137
1766710247983138,6uVk8ngFAMrGL24sXxW1EZ,103644195212255,kingvik,2026-08-23T12:58:20.360000+00:00,Rwanda,30.276102468891,-1.935643552895,0.0136
1767777897696535,6uVk8ngFAMrGL24sXxW1EZ,103644195212255,kingvik,2026-08-23T12:56:13.485000+00:00,Rwanda,30.2663426,-1.9484890866667,0.0144
1771463110868504,6uVk8ngFAMrGL24sXxW1EZ,103644195212255,kingvik,2026-08-23T12:57:15.922000+00:00,Rwanda,30.271198586667,-1.9417834336364,0.0132
1772227187141105,6uVk8ngFAMrGL24sXxW1EZ,103644195212255,kingvik,2026-08-23T13:00:18.847000+00:00,Rwanda,30.273450377723,-1.9198821157998,0.0124
1773284550380259,6uVk8ngFAMrGL24sXxW1EZ,103644195212255,kingvik,2026-08-23T12:57:33.477000+00:00,Rwanda,30.271983665455,-1.9395778527273,0.0127
1773508720623859,6uVk8ngFAMrGL24sXxW1EZ,103644195212255,kingvik,2026-08-23T12:57:32.637000+00:00,Rwanda,30.271907456566,-1.9396628656566,0.0119
1778584369807752,6uVk8ngFAMrGL24sXxW1EZ,103644195212255,kingvik,2026-08-23T12:59:48.798000+00:00,Rwanda,30.27447048549,-1.9235963637255,0.0129
1782304562765488,6uVk8ngFAMrGL24sXxW1EZ,103644195212255,kingvik,2026-08-23T12:57:19.266000+00:00,Rwanda,30.271306949192,-1.94134194,0.0127
1782555229565321,6uVk8ngFAMrGL24sXxW1EZ,103644195212255,kingvik,2026-08-23T12:58:06.160000+00:00,Rwanda,30.274867766768,-1.9371334968687,0.0129
1785210712504741,6uVk8ngFAMrGL24sXxW1EZ,103644195212255,kingvik,2026-08-23T13:00:38.857000+00:00,Rwanda,30.272722367879,-1.9171204359596,0.0146
1814699743217738,6uVk8ngFAMrGL24sXxW1EZ,103644195212255,kingvik,2026-08-23T12:59:15.420000+00:00,Rwanda,30.276192485859,-1.9279444719192,0.0133
1816074766239947,6uVk8ngFAMrGL24sXxW1EZ,103644195212255,kingvik,2026-08-23T12:59:00.367000+00:00,Rwanda,30.276470255556,-1.930058770303,0.0125
1819971338993617,6uVk8ngFAMrGL24sXxW1EZ,103644195212255,kingvik,2026-08-23T12:57:03.459000+00:00,Rwanda,30.27067168,-1.9434034555556,0.0125
1821224002244592,6uVk8ngFAMrGL24sXxW1EZ,103644195212255,kingvik,2026-08-23T13:00:17.200000+00:00,Rwanda,30.273518156465,-1.9200891594949,0.0125
1824830668685248,6uVk8ngFAMrGL24sXxW1EZ,103644195212255,kingvik,2026-08-23T12:59:21.276000+00:00,Rwanda,30.276059932727,-1.9271343381818,0.0134
1832615567733231,6uVk8ngFAMrGL24sXxW1EZ,103644195212255,kingvik,2026-08-23T12:57:48.539000+00:00,Rwanda,30.273296206869,-1.938692569899,0.0107
1833026421017508,6uVk8ngFAMrGL24sXxW1EZ,103644195212255,kingvik,2026-08-23T12:56:14.294000+00:00,Rwanda,30.266399915556,-1.9483836555556,0.0133
1839401877041451,6uVk8ngFAMrGL24sXxW1EZ,103644195212255,kingvik,2026-08-23T12:57:30.973000+00:00,Rwanda,30.271776602828,-1.9398439814141,0.0126
1857460745414952,6uVk8ngFAMrGL24sXxW1EZ,103644195212255,kingvik,2026-08-23T12:58:55.376000+00:00,Rwanda,30.276499515604,-1.9307726101079,0.0128
1869120424255551,6uVk8ngFAMrGL24sXxW1EZ,103644195212255,kingvik,2026-08-23T12:58:16.163000+00:00,Rwanda,30.27574271315,-1.9360999867517,0.0132
1869178080725069,6uVk8ngFAMrGL24sXxW1EZ,103644195212255,kingvik,2026-08-23T12:56:38.413000+00:00,Rwanda,30.268767252699,-1.9460847877331,0.0119
1870665367243949,6uVk8ngFAMrGL24sXxW1EZ,103644195212255,kingvik,2026-08-23T12:58:03.656000+00:00,Rwanda,30.274650672222,-1.9373807955556,0.0116
1876729303295430,6uVk8ngFAMrGL24sXxW1EZ,103644195212255,kingvik,2026-08-23T13:00:22.206000+00:00,Rwanda,30.273313088889,-1.9194544717172,0.0128
1902380307812377,6uVk8ngFAMrGL24sXxW1EZ,103644195212255,kingvik,2026-08-23T12:59:04.579000+00:00,Rwanda,30.276426870392,-1.9294636690196,0.0137
1951468635828784,6uVk8ngFAMrGL24sXxW1EZ,103644195212255,kingvik,2026-08-23T12:58:02.847000+00:00,Rwanda,30.274582237778,-1.9374598088889,0.0124
1957475358273796,6uVk8ngFAMrGL24sXxW1EZ,103644195212255,kingvik,2026-08-23T12:56:07.618000+00:00,Rwanda,30.265900941111,-1.9492687313131,0.0145
1967196897277375,6uVk8ngFAMrGL24sXxW1EZ,103644195212255,kingvik,2026-08-23T12:56:40.113000+00:00,Rwanda,30.268948008485,-1.9459477248485,0.0131
1974193579960562,6uVk8ngFAMrGL24sXxW1EZ,103644195212255,kingvik,2026-08-23T12:59:59.603000+00:00,Rwanda,30.274178446061,-1.9222591758586,0.0111
1979267759458335,6uVk8ngFAMrGL24sXxW1EZ,103644195212255,kingvik,2026-08-23T12:56:22.590000+00:00,Rwanda,30.267037762727,-1.9473857315152,0.0124
1993121288015461,6uVk8ngFAMrGL24sXxW1EZ,103644195212255,kingvik,2026-08-23T12:58:41.202000+00:00,Rwanda,30.276567490588,-1.9327627396078,0.0131
2006472320035449,6uVk8ngFAMrGL24sXxW1EZ,103644195212255,kingvik,2026-08-23T12:57:46.053000+00:00,Rwanda,30.273066124706,-1.9388347411765,0.01
2015885105740269,6uVk8ngFAMrGL24sXxW1EZ,103644195212255,kingvik,2026-08-23T12:55:32.569000+00:00,Rwanda,30.26146558899,-1.9515931705051,0.014
2023084771701602,6uVk8ngFAMrGL24sXxW1EZ,103644195212255,kingvik,2026-08-23T12:57:27.630000+00:00,Rwanda,30.271578716162,-1.9402496651515,0.0118
2032289397427451,6uVk8ngFAMrGL24sXxW1EZ,103644195212255,kingvik,2026-08-23T12:55:50.978000+00:00,Rwanda,30.264223722346,-1.9511214583418,0.0144
2033535907368133,6uVk8ngFAMrGL24sXxW1EZ,103644195212255,kingvik,2026-08-23T12:55:49.284000+00:00,Rwanda,30.263995547017,-1.9512310699697,0.0148
2036091620352600,6uVk8ngFAMrGL24sXxW1EZ,103644195212255,kingvik,2026-08-23T12:55:40.080000+00:00,Rwanda,30.262644049293,-1.9515079286869,0.0139
2040771680141558,6uVk8ngFAMrGL24sXxW1EZ,103644195212255,kingvik,2026-08-23T12:56:42.617000+00:00,Rwanda,30.269204554545,-1.9457311545455,0.0121
2054686958528949,6uVk8ngFAMrGL24sXxW1EZ,103644195212255,kingvik,2026-08-23T12:59:50.439000+00:00,Rwanda,30.274426933333,-1.9233839066667,0.0124
2077673099528566,6uVk8ngFAMrGL24sXxW1EZ,103644195212255,kingvik,2026-08-23T12:56:20.920000+00:00,Rwanda,30.26688312,-1.947561769697,0.0126
2087046535516402,6uVk8ngFAMrGL24sXxW1EZ,103644195212255,kingvik,2026-08-23T12:58:40.368000+00:00,Rwanda,30.276569295455,-1.93288039,0.0126
2091339871772654,6uVk8ngFAMrGL24sXxW1EZ,103644195212255,kingvik,2026-08-23T12:58:28.695000+00:00,Rwanda,30.276455207677,-1.9345401420202,0.0132
2096651564554058,6uVk8ngFAMrGL24sXxW1EZ,103644195212255,kingvik,2026-08-23T13:00:45.557000+00:00,Rwanda,30.272548687273,-1.9161192248485,0.0138
2103094637255329,6uVk8ngFAMrGL24sXxW1EZ,103644195212255,kingvik,2026-08-23T12:56:58.423000+00:00,Rwanda,30.27037149404,-1.9440054388889,0.0119
2104909947097893,6uVk8ngFAMrGL24sXxW1EZ,103644195212255,kingvik,2026-08-23T12:58:37.864000+00:00,Rwanda,30.276570464343,-1.9332369816162,0.0126
2111644822896447,6uVk8ngFAMrGL24sXxW1EZ,103644195212255,kingvik,2026-08-23T13:00:12.209000+00:00,Rwanda,30.273740697939,-1.9207057629048,0.0125
2124561211817714,6uVk8ngFAMrGL24sXxW1EZ,103644195212255,kingvik,2026-08-23T12:57:11.753000+00:00,Rwanda,30.27106029798,-1.9423409888889,0.0126
2124637614798545,6uVk8ngFAMrGL24sXxW1EZ,103644195212255,kingvik,2026-08-23T12:56:24.302000+00:00,Rwanda,30.267221509127,-1.9472257163886,0.014
2127819998139466,6uVk8ngFAMrGL24sXxW1EZ,103644195212255,kingvik,2026-08-23T12:56:10.121000+00:00,Rwanda,30.266097856061,-1.9489349287879,0.0143
2129715014611136,6uVk8ngFAMrGL24sXxW1EZ,103644195212255,kingvik,2026-08-23T12:57:04.332000+00:00,Rwanda,30.270722644455,-1.9432980281649,0.013
2132724494795235,6uVk8ngFAMrGL24sXxW1EZ,103644195212255,kingvik,2026-08-23T13:00:41.361000+00:00,Rwanda,30.27265903596,-1.9167405458586,0.0144
2133352040894435,6uVk8ngFAMrGL24sXxW1EZ,103644195212255,kingvik,2026-08-23T12:57:00.117000+00:00,Rwanda,30.270474518182,-1.9438048818182,0.0128
2139225650285652,6uVk8ngFAMrGL24sXxW1EZ,103644195212255,kingvik,2026-08-23T12:58:53.700000+00:00,Rwanda,30.276510087879,-1.9310131406061,0.0131
2140672479857191,6uVk8ngFAMrGL24sXxW1EZ,103644195212255,kingvik,2026-08-23T12:58:45.373000+00:00,Rwanda,30.276550785859,-1.9321840070707,0.0126
2143610213170560,6uVk8ngFAMrGL24sXxW1EZ,103644195212255,kingvik,2026-08-23T12:57:28.470000+00:00,Rwanda,30.271621036906,-1.9401444925177,0.0126
2164230874138197,6uVk8ngFAMrGL24sXxW1EZ,103644195212255,kingvik,2026-08-23T12:59:27.926000+00:00,Rwanda,30.275662928754,-1.9262875189401,0.0132
2178034409421164,6uVk8ngFAMrGL24sXxW1EZ,103644195212255,kingvik,2026-08-23T13:00:35.506000+00:00,Rwanda,30.272807353535,-1.9176279010101,0.0134
2179431542676003,6uVk8ngFAMrGL24sXxW1EZ,103644195212255,kingvik,2026-08-23T12:58:11.951000+00:00,Rwanda,30.275368848485,-1.9365350727273,0.012
2193660414907123,6uVk8ngFAMrGL24sXxW1EZ,103644195212255,kingvik,2026-08-23T12:58:51.197000+00:00,Rwanda,30.276524640748,-1.9313691811931,0.013
2203658520208272,6uVk8ngFAMrGL24sXxW1EZ,103644195212255,kingvik,2026-08-23T13:00:02.097000+00:00,Rwanda,30.274105685882,-1.9219569808824,0.0111
2238658233622625,6uVk8ngFAMrGL24sXxW1EZ,103644195212255,kingvik,2026-08-23T12:56:44.311000+00:00,Rwanda,30.269373375859,-1.9455762835354,0.013
2239829453224946,6uVk8ngFAMrGL24sXxW1EZ,103644195212255,kingvik,2026-08-23T12:57:25.966000+00:00,Rwanda,30.27150829697,-1.9404607375758,0.0125
2245366439641380,6uVk8ngFAMrGL24sXxW1EZ,103644195212255,kingvik,2026-08-23T12:59:36.229000+00:00,Rwanda,30.274963711515,-1.9253164921212,0.0136
2247463422771047,6uVk8ngFAMrGL24sXxW1EZ,103644195212255,kingvik,2026-08-23T12:56:32.603000+00:00,Rwanda,30.26813584186,-1.9465552116279,0.0133
2256327045150998,6uVk8ngFAMrGL24sXxW1EZ,103644195212255,kingvik,2026-08-23T13:00:47.211000+00:00,Rwanda,30.27250810637,-1.9158797162791,0.0129
2269230797255539,6uVk8ngFAMrGL24sXxW1EZ,103644195212255,kingvik,2026-08-23T12:59:26.281000+00:00,Rwanda,30.275799549899,-1.9264766511111,0.0136
2274230453332908,6uVk8ngFAMrGL24sXxW1EZ,103644195212255,kingvik,2026-08-23T12:56:28.406000+00:00,Rwanda,30.267680809091,-1.946887890101,0.012
2275448116546880,6uVk8ngFAMrGL24sXxW1EZ,103644195212255,kingvik,2026-08-23T12:55:41.774000+00:00,Rwanda,30.262902578384,-1.9514751052525,0.0148
2284276118997410,6uVk8ngFAMrGL24sXxW1EZ,103644195212255,kingvik,2026-08-23T13:00:39.716000+00:00,Rwanda,30.272700071541,-1.9169896317959,0.0148
2296185564455554,6uVk8ngFAMrGL24sXxW1EZ,103644195212255,kingvik,2026-08-23T12:57:15.059000+00:00,Rwanda,30.271171092836,-1.9418991574092,0.0128
2308116716591811,6uVk8ngFAMrGL24sXxW1EZ,103644195212255,kingvik,2026-08-23T12:59:55.435000+00:00,Rwanda,30.274287340432,-1.9227662705594,0.0116
2309059976510720,6uVk8ngFAMrGL24sXxW1EZ,103644195212255,kingvik,2026-08-23T12:56:52.624000+00:00,Rwanda,30.270025778312,-1.9446822658489,0.0127
2311391773006221,6uVk8ngFAMrGL24sXxW1EZ,103644195212255,kingvik,2026-08-23T12:56:34.243000+00:00,Rwanda,30.268316977036,-1.9464198922473,0.0127
2313434279478241,6uVk8ngFAMrGL24sXxW1EZ,103644195212255,kingvik,2026-08-23T12:55:46.780000+00:00,Rwanda,30.263641136364,-1.9513525409091,0.0146
2326440184791418,6uVk8ngFAMrGL24sXxW1EZ,103644195212255,kingvik,2026-08-23T12:59:24.587000+00:00,Rwanda,30.275918077879,-1.9266879412121,0.0129
2336331657172351,6uVk8ngFAMrGL24sXxW1EZ,103644195212255,kingvik,2026-08-23T12:56:21.799000+00:00,Rwanda,30.266961693523,-1.9474673294406,0.0137
2349165825617209,6uVk8ngFAMrGL24sXxW1EZ,103644195212255,kingvik,2026-08-23T12:58:54.576000+00:00,Rwanda,30.276504540909,-1.9308879219192,0.0139
2363484101056060,6uVk8ngFAMrGL24sXxW1EZ,103644195212255,kingvik,2026-08-23T12:58:11.158000+00:00,Rwanda,30.275297452208,-1.9366160445535,0.0131
2412707166199990,6uVk8ngFAMrGL24sXxW1EZ,103644195212255,kingvik,2026-08-23T12:56:11.791000+00:00,Rwanda,30.266219911717,-1.9487123171717,0.0133
2431895343885957,6uVk8ngFAMrGL24sXxW1EZ,103644195212255,kingvik,2026-08-23T13:00:06.304000+00:00,Rwanda,30.273967280404,-1.9214421619192,0.0116
2452906025218131,6uVk8ngFAMrGL24sXxW1EZ,103644195212255,kingvik,2026-08-23T12:56:43.447000+00:00,Rwanda,30.269288470265,-1.9456564670265,0.0125
2455168498307562,6uVk8ngFAMrGL24sXxW1EZ,103644195212255,kingvik,2026-08-23T12:58:17.857000+00:00,Rwanda,30.275892402941,-1.9359224205882,0.0132
2489661058187671,6uVk8ngFAMrGL24sXxW1EZ,103644195212255,kingvik,2026-08-23T12:57:37.673000+00:00,Rwanda,30.272399866667,-1.9392384018182,0.0106
2491803214620183,6uVk8ngFAMrGL24sXxW1EZ,103644195212255,kingvik,2026-08-23T12:56:25.093000+00:00,Rwanda,30.267312376869,-1.9471585438384,0.0126
2540616139775531,6uVk8ngFAMrGL24sXxW1EZ,103644195212255,kingvik,2026-08-23T12:55:30.897000+00:00,Rwanda,30.261200578788,-1.9515707076768,0.0148
2544446919312923,6uVk8ngFAMrGL24sXxW1EZ,103644195212255,kingvik,2026-08-23T12:57:18.426000+00:00,Rwanda,30.27127920091,-1.9414524100101,0.0119
2551568615311232,6uVk8ngFAMrGL24sXxW1EZ,103644195212255,kingvik,2026-08-23T12:56:35.107000+00:00,Rwanda,30.268412272727,-1.9463494127273,0.0132
2556128291567273,6uVk8ngFAMrGL24sXxW1EZ,103644195212255,kingvik,2026-08-23T12:57:13.436000+00:00,Rwanda,30.271117009421,-1.9421166774289,0.0123
2568463480248254,6uVk8ngFAMrGL24sXxW1EZ,103644195212255,kingvik,2026-08-23T12:59:11.288000+00:00,Rwanda,30.276289753333,-1.9285187727273,0.0138
2591948524600052,6uVk8ngFAMrGL24sXxW1EZ,103644195212255,kingvik,2026-08-23T12:57:00.954000+00:00,Rwanda,30.270524785945,-1.9437047292214,0.0125
2608672076251531,6uVk8ngFAMrGL24sXxW1EZ,103644195212255,kingvik,2026-08-23T12:56:09.288000+00:00,Rwanda,30.2660351,-1.9490468672727,0.0136
2615560518921720,6uVk8ngFAMrGL24sXxW1EZ,103644195212255,kingvik,2026-08-23T12:56:15.988000+00:00,Rwanda,30.266516521717,-1.9481621843434,0.0142
2670820126683999,6uVk8ngFAMrGL24sXxW1EZ,103644195212255,kingvik,2026-08-23T12:56:05.113000+00:00,Rwanda,30.265688993428,-1.9495957433771,0.014
2697764820641110,6uVk8ngFAMrGL24sXxW1EZ,103644195212255,kingvik,2026-08-23T12:58:35.361000+00:00,Rwanda,30.27655309798,-1.9335945116162,0.0126
2845971422425167,6uVk8ngFAMrGL24sXxW1EZ,103644195212255,kingvik,2026-08-23T12:58:12.792000+00:00,Rwanda,30.275444698889,-1.9364493880808,0.0127
2861128170917148,6uVk8ngFAMrGL24sXxW1EZ,103644195212255,kingvik,2026-08-23T12:56:30.909000+00:00,Rwanda,30.267948858586,-1.9466934707071,0.012
2872367533143201,6uVk8ngFAMrGL24sXxW1EZ,103644195212255,kingvik,2026-08-23T13:00:32.208000+00:00,Rwanda,30.272898382843,-1.9181168171569,0.0139
3114120208777666,6uVk8ngFAMrGL24sXxW1EZ,103644195212255,kingvik,2026-08-23T12:59:39.532000+00:00,Rwanda,30.274771784593,-1.9248751019627,0.0137
3129222460600094,6uVk8ngFAMrGL24sXxW1EZ,103644195212255,kingvik,2026-08-23T12:57:09.250000+00:00,Rwanda,30.270973034545,-1.9426747915152,0.0124
3187806804744601,6uVk8ngFAMrGL24sXxW1EZ,103644195212255,kingvik,2026-08-23T12:59:12.087000+00:00,Rwanda,30.276272216192,-1.928407460844,0.0125
3382326335283447,6uVk8ngFAMrGL24sXxW1EZ,103644195212255,kingvik,2026-08-23T12:56:40.943000+00:00,Rwanda,30.269033900098,-1.9458776512267,0.0123
3495326727301156,6uVk8ngFAMrGL24sXxW1EZ,103644195212255,kingvik,2026-08-23T12:58:33.701000+00:00,Rwanda,30.276536068182,-1.9338314790909,0.0134
3509024549253432,6uVk8ngFAMrGL24sXxW1EZ,103644195212255,kingvik,2026-08-23T13:00:44.722000+00:00,Rwanda,30.272570854118,-1.9162410859804,0.0143
3529932100495739,6uVk8ngFAMrGL24sXxW1EZ,103644195212255,kingvik,2026-08-23T12:55:57.602000+00:00,Rwanda,30.264999192121,-1.9505118985859,0.0135
3949901328637800,6uVk8ngFAMrGL24sXxW1EZ,103644195212255,kingvik,2026-08-23T12:56:16.797000+00:00,Rwanda,30.266572890303,-1.9480575557576,0.0132
4010882702553539,6uVk8ngFAMrGL24sXxW1EZ,103644195212255,kingvik,2026-08-23T12:55:39.271000+00:00,Rwanda,30.262520177576,-1.9515230727273,0.0149
4016008982040023,6uVk8ngFAMrGL24sXxW1EZ,103644195212255,kingvik,2026-08-23T12:57:47.678000+00:00,Rwanda,30.273214935132,-1.9387445472031,0.01
4026492684317865,6uVk8ngFAMrGL24sXxW1EZ,103644195212255,kingvik,2026-08-23T12:58:32.065000+00:00,Rwanda,30.276511737488,-1.9340647959764,0.0138
4119655308329714,6uVk8ngFAMrGL24sXxW1EZ,103644195212255,kingvik,2026-08-23T12:58:14.453000+00:00,Rwanda,30.275591931818,-1.9362788227273,0.0119
4153274384973383,6uVk8ngFAMrGL24sXxW1EZ,103644195212255,kingvik,2026-08-23T13:00:18.009000+00:00,Rwanda,30.273485095758,-1.9199876509091,0.0119
4322624701287658,6uVk8ngFAMrGL24sXxW1EZ,103644195212255,kingvik,2026-08-23T13:00:00.442000+00:00,Rwanda,30.274154762022,-1.9221578727184,0.0116
4330526797197200,6uVk8ngFAMrGL24sXxW1EZ,103644195212255,kingvik,2026-08-23T12:56:27.596000+00:00,Rwanda,30.267593079798,-1.9469506565657,0.0132
4394917374108813,6uVk8ngFAMrGL24sXxW1EZ,103644195212255,kingvik,2026-08-23T13:00:28.844000+00:00,Rwanda,30.273024428283,-1.9185786565657,0.0131
4452655825050738,6uVk8ngFAMrGL24sXxW1EZ,103644195212255,kingvik,2026-08-23T12:58:46.208000+00:00,Rwanda,30.276545945,-1.9320678885294,0.0129
4462586527293894,6uVk8ngFAMrGL24sXxW1EZ,103644195212255,kingvik,2026-08-23T13:00:07.997000+00:00,Rwanda,30.273904674747,-1.9212313888889,0.0124
4483415661916132,6uVk8ngFAMrGL24sXxW1EZ,103644195212255,kingvik,2026-08-23T12:55:54.285000+00:00,Rwanda,30.264636494995,-1.9508501762512,0.0134
4487710258165252,6uVk8ngFAMrGL24sXxW1EZ,103644195212255,kingvik,2026-08-23T12:58:38.708000+00:00,Rwanda,30.27657189697,-1.9331169717172,0.0133
4492867010983352,6uVk8ngFAMrGL24sXxW1EZ,103644195212255,kingvik,2026-08-23T13:00:42.219000+00:00,Rwanda,30.272637900196,-1.9166114026471,0.0146
4493430567653102,6uVk8ngFAMrGL24sXxW1EZ,103644195212255,kingvik,2026-08-23T13:00:14.711000+00:00,Rwanda,30.273627043824,-1.9203967082353,0.0126
4508049662848367,6uVk8ngFAMrGL24sXxW1EZ,103644195212255,kingvik,2026-08-23T12:57:07.627000+00:00,Rwanda,30.27090167697,-1.9428847993939,0.0122
4526637597575546,6uVk8ngFAMrGL24sXxW1EZ,103644195212255,kingvik,2026-08-23T12:59:08.785000+00:00,Rwanda,30.276340172121,-1.9288715654545,0.0138
4527730750829053,6uVk8ngFAMrGL24sXxW1EZ,103644195212255,kingvik,2026-08-23T13:00:31.348000+00:00,Rwanda,30.272928959151,-1.9182381699697,0.0131
4529084040695620,6uVk8ngFAMrGL24sXxW1EZ,103644195212255,kingvik,2026-08-23T12:55:45.893000+00:00,Rwanda,30.263512630707,-1.9513816474747,0.0134
4568743963358709,6uVk8ngFAMrGL24sXxW1EZ,103644195212255,kingvik,2026-08-23T12:57:26.838000+00:00,Rwanda,30.271542825613,-1.9403497795878,0.0129
4575658776085068,6uVk8ngFAMrGL24sXxW1EZ,103644195212255,kingvik,2026-08-23T12:55:51.782000+00:00,Rwanda,30.264327516471,-1.9510618094118,0.0133
4590153604643210,6uVk8ngFAMrGL24sXxW1EZ,103644195212255,kingvik,2026-08-23T12:58:37.071000+00:00,Rwanda,30.276566603529,-1.9333499717647,0.0138
4594182370805202,6uVk8ngFAMrGL24sXxW1EZ,103644195212255,kingvik,2026-08-23T12:58:01.154000+00:00,Rwanda,30.274439845455,-1.9376282454545,0.0128
4595750510648995,6uVk8ngFAMrGL24sXxW1EZ,103644195212255,kingvik,2026-08-23T12:58:50.371000+00:00,Rwanda,30.276527881471,-1.931485759902,0.0125
4625194934369130,6uVk8ngFAMrGL24sXxW1EZ,103644195212255,kingvik,2026-08-23T13:00:30.514000+00:00,Rwanda,30.272959997647,-1.9183518747059,0.0125
4696560150563857,6uVk8ngFAMrGL24sXxW1EZ,103644195212255,kingvik,2026-08-23T12:57:20.137000+00:00,Rwanda,30.271335458292,-1.9412268856722,0.0132
4895558150671215,6uVk8ngFAMrGL24sXxW1EZ,103644195212255,kingvik,2026-08-23T13:00:34.711000+00:00,Rwanda,30.272826561825,-1.9177468867517,0.0145
6003085876570087,6uVk8ngFAMrGL24sXxW1EZ,103644195212255,kingvik,2026-08-23T13:00:10.500000+00:00,Rwanda,30.273810368081,-1.9209186478788,0.0124
26608466878851826,6uVk8ngFAMrGL24sXxW1EZ,103644195212255,kingvik,2026-08-23T13:00:48.859000+00:00,Rwanda,30.272468197255,-1.9156435745098,0.0135
27391874073823619,6uVk8ngFAMrGL24sXxW1EZ,103644195212255,kingvik,2026-08-23T12:58:08.596000+00:00,Rwanda,30.275077664545,-1.9368833193939,0.0126
27827061096937052,6uVk8ngFAMrGL24sXxW1EZ,103644195212255,kingvik,2026-08-23T12:58:48.711000+00:00,Rwanda,30.276532914622,-1.9317182361138,0.013
27910546735304940,6uVk8ngFAMrGL24sXxW1EZ,103644195212255,kingvik,2026-08-23T12:55:35.899000+00:00,Rwanda,30.261994824216,-1.9515789187255,0.0146
27993756566960832,6uVk8ngFAMrGL24sXxW1EZ,103644195212255,kingvik,2026-08-23T12:59:51.301000+00:00,Rwanda,30.274403952404,-1.9232744022571,0.0124
28272834015644980,6uVk8ngFAMrGL24sXxW1EZ,103644195212255,kingvik,2026-08-23T12:56:35.910000+00:00,Rwanda,30.268499276251,-1.946284552208,0.0121
28278994015065349,6uVk8ngFAMrGL24sXxW1EZ,103644195212255,kingvik,2026-08-23T12:57:39.336000+00:00,Rwanda,30.272539895753,-1.9391501685541,0.0082
28316877554609737,6uVk8ngFAMrGL24sXxW1EZ,103644195212255,kingvik,2026-08-23T12:58:44.564000+00:00,Rwanda,30.276555137475,-1.9322968127273,0.0133
28440785758943800,6uVk8ngFAMrGL24sXxW1EZ,103644195212255,kingvik,2026-08-23T12:56:12.618000+00:00,Rwanda,30.266280334347,-1.948602868106,0.0139
28488009370792430,6uVk8ngFAMrGL24sXxW1EZ,103644195212255,kingvik,2026-08-23T13:00:33.002000+00:00,Rwanda,30.272872822828,-1.9180008319192,0.0132
28521484894122323,6uVk8ngFAMrGL24sXxW1EZ,103644195212255,kingvik,2026-08-23T12:55:37.576000+00:00,Rwanda,30.2622581,-1.9515548111111,0.0141
28731245416460986,6uVk8ngFAMrGL24sXxW1EZ,103644195212255,kingvik,2026-08-23T12:59:43.729000+00:00,Rwanda,30.274608053582,-1.924284001472,0.0135
28807713018849225,6uVk8ngFAMrGL24sXxW1EZ,103644195212255,kingvik,2026-08-23T12:59:33.726000+00:00,Rwanda,30.275148218182,-1.9256290272727,0.0137
29165578993041972,6uVk8ngFAMrGL24sXxW1EZ,103644195212255,kingvik,2026-08-23T13:00:43.014000+00:00,Rwanda,30.272617172727,-1.9164928606061,0.0134
37914442264869484,6uVk8ngFAMrGL24sXxW1EZ,103644195212255,kingvik,2026-08-23T13:00:46.416000+00:00,Rwanda,30.272527055882,-1.9159943602941,0.0141
37984885651156223,6uVk8ngFAMrGL24sXxW1EZ,103644195212255,kingvik,2026-08-23T12:59:42.036000+00:00,Rwanda,30.274663902941,-1.924523687451,0.0137
817593678081463,6uVk8ngFAMrGL24sXxW1EZ,103644195212255,kingvik,2026-08-23T13:01:48.940000+00:00,Rwanda,30.269803299608,-1.9075564709804,0.0115
840262295749368,6uVk8ngFAMrGL24sXxW1EZ,103644195212255,kingvik,2026-08-23T13:05:15.915000+00:00,Rwanda,30.287978799394,-1.893166929697,0.01
869602419424080,6uVk8ngFAMrGL24sXxW1EZ,103644195212255,kingvik,2026-08-23T13:03:55.744000+00:00,Rwanda,30.277778713131,-1.8944620141414,0.0106
895265306695688,6uVk8ngFAMrGL24sXxW1EZ,103644195212255,kingvik,2026-08-23T13:03:44.089000+00:00,Rwanda,30.276597542121,-1.8952555375758,0.0137
898399746684795,6uVk8ngFAMrGL24sXxW1EZ,103644195212255,kingvik,2026-08-23T13:01:53.989000+00:00,Rwanda,30.269889183333,-1.9069193962745,0.0118
904690928997114,6uVk8ngFAMrGL24sXxW1EZ,103644195212255,kingvik,2026-08-23T13:04:54.222000+00:00,Rwanda,30.285231568687,-1.8933986612121,0.0131
908383305677227,6uVk8ngFAMrGL24sXxW1EZ,103644195212255,kingvik,2026-08-23T13:04:19.005000+00:00,Rwanda,30.280224145253,-1.8933349116162,0.0129
911722181552370,6uVk8ngFAMrGL24sXxW1EZ,103644195212255,kingvik,2026-08-23T13:02:37.357000+00:00,Rwanda,30.270625147059,-1.9011800482353,0.0118
919786214049239,6uVk8ngFAMrGL24sXxW1EZ,103644195212255,kingvik,2026-08-23T13:00:53.067000+00:00,Rwanda,30.272323345455,-1.9150536772727,0.0136
922141857634652,6uVk8ngFAMrGL24sXxW1EZ,103644195212255,kingvik,2026-08-23T13:04:33.302000+00:00,Rwanda,30.282169389608,-1.8936690860784,0.0129
922323924254850,6uVk8ngFAMrGL24sXxW1EZ,103644195212255,kingvik,2026-08-23T13:02:43.158000+00:00,Rwanda,30.271022770981,-1.9005216200202,0.0119
928937649678483,6uVk8ngFAMrGL24sXxW1EZ,103644195212255,kingvik,2026-08-23T13:01:01.419000+00:00,Rwanda,30.271896376364,-1.913929510202,0.0139
934839389669865,6uVk8ngFAMrGL24sXxW1EZ,103644195212255,kingvik,2026-08-23T13:01:58.981000+00:00,Rwanda,30.269981139939,-1.9063087779575,0.0113
937735876026233,6uVk8ngFAMrGL24sXxW1EZ,103644195212255,kingvik,2026-08-23T13:05:21.784000+00:00,Rwanda,30.288706358182,-1.8931360654545,0.012
943216044761549,6uVk8ngFAMrGL24sXxW1EZ,103644195212255,kingvik,2026-08-23T13:04:44.211000+00:00,Rwanda,30.283774048485,-1.8936531818182,0.0144
944184307982159,6uVk8ngFAMrGL24sXxW1EZ,103644195212255,kingvik,2026-08-23T13:04:25.756000+00:00,Rwanda,30.281146446364,-1.8933207359596,0.0132
946496501811702,6uVk8ngFAMrGL24sXxW1EZ,103644195212255,kingvik,2026-08-23T13:00:58.916000+00:00,Rwanda,30.272031308182,-1.9142686463636,0.0137
951873601267549,6uVk8ngFAMrGL24sXxW1EZ,103644195212255,kingvik,2026-08-23T13:04:55.071000+00:00,Rwanda,30.28535332316,-1.8933781219823,0.0137
956052670839381,6uVk8ngFAMrGL24sXxW1EZ,103644195212255,kingvik,2026-08-23T13:01:13.876000+00:00,Rwanda,30.27118374596,-1.9122221515152,0.0141
957914034008031,6uVk8ngFAMrGL24sXxW1EZ,103644195212255,kingvik,2026-08-23T13:04:52.568000+00:00,Rwanda,30.28499409098,-1.8934381556863,0.0138
960902753685002,6uVk8ngFAMrGL24sXxW1EZ,103644195212255,kingvik,2026-08-23T13:05:31.783000+00:00,Rwanda,30.289968211187,-1.8929192621197,0.0127
973122059188936,6uVk8ngFAMrGL24sXxW1EZ,103644195212255,kingvik,2026-08-23T13:02:00.646000+00:00,Rwanda,30.27000928951,-1.9061099401961,0.0107
975287572247524,6uVk8ngFAMrGL24sXxW1EZ,103644195212255,kingvik,2026-08-23T13:03:38.186000+00:00,Rwanda,30.276047700196,-1.8959036194118,0.0126
993618890361689,6uVk8ngFAMrGL24sXxW1EZ,103644195212255,kingvik,2026-08-23T13:05:18.418000+00:00,Rwanda,30.288282814545,-1.8931657845455,0.0111
996231990112250,6uVk8ngFAMrGL24sXxW1EZ,103644195212255,kingvik,2026-08-23T13:02:08.994000+00:00,Rwanda,30.270151706061,-1.9050946090909,0.0121
1005441615815959,6uVk8ngFAMrGL24sXxW1EZ,103644195212255,kingvik,2026-08-23T13:01:22.227000+00:00,Rwanda,30.270486022222,-1.9111422911111,0.0138
1008687428888026,6uVk8ngFAMrGL24sXxW1EZ,103644195212255,kingvik,2026-08-23T13:02:20.656000+00:00,Rwanda,30.270328737778,-1.9035118565657,0.0127
1009398272136563,6uVk8ngFAMrGL24sXxW1EZ,103644195212255,kingvik,2026-08-23T13:03:15.672000+00:00,Rwanda,30.274134993333,-1.8977248533333,0.0101
1019205087783588,6uVk8ngFAMrGL24sXxW1EZ,103644195212255,kingvik,2026-08-23T13:03:50.737000+00:00,Rwanda,30.277251230101,-1.8947218393939,0.0112
1020983054262759,6uVk8ngFAMrGL24sXxW1EZ,103644195212255,kingvik,2026-08-23T13:01:43.945000+00:00,Rwanda,30.269710223333,-1.90820878,0.0121
1027169966820329,6uVk8ngFAMrGL24sXxW1EZ,103644195212255,kingvik,2026-08-23T13:01:42.283000+00:00,Rwanda,30.269680437647,-1.9084302486275,0.0126
1027230476815471,6uVk8ngFAMrGL24sXxW1EZ,103644195212255,kingvik,2026-08-23T13:01:25.629000+00:00,Rwanda,30.270190601176,-1.9107044931373,0.0147
1028989653293023,6uVk8ngFAMrGL24sXxW1EZ,103644195212255,kingvik,2026-08-23T13:05:52.638000+00:00,Rwanda,30.292639355882,-1.8921425332353,0.0118
1031903289842648,6uVk8ngFAMrGL24sXxW1EZ,103644195212255,kingvik,2026-08-23T13:03:09.816000+00:00,Rwanda,30.273547784216,-1.898153462549,0.0129
1033048862855763,6uVk8ngFAMrGL24sXxW1EZ,103644195212255,kingvik,2026-08-23T13:02:57.212000+00:00,Rwanda,30.272213055051,-1.8991389227273,0.0117
1034120589414004,6uVk8ngFAMrGL24sXxW1EZ,103644195212255,kingvik,2026-08-23T13:02:18.152000+00:00,Rwanda,30.270299086061,-1.9038690290909,0.0126
1039603435738509,6uVk8ngFAMrGL24sXxW1EZ,103644195212255,kingvik,2026-08-23T13:05:56.848000+00:00,Rwanda,30.293169674242,-1.8919511681818,0.0128
1040031565408242,6uVk8ngFAMrGL24sXxW1EZ,103644195212255,kingvik,2026-08-23T13:04:16.454000+00:00,Rwanda,30.279902646465,-1.8934486585859,0.0125
1040414948753141,6uVk8ngFAMrGL24sXxW1EZ,103644195212255,kingvik,2026-08-23T13:05:40.136000+00:00,Rwanda,30.291099883232,-1.8927094313131,0.0133
1040531798615548,6uVk8ngFAMrGL24sXxW1EZ,103644195212255,kingvik,2026-08-23T13:02:40.655000+00:00,Rwanda,30.27083487,-1.9007991990909,0.0117
1043419814994208,6uVk8ngFAMrGL24sXxW1EZ,103644195212255,kingvik,2026-08-23T13:05:57.643000+00:00,Rwanda,30.293272398824,-1.8919193760784,0.012
1043723468297813,6uVk8ngFAMrGL24sXxW1EZ,103644195212255,kingvik,2026-08-23T13:02:50.612000+00:00,Rwanda,30.271612605051,-1.8997244661616,0.0122
1046260301565966,6uVk8ngFAMrGL24sXxW1EZ,103644195212255,kingvik,2026-08-23T13:03:45.782000+00:00,Rwanda,30.276759780303,-1.8950836232323,0.013
1047320404788833,6uVk8ngFAMrGL24sXxW1EZ,103644195212255,kingvik,2026-08-23T13:02:22.350000+00:00,Rwanda,30.270345294747,-1.9032668967677,0.0138
1048440634647923,6uVk8ngFAMrGL24sXxW1EZ,103644195212255,kingvik,2026-08-23T13:04:29.105000+00:00,Rwanda,30.281599086863,-1.8934653121569,0.0134
1048552201110214,6uVk8ngFAMrGL24sXxW1EZ,103644195212255,kingvik,2026-08-23T13:03:08.972000+00:00,Rwanda,30.273454626667,-1.8982225933333,0.0123
1048580314452706,6uVk8ngFAMrGL24sXxW1EZ,103644195212255,kingvik,2026-08-23T13:01:36.436000+00:00,Rwanda,30.269613135556,-1.9092329511111,0.0128
1049804197849434,6uVk8ngFAMrGL24sXxW1EZ,103644195212255,kingvik,2026-08-23T13:05:01.718000+00:00,Rwanda,30.286272340686,-1.8932176553922,0.0119
1050098037625177,6uVk8ngFAMrGL24sXxW1EZ,103644195212255,kingvik,2026-08-23T13:03:24.078000+00:00,Rwanda,30.274833996078,-1.8971919831373,0.0094
1051164234582237,6uVk8ngFAMrGL24sXxW1EZ,103644195212255,kingvik,2026-08-23T13:04:59.215000+00:00,Rwanda,30.285936599804,-1.893275896369,0.0124
1051733671184319,6uVk8ngFAMrGL24sXxW1EZ,103644195212255,kingvik,2026-08-23T13:04:47.510000+00:00,Rwanda,30.284260319136,-1.8935545584887,0.0133
1053325667488164,6uVk8ngFAMrGL24sXxW1EZ,103644195212255,kingvik,2026-08-23T13:05:00.922000+00:00,Rwanda,30.286166722626,-1.8932347610101,0.013
1053869657051774,6uVk8ngFAMrGL24sXxW1EZ,103644195212255,kingvik,2026-08-23T13:05:05.071000+00:00,Rwanda,30.286705778788,-1.8931621494949,0.0121
1054224530825766,6uVk8ngFAMrGL24sXxW1EZ,103644195212255,kingvik,2026-08-23T13:04:56.713000+00:00,Rwanda,30.285587618824,-1.8933392235294,0.0128
1055497227218987,6uVk8ngFAMrGL24sXxW1EZ,103644195212255,kingvik,2026-08-23T13:03:33.180000+00:00,Rwanda,30.275580122353,-1.8964171362745,0.0127
1060268903045474,6uVk8ngFAMrGL24sXxW1EZ,103644195212255,kingvik,2026-08-23T13:05:16.778000+00:00,Rwanda,30.288080237677,-1.8931678129293,0.0113
1060447349725548,6uVk8ngFAMrGL24sXxW1EZ,103644195212255,kingvik,2026-08-23T13:02:15.650000+00:00,Rwanda,30.270263618182,-1.9042198787879,0.0122
1060668552997268,6uVk8ngFAMrGL24sXxW1EZ,103644195212255,kingvik,2026-08-23T13:00:59.725000+00:00,Rwanda,30.271988193933,-1.9141594193124,0.0131
1061501859797651,6uVk8ngFAMrGL24sXxW1EZ,103644195212255,kingvik,2026-08-23T13:03:23.228000+00:00,Rwanda,30.274770139333,-1.8972472763397,0.0094
1062594332843228,6uVk8ngFAMrGL24sXxW1EZ,103644195212255,kingvik,2026-08-23T13:02:59.769000+00:00,Rwanda,30.272464286364,-1.8989444163636,0.0118
1063127449642883,6uVk8ngFAMrGL24sXxW1EZ,103644195212255,kingvik,2026-08-23T13:05:35.926000+00:00,Rwanda,30.290521266176,-1.8928176480392,0.0121
1063752466141420,6uVk8ngFAMrGL24sXxW1EZ,103644195212255,kingvik,2026-08-23T13:04:36.702000+00:00,Rwanda,30.282658423131,-1.8937678908081,0.0138
1063758843034788,6uVk8ngFAMrGL24sXxW1EZ,103644195212255,kingvik,2026-08-23T13:03:24.874000+00:00,Rwanda,30.274892618182,-1.8971392772727,0.0088
1064418712730574,6uVk8ngFAMrGL24sXxW1EZ,103644195212255,kingvik,2026-08-23T13:03:19.881000+00:00,Rwanda,30.274505329441,-1.8974579996075,0.0099
1065545979211693,6uVk8ngFAMrGL24sXxW1EZ,103644195212255,kingvik,2026-08-23T13:04:42.504000+00:00,Rwanda,30.283519480275,-1.8936972395486,0.0134
1066177352669076,6uVk8ngFAMrGL24sXxW1EZ,103644195212255,kingvik,2026-08-23T13:04:05.694000+00:00,Rwanda,30.278705575294,-1.8940140858824,0.0098
1067596882799220,6uVk8ngFAMrGL24sXxW1EZ,103644195212255,kingvik,2026-08-23T13:00:57.223000+00:00,Rwanda,30.272121825859,-1.9144941456566,0.0128
1067846715609122,6uVk8ngFAMrGL24sXxW1EZ,103644195212255,kingvik,2026-08-23T13:03:36.528000+00:00,Rwanda,30.275894648485,-1.8960812454545,0.0131
1068264742802116,6uVk8ngFAMrGL24sXxW1EZ,103644195212255,kingvik,2026-08-23T13:05:51.842000+00:00,Rwanda,30.292541346465,-1.8921825711111,0.0125
1069543262123146,6uVk8ngFAMrGL24sXxW1EZ,103644195212255,kingvik,2026-08-23T13:04:31.659000+00:00,Rwanda,30.281942790383,-1.8935928010795,0.0136
1070213295592142,6uVk8ngFAMrGL24sXxW1EZ,103644195212255,kingvik,2026-08-23T13:01:33.138000+00:00,Rwanda,30.269682746765,-1.9096972067647,0.0138
1072319505282496,6uVk8ngFAMrGL24sXxW1EZ,103644195212255,kingvik,2026-08-23T13:04:28.259000+00:00,Rwanda,30.281485817879,-1.8934237309091,0.0136
1073264705318380,6uVk8ngFAMrGL24sXxW1EZ,103644195212255,kingvik,2026-08-23T13:00:51.422000+00:00,Rwanda,30.272390151325,-1.9152815568204,0.0138
1075793521621350,6uVk8ngFAMrGL24sXxW1EZ,103644195212255,kingvik,2026-08-23T13:02:32.362000+00:00,Rwanda,30.270444948384,-1.9018263832323,0.0125
1076549284921417,6uVk8ngFAMrGL24sXxW1EZ,103644195212255,kingvik,2026-08-23T13:03:11.523000+00:00,Rwanda,30.273731752525,-1.8980182212121,0.0126
1076999744829644,6uVk8ngFAMrGL24sXxW1EZ,103644195212255,kingvik,2026-08-23T13:01:57.345000+00:00,Rwanda,30.269952509293,-1.9065062214141,0.0117
1077244894647405,6uVk8ngFAMrGL24sXxW1EZ,103644195212255,kingvik,2026-08-23T13:02:05.651000+00:00,Rwanda,30.270089252941,-1.9055084852941,0.0109
1080886757959479,6uVk8ngFAMrGL24sXxW1EZ,103644195212255,kingvik,2026-08-23T13:02:02.351000+00:00,Rwanda,30.270038431818,-1.9059076818182,0.0116
1085568103907130,6uVk8ngFAMrGL24sXxW1EZ,103644195212255,kingvik,2026-08-23T13:04:45.855000+00:00,Rwanda,30.28401673899,-1.8936078048485,0.0142
1086465590404854,6uVk8ngFAMrGL24sXxW1EZ,103644195212255,kingvik,2026-08-23T13:03:04.775000+00:00,Rwanda,30.272986786667,-1.898566539596,0.0119
1088351500444952,6uVk8ngFAMrGL24sXxW1EZ,103644195212255,kingvik,2026-08-23T13:01:05.556000+00:00,Rwanda,30.271671908788,-1.9133630757576,0.0137
1089388617094411,6uVk8ngFAMrGL24sXxW1EZ,103644195212255,kingvik,2026-08-23T13:05:03.425000+00:00,Rwanda,30.286495204449,-1.8931868728008,0.0125
1090422510107316,6uVk8ngFAMrGL24sXxW1EZ,103644195212255,kingvik,2026-08-23T13:05:04.221000+00:00,Rwanda,30.286597658529,-1.893174247451,0.0115
1090610233537307,6uVk8ngFAMrGL24sXxW1EZ,103644195212255,kingvik,2026-08-23T13:02:53.913000+00:00,Rwanda,30.271902168627,-1.8994163068627,0.012
1091342886788315,6uVk8ngFAMrGL24sXxW1EZ,103644195212255,kingvik,2026-08-23T13:00:53.925000+00:00,Rwanda,30.272285332157,-1.9149364898039,0.0137
1093055196620754,6uVk8ngFAMrGL24sXxW1EZ,103644195212255,kingvik,2026-08-23T13:05:50.135000+00:00,Rwanda,30.29233393209,-1.8922660675172,0.0114
1093197959807789,6uVk8ngFAMrGL24sXxW1EZ,103644195212255,kingvik,2026-08-23T13:02:26.505000+00:00,Rwanda,30.270380123529,-1.9026601411765,0.0137
1098372039317194,6uVk8ngFAMrGL24sXxW1EZ,103644195212255,kingvik,2026-08-23T13:05:20.921000+00:00,Rwanda,30.288598545253,-1.893147039798,0.0112
1098434695859286,6uVk8ngFAMrGL24sXxW1EZ,103644195212255,kingvik,2026-08-23T13:03:47.389000+00:00,Rwanda,30.276916794406,-1.8949466093229,0.0113
1099196872622992,6uVk8ngFAMrGL24sXxW1EZ,103644195212255,kingvik,2026-08-23T13:03:56.592000+00:00,Rwanda,30.277858648824,-1.8944235561765,0.0099
1100323715844226,6uVk8ngFAMrGL24sXxW1EZ,103644195212255,kingvik,2026-08-23T13:04:51.720000+00:00,Rwanda,30.28487183596,-1.8934574746465,0.0131
1105045142053093,6uVk8ngFAMrGL24sXxW1EZ,103644195212255,kingvik,2026-08-23T13:02:27.356000+00:00,Rwanda,30.27038846724,-1.9025360520728,0.0138
1109276801627986,6uVk8ngFAMrGL24sXxW1EZ,103644195212255,kingvik,2026-08-23T13:06:01+00:00,Rwanda,30.293711740808,-1.8917962247475,0.013
1110261661754453,6uVk8ngFAMrGL24sXxW1EZ,103644195212255,kingvik,2026-08-23T13:06:02.639000+00:00,Rwanda,30.293926613852,-1.8917434289181,0.012
1113016854735057,6uVk8ngFAMrGL24sXxW1EZ,103644195212255,kingvik,2026-08-23T13:01:38.939000+00:00,Rwanda,30.269623890404,-1.9088824474747,0.0124
1115435824147596,6uVk8ngFAMrGL24sXxW1EZ,103644195212255,kingvik,2026-08-23T13:01:54.841000+00:00,Rwanda,30.269905566869,-1.9068131286869,0.012
1121976890156246,6uVk8ngFAMrGL24sXxW1EZ,103644195212255,kingvik,2026-08-23T13:02:56.371000+00:00,Rwanda,30.272132242941,-1.8992062870588,0.0112
1219092170392108,6uVk8ngFAMrGL24sXxW1EZ,103644195212255,kingvik,2026-08-23T13:03:29.828000+00:00,Rwanda,30.275277878586,-1.8967342527273,0.0109
1240608121533286,6uVk8ngFAMrGL24sXxW1EZ,103644195212255,kingvik,2026-08-23T13:04:04.037000+00:00,Rwanda,30.278544737778,-1.8940942383838,0.0096
1251792770373284,6uVk8ngFAMrGL24sXxW1EZ,103644195212255,kingvik,2026-08-23T13:04:41.707000+00:00,Rwanda,30.283400426667,-1.8937181755556,0.0142
1254759126733942,6uVk8ngFAMrGL24sXxW1EZ,103644195212255,kingvik,2026-08-23T13:05:25.927000+00:00,Rwanda,30.289216849495,-1.8930586313131,0.0112
1271557298334837,6uVk8ngFAMrGL24sXxW1EZ,103644195212255,kingvik,2026-08-23T13:06:01.840000+00:00,Rwanda,30.293821652941,-1.891768594902,0.0126
1272010585996611,6uVk8ngFAMrGL24sXxW1EZ,103644195212255,kingvik,2026-08-23T13:04:04.897000+00:00,Rwanda,30.278626793434,-1.8940536293939,0.0102
1285390830226873,6uVk8ngFAMrGL24sXxW1EZ,103644195212255,kingvik,2026-08-23T13:04:01.547000+00:00,Rwanda,30.278316635294,-1.894203727451,0.0098
1292672302811013,6uVk8ngFAMrGL24sXxW1EZ,103644195212255,kingvik,2026-08-23T13:02:23.158000+00:00,Rwanda,30.270352956566,-1.9031486191919,0.0132
1312621470744884,6uVk8ngFAMrGL24sXxW1EZ,103644195212255,kingvik,2026-08-23T13:05:32.627000+00:00,Rwanda,30.290079719192,-1.8928976929293,0.0126
1313469517319350,6uVk8ngFAMrGL24sXxW1EZ,103644195212255,kingvik,2026-08-23T13:00:50.563000+00:00,Rwanda,30.27241975101,-1.915402180101,0.0274
1331249858807713,6uVk8ngFAMrGL24sXxW1EZ,103644195212255,kingvik,2026-08-23T13:01:30.635000+00:00,Rwanda,30.269803570952,-1.9100460109912,0.0144
1339243129265153,6uVk8ngFAMrGL24sXxW1EZ,103644195212255,kingvik,2026-08-23T13:01:34.774000+00:00,Rwanda,30.269635551423,-1.9094688479882,0.0133
1346698913869842,6uVk8ngFAMrGL24sXxW1EZ,103644195212255,kingvik,2026-08-23T13:03:32.331000+00:00,Rwanda,30.275501403232,-1.8964993292929,0.0126
1353067879947128,6uVk8ngFAMrGL24sXxW1EZ,103644195212255,kingvik,2026-08-23T13:03:58.247000+00:00,Rwanda,30.278008734747,-1.8943531783838,0.0095
1357770536044756,6uVk8ngFAMrGL24sXxW1EZ,103644195212255,kingvik,2026-08-23T13:01:24.772000+00:00,Rwanda,30.270264167273,-1.9108146839394,0.0144
1358861953072214,6uVk8ngFAMrGL24sXxW1EZ,103644195212255,kingvik,2026-08-23T13:02:21.499000+00:00,Rwanda,30.270336863824,-1.9033904202941,0.0135
1361700779506702,6uVk8ngFAMrGL24sXxW1EZ,103644195212255,kingvik,2026-08-23T13:01:16.380000+00:00,Rwanda,30.270989172929,-1.9118991822222,0.0144
1365862849091059,6uVk8ngFAMrGL24sXxW1EZ,103644195212255,kingvik,2026-08-23T13:03:35.683000+00:00,Rwanda,30.275815560942,-1.8961684538763,0.0131
1366503745668672,6uVk8ngFAMrGL24sXxW1EZ,103644195212255,kingvik,2026-08-23T13:04:17.299000+00:00,Rwanda,30.280005947353,-1.8934060128431,0.0124
1370807717968019,6uVk8ngFAMrGL24sXxW1EZ,103644195212255,kingvik,2026-08-23T13:01:02.228000+00:00,Rwanda,30.271852902424,-1.9138192727273,0.0132
1370956091279379,6uVk8ngFAMrGL24sXxW1EZ,103644195212255,kingvik,2026-08-23T13:02:53.069000+00:00,Rwanda,30.271825742727,-1.8994921790909,0.0115
1374410044867556,6uVk8ngFAMrGL24sXxW1EZ,103644195212255,kingvik,2026-08-23T13:02:24.852000+00:00,Rwanda,30.270366954545,-1.9029012690909,0.0138
1375814618042151,6uVk8ngFAMrGL24sXxW1EZ,103644195212255,kingvik,2026-08-23T13:04:55.916000+00:00,Rwanda,30.285473981111,-1.8933580211111,0.0136
1377096971217442,6uVk8ngFAMrGL24sXxW1EZ,103644195212255,kingvik,2026-08-23T13:03:42.384000+00:00,Rwanda,30.276437712856,-1.8954406840039,0.0137
1377971231113567,6uVk8ngFAMrGL24sXxW1EZ,103644195212255,kingvik,2026-08-23T13:01:46.448000+00:00,Rwanda,30.269757756364,-1.9078792,0.0119
1378263941125888,6uVk8ngFAMrGL24sXxW1EZ,103644195212255,kingvik,2026-08-23T13:05:07.622000+00:00,Rwanda,30.287021764848,-1.8931451294949,0.0117
1380551136861444,6uVk8ngFAMrGL24sXxW1EZ,103644195212255,kingvik,2026-08-23T13:02:54.763000+00:00,Rwanda,30.271980538889,-1.8993412844444,0.0121
1380745613498618,6uVk8ngFAMrGL24sXxW1EZ,103644195212255,kingvik,2026-08-23T13:03:25.731000+00:00,Rwanda,30.274956062222,-1.8970804610101,0.0096
1381427710825716,6uVk8ngFAMrGL24sXxW1EZ,103644195212255,kingvik,2026-08-23T13:02:44.013000+00:00,Rwanda,30.271087505455,-1.9004259630303,0.0128
1381974156717182,6uVk8ngFAMrGL24sXxW1EZ,103644195212255,kingvik,2026-08-23T13:00:56.414000+00:00,Rwanda,30.272164272727,-1.9146014848485,0.0136
1382593847171090,6uVk8ngFAMrGL24sXxW1EZ,103644195212255,kingvik,2026-08-23T13:02:24.001000+00:00,Rwanda,30.270360100981,-1.9030253883219,0.0137
1384216776475192,6uVk8ngFAMrGL24sXxW1EZ,103644195212255,kingvik,2026-08-23T13:01:35.627000+00:00,Rwanda,30.269621506667,-1.9093479566667,0.0135
1384286043369096,6uVk8ngFAMrGL24sXxW1EZ,103644195212255,kingvik,2026-08-23T13:04:37.511000+00:00,Rwanda,30.282777339394,-1.8937748060606,0.0132
1386616886377407,6uVk8ngFAMrGL24sXxW1EZ,103644195212255,kingvik,2026-08-23T13:04:12.294000+00:00,Rwanda,30.279420067059,-1.8936768,0.0117
1392000099739908,6uVk8ngFAMrGL24sXxW1EZ,103644195212255,kingvik,2026-08-23T13:03:54.088000+00:00,Rwanda,30.277607947549,-1.894543414902,0.0113
1392003712261388,6uVk8ngFAMrGL24sXxW1EZ,103644195212255,kingvik,2026-08-23T13:05:35.130000+00:00,Rwanda,30.290413788675,-1.8928366064712,0.0128
1393299482194492,6uVk8ngFAMrGL24sXxW1EZ,103644195212255,kingvik,2026-08-23T13:02:11.498000+00:00,Rwanda,30.270196431648,-1.9047723625885,0.0124
1393376406242067,6uVk8ngFAMrGL24sXxW1EZ,103644195212255,kingvik,2026-08-23T13:05:53.490000+00:00,Rwanda,30.292745354545,-1.8921002818182,0.0127
1395276545883304,6uVk8ngFAMrGL24sXxW1EZ,103644195212255,kingvik,2026-08-23T13:05:25.129000+00:00,Rwanda,30.289117385294,-1.8930759885294,0.0117
1396533302680768,6uVk8ngFAMrGL24sXxW1EZ,103644195212255,kingvik,2026-08-23T13:01:19.725000+00:00,Rwanda,30.270703001616,-1.9114683739394,0.0149
1397414489013750,6uVk8ngFAMrGL24sXxW1EZ,103644195212255,kingvik,2026-08-23T13:03:30.678000+00:00,Rwanda,30.275352363984,-1.8966562296369,0.012
1397618655657206,6uVk8ngFAMrGL24sXxW1EZ,103644195212255,kingvik,2026-08-23T13:03:14.875000+00:00,Rwanda,30.274061087439,-1.8977780690873,0.011
1398458925587488,6uVk8ngFAMrGL24sXxW1EZ,103644195212255,kingvik,2026-08-23T13:06:06.846000+00:00,Rwanda,30.294473170069,-1.8916199219823,0.0123
1398698565651821,6uVk8ngFAMrGL24sXxW1EZ,103644195212255,kingvik,2026-08-23T13:01:52.339000+00:00,Rwanda,30.269859413333,-1.907126019596,0.0121
1401167748626920,6uVk8ngFAMrGL24sXxW1EZ,103644195212255,kingvik,2026-08-23T13:01:28.927000+00:00,Rwanda,30.269919908889,-1.9102772344444,0.0135
1401608288640316,6uVk8ngFAMrGL24sXxW1EZ,103644195212255,kingvik,2026-08-23T13:03:49.094000+00:00,Rwanda,30.277083794949,-1.8948246161616,0.0115
1404051931870420,6uVk8ngFAMrGL24sXxW1EZ,103644195212255,kingvik,2026-08-23T13:01:03.923000+00:00,Rwanda,30.271761399293,-1.9135872254545,0.014
1409146491100397,6uVk8ngFAMrGL24sXxW1EZ,103644195212255,kingvik,2026-08-23T13:06:06.007000+00:00,Rwanda,30.294365025455,-1.8916444890909,0.0127
1410975897644965,6uVk8ngFAMrGL24sXxW1EZ,103644195212255,kingvik,2026-08-23T13:03:51.598000+00:00,Rwanda,30.27734072275,-1.8946727174924,0.0113
1413823867327811,6uVk8ngFAMrGL24sXxW1EZ,103644195212255,kingvik,2026-08-23T13:04:39.205000+00:00,Rwanda,30.283028255152,-1.8937678780808,0.0139
1414716077179937,6uVk8ngFAMrGL24sXxW1EZ,103644195212255,kingvik,2026-08-23T13:02:16.504000+00:00,Rwanda,30.270274541212,-1.9041013814141,0.0132
1416469460410953,6uVk8ngFAMrGL24sXxW1EZ,103644195212255,kingvik,2026-08-23T13:02:19.007000+00:00,Rwanda,30.270311397071,-1.9037476114141,0.0136
1421437243383241,6uVk8ngFAMrGL24sXxW1EZ,103644195212255,kingvik,2026-08-23T13:02:41.510000+00:00,Rwanda,30.270898063838,-1.9007045630303,0.0127
1422273319969631,6uVk8ngFAMrGL24sXxW1EZ,103644195212255,kingvik,2026-08-23T13:01:18.871000+00:00,Rwanda,30.270777600785,-1.9115794122669,0.0145
1425585296103277,6uVk8ngFAMrGL24sXxW1EZ,103644195212255,kingvik,2026-08-23T13:01:29.779000+00:00,Rwanda,30.26985956,-1.9101630155556,0.0144
1432348932072022,6uVk8ngFAMrGL24sXxW1EZ,103644195212255,kingvik,2026-08-23T13:02:10.644000+00:00,Rwanda,30.270181510909,-1.9048831453535,0.0115
1436109145240359,6uVk8ngFAMrGL24sXxW1EZ,103644195212255,kingvik,2026-08-23T13:02:04.853000+00:00,Rwanda,30.27007560899,-1.9056055425253,0.0118
1440888997880268,6uVk8ngFAMrGL24sXxW1EZ,103644195212255,kingvik,2026-08-23T13:02:36.559000+00:00,Rwanda,30.270584120202,-1.901277489899,0.0126
1441906931097217,6uVk8ngFAMrGL24sXxW1EZ,103644195212255,kingvik,2026-08-23T13:04:14.797000+00:00,Rwanda,30.279707471835,-1.8935399113837,0.0121
1444089134244899,6uVk8ngFAMrGL24sXxW1EZ,103644195212255,kingvik,2026-08-23T13:05:55.994000+00:00,Rwanda,30.293060201818,-1.8919867993939,0.0127
1478849544146775,6uVk8ngFAMrGL24sXxW1EZ,103644195212255,kingvik,2026-08-23T13:01:11.431000+00:00,Rwanda,30.271342097273,-1.9125519748485,0.0144
1492964382858923,6uVk8ngFAMrGL24sXxW1EZ,103644195212255,kingvik,2026-08-23T13:01:18.031000+00:00,Rwanda,30.270850169697,-1.9116878224242,0.0136
1503348171831205,6uVk8ngFAMrGL24sXxW1EZ,103644195212255,kingvik,2026-08-23T13:02:28.198000+00:00,Rwanda,30.270396675,-1.9024138091176,0.0136
1516542890287666,6uVk8ngFAMrGL24sXxW1EZ,103644195212255,kingvik,2026-08-23T13:02:58.920000+00:00,Rwanda,30.272379001865,-1.8990071964671,0.0116
1532077418231561,6uVk8ngFAMrGL24sXxW1EZ,103644195212255,kingvik,2026-08-23T13:02:31.553000+00:00,Rwanda,30.270432078182,-1.9019378909091,0.0133
1533244921405037,6uVk8ngFAMrGL24sXxW1EZ,103644195212255,kingvik,2026-08-23T13:04:57.562000+00:00,Rwanda,30.285707838889,-1.8933185775758,0.0136
1534492674614409,6uVk8ngFAMrGL24sXxW1EZ,103644195212255,kingvik,2026-08-23T13:03:52.395000+00:00,Rwanda,30.277424932843,-1.8946295563725,0.0105
1537515874333143,6uVk8ngFAMrGL24sXxW1EZ,103644195212255,kingvik,2026-08-23T13:04:50.064000+00:00,Rwanda,30.284633322353,-1.8934956823529,0.0139
1538469451414168,6uVk8ngFAMrGL24sXxW1EZ,103644195212255,kingvik,2026-08-23T13:02:14.854000+00:00,Rwanda,30.270253178999,-1.9043288992149,0.0128
1542035427224813,6uVk8ngFAMrGL24sXxW1EZ,103644195212255,kingvik,2026-08-23T13:01:00.566000+00:00,Rwanda,30.271942715686,-1.9140454615686,0.0136
1549945173554327,6uVk8ngFAMrGL24sXxW1EZ,103644195212255,kingvik,2026-08-23T13:02:09.848000+00:00,Rwanda,30.270167196471,-1.9049856627451,0.0122
1551134986149635,6uVk8ngFAMrGL24sXxW1EZ,103644195212255,kingvik,2026-08-23T13:04:22.356000+00:00,Rwanda,30.280676431011,-1.8932683308145,0.013
1551890943349402,6uVk8ngFAMrGL24sXxW1EZ,103644195212255,kingvik,2026-08-23T13:03:44.934000+00:00,Rwanda,30.276677841569,-1.8951671915686,0.0133
1555086696084731,6uVk8ngFAMrGL24sXxW1EZ,103644195212255,kingvik,2026-08-23T13:00:52.217000+00:00,Rwanda,30.272359226869,-1.9151708436364,0.0128
1555394068936396,6uVk8ngFAMrGL24sXxW1EZ,103644195212255,kingvik,2026-08-23T13:03:59.094000+00:00,Rwanda,30.278086400589,-1.8943155975466,0.0096
1558051615823418,6uVk8ngFAMrGL24sXxW1EZ,103644195212255,kingvik,2026-08-23T13:04:11.447000+00:00,Rwanda,30.279324646162,-1.8937214953535,0.0116
1558176455785455,6uVk8ngFAMrGL24sXxW1EZ,103644195212255,kingvik,2026-08-23T13:05:58.497000+00:00,Rwanda,30.293383632222,-1.8918863378788,0.0129
1563859745210337,6uVk8ngFAMrGL24sXxW1EZ,103644195212255,kingvik,2026-08-23T13:01:55.650000+00:00,Rwanda,30.269921461476,-1.9067131958544,0.0113
1564670421336601,6uVk8ngFAMrGL24sXxW1EZ,103644195212255,kingvik,2026-08-23T13:06:07.645000+00:00,Rwanda,30.294575692323,-1.8915963093939,0.0117
1564875642081528,6uVk8ngFAMrGL24sXxW1EZ,103644195212255,kingvik,2026-08-23T13:01:53.148000+00:00,Rwanda,30.269873458182,-1.9070246072727,0.0114
1565676208371284,6uVk8ngFAMrGL24sXxW1EZ,103644195212255,kingvik,2026-08-23T13:02:48.164000+00:00,Rwanda,30.271411365859,-1.8999743832323,0.0118
1568904218314862,6uVk8ngFAMrGL24sXxW1EZ,103644195212255,kingvik,2026-08-23T13:03:17.379000+00:00,Rwanda,30.274289852941,-1.8976153372549,0.0104
1572922274568369,6uVk8ngFAMrGL24sXxW1EZ,103644195212255,kingvik,2026-08-23T13:05:10.124000+00:00,Rwanda,30.287321644848,-1.8931482452525,0.0112
1572945554477427,6uVk8ngFAMrGL24sXxW1EZ,103644195212255,kingvik,2026-08-23T13:02:44.865000+00:00,Rwanda,30.271152374216,-1.9003315013725,0.0127
1576383727480035,6uVk8ngFAMrGL24sXxW1EZ,103644195212255,kingvik,2026-08-23T13:01:56.493000+00:00,Rwanda,30.269937343235,-1.9066100502941,0.0116
1577886323830405,6uVk8ngFAMrGL24sXxW1EZ,103644195212255,kingvik,2026-08-23T13:03:59.891000+00:00,Rwanda,30.278160569091,-1.8942789363636,0.0092
1581262200116500,6uVk8ngFAMrGL24sXxW1EZ,103644195212255,kingvik,2026-08-23T13:03:26.581000+00:00,Rwanda,30.275019861923,-1.8970175910697,0.01
1581920246755388,6uVk8ngFAMrGL24sXxW1EZ,103644195212255,kingvik,2026-08-23T13:00:55.559000+00:00,Rwanda,30.272207682336,-1.9147157726202,0.0134
1582100526624933,6uVk8ngFAMrGL24sXxW1EZ,103644195212255,kingvik,2026-08-23T13:01:43.136000+00:00,Rwanda,30.269696218605,-1.9083165690597,0.0128
1585024709954502,6uVk8ngFAMrGL24sXxW1EZ,103644195212255,kingvik,2026-08-23T13:05:42.639000+00:00,Rwanda,30.291433082626,-1.8926242117172,0.0123
1589602019181932,6uVk8ngFAMrGL24sXxW1EZ,103644195212255,kingvik,2026-08-23T13:04:40.014000+00:00,Rwanda,30.283148028081,-1.8937562313131,0.0134
1590678069228032,6uVk8ngFAMrGL24sXxW1EZ,103644195212255,kingvik,2026-08-23T13:04:20.649000+00:00,Rwanda,30.280442673131,-1.8932870816162,0.0128
1591872975657135,6uVk8ngFAMrGL24sXxW1EZ,103644195212255,kingvik,2026-08-23T13:03:12.373000+00:00,Rwanda,30.273819945588,-1.8979542958824,0.0121
1593930859196426,6uVk8ngFAMrGL24sXxW1EZ,103644195212255,kingvik,2026-08-23T13:01:32.282000+00:00,Rwanda,30.269716844646,-1.9098163761616,0.014
1594498918703505,6uVk8ngFAMrGL24sXxW1EZ,103644195212255,kingvik,2026-08-23T13:03:03.966000+00:00,Rwanda,30.272900465657,-1.8986293888889,0.0123
1595587948676136,6uVk8ngFAMrGL24sXxW1EZ,103644195212255,kingvik,2026-08-23T13:03:48.234000+00:00,Rwanda,30.276998987475,-1.8948838375758,0.0115
1595829768885920,6uVk8ngFAMrGL24sXxW1EZ,103644195212255,kingvik,2026-08-23T13:02:55.573000+00:00,Rwanda,30.272056368959,-1.8992721550051,0.0114
1598473245017545,6uVk8ngFAMrGL24sXxW1EZ,103644195212255,kingvik,2026-08-23T13:02:29.049000+00:00,Rwanda,30.270405126263,-1.9022911858586,0.0137
1600328101646009,6uVk8ngFAMrGL24sXxW1EZ,103644195212255,kingvik,2026-08-23T13:05:05.915000+00:00,Rwanda,30.286811750588,-1.8931528558824,0.0118
1602195711429630,6uVk8ngFAMrGL24sXxW1EZ,103644195212255,kingvik,2026-08-23T13:04:24.908000+00:00,Rwanda,30.281029654706,-1.8932968188235,0.0132
1605253714516944,6uVk8ngFAMrGL24sXxW1EZ,103644195212255,kingvik,2026-08-23T13:01:23.079000+00:00,Rwanda,30.270411528889,-1.9110322955556,0.0148
1609132230803435,6uVk8ngFAMrGL24sXxW1EZ,103644195212255,kingvik,2026-08-23T13:02:34.055000+00:00,Rwanda,30.270486146364,-1.9015985372727,0.0129
1610867507591703,6uVk8ngFAMrGL24sXxW1EZ,103644195212255,kingvik,2026-08-23T13:02:39.859000+00:00,Rwanda,30.270778564377,-1.9008881503435,0.0117
1611560443912928,6uVk8ngFAMrGL24sXxW1EZ,103644195212255,kingvik,2026-08-23T13:03:46.592000+00:00,Rwanda,30.276838785455,-1.8950112145455,0.0119
1611973373870452,6uVk8ngFAMrGL24sXxW1EZ,103644195212255,kingvik,2026-08-23T13:05:38.429000+00:00,Rwanda,30.290865101374,-1.8927550679097,0.0125
1614717046843506,6uVk8ngFAMrGL24sXxW1EZ,103644195212255,kingvik,2026-08-23T13:03:16.529000+00:00,Rwanda,30.274213525556,-1.8976693277778,0.0107
1615426623639447,6uVk8ngFAMrGL24sXxW1EZ,103644195212255,kingvik,2026-08-23T13:03:18.174000+00:00,Rwanda,30.274359731818,-1.8975652212121,0.0096
1616904536632499,6uVk8ngFAMrGL24sXxW1EZ,103644195212255,kingvik,2026-08-23T13:04:35.856000+00:00,Rwanda,30.282534730588,-1.8937531537255,0.0139
1617937003088508,6uVk8ngFAMrGL24sXxW1EZ,103644195212255,kingvik,2026-08-23T13:01:04.722000+00:00,Rwanda,30.271717627451,-1.9134776301961,0.0131
1624093162698466,6uVk8ngFAMrGL24sXxW1EZ,103644195212255,kingvik,2026-08-23T13:04:08.943000+00:00,Rwanda,30.279050514545,-1.8938515836364,0.0112
1624688809099148,6uVk8ngFAMrGL24sXxW1EZ,103644195212255,kingvik,2026-08-23T13:04:43.352000+00:00,Rwanda,30.283646193434,-1.8936751590909,0.0143
1625377282444896,6uVk8ngFAMrGL24sXxW1EZ,103644195212255,kingvik,2026-08-23T13:05:22.627000+00:00,Rwanda,30.288810742002,-1.8931236075564,0.0117
1625873972411634,6uVk8ngFAMrGL24sXxW1EZ,103644195212255,kingvik,2026-08-23T13:03:37.389000+00:00,Rwanda,30.275974507879,-1.8959898912121,0.0135
1632904634833232,6uVk8ngFAMrGL24sXxW1EZ,103644195212255,kingvik,2026-08-23T13:04:02.394000+00:00,Rwanda,30.278394561212,-1.894166809697,0.0096
1639096224501468,6uVk8ngFAMrGL24sXxW1EZ,103644195212255,kingvik,2026-08-23T13:00:58.062000+00:00,Rwanda,30.272077009804,-1.9143828101961,0.0133
1643168507372536,6uVk8ngFAMrGL24sXxW1EZ,103644195212255,kingvik,2026-08-23T13:03:14.025000+00:00,Rwanda,30.273980904545,-1.8978364387879,0.0113
1647643280269827,6uVk8ngFAMrGL24sXxW1EZ,103644195212255,kingvik,2026-08-23T13:04:13.949000+00:00,Rwanda,30.279609554545,-1.8935874993939,0.0121
1655912122774149,6uVk8ngFAMrGL24sXxW1EZ,103644195212255,kingvik,2026-08-23T13:04:18.146000+00:00,Rwanda,30.2801129,-1.8933686127273,0.0126
1659618272541878,6uVk8ngFAMrGL24sXxW1EZ,103644195212255,kingvik,2026-08-23T13:03:08.175000+00:00,Rwanda,30.273365235819,-1.8982885280667,0.0133
1673449393722411,6uVk8ngFAMrGL24sXxW1EZ,103644195212255,kingvik,2026-08-23T13:05:00.065000+00:00,Rwanda,30.286051759091,-1.8932546663636,0.013
1677030030034912,6uVk8ngFAMrGL24sXxW1EZ,103644195212255,kingvik,2026-08-23T13:04:19.802000+00:00,Rwanda,30.280329068106,-1.8933081931305,0.012
1679870893074064,6uVk8ngFAMrGL24sXxW1EZ,103644195212255,kingvik,2026-08-23T13:03:27.378000+00:00,Rwanda,30.275079876869,-1.8969521068687,0.0099
1681730776218930,6uVk8ngFAMrGL24sXxW1EZ,103644195212255,kingvik,2026-08-23T13:05:36.777000+00:00,Rwanda,30.29063726404,-1.8927968985859,0.0131
1682453422813407,6uVk8ngFAMrGL24sXxW1EZ,103644195212255,kingvik,2026-08-23T13:02:30.701000+00:00,Rwanda,30.270422051227,-1.9020568915604,0.0133
1686429835770611,6uVk8ngFAMrGL24sXxW1EZ,103644195212255,kingvik,2026-08-23T13:06:03.504000+00:00,Rwanda,30.294040195455,-1.8917168393939,0.013
1691135551950286,6uVk8ngFAMrGL24sXxW1EZ,103644195212255,kingvik,2026-08-23T13:02:46.516000+00:00,Rwanda,30.271279918182,-1.9001512172727,0.0127
1701118917645247,6uVk8ngFAMrGL24sXxW1EZ,103644195212255,kingvik,2026-08-23T13:01:47.290000+00:00,Rwanda,30.269774216683,-1.9077694354269,0.0123
1706435053983389,6uVk8ngFAMrGL24sXxW1EZ,103644195212255,kingvik,2026-08-23T13:03:20.725000+00:00,Rwanda,30.274574256465,-1.8974056128283,0.0096
1709258183489558,6uVk8ngFAMrGL24sXxW1EZ,103644195212255,kingvik,2026-08-23T13:04:13.090000+00:00,Rwanda,30.279510872727,-1.8936343813131,0.0111
1711490923438482,6uVk8ngFAMrGL24sXxW1EZ,103644195212255,kingvik,2026-08-23T13:01:03.069000+00:00,Rwanda,30.271807775172,-1.9137042417076,0.0137
1719475132640972,6uVk8ngFAMrGL24sXxW1EZ,103644195212255,kingvik,2026-08-23T13:02:45.661000+00:00,Rwanda,30.271213330303,-1.900244439798,0.0118
1720423829077853,6uVk8ngFAMrGL24sXxW1EZ,103644195212255,kingvik,2026-08-23T13:04:35.008000+00:00,Rwanda,30.282411739535,-1.8937316255814,0.014
1721157329765412,6uVk8ngFAMrGL24sXxW1EZ,103644195212255,kingvik,2026-08-23T13:01:07.224000+00:00,Rwanda,30.271582043376,-1.9131327160942,0.0132
1722444899033381,6uVk8ngFAMrGL24sXxW1EZ,103644195212255,kingvik,2026-08-23T13:04:06.490000+00:00,Rwanda,30.278787453535,-1.8939747429293,0.0101
1722478349040788,6uVk8ngFAMrGL24sXxW1EZ,103644195212255,kingvik,2026-08-23T13:02:48.973000+00:00,Rwanda,30.271476786061,-1.899889669899,0.0119
1728673391729924,6uVk8ngFAMrGL24sXxW1EZ,103644195212255,kingvik,2026-08-23T13:05:12.628000+00:00,Rwanda,30.287609533636,-1.89315577,0.0108
1729355139198029,6uVk8ngFAMrGL24sXxW1EZ,103644195212255,kingvik,2026-08-23T13:04:08.097000+00:00,Rwanda,30.278959179608,-1.8938951298039,0.0105
1733293851053320,6uVk8ngFAMrGL24sXxW1EZ,103644195212255,kingvik,2026-08-23T13:04:00.700000+00:00,Rwanda,30.278236903737,-1.8942416758586,0.0094
1733494618379393,6uVk8ngFAMrGL24sXxW1EZ,103644195212255,kingvik,2026-08-23T13:02:19.860000+00:00,Rwanda,30.27032124053,-1.9036259023553,0.0136
1737669823947613,6uVk8ngFAMrGL24sXxW1EZ,103644195212255,kingvik,2026-08-23T13:04:21.508000+00:00,Rwanda,30.280559884545,-1.8932736469697,0.0131
1738749773999654,6uVk8ngFAMrGL24sXxW1EZ,103644195212255,kingvik,2026-08-23T13:05:47.632000+00:00,Rwanda,30.292036128263,-1.8923900465162,0.0113
1741229830461909,6uVk8ngFAMrGL24sXxW1EZ,103644195212255,kingvik,2026-08-23T13:04:03.191000+00:00,Rwanda,30.278466675957,-1.8941320772326,0.0089
1741660247057869,6uVk8ngFAMrGL24sXxW1EZ,103644195212255,kingvik,2026-08-23T13:04:10.600000+00:00,Rwanda,30.279230479686,-1.8937655892051,0.0107
1743466106966424,6uVk8ngFAMrGL24sXxW1EZ,103644195212255,kingvik,2026-08-23T13:01:26.424000+00:00,Rwanda,30.270122615657,-1.9106028380808,0.0136
1744185283519654,6uVk8ngFAMrGL24sXxW1EZ,103644195212255,kingvik,2026-08-23T13:05:55.141000+00:00,Rwanda,30.292951693327,-1.8920237313052,0.0118
1747639609788894,6uVk8ngFAMrGL24sXxW1EZ,103644195212255,kingvik,2026-08-23T13:05:34.286000+00:00,Rwanda,30.29030042,-1.8928568105882,0.0128
1749467169415345,6uVk8ngFAMrGL24sXxW1EZ,103644195212255,kingvik,2026-08-23T13:01:40.633000+00:00,Rwanda,30.269650545455,-1.9086518690909,0.013
1750480816194275,6uVk8ngFAMrGL24sXxW1EZ,103644195212255,kingvik,2026-08-23T13:05:43.489000+00:00,Rwanda,30.291541345633,-1.8925870237488,0.0127
1758637651992856,6uVk8ngFAMrGL24sXxW1EZ,103644195212255,kingvik,2026-08-23T13:06:00.136000+00:00,Rwanda,30.293598672727,-1.8918260181818,0.0121
1760009708572615,6uVk8ngFAMrGL24sXxW1EZ,103644195212255,kingvik,2026-08-23T13:02:06.491000+00:00,Rwanda,30.27010470101,-1.9054058934343,0.0115
1762674485052781,6uVk8ngFAMrGL24sXxW1EZ,103644195212255,kingvik,2026-08-23T13:02:12.352000+00:00,Rwanda,30.270210811765,-1.9046604,0.0126
1763914801423646,6uVk8ngFAMrGL24sXxW1EZ,103644195212255,kingvik,2026-08-23T13:03:57.389000+00:00,Rwanda,30.277931157172,-1.8943896385859,0.0089
1776122956732517,6uVk8ngFAMrGL24sXxW1EZ,103644195212255,kingvik,2026-08-23T13:05:08.419000+00:00,Rwanda,30.287118729902,-1.8931455867647,0.0108
1777014423654179,6uVk8ngFAMrGL24sXxW1EZ,103644195212255,kingvik,2026-08-23T13:02:35.707000+00:00,Rwanda,30.270545438567,-1.9013842112856,0.0126
1777756380044605,6uVk8ngFAMrGL24sXxW1EZ,103644195212255,kingvik,2026-08-23T13:01:08.059000+00:00,Rwanda,30.271535387576,-1.9130171742424,0.0139
1781392056545573,6uVk8ngFAMrGL24sXxW1EZ,103644195212255,kingvik,2026-08-23T13:03:53.240000+00:00,Rwanda,30.27751596,-1.8945861109091,0.0112
1787180708960859,6uVk8ngFAMrGL24sXxW1EZ,103644195212255,kingvik,2026-08-23T13:05:10.921000+00:00,Rwanda,30.287414748283,-1.8931505894995,0.0104
1789742032215233,6uVk8ngFAMrGL24sXxW1EZ,103644195212255,kingvik,2026-08-23T13:01:13.025000+00:00,Rwanda,30.271242367677,-1.9123350353535,0.0132
1792427142111138,6uVk8ngFAMrGL24sXxW1EZ,103644195212255,kingvik,2026-08-23T13:05:29.279000+00:00,Rwanda,30.289641206373,-1.8929818122549,0.0123
1794274995060249,6uVk8ngFAMrGL24sXxW1EZ,103644195212255,kingvik,2026-08-23T13:05:41.829000+00:00,Rwanda,30.29132726101,-1.8926552790909,0.0129
1795111868586453,6uVk8ngFAMrGL24sXxW1EZ,103644195212255,kingvik,2026-08-23T13:03:01.409000+00:00,Rwanda,30.272633994444,-1.8988251866667,0.0119
1795292801825900,6uVk8ngFAMrGL24sXxW1EZ,103644195212255,kingvik,2026-08-23T13:05:23.425000+00:00,Rwanda,30.288908548283,-1.8931101410101,0.011
1800527124274001,6uVk8ngFAMrGL24sXxW1EZ,103644195212255,kingvik,2026-08-23T13:06:04.343000+00:00,Rwanda,30.294149765294,-1.8916920927451,0.0125
1800561667976291,6uVk8ngFAMrGL24sXxW1EZ,103644195212255,kingvik,2026-08-23T13:02:07.346000+00:00,Rwanda,30.270120849755,-1.9053006880275,0.0118
1801369364213732,6uVk8ngFAMrGL24sXxW1EZ,103644195212255,kingvik,2026-08-23T13:05:17.621000+00:00,Rwanda,30.288183392353,-1.8931675780392,0.0115
1803474694338464,6uVk8ngFAMrGL24sXxW1EZ,103644195212255,kingvik,2026-08-23T13:02:49.770000+00:00,Rwanda,30.271542177647,-1.8998084770588,0.0116
1806646430759990,6uVk8ngFAMrGL24sXxW1EZ,103644195212255,kingvik,2026-08-23T13:03:03.116000+00:00,Rwanda,30.272811247301,-1.8986952073602,0.0121
1807971506857973,6uVk8ngFAMrGL24sXxW1EZ,103644195212255,kingvik,2026-08-23T13:04:49.216000+00:00,Rwanda,30.284509538889,-1.8935130266667,0.0141
1808150973966794,6uVk8ngFAMrGL24sXxW1EZ,103644195212255,kingvik,2026-08-23T13:03:02.272000+00:00,Rwanda,30.272723586667,-1.89876018,0.0123
1813500093157252,6uVk8ngFAMrGL24sXxW1EZ,103644195212255,kingvik,2026-08-23T13:01:44.787000+00:00,Rwanda,30.269725303922,-1.9080973098039,0.0125
1817700786260447,6uVk8ngFAMrGL24sXxW1EZ,103644195212255,kingvik,2026-08-23T13:04:07.300000+00:00,Rwanda,30.27887317998,-1.893935090091,0.0105
1824375288924840,6uVk8ngFAMrGL24sXxW1EZ,103644195212255,kingvik,2026-08-23T13:04:53.414000+00:00,Rwanda,30.285115435455,-1.8934184545455,0.0137
1824542375566063,6uVk8ngFAMrGL24sXxW1EZ,103644195212255,kingvik,2026-08-23T13:01:23.935000+00:00,Rwanda,30.270336656232,-1.9109220315996,0.0148
1825004242205647,6uVk8ngFAMrGL24sXxW1EZ,103644195212255,kingvik,2026-08-23T13:05:26.790000+00:00,Rwanda,30.289325469091,-1.8930394614141,0.0123
1825808358255580,6uVk8ngFAMrGL24sXxW1EZ,103644195212255,kingvik,2026-08-23T13:02:39.061000+00:00,Rwanda,30.27072572404,-1.9009791319192,0.0127
1836060497190411,6uVk8ngFAMrGL24sXxW1EZ,103644195212255,kingvik,2026-08-23T13:05:48.484000+00:00,Rwanda,30.292137068586,-1.8923474957576,0.0122
1836413854400566,6uVk8ngFAMrGL24sXxW1EZ,103644195212255,kingvik,2026-08-23T13:04:34.149000+00:00,Rwanda,30.2822889,-1.8937029,0.0138
1845375730175083,6uVk8ngFAMrGL24sXxW1EZ,103644195212255,kingvik,2026-08-23T13:04:45.007000+00:00,Rwanda,30.283891770392,-1.8936321713725,0.0133
1864321664530829,6uVk8ngFAMrGL24sXxW1EZ,103644195212255,kingvik,2026-08-23T13:02:13.147000+00:00,Rwanda,30.270224438485,-1.9045559184848,0.0117
1864520164521746,6uVk8ngFAMrGL24sXxW1EZ,103644195212255,kingvik,2026-08-23T13:01:50.644000+00:00,Rwanda,30.269830533737,-1.9073400191919,0.0123
1868417497869732,6uVk8ngFAMrGL24sXxW1EZ,103644195212255,kingvik,2026-08-23T13:03:39.031000+00:00,Rwanda,30.276125075329,-1.8958109078868,0.0134
1869349313789082,6uVk8ngFAMrGL24sXxW1EZ,103644195212255,kingvik,2026-08-23T13:01:27.275000+00:00,Rwanda,30.270050469091,-1.9104937072727,0.0145
1877197889921989,6uVk8ngFAMrGL24sXxW1EZ,103644195212255,kingvik,2026-08-23T13:03:10.666000+00:00,Rwanda,30.273640115976,-1.8980849962588,0.0128
1895047164802060,6uVk8ngFAMrGL24sXxW1EZ,103644195212255,kingvik,2026-08-23T13:05:13.424000+00:00,Rwanda,30.287699117255,-1.8931590535294,0.01
1902306364630129,6uVk8ngFAMrGL24sXxW1EZ,103644195212255,kingvik,2026-08-23T13:05:20.124000+00:00,Rwanda,30.288497787451,-1.8931550866667,0.0119
1926315051661575,6uVk8ngFAMrGL24sXxW1EZ,103644195212255,kingvik,2026-08-23T13:05:06.764000+00:00,Rwanda,30.286916705258,-1.8931474292214,0.0117
1929802614645136,6uVk8ngFAMrGL24sXxW1EZ,103644195212255,kingvik,2026-08-23T13:03:07.325000+00:00,Rwanda,30.273268968586,-1.8983594223232,0.0133
1932750714796114,6uVk8ngFAMrGL24sXxW1EZ,103644195212255,kingvik,2026-08-23T13:02:38.196000+00:00,Rwanda,30.270672771515,-1.9010800542424,0.0123
1942750049741482,6uVk8ngFAMrGL24sXxW1EZ,103644195212255,kingvik,2026-08-23T13:04:38.359000+00:00,Rwanda,30.282902907753,-1.8937744526006,0.014
1945830432779783,6uVk8ngFAMrGL24sXxW1EZ,103644195212255,kingvik,2026-08-23T13:05:59.338000+00:00,Rwanda,30.293493852306,-1.8918547459274,0.0127
1957861601541966,6uVk8ngFAMrGL24sXxW1EZ,103644195212255,kingvik,2026-08-23T13:05:11.771000+00:00,Rwanda,30.287512438384,-1.8931530979798,0.0109
1960071137964618,6uVk8ngFAMrGL24sXxW1EZ,103644195212255,kingvik,2026-08-23T13:03:40.677000+00:00,Rwanda,30.27627776,-1.8956296745455,0.0128
1975312473178284,6uVk8ngFAMrGL24sXxW1EZ,103644195212255,kingvik,2026-08-23T13:04:32.505000+00:00,Rwanda,30.282058838081,-1.893633349798,0.0137
1976048013100647,6uVk8ngFAMrGL24sXxW1EZ,103644195212255,kingvik,2026-08-23T13:01:08.928000+00:00,Rwanda,30.271485754545,-1.9128971430303,0.0144
1977064529595534,6uVk8ngFAMrGL24sXxW1EZ,103644195212255,kingvik,2026-08-23T13:05:30.932000+00:00,Rwanda,30.28985586303,-1.8929411430303,0.012
1977706556267030,6uVk8ngFAMrGL24sXxW1EZ,103644195212255,kingvik,2026-08-23T13:02:03.988000+00:00,Rwanda,30.270062817576,-1.9057105335354,0.0114
1980341982663440,6uVk8ngFAMrGL24sXxW1EZ,103644195212255,kingvik,2026-08-23T13:03:13.169000+00:00,Rwanda,30.273898699798,-1.8978966840404,0.0108
1982326829097936,6uVk8ngFAMrGL24sXxW1EZ,103644195212255,kingvik,2026-08-23T13:03:49.891000+00:00,Rwanda,30.277164429118,-1.8947731464706,0.0106
2026147264720219,6uVk8ngFAMrGL24sXxW1EZ,103644195212255,kingvik,2026-08-23T13:05:54.345000+00:00,Rwanda,30.292851889596,-1.8920595627273,0.0127
2028717834735951,6uVk8ngFAMrGL24sXxW1EZ,103644195212255,kingvik,2026-08-23T13:02:17.357000+00:00,Rwanda,30.270286810882,-1.9039815715686,0.0134
2031255260962521,6uVk8ngFAMrGL24sXxW1EZ,103644195212255,kingvik,2026-08-23T13:02:03.149000+00:00,Rwanda,30.270051033366,-1.9058119634936,0.0107
2042567419681455,6uVk8ngFAMrGL24sXxW1EZ,103644195212255,kingvik,2026-08-23T13:05:19.281000+00:00,Rwanda,30.288391077654,-1.8931613918099,0.012
2050206809194421,6uVk8ngFAMrGL24sXxW1EZ,103644195212255,kingvik,2026-08-23T13:02:14+00:00,Rwanda,30.270239454141,-1.9044434921212,0.0126
2076829239640696,6uVk8ngFAMrGL24sXxW1EZ,103644195212255,kingvik,2026-08-23T13:01:38.130000+00:00,Rwanda,30.26961419596,-1.9089939474747,0.0133
2097375784191084,6uVk8ngFAMrGL24sXxW1EZ,103644195212255,kingvik,2026-08-23T13:05:40.986000+00:00,Rwanda,30.291214874118,-1.8926834682353,0.0131
2097471707473945,6uVk8ngFAMrGL24sXxW1EZ,103644195212255,kingvik,2026-08-23T13:04:30.811000+00:00,Rwanda,30.281827630303,-1.8935508030303,0.0137
2097619330827695,6uVk8ngFAMrGL24sXxW1EZ,103644195212255,kingvik,2026-08-23T13:01:06.425000+00:00,Rwanda,30.271624956566,-1.9132432070707,0.0143
2098105874247577,6uVk8ngFAMrGL24sXxW1EZ,103644195212255,kingvik,2026-08-23T13:01:39.780000+00:00,Rwanda,30.269636604809,-1.9087678243376,0.0128
2105966000130674,6uVk8ngFAMrGL24sXxW1EZ,103644195212255,kingvik,2026-08-23T13:05:09.268000+00:00,Rwanda,30.287220461212,-1.8931469254545,0.0113
2114964056119915,6uVk8ngFAMrGL24sXxW1EZ,103644195212255,kingvik,2026-08-23T13:03:19.031000+00:00,Rwanda,30.27443367798,-1.897511290101,0.0102
2125024141705894,6uVk8ngFAMrGL24sXxW1EZ,103644195212255,kingvik,2026-08-23T13:04:48.359000+00:00,Rwanda,30.28438446,-1.8935321155556,0.014
2127737078155539,6uVk8ngFAMrGL24sXxW1EZ,103644195212255,kingvik,2026-08-23T13:01:48.142000+00:00,Rwanda,30.26978965303,-1.9076589111111,0.0124
2139382880342971,6uVk8ngFAMrGL24sXxW1EZ,103644195212255,kingvik,2026-08-23T13:06:08.495000+00:00,Rwanda,30.294684242353,-1.8915710888235,0.0124
2151430029085484,6uVk8ngFAMrGL24sXxW1EZ,103644195212255,kingvik,2026-08-23T13:04:24.063000+00:00,Rwanda,30.280912468586,-1.8932800908081,0.0133
2152851748962378,6uVk8ngFAMrGL24sXxW1EZ,103644195212255,kingvik,2026-08-23T13:02:01.484000+00:00,Rwanda,30.270023466869,-1.9060105450505,0.0112
2157494441840449,6uVk8ngFAMrGL24sXxW1EZ,103644195212255,kingvik,2026-08-23T13:01:41.442000+00:00,Rwanda,30.269664667677,-1.9085427368687,0.0122
2159608068264860,6uVk8ngFAMrGL24sXxW1EZ,103644195212255,kingvik,2026-08-23T13:05:30.124000+00:00,Rwanda,30.289750103434,-1.8929613331313,0.0123
2162877475105437,6uVk8ngFAMrGL24sXxW1EZ,103644195212255,kingvik,2026-08-23T13:04:27.400000+00:00,Rwanda,30.281369859192,-1.8933837355556,0.0125
2163307701232564,6uVk8ngFAMrGL24sXxW1EZ,103644195212255,kingvik,2026-08-23T13:03:22.384000+00:00,Rwanda,30.274705037647,-1.89730155,0.0089
2179336892933355,6uVk8ngFAMrGL24sXxW1EZ,103644195212255,kingvik,2026-08-23T13:03:29.035000+00:00,Rwanda,30.275210212157,-1.8968058179412,0.0107
2181628892411759,6uVk8ngFAMrGL24sXxW1EZ,103644195212255,kingvik,2026-08-23T13:04:46.713000+00:00,Rwanda,30.284143241818,-1.8935800536364,0.0144
2200149413895278,6uVk8ngFAMrGL24sXxW1EZ,103644195212255,kingvik,2026-08-23T13:01:09.727000+00:00,Rwanda,30.271440691471,-1.9127867440196,0.0133
2213692446138918,6uVk8ngFAMrGL24sXxW1EZ,103644195212255,kingvik,2026-08-23T13:02:29.858000+00:00,Rwanda,30.27041345101,-1.9021757621212,0.0129
2218080929040748,6uVk8ngFAMrGL24sXxW1EZ,103644195212255,kingvik,2026-08-23T13:03:34.834000+00:00,Rwanda,30.27573542303,-1.8962545223232,0.0131
2225094428343964,6uVk8ngFAMrGL24sXxW1EZ,103644195212255,kingvik,2026-08-23T13:03:54.885000+00:00,Rwanda,30.277692705258,-1.8945035123357,0.0104
2236814897177076,6uVk8ngFAMrGL24sXxW1EZ,103644195212255,kingvik,2026-08-23T13:04:58.419000+00:00,Rwanda,30.285827340404,-1.8932967848485,0.0135
2241037826630346,6uVk8ngFAMrGL24sXxW1EZ,103644195212255,kingvik,2026-08-23T13:02:51.464000+00:00,Rwanda,30.271685051423,-1.8996411157017,0.0123
2249944645782157,6uVk8ngFAMrGL24sXxW1EZ,103644195212255,kingvik,2026-08-23T13:01:15.528000+00:00,Rwanda,30.271058721132,-1.9120079185035,0.0133
2251481512311463,6uVk8ngFAMrGL24sXxW1EZ,103644195212255,kingvik,2026-08-23T13:01:21.433000+00:00,Rwanda,30.270554865882,-1.9112452482353,0.0149
2258355444988169,6uVk8ngFAMrGL24sXxW1EZ,103644195212255,kingvik,2026-08-23T13:01:49.778000+00:00,Rwanda,30.269816781212,-1.9074501133333,0.0119
2264720654068912,6uVk8ngFAMrGL24sXxW1EZ,103644195212255,kingvik,2026-08-23T13:02:47.368000+00:00,Rwanda,30.27134756526,-1.9000591642787,0.0127
2272259919845418,6uVk8ngFAMrGL24sXxW1EZ,103644195212255,kingvik,2026-08-23T13:01:31.431000+00:00,Rwanda,30.269757680606,-1.9099353860606,0.0133
2282603519767212,6uVk8ngFAMrGL24sXxW1EZ,103644195212255,kingvik,2026-08-23T13:03:31.474000+00:00,Rwanda,30.275423271212,-1.8965815969697,0.0114
2290653128378163,6uVk8ngFAMrGL24sXxW1EZ,103644195212255,kingvik,2026-08-23T13:01:58.143000+00:00,Rwanda,30.269966511569,-1.9064095671569,0.0109
2322299178511269,6uVk8ngFAMrGL24sXxW1EZ,103644195212255,kingvik,2026-08-23T13:03:06.469000+00:00,Rwanda,30.273172397576,-1.8984301979798,0.013
2338572333616949,6uVk8ngFAMrGL24sXxW1EZ,103644195212255,kingvik,2026-08-23T13:05:49.339000+00:00,Rwanda,30.29223885697,-1.892305130101,0.0123
2346168922853813,6uVk8ngFAMrGL24sXxW1EZ,103644195212255,kingvik,2026-08-23T13:04:40.862000+00:00,Rwanda,30.283274225,-1.8937386911765,0.0142
2386882422131257,6uVk8ngFAMrGL24sXxW1EZ,103644195212255,kingvik,2026-08-23T13:05:37.633000+00:00,Rwanda,30.290754875152,-1.8927754430303,0.0133
2443453329520222,6uVk8ngFAMrGL24sXxW1EZ,103644195212255,kingvik,2026-08-23T13:01:12.230000+00:00,Rwanda,30.271293493425,-1.9124425596663,0.0133
2475886986236858,6uVk8ngFAMrGL24sXxW1EZ,103644195212255,kingvik,2026-08-23T13:03:05.619000+00:00,Rwanda,30.273078356765,-1.8984992552941,0.0126
2478686372604626,6uVk8ngFAMrGL24sXxW1EZ,103644195212255,kingvik,2026-08-23T13:02:52.261000+00:00,Rwanda,30.271753848283,-1.8995661583838,0.0113
2521600068280692,6uVk8ngFAMrGL24sXxW1EZ,103644195212255,kingvik,2026-08-23T13:04:50.910000+00:00,Rwanda,30.284755574317,-1.8934767067745,0.0137
2527891331028030,6uVk8ngFAMrGL24sXxW1EZ,103644195212255,kingvik,2026-08-23T13:01:14.733000+00:00,Rwanda,30.271120798235,-1.9121103152941,0.0143
2536751186789223,6uVk8ngFAMrGL24sXxW1EZ,103644195212255,kingvik,2026-08-23T13:01:59.848000+00:00,Rwanda,30.269995934545,-1.9062050272727,0.0117
2539790046466227,6uVk8ngFAMrGL24sXxW1EZ,103644195212255,kingvik,2026-08-23T13:04:29.952000+00:00,Rwanda,30.281712387273,-1.8935077834343,0.0134
2601298010321473,6uVk8ngFAMrGL24sXxW1EZ,103644195212255,kingvik,2026-08-23T13:01:37.277000+00:00,Rwanda,30.269610278529,-1.9091137011765,0.0133
2602726856842042,6uVk8ngFAMrGL24sXxW1EZ,103644195212255,kingvik,2026-08-23T13:02:42.362000+00:00,Rwanda,30.270962443824,-1.9006102917647,0.0127
2604982413352372,6uVk8ngFAMrGL24sXxW1EZ,103644195212255,kingvik,2026-08-23T13:04:09.803000+00:00,Rwanda,30.279143288889,-1.893806889899,0.0114
2626258087882009,6uVk8ngFAMrGL24sXxW1EZ,103644195212255,kingvik,2026-08-23T13:03:33.977000+00:00,Rwanda,30.275654549091,-1.8963398854545,0.0119
2675615166167066,6uVk8ngFAMrGL24sXxW1EZ,103644195212255,kingvik,2026-08-23T13:03:39.880000+00:00,Rwanda,30.276203470098,-1.8957174752941,0.0136
2685100355219098,6uVk8ngFAMrGL24sXxW1EZ,103644195212255,kingvik,2026-08-23T13:04:15.594000+00:00,Rwanda,30.279800531515,-1.8934952184848,0.0115
2736227923457007,6uVk8ngFAMrGL24sXxW1EZ,103644195212255,kingvik,2026-08-23T13:01:28.132000+00:00,Rwanda,30.26998049107,-1.9103823070658,0.0146
2918903005114019,6uVk8ngFAMrGL24sXxW1EZ,103644195212255,kingvik,2026-08-23T13:05:44.332000+00:00,Rwanda,30.291645849091,-1.892548330303,0.0124
2924253477951036,6uVk8ngFAMrGL24sXxW1EZ,103644195212255,kingvik,2026-08-23T13:01:10.562000+00:00,Rwanda,30.271392949495,-1.912671379798,0.0139
3338668496305359,6uVk8ngFAMrGL24sXxW1EZ,103644195212255,kingvik,2026-08-23T13:03:21.587000+00:00,Rwanda,30.274642648485,-1.8973519606061,0.0097
3456867191173654,6uVk8ngFAMrGL24sXxW1EZ,103644195212255,kingvik,2026-08-23T13:05:14.274000+00:00,Rwanda,30.287794239596,-1.8931622376768,0.0106
4005842219721470,6uVk8ngFAMrGL24sXxW1EZ,103644195212255,kingvik,2026-08-23T13:03:43.228000+00:00,Rwanda,30.276516891515,-1.895348419798,0.0135
4160145160783449,6uVk8ngFAMrGL24sXxW1EZ,103644195212255,kingvik,2026-08-23T13:05:15.118000+00:00,Rwanda,30.287888397056,-1.8931650101079,0.0105
4201525873324301,6uVk8ngFAMrGL24sXxW1EZ,103644195212255,kingvik,2026-08-23T13:03:28.235000+00:00,Rwanda,30.275145678788,-1.8968771606061,0.0111
4340651069578835,6uVk8ngFAMrGL24sXxW1EZ,103644195212255,kingvik,2026-08-23T13:01:51.487000+00:00,Rwanda,30.269844693032,-1.9072334594701,0.012
4367600763493692,6uVk8ngFAMrGL24sXxW1EZ,103644195212255,kingvik,2026-08-23T13:05:45.979000+00:00,Rwanda,30.291842866364,-1.8924712232323,0.012
4373640769524679,6uVk8ngFAMrGL24sXxW1EZ,103644195212255,kingvik,2026-08-23T13:01:33.933000+00:00,Rwanda,30.269656214545,-1.9095868309091,0.0126
4474227336182565,6uVk8ngFAMrGL24sXxW1EZ,103644195212255,kingvik,2026-08-23T13:05:46.835000+00:00,Rwanda,30.291942845455,-1.8924298181818,0.012
4483606195119068,6uVk8ngFAMrGL24sXxW1EZ,103644195212255,kingvik,2026-08-23T13:05:24.288000+00:00,Rwanda,30.289013877778,-1.8930936094949,0.0118
4492564324350253,6uVk8ngFAMrGL24sXxW1EZ,103644195212255,kingvik,2026-08-23T13:02:34.864000+00:00,Rwanda,30.270512412121,-1.901492399798,0.0122
4552274875044970,6uVk8ngFAMrGL24sXxW1EZ,103644195212255,kingvik,2026-08-23T13:05:28.430000+00:00,Rwanda,30.289532710303,-1.8930020515152,0.0114
4604952349734401,6uVk8ngFAMrGL24sXxW1EZ,103644195212255,kingvik,2026-08-23T13:00:54.719000+00:00,Rwanda,30.272248401717,-1.9148289107071,0.0126
4623844784602377,6uVk8ngFAMrGL24sXxW1EZ,103644195212255,kingvik,2026-08-23T13:05:50.988000+00:00,Rwanda,30.292436995455,-1.8922249130303,0.0123
4807379429546941,6uVk8ngFAMrGL24sXxW1EZ,103644195212255,kingvik,2026-08-23T13:02:58.075000+00:00,Rwanda,30.272296232727,-1.899071410303,0.0119
26123048780726039,6uVk8ngFAMrGL24sXxW1EZ,103644195212255,kingvik,2026-08-23T13:04:23.203000+00:00,Rwanda,30.280793159596,-1.8932698262626,0.013
26413584818339729,6uVk8ngFAMrGL24sXxW1EZ,103644195212255,kingvik,2026-08-23T13:02:08.141000+00:00,Rwanda,30.270135867071,-1.9052019288889,0.0111
27491489120530067,6uVk8ngFAMrGL24sXxW1EZ,103644195212255,kingvik,2026-08-23T13:01:45.639000+00:00,Rwanda,30.26974151899,-1.9079850910101,0.0126
27671283482572517,6uVk8ngFAMrGL24sXxW1EZ,103644195212255,kingvik,2026-08-23T13:05:02.568000+00:00,Rwanda,30.286383790303,-1.8932015563636,0.0125
27794886380193994,6uVk8ngFAMrGL24sXxW1EZ,103644195212255,kingvik,2026-08-23T13:04:26.603000+00:00,Rwanda,30.281261879588,-1.8933507368989,0.0133
28006342029029446,6uVk8ngFAMrGL24sXxW1EZ,103644195212255,kingvik,2026-08-23T13:03:41.534000+00:00,Rwanda,30.27635803596,-1.8955345129293,0.0138
28151406011137514,6uVk8ngFAMrGL24sXxW1EZ,103644195212255,kingvik,2026-08-23T13:05:39.280000+00:00,Rwanda,30.290982669697,-1.8927329191919,0.0133
28154027484230614,6uVk8ngFAMrGL24sXxW1EZ,103644195212255,kingvik,2026-08-23T13:02:25.661000+00:00,Rwanda,30.270372975859,-1.9027832270707,0.0131
28199368746389330,6uVk8ngFAMrGL24sXxW1EZ,103644195212255,kingvik,2026-08-23T13:01:17.236000+00:00,Rwanda,30.270917386275,-1.911789904902,0.0145
28220692970884141,6uVk8ngFAMrGL24sXxW1EZ,103644195212255,kingvik,2026-08-23T13:05:27.632000+00:00,Rwanda,30.289431558292,-1.893020549264,0.012
28309799248616893,6uVk8ngFAMrGL24sXxW1EZ,103644195212255,kingvik,2026-08-23T13:05:33.436000+00:00,Rwanda,30.290186798485,-1.8928775253535,0.0121
28381125511521066,6uVk8ngFAMrGL24sXxW1EZ,103644195212255,kingvik,2026-08-23T13:06:05.142000+00:00,Rwanda,30.294253341616,-1.8916693576768,0.0118
28398255953102956,6uVk8ngFAMrGL24sXxW1EZ,103644195212255,kingvik,2026-08-23T13:05:45.128000+00:00,Rwanda,30.291742176471,-1.8925114141176,0.0115
28515126264789525,6uVk8ngFAMrGL24sXxW1EZ,103644195212255,kingvik,2026-08-23T13:03:00.568000+00:00,Rwanda,30.272546429412,-1.8988867509804,0.0112
28559244017004986,6uVk8ngFAMrGL24sXxW1EZ,103644195212255,kingvik,2026-08-23T13:02:33.204000+00:00,Rwanda,30.270463256863,-1.9017121215686,0.0129
28577579871929596,6uVk8ngFAMrGL24sXxW1EZ,103644195212255,kingvik,2026-08-23T13:01:20.576000+00:00,Rwanda,30.270629193434,-1.9113570191919,0.0149
812434341927333,6uVk8ngFAMrGL24sXxW1EZ,103644195212255,kingvik,2026-08-23T13:09:12.916000+00:00,Rwanda,30.310413864545,-1.9090574990909,0.0128
814954278338266,6uVk8ngFAMrGL24sXxW1EZ,103644195212255,kingvik,2026-08-23T13:07:11.921000+00:00,Rwanda,30.301735711717,-1.8954393028283,0.0133
825856903888242,6uVk8ngFAMrGL24sXxW1EZ,103644195212255,kingvik,2026-08-23T13:06:48.552000+00:00,Rwanda,30.299572238384,-1.893059320202,0.0131
855429027536459,6uVk8ngFAMrGL24sXxW1EZ,103644195212255,kingvik,2026-08-23T13:07:42.783000+00:00,Rwanda,30.303593572093,-1.8995598767442,0.0128
888367777429988,6uVk8ngFAMrGL24sXxW1EZ,103644195212255,kingvik,2026-08-23T13:09:31.287000+00:00,Rwanda,30.312064997576,-1.9110722721212,0.0141
894881736745043,6uVk8ngFAMrGL24sXxW1EZ,103644195212255,kingvik,2026-08-23T13:08:42.869000+00:00,Rwanda,30.308718712121,-1.905606740404,0.0123
895256896728252,6uVk8ngFAMrGL24sXxW1EZ,103644195212255,kingvik,2026-08-23T13:09:33.790000+00:00,Rwanda,30.312320942222,-1.9113328733333,0.014
897486326465092,6uVk8ngFAMrGL24sXxW1EZ,103644195212255,kingvik,2026-08-23T13:06:13.502000+00:00,Rwanda,30.295321200294,-1.891434805098,0.0124
905703608846264,6uVk8ngFAMrGL24sXxW1EZ,103644195212255,kingvik,2026-08-23T13:08:09.491000+00:00,Rwanda,30.305997272353,-1.9023147929412,0.0111
907803645322820,6uVk8ngFAMrGL24sXxW1EZ,103644195212255,kingvik,2026-08-23T13:07:51.137000+00:00,Rwanda,30.304391431818,-1.9004614957576,0.0137
914862701695507,6uVk8ngFAMrGL24sXxW1EZ,103644195212255,kingvik,2026-08-23T13:08:04.486000+00:00,Rwanda,30.305594841176,-1.9018154431373,0.0121
920246554487428,6uVk8ngFAMrGL24sXxW1EZ,103644195212255,kingvik,2026-08-23T13:06:31.851000+00:00,Rwanda,30.297608054118,-1.8919425082353,0.0115
920877240585229,6uVk8ngFAMrGL24sXxW1EZ,103644195212255,kingvik,2026-08-23T13:07:10.269000+00:00,Rwanda,30.301641148081,-1.8952305281818,0.0129
922231887069859,6uVk8ngFAMrGL24sXxW1EZ,103644195212255,kingvik,2026-08-23T13:07:01.067000+00:00,Rwanda,30.300950253131,-1.8941611262626,0.0124
931651316037666,6uVk8ngFAMrGL24sXxW1EZ,103644195212255,kingvik,2026-08-23T13:08:32.865000+00:00,Rwanda,30.307840120882,-1.9046554244118,0.0125
935782956235147,6uVk8ngFAMrGL24sXxW1EZ,103644195212255,kingvik,2026-08-23T13:06:21+00:00,Rwanda,30.296307,-1.8914397666667,0.0125
936361459544838,6uVk8ngFAMrGL24sXxW1EZ,103644195212255,kingvik,2026-08-23T13:08:50.413000+00:00,Rwanda,30.309436264242,-1.9062594878788,0.012
943467918042363,6uVk8ngFAMrGL24sXxW1EZ,103644195212255,kingvik,2026-08-23T13:08:33.702000+00:00,Rwanda,30.307910257778,-1.9047400280808,0.0122
944374748703848,6uVk8ngFAMrGL24sXxW1EZ,103644195212255,kingvik,2026-08-23T13:08:28.696000+00:00,Rwanda,30.307501992424,-1.9042260151515,0.0121
947247651021305,6uVk8ngFAMrGL24sXxW1EZ,103644195212255,kingvik,2026-08-23T13:08:46.202000+00:00,Rwanda,30.309047845339,-1.9058850524043,0.0114
953532971134086,6uVk8ngFAMrGL24sXxW1EZ,103644195212255,kingvik,2026-08-23T13:07:46.141000+00:00,Rwanda,30.303906152993,-1.8999330937193,0.0137
956579650828917,6uVk8ngFAMrGL24sXxW1EZ,103644195212255,kingvik,2026-08-23T13:08:47.065000+00:00,Rwanda,30.30913320303,-1.9059568468687,0.0124
998066403282788,6uVk8ngFAMrGL24sXxW1EZ,103644195212255,kingvik,2026-08-23T13:08:08.697000+00:00,Rwanda,30.305934424444,-1.9022367555556,0.012
1000478753047175,6uVk8ngFAMrGL24sXxW1EZ,103644195212255,kingvik,2026-08-23T13:06:26.006000+00:00,Rwanda,30.296934301212,-1.8916066676768,0.0123
1001381066275046,6uVk8ngFAMrGL24sXxW1EZ,103644195212255,kingvik,2026-08-23T13:09:01.210000+00:00,Rwanda,30.309898146263,-1.9075526579798,0.0118
1005079155924152,6uVk8ngFAMrGL24sXxW1EZ,103644195212255,kingvik,2026-08-23T13:07:32.781000+00:00,Rwanda,30.302940734902,-1.8982402933333,0.0132
1006032049134691,6uVk8ngFAMrGL24sXxW1EZ,103644195212255,kingvik,2026-08-23T13:07:21.066000+00:00,Rwanda,30.302248994141,-1.89664127,0.013
1009561102063974,6uVk8ngFAMrGL24sXxW1EZ,103644195212255,kingvik,2026-08-23T13:08:11.994000+00:00,Rwanda,30.306192912549,-1.9025609478431,0.011
1026221900219674,6uVk8ngFAMrGL24sXxW1EZ,103644195212255,kingvik,2026-08-23T13:08:25.355000+00:00,Rwanda,30.307235091176,-1.9038873823529,0.0122
1028047090056939,6uVk8ngFAMrGL24sXxW1EZ,103644195212255,kingvik,2026-08-23T13:08:24.500000+00:00,Rwanda,30.307167391111,-1.9038010578788,0.0115
1034427889648685,6uVk8ngFAMrGL24sXxW1EZ,103644195212255,kingvik,2026-08-23T13:09:24.587000+00:00,Rwanda,30.311374810303,-1.9103833628283,0.0138
1038138239019655,6uVk8ngFAMrGL24sXxW1EZ,103644195212255,kingvik,2026-08-23T13:07:31.987000+00:00,Rwanda,30.302892797273,-1.8981319954545,0.0141
1042412102031355,6uVk8ngFAMrGL24sXxW1EZ,103644195212255,kingvik,2026-08-23T13:09:32.130000+00:00,Rwanda,30.312151219091,-1.9111606454545,0.0137
1042583232083869,6uVk8ngFAMrGL24sXxW1EZ,103644195212255,kingvik,2026-08-23T13:08:07.850000+00:00,Rwanda,30.305867216667,-1.9021527944444,0.0122
1042652518533915,6uVk8ngFAMrGL24sXxW1EZ,103644195212255,kingvik,2026-08-23T13:09:05.416000+00:00,Rwanda,30.310019007647,-1.9081074321569,0.0125
1044009671598365,6uVk8ngFAMrGL24sXxW1EZ,103644195212255,kingvik,2026-08-23T13:06:42.719000+00:00,Rwanda,30.29886924899,-1.8926598214141,0.0131
1044326151842667,6uVk8ngFAMrGL24sXxW1EZ,103644195212255,kingvik,2026-08-23T13:07:04.423000+00:00,Rwanda,30.301240730882,-1.8945266418627,0.0132
1044951508314180,6uVk8ngFAMrGL24sXxW1EZ,103644195212255,kingvik,2026-08-23T13:06:58.563000+00:00,Rwanda,30.30071262,-1.8939026838384,0.0125
1047196234854454,6uVk8ngFAMrGL24sXxW1EZ,103644195212255,kingvik,2026-08-23T13:09:08.719000+00:00,Rwanda,30.310159039596,-1.9085373082828,0.0123
1048136318219816,6uVk8ngFAMrGL24sXxW1EZ,103644195212255,kingvik,2026-08-23T13:06:51.864000+00:00,Rwanda,30.299970844444,-1.8933019777778,0.0127
1049103201068950,6uVk8ngFAMrGL24sXxW1EZ,103644195212255,kingvik,2026-08-23T13:09:30.421000+00:00,Rwanda,30.311976263101,-1.9109819102061,0.0129
1052035930872207,6uVk8ngFAMrGL24sXxW1EZ,103644195212255,kingvik,2026-08-23T13:07:48.644000+00:00,Rwanda,30.304146970882,-1.9002002447059,0.0137
1054213760752316,6uVk8ngFAMrGL24sXxW1EZ,103644195212255,kingvik,2026-08-23T13:07:16.928000+00:00,Rwanda,30.30201588899,-1.8960864505051,0.0136
1055028483951240,6uVk8ngFAMrGL24sXxW1EZ,103644195212255,kingvik,2026-08-23T13:09:02.084000+00:00,Rwanda,30.309919998182,-1.90766786,0.013
1055450364017852,6uVk8ngFAMrGL24sXxW1EZ,103644195212255,kingvik,2026-08-23T13:07:44.477000+00:00,Rwanda,30.30374891,-1.8997503527273,0.0136
1058147136818685,6uVk8ngFAMrGL24sXxW1EZ,103644195212255,kingvik,2026-08-23T13:09:21.218000+00:00,Rwanda,30.31105109402,-1.9100236402941,0.0126
1060178036412637,6uVk8ngFAMrGL24sXxW1EZ,103644195212255,kingvik,2026-08-23T13:08:26.193000+00:00,Rwanda,30.307300341212,-1.9039725846465,0.0119
1060436710227832,6uVk8ngFAMrGL24sXxW1EZ,103644195212255,kingvik,2026-08-23T13:08:01.997000+00:00,Rwanda,30.305392524444,-1.9015603022222,0.0124
1061293976378165,6uVk8ngFAMrGL24sXxW1EZ,103644195212255,kingvik,2026-08-23T13:08:54.575000+00:00,Rwanda,30.309702858746,-1.9067123566229,0.0124
1062513706167879,6uVk8ngFAMrGL24sXxW1EZ,103644195212255,kingvik,2026-08-23T13:06:12.650000+00:00,Rwanda,30.295211285455,-1.8914528654545,0.0117
1063165029641655,6uVk8ngFAMrGL24sXxW1EZ,103644195212255,kingvik,2026-08-23T13:06:45.222000+00:00,Rwanda,30.299168382323,-1.8928291520202,0.0134
1065248489813883,6uVk8ngFAMrGL24sXxW1EZ,103644195212255,kingvik,2026-08-23T13:07:18.573000+00:00,Rwanda,30.302109347399,-1.8963038404318,0.0128
1066770259268279,6uVk8ngFAMrGL24sXxW1EZ,103644195212255,kingvik,2026-08-23T13:09:27.918000+00:00,Rwanda,30.311718339216,-1.9107230280392,0.0128
1067395302450676,6uVk8ngFAMrGL24sXxW1EZ,103644195212255,kingvik,2026-08-23T13:06:27.711000+00:00,Rwanda,30.297136545535,-1.8916921306183,0.0122
1067621845668073,6uVk8ngFAMrGL24sXxW1EZ,103644195212255,kingvik,2026-08-23T13:08:44.571000+00:00,Rwanda,30.308885977647,-1.9057491011765,0.0123
1067864739037268,6uVk8ngFAMrGL24sXxW1EZ,103644195212255,kingvik,2026-08-23T13:08:42.005000+00:00,Rwanda,30.308635915407,-1.9055336810599,0.0113
1068922672202175,6uVk8ngFAMrGL24sXxW1EZ,103644195212255,kingvik,2026-08-23T13:07:12.772000+00:00,Rwanda,30.301783454545,-1.8955480090909,0.0132
1069808525551823,6uVk8ngFAMrGL24sXxW1EZ,103644195212255,kingvik,2026-08-23T13:07:43.638000+00:00,Rwanda,30.303670036275,-1.899657222549,0.0138
1069920945580564,6uVk8ngFAMrGL24sXxW1EZ,103644195212255,kingvik,2026-08-23T13:08:35.368000+00:00,Rwanda,30.308045793032,-1.9049102168793,0.0124
1073331761946190,6uVk8ngFAMrGL24sXxW1EZ,103644195212255,kingvik,2026-08-23T13:06:15.153000+00:00,Rwanda,30.29553745723,-1.8914111217391,0.0119
1075659424958795,6uVk8ngFAMrGL24sXxW1EZ,103644195212255,kingvik,2026-08-23T13:07:47.789000+00:00,Rwanda,30.304063739394,-1.900109930303,0.0129
1076535405028704,6uVk8ngFAMrGL24sXxW1EZ,103644195212255,kingvik,2026-08-23T13:06:24.356000+00:00,Rwanda,30.296733057576,-1.8915374353535,0.0122
1077043578594794,6uVk8ngFAMrGL24sXxW1EZ,103644195212255,kingvik,2026-08-23T13:09:17.922000+00:00,Rwanda,30.310774030303,-1.9096485153535,0.0131
1078068358030196,6uVk8ngFAMrGL24sXxW1EZ,103644195212255,kingvik,2026-08-23T13:08:51.207000+00:00,Rwanda,30.309497361237,-1.9063391377821,0.0112
1079065038142872,6uVk8ngFAMrGL24sXxW1EZ,103644195212255,kingvik,2026-08-23T13:07:13.567000+00:00,Rwanda,30.301827468235,-1.8956500258824,0.0124
1080882154377485,6uVk8ngFAMrGL24sXxW1EZ,103644195212255,kingvik,2026-08-23T13:08:15.360000+00:00,Rwanda,30.306451693333,-1.9028919266667,0.0122
1083458120811969,6uVk8ngFAMrGL24sXxW1EZ,103644195212255,kingvik,2026-08-23T13:06:53.558000+00:00,Rwanda,30.300170837273,-1.8934399009091,0.0135
1084019364055615,6uVk8ngFAMrGL24sXxW1EZ,103644195212255,kingvik,2026-08-23T13:09:28.783000+00:00,Rwanda,30.311807314545,-1.9108124739394,0.014
1084417770782000,6uVk8ngFAMrGL24sXxW1EZ,103644195212255,kingvik,2026-08-23T13:08:34.511000+00:00,Rwanda,30.307976696667,-1.9048225942424,0.0118
1084667874062767,6uVk8ngFAMrGL24sXxW1EZ,103644195212255,kingvik,2026-08-23T13:07:03.570000+00:00,Rwanda,30.301169975758,-1.8944312157576,0.0125
1088411127174226,6uVk8ngFAMrGL24sXxW1EZ,103644195212255,kingvik,2026-08-23T13:07:09.429000+00:00,Rwanda,30.301590452941,-1.8951259882353,0.0132
1089754973578418,6uVk8ngFAMrGL24sXxW1EZ,103644195212255,kingvik,2026-08-23T13:06:23.503000+00:00,Rwanda,30.296627222424,-1.891506899798,0.0123
1092383053184593,6uVk8ngFAMrGL24sXxW1EZ,103644195212255,kingvik,2026-08-23T13:07:33.640000+00:00,Rwanda,30.302992694949,-1.8983571035354,0.0142
1094145753115919,6uVk8ngFAMrGL24sXxW1EZ,103644195212255,kingvik,2026-08-23T13:08:18.694000+00:00,Rwanda,30.3067101263,-1.903221056526,0.0116
1099873076044888,6uVk8ngFAMrGL24sXxW1EZ,103644195212255,kingvik,2026-08-23T13:07:30.278000+00:00,Rwanda,30.302794299411,-1.8978961672228,0.0132
1104263095271597,6uVk8ngFAMrGL24sXxW1EZ,103644195212255,kingvik,2026-08-23T13:08:21.197000+00:00,Rwanda,30.306905769608,-1.9034707768627,0.0117
1104675165247771,6uVk8ngFAMrGL24sXxW1EZ,103644195212255,kingvik,2026-08-23T13:06:39.360000+00:00,Rwanda,30.298471924338,-1.8924329264966,0.0119
1123281903357498,6uVk8ngFAMrGL24sXxW1EZ,103644195212255,kingvik,2026-08-23T13:08:29.505000+00:00,Rwanda,30.307567348081,-1.904309419596,0.0118
1272888994863065,6uVk8ngFAMrGL24sXxW1EZ,103644195212255,kingvik,2026-08-23T13:07:01.919000+00:00,Rwanda,30.301026207353,-1.8942523395098,0.0132
1289934503099597,6uVk8ngFAMrGL24sXxW1EZ,103644195212255,kingvik,2026-08-23T13:06:44.355000+00:00,Rwanda,30.299063590909,-1.8927699206061,0.0122
1298396762233164,6uVk8ngFAMrGL24sXxW1EZ,103644195212255,kingvik,2026-08-23T13:08:37.861000+00:00,Rwanda,30.30825667697,-1.9051567472727,0.0125
1313144437361600,6uVk8ngFAMrGL24sXxW1EZ,103644195212255,kingvik,2026-08-23T13:08:01.150000+00:00,Rwanda,30.305320183333,-1.9014757111111,0.0126
1358051916538170,6uVk8ngFAMrGL24sXxW1EZ,103644195212255,kingvik,2026-08-23T13:08:31.200000+00:00,Rwanda,30.307704791111,-1.9044848584848,0.0122
1358110326485652,6uVk8ngFAMrGL24sXxW1EZ,103644195212255,kingvik,2026-08-23T13:07:14.424000+00:00,Rwanda,30.30187505798,-1.8957605829293,0.0134
1360357155774890,6uVk8ngFAMrGL24sXxW1EZ,103644195212255,kingvik,2026-08-23T13:07:40.280000+00:00,Rwanda,30.303401894949,-1.8992507252525,0.0131
1363968822126500,6uVk8ngFAMrGL24sXxW1EZ,103644195212255,kingvik,2026-08-23T13:09:02.913000+00:00,Rwanda,30.309940907753,-1.9077775314033,0.0124
1370790248599918,6uVk8ngFAMrGL24sXxW1EZ,103644195212255,kingvik,2026-08-23T13:06:35.210000+00:00,Rwanda,30.297987663333,-1.8921584133333,0.0125
1371457401837947,6uVk8ngFAMrGL24sXxW1EZ,103644195212255,kingvik,2026-08-23T13:06:37.712000+00:00,Rwanda,30.298281032121,-1.8923204527273,0.0128
1373122364379732,6uVk8ngFAMrGL24sXxW1EZ,103644195212255,kingvik,2026-08-23T13:07:20.267000+00:00,Rwanda,30.302204626667,-1.896532614902,0.0136
1380762363684893,6uVk8ngFAMrGL24sXxW1EZ,103644195212255,kingvik,2026-08-23T13:07:23.569000+00:00,Rwanda,30.302395365455,-1.8969820926263,0.0132
1382858260488436,6uVk8ngFAMrGL24sXxW1EZ,103644195212255,kingvik,2026-08-23T13:07:56.143000+00:00,Rwanda,30.304870520606,-1.9009785448485,0.0132
1384283653130677,6uVk8ngFAMrGL24sXxW1EZ,103644195212255,kingvik,2026-08-23T13:08:13.688000+00:00,Rwanda,30.306322207549,-1.9027267854902,0.0115
1385472670447670,6uVk8ngFAMrGL24sXxW1EZ,103644195212255,kingvik,2026-08-23T13:07:06.926000+00:00,Rwanda,30.301426963003,-1.8948208093229,0.0131
1386129713657858,6uVk8ngFAMrGL24sXxW1EZ,103644195212255,kingvik,2026-08-23T13:07:35.275000+00:00,Rwanda,30.30309270303,-1.8985787860606,0.0132
1406185754947811,6uVk8ngFAMrGL24sXxW1EZ,103644195212255,kingvik,2026-08-23T13:06:55.220000+00:00,Rwanda,30.300361379784,-1.8935834148184,0.0136
1411498644174318,6uVk8ngFAMrGL24sXxW1EZ,103644195212255,kingvik,2026-08-23T13:07:02.761000+00:00,Rwanda,30.30110025905,-1.8943429957533,0.013
1413074094261155,6uVk8ngFAMrGL24sXxW1EZ,103644195212255,kingvik,2026-08-23T13:09:13.725000+00:00,Rwanda,30.31047029899,-1.9091536767677,0.0124
1415117627200690,6uVk8ngFAMrGL24sXxW1EZ,103644195212255,kingvik,2026-08-23T13:08:02.792000+00:00,Rwanda,30.305458648871,-1.9016409322866,0.0116
1416066700642827,6uVk8ngFAMrGL24sXxW1EZ,103644195212255,kingvik,2026-08-23T13:06:46.858000+00:00,Rwanda,30.299367553387,-1.8929419465116,0.0124
1416438913763708,6uVk8ngFAMrGL24sXxW1EZ,103644195212255,kingvik,2026-08-23T13:06:56.061000+00:00,Rwanda,30.300454294141,-1.8936600961616,0.0134
1417248870319586,6uVk8ngFAMrGL24sXxW1EZ,103644195212255,kingvik,2026-08-23T13:08:19.494000+00:00,Rwanda,30.306772241818,-1.9033006781818,0.0112
1418566936864257,6uVk8ngFAMrGL24sXxW1EZ,103644195212255,kingvik,2026-08-23T13:08:10.352000+00:00,Rwanda,30.306065549697,-1.9023992286869,0.0121
1419383563368691,6uVk8ngFAMrGL24sXxW1EZ,103644195212255,kingvik,2026-08-23T13:07:49.483000+00:00,Rwanda,30.304228815152,-1.9002886206061,0.0134
1419951196740972,6uVk8ngFAMrGL24sXxW1EZ,103644195212255,kingvik,2026-08-23T13:06:34.354000+00:00,Rwanda,30.297889649755,-1.892103892051,0.0115
1426094989368515,6uVk8ngFAMrGL24sXxW1EZ,103644195212255,kingvik,2026-08-23T13:09:29.627000+00:00,Rwanda,30.311894514545,-1.9108994847475,0.0137
1427051389343641,6uVk8ngFAMrGL24sXxW1EZ,103644195212255,kingvik,2026-08-23T13:09:06.216000+00:00,Rwanda,30.310049892727,-1.9082124245455,0.0122
1427700049213957,6uVk8ngFAMrGL24sXxW1EZ,103644195212255,kingvik,2026-08-23T13:09:19.580000+00:00,Rwanda,30.310907538182,-1.9098397236364,0.0136
1436778094969357,6uVk8ngFAMrGL24sXxW1EZ,103644195212255,kingvik,2026-08-23T13:08:55.405000+00:00,Rwanda,30.309739161569,-1.9068116011765,0.0117
1447332760785048,6uVk8ngFAMrGL24sXxW1EZ,103644195212255,kingvik,2026-08-23T13:07:31.138000+00:00,Rwanda,30.30284279596,-1.8980152484848,0.0143
1492520629301267,6uVk8ngFAMrGL24sXxW1EZ,103644195212255,kingvik,2026-08-23T13:09:22.083000+00:00,Rwanda,30.311130678182,-1.910119070303,0.0138
1510849184391374,6uVk8ngFAMrGL24sXxW1EZ,103644195212255,kingvik,2026-08-23T13:08:52.071000+00:00,Rwanda,30.309557529495,-1.9064300574747,0.0121
1525330139278934,6uVk8ngFAMrGL24sXxW1EZ,103644195212255,kingvik,2026-08-23T13:06:17.643000+00:00,Rwanda,30.295865772549,-1.891400052451,0.0116
1529385595157623,6uVk8ngFAMrGL24sXxW1EZ,103644195212255,kingvik,2026-08-23T13:09:03.713000+00:00,Rwanda,30.309962004848,-1.9078834042424,0.012
1534806871292927,6uVk8ngFAMrGL24sXxW1EZ,103644195212255,kingvik,2026-08-23T13:08:14.488000+00:00,Rwanda,30.306384103438,-1.9028055467139,0.0111
1541171391358119,6uVk8ngFAMrGL24sXxW1EZ,103644195212255,kingvik,2026-08-23T13:06:46.059000+00:00,Rwanda,30.299270387059,-1.8928868129412,0.013
1546452253469814,6uVk8ngFAMrGL24sXxW1EZ,103644195212255,kingvik,2026-08-23T13:09:22.928000+00:00,Rwanda,30.311210544085,-1.9102105826087,0.0135
1546472393622514,6uVk8ngFAMrGL24sXxW1EZ,103644195212255,kingvik,2026-08-23T13:06:33.558000+00:00,Rwanda,30.297799636364,-1.8920528474747,0.0123
1547707293070693,6uVk8ngFAMrGL24sXxW1EZ,103644195212255,kingvik,2026-08-23T13:09:27.125000+00:00,Rwanda,30.31163690101,-1.9106413727273,0.0136
1548486450094999,6uVk8ngFAMrGL24sXxW1EZ,103644195212255,kingvik,2026-08-23T13:06:40.216000+00:00,Rwanda,30.298572330909,-1.8924915143434,0.0129
1550932099440802,6uVk8ngFAMrGL24sXxW1EZ,103644195212255,kingvik,2026-08-23T13:06:41.054000+00:00,Rwanda,30.298671696765,-1.8925484394118,0.0127
1564881321779605,6uVk8ngFAMrGL24sXxW1EZ,103644195212255,kingvik,2026-08-23T13:07:26.940000+00:00,Rwanda,30.302596674242,-1.8974385232323,0.0143
1568297104200705,6uVk8ngFAMrGL24sXxW1EZ,103644195212255,kingvik,2026-08-23T13:06:16.005000+00:00,Rwanda,30.295649993824,-1.8914038608824,0.0125
1573370161190914,6uVk8ngFAMrGL24sXxW1EZ,103644195212255,kingvik,2026-08-23T13:06:32.706000+00:00,Rwanda,30.29770386899,-1.8919978448485,0.0123
1579743817129231,6uVk8ngFAMrGL24sXxW1EZ,103644195212255,kingvik,2026-08-23T13:07:21.934000+00:00,Rwanda,30.302299316364,-1.89675922,0.0143
1580749350388404,6uVk8ngFAMrGL24sXxW1EZ,103644195212255,kingvik,2026-08-23T13:06:52.717000+00:00,Rwanda,30.30007145549,-1.8933702562745,0.0135
1582091819986074,6uVk8ngFAMrGL24sXxW1EZ,103644195212255,kingvik,2026-08-23T13:07:56.992000+00:00,Rwanda,30.304949482727,-1.9010633275758,0.0129
1582761750051248,6uVk8ngFAMrGL24sXxW1EZ,103644195212255,kingvik,2026-08-23T13:06:18.496000+00:00,Rwanda,30.295978231041,-1.8914047093023,0.0125
1583605349963972,6uVk8ngFAMrGL24sXxW1EZ,103644195212255,kingvik,2026-08-23T13:07:15.275000+00:00,Rwanda,30.301922516481,-1.8958708132457,0.0133
1589918749245740,6uVk8ngFAMrGL24sXxW1EZ,103644195212255,kingvik,2026-08-23T13:06:21.853000+00:00,Rwanda,30.29641765,-1.8914584933333,0.0125
1590372125952126,6uVk8ngFAMrGL24sXxW1EZ,103644195212255,kingvik,2026-08-23T13:06:11.842000+00:00,Rwanda,30.295108026061,-1.8914736891919,0.0121
1597713928810748,6uVk8ngFAMrGL24sXxW1EZ,103644195212255,kingvik,2026-08-23T13:08:32.009000+00:00,Rwanda,30.307769490909,-1.9045683727273,0.0117
1597996038707899,6uVk8ngFAMrGL24sXxW1EZ,103644195212255,kingvik,2026-08-23T13:06:19.350000+00:00,Rwanda,30.296091032727,-1.8914132109091,0.0126
1599474905235278,6uVk8ngFAMrGL24sXxW1EZ,103644195212255,kingvik,2026-08-23T13:06:36.062000+00:00,Rwanda,30.29808772,-1.8922124933333,0.0126
1600790164831628,6uVk8ngFAMrGL24sXxW1EZ,103644195212255,kingvik,2026-08-23T13:08:20.366000+00:00,Rwanda,30.306840165152,-1.9033879363636,0.0123
1603224741448747,6uVk8ngFAMrGL24sXxW1EZ,103644195212255,kingvik,2026-08-23T13:07:53.640000+00:00,Rwanda,30.30463422,-1.90072314,0.0135
1603440984737107,6uVk8ngFAMrGL24sXxW1EZ,103644195212255,kingvik,2026-08-23T13:06:59.432000+00:00,Rwanda,30.300797893428,-1.8939904228514,0.0136
1605159807932259,6uVk8ngFAMrGL24sXxW1EZ,103644195212255,kingvik,2026-08-23T13:08:40.365000+00:00,Rwanda,30.308483507677,-1.9053894191919,0.0124
1607904950699279,6uVk8ngFAMrGL24sXxW1EZ,103644195212255,kingvik,2026-08-23T13:09:17.077000+00:00,Rwanda,30.310710125758,-1.9095498333333,0.0133
1609938504088444,6uVk8ngFAMrGL24sXxW1EZ,103644195212255,kingvik,2026-08-23T13:08:03.653000+00:00,Rwanda,30.305528290909,-1.9017297321212,0.0125
1621539639327930,6uVk8ngFAMrGL24sXxW1EZ,103644195212255,kingvik,2026-08-23T13:09:07.074000+00:00,Rwanda,30.310082670658,-1.9083257439647,0.0131
1626306519012119,6uVk8ngFAMrGL24sXxW1EZ,103644195212255,kingvik,2026-08-23T13:09:07.910000+00:00,Rwanda,30.310119203232,-1.9084339151515,0.0127
1647962196894012,6uVk8ngFAMrGL24sXxW1EZ,103644195212255,kingvik,2026-08-23T13:06:26.858000+00:00,Rwanda,30.297036190303,-1.8916476642424,0.0122
1662126852581031,6uVk8ngFAMrGL24sXxW1EZ,103644195212255,kingvik,2026-08-23T13:09:26.280000+00:00,Rwanda,30.311549580991,-1.9105552682508,0.0139
1670951954362783,6uVk8ngFAMrGL24sXxW1EZ,103644195212255,kingvik,2026-08-23T13:08:45.408000+00:00,Rwanda,30.30896872,-1.9058191686869,0.0121
1680606026362977,6uVk8ngFAMrGL24sXxW1EZ,103644195212255,kingvik,2026-08-23T13:08:43.714000+00:00,Rwanda,30.308801402626,-1.9056774170707,0.0121
1702748454536000,6uVk8ngFAMrGL24sXxW1EZ,103644195212255,kingvik,2026-08-23T13:08:52.901000+00:00,Rwanda,30.30961144902,-1.9065201901961,0.0117
1709842334481268,6uVk8ngFAMrGL24sXxW1EZ,103644195212255,kingvik,2026-08-23T13:06:49.361000+00:00,Rwanda,30.299670331111,-1.8931165911111,0.0126
1716865352762493,6uVk8ngFAMrGL24sXxW1EZ,103644195212255,kingvik,2026-08-23T13:07:11.064000+00:00,Rwanda,30.301687008047,-1.8953304771344,0.0122
1717053746075857,6uVk8ngFAMrGL24sXxW1EZ,103644195212255,kingvik,2026-08-23T13:09:11.222000+00:00,Rwanda,30.310302484646,-1.9088521,0.0124
1717477816139693,6uVk8ngFAMrGL24sXxW1EZ,103644195212255,kingvik,2026-08-23T13:06:57.765000+00:00,Rwanda,30.300633084216,-1.8938233121569,0.0131
1745796683359608,6uVk8ngFAMrGL24sXxW1EZ,103644195212255,kingvik,2026-08-23T13:09:32.923000+00:00,Rwanda,30.31223227098,-1.9112435188235,0.0129
1746506649589681,6uVk8ngFAMrGL24sXxW1EZ,103644195212255,kingvik,2026-08-23T13:08:36.205000+00:00,Rwanda,30.308113753939,-1.9049949020202,0.0121
1748966102915222,6uVk8ngFAMrGL24sXxW1EZ,103644195212255,kingvik,2026-08-23T13:06:41.852000+00:00,Rwanda,30.298766920202,-1.8926019060606,0.0121
1752178739447609,6uVk8ngFAMrGL24sXxW1EZ,103644195212255,kingvik,2026-08-23T13:08:06.156000+00:00,Rwanda,30.305730474545,-1.9019842218182,0.0125
1755395628833457,6uVk8ngFAMrGL24sXxW1EZ,103644195212255,kingvik,2026-08-23T13:07:46.980000+00:00,Rwanda,30.303985817172,-1.9000236666667,0.0134
1756307575409531,6uVk8ngFAMrGL24sXxW1EZ,103644195212255,kingvik,2026-08-23T13:08:16.191000+00:00,Rwanda,30.306516088824,-1.9029744461765,0.0116
1756877092015138,6uVk8ngFAMrGL24sXxW1EZ,103644195212255,kingvik,2026-08-23T13:09:00.410000+00:00,Rwanda,30.309880032941,-1.9074479488235,0.0121
1758636602128632,6uVk8ngFAMrGL24sXxW1EZ,103644195212255,kingvik,2026-08-23T13:08:41.211000+00:00,Rwanda,30.308561479091,-1.9054648493939,0.0121
1762278741755059,6uVk8ngFAMrGL24sXxW1EZ,103644195212255,kingvik,2026-08-23T13:06:28.553000+00:00,Rwanda,30.29723412,-1.8917387966667,0.012
1763538921624693,6uVk8ngFAMrGL24sXxW1EZ,103644195212255,kingvik,2026-08-23T13:09:37.136000+00:00,Rwanda,30.312665928485,-1.9116697260606,0.0134
1764677671543535,6uVk8ngFAMrGL24sXxW1EZ,103644195212255,kingvik,2026-08-23T13:09:15.419000+00:00,Rwanda,30.310590561414,-1.9093542071717,0.0128
1772619707208701,6uVk8ngFAMrGL24sXxW1EZ,103644195212255,kingvik,2026-08-23T13:07:19.431000+00:00,Rwanda,30.302157936364,-1.8964193136364,0.0139
1784392806321992,6uVk8ngFAMrGL24sXxW1EZ,103644195212255,kingvik,2026-08-23T13:06:43.556000+00:00,Rwanda,30.298968159078,-1.8927160277723,0.0126
1786087296143613,6uVk8ngFAMrGL24sXxW1EZ,103644195212255,kingvik,2026-08-23T13:08:49.568000+00:00,Rwanda,30.309364710606,-1.906178730303,0.0123
1794503471914944,6uVk8ngFAMrGL24sXxW1EZ,103644195212255,kingvik,2026-08-23T13:09:16.212000+00:00,Rwanda,30.310647075294,-1.9094481194118,0.0122
1806522433683005,6uVk8ngFAMrGL24sXxW1EZ,103644195212255,kingvik,2026-08-23T13:08:00.289000+00:00,Rwanda,30.305245368235,-1.9013903741176,0.0117
1809802110433292,6uVk8ngFAMrGL24sXxW1EZ,103644195212255,kingvik,2026-08-23T13:07:17.778000+00:00,Rwanda,30.302064267879,-1.8961982868687,0.0135
1814532163297734,6uVk8ngFAMrGL24sXxW1EZ,103644195212255,kingvik,2026-08-23T13:08:16.991000+00:00,Rwanda,30.306577976768,-1.90305364,0.0112
1820927919260895,6uVk8ngFAMrGL24sXxW1EZ,103644195212255,kingvik,2026-08-23T13:07:52.780000+00:00,Rwanda,30.304551536078,-1.9006337419608,0.0126
1830091495090733,6uVk8ngFAMrGL24sXxW1EZ,103644195212255,kingvik,2026-08-23T13:07:51.986000+00:00,Rwanda,30.304474408687,-1.900550500404,0.0135
1832827468091021,6uVk8ngFAMrGL24sXxW1EZ,103644195212255,kingvik,2026-08-23T13:07:00.268000+00:00,Rwanda,30.300877287353,-1.8940767891176,0.013
1842124756753036,6uVk8ngFAMrGL24sXxW1EZ,103644195212255,kingvik,2026-08-23T13:09:35.426000+00:00,Rwanda,30.31249085211,-1.9114978083415,0.0128
1847738129932698,6uVk8ngFAMrGL24sXxW1EZ,103644195212255,kingvik,2026-08-23T13:08:12.856000+00:00,Rwanda,30.306258321818,-1.9026453381818,0.0119
1919004972414594,6uVk8ngFAMrGL24sXxW1EZ,103644195212255,kingvik,2026-08-23T13:06:16.847000+00:00,Rwanda,30.295761081414,-1.8913999248485,0.0124
1920619905276234,6uVk8ngFAMrGL24sXxW1EZ,103644195212255,kingvik,2026-08-23T13:07:27.775000+00:00,Rwanda,30.302647537684,-1.8975516060844,0.0138
1940090413340918,6uVk8ngFAMrGL24sXxW1EZ,103644195212255,kingvik,2026-08-23T13:07:34.475000+00:00,Rwanda,30.303043659274,-1.8984706034347,0.0138
1940209243328258,6uVk8ngFAMrGL24sXxW1EZ,103644195212255,kingvik,2026-08-23T13:07:37.777000+00:00,Rwanda,30.303242454545,-1.8989173115152,0.0132
1955028775883888,6uVk8ngFAMrGL24sXxW1EZ,103644195212255,kingvik,2026-08-23T13:08:06.989000+00:00,Rwanda,30.305798178803,-1.9020672438665,0.0119
1966295417415904,6uVk8ngFAMrGL24sXxW1EZ,103644195212255,kingvik,2026-08-23T13:08:23.691000+00:00,Rwanda,30.30710299798,-1.9037195769697,0.0119
1966823744164515,6uVk8ngFAMrGL24sXxW1EZ,103644195212255,kingvik,2026-08-23T13:09:25.415000+00:00,Rwanda,30.311459768529,-1.9104676379412,0.0133
1990297135008692,6uVk8ngFAMrGL24sXxW1EZ,103644195212255,kingvik,2026-08-23T13:08:57.078000+00:00,Rwanda,30.309796445455,-1.9070189866667,0.0125
1996699527675541,6uVk8ngFAMrGL24sXxW1EZ,103644195212255,kingvik,2026-08-23T13:07:26.071000+00:00,Rwanda,30.302544920202,-1.8973207450505,0.0131
2001156163937813,6uVk8ngFAMrGL24sXxW1EZ,103644195212255,kingvik,2026-08-23T13:06:36.857000+00:00,Rwanda,30.298181213039,-1.8922637358824,0.0119
2011580372860083,6uVk8ngFAMrGL24sXxW1EZ,103644195212255,kingvik,2026-08-23T13:07:41.150000+00:00,Rwanda,30.303464122424,-1.8993620818182,0.0142
2015010915811659,6uVk8ngFAMrGL24sXxW1EZ,103644195212255,kingvik,2026-08-23T13:07:08.575000+00:00,Rwanda,30.301536320909,-1.8950206645455,0.0124
2052348162074818,6uVk8ngFAMrGL24sXxW1EZ,103644195212255,kingvik,2026-08-23T13:07:06.072000+00:00,Rwanda,30.301367259091,-1.8947187545455,0.0125
2061428777802153,6uVk8ngFAMrGL24sXxW1EZ,103644195212255,kingvik,2026-08-23T13:07:58.646000+00:00,Rwanda,30.305099597068,-1.9012276054601,0.0128
2070616203566577,6uVk8ngFAMrGL24sXxW1EZ,103644195212255,kingvik,2026-08-23T13:07:25.272000+00:00,Rwanda,30.302497112941,-1.8972126879412,0.0137
2076442389899562,6uVk8ngFAMrGL24sXxW1EZ,103644195212255,kingvik,2026-08-23T13:07:36.978000+00:00,Rwanda,30.303194787255,-1.8988089872549,0.0137
2081146449148738,6uVk8ngFAMrGL24sXxW1EZ,103644195212255,kingvik,2026-08-23T13:08:59.581000+00:00,Rwanda,30.309860986869,-1.9073404424242,0.0128
2090787861833250,6uVk8ngFAMrGL24sXxW1EZ,103644195212255,kingvik,2026-08-23T13:07:29.484000+00:00,Rwanda,30.302749890303,-1.8977857606061,0.0142
2091943654727713,6uVk8ngFAMrGL24sXxW1EZ,103644195212255,kingvik,2026-08-23T13:06:56.929000+00:00,Rwanda,30.300547166061,-1.8937420575758,0.0138
2096097574338754,6uVk8ngFAMrGL24sXxW1EZ,103644195212255,kingvik,2026-08-23T13:06:20.146000+00:00,Rwanda,30.296195661961,-1.8914244846078,0.0117
2124464518423947,6uVk8ngFAMrGL24sXxW1EZ,103644195212255,kingvik,2026-08-23T13:09:10.413000+00:00,Rwanda,30.310253627503,-1.908751606269,0.0129
2133956310527947,6uVk8ngFAMrGL24sXxW1EZ,103644195212255,kingvik,2026-08-23T13:08:58.708000+00:00,Rwanda,30.309839297677,-1.9072275143434,0.0117
2149454362302256,6uVk8ngFAMrGL24sXxW1EZ,103644195212255,kingvik,2026-08-23T13:09:09.577000+00:00,Rwanda,30.310205707647,-1.9086464223529,0.0132
2159183714661194,6uVk8ngFAMrGL24sXxW1EZ,103644195212255,kingvik,2026-08-23T13:08:27.859000+00:00,Rwanda,30.30743406098,-1.9041409519608,0.0123
2176079839977250,6uVk8ngFAMrGL24sXxW1EZ,103644195212255,kingvik,2026-08-23T13:06:29.362000+00:00,Rwanda,30.29732642,-1.8917863911111,0.0115
2228792604628258,6uVk8ngFAMrGL24sXxW1EZ,103644195212255,kingvik,2026-08-23T13:09:12.080000+00:00,Rwanda,30.310357467255,-1.9089568447059,0.0132
2257970681723912,6uVk8ngFAMrGL24sXxW1EZ,103644195212255,kingvik,2026-08-23T13:07:07.767000+00:00,Rwanda,30.301483701818,-1.8949220571717,0.0129
2276861859793074,6uVk8ngFAMrGL24sXxW1EZ,103644195212255,kingvik,2026-08-23T13:07:57.786000+00:00,Rwanda,30.30502225098,-1.9011422627451,0.0119
2308978079910626,6uVk8ngFAMrGL24sXxW1EZ,103644195212255,kingvik,2026-08-23T13:07:54.488000+00:00,Rwanda,30.3047149,-1.9008107944444,0.0132
2325291817877649,6uVk8ngFAMrGL24sXxW1EZ,103644195212255,kingvik,2026-08-23T13:07:50.278000+00:00,Rwanda,30.304306854171,-1.9003719033366,0.0127
2372812846856441,6uVk8ngFAMrGL24sXxW1EZ,103644195212255,kingvik,2026-08-23T13:08:38.708000+00:00,Rwanda,30.308332636061,-1.9052367515152,0.0123
2389151811860383,6uVk8ngFAMrGL24sXxW1EZ,103644195212255,kingvik,2026-08-23T13:08:57.907000+00:00,Rwanda,30.309818989205,-1.907124707949,0.012
2400533053805633,6uVk8ngFAMrGL24sXxW1EZ,103644195212255,kingvik,2026-08-23T13:07:45.286000+00:00,Rwanda,30.303825531717,-1.8998395935354,0.0131
2452259065297236,6uVk8ngFAMrGL24sXxW1EZ,103644195212255,kingvik,2026-08-23T13:07:36.144000+00:00,Rwanda,30.303145212222,-1.8986961136364,0.0143
2467404233741769,6uVk8ngFAMrGL24sXxW1EZ,103644195212255,kingvik,2026-08-23T13:07:22.770000+00:00,Rwanda,30.302348569284,-1.8968731675172,0.0138
2519869281773029,6uVk8ngFAMrGL24sXxW1EZ,103644195212255,kingvik,2026-08-23T13:06:10.999000+00:00,Rwanda,30.295001476349,-1.8914975284593,0.0123
2539765403192873,6uVk8ngFAMrGL24sXxW1EZ,103644195212255,kingvik,2026-08-23T13:06:22.649000+00:00,Rwanda,30.2965195316,-1.8914798668302,0.0116
2553933455112279,6uVk8ngFAMrGL24sXxW1EZ,103644195212255,kingvik,2026-08-23T13:09:04.588000+00:00,Rwanda,30.309988425758,-1.9079992321212,0.0132
2623046714796403,6uVk8ngFAMrGL24sXxW1EZ,103644195212255,kingvik,2026-08-23T13:07:24.438000+00:00,Rwanda,30.302446871313,-1.8970998937374,0.0143
2852136501823145,6uVk8ngFAMrGL24sXxW1EZ,103644195212255,kingvik,2026-08-23T13:09:37.466000+00:00,Rwanda,30.31269945,-1.91170305,0.0053
2854585388259273,6uVk8ngFAMrGL24sXxW1EZ,103644195212255,kingvik,2026-08-23T13:09:14.583000+00:00,Rwanda,30.310531244946,-1.9092552839058,0.0132
2895297507597612,6uVk8ngFAMrGL24sXxW1EZ,103644195212255,kingvik,2026-08-23T13:07:41.983000+00:00,Rwanda,30.303528029804,-1.8994648545098,0.0135
2938786909624870,6uVk8ngFAMrGL24sXxW1EZ,103644195212255,kingvik,2026-08-23T13:08:17.862000+00:00,Rwanda,30.306645292525,-1.9031393472727,0.0121
2942248412791924,6uVk8ngFAMrGL24sXxW1EZ,103644195212255,kingvik,2026-08-23T13:08:39.502000+00:00,Rwanda,30.308404723258,-1.9053104513248,0.0115
2952849395066619,6uVk8ngFAMrGL24sXxW1EZ,103644195212255,kingvik,2026-08-23T13:07:16.070000+00:00,Rwanda,30.301967247059,-1.8959742529412,0.0125
2991482617849698,6uVk8ngFAMrGL24sXxW1EZ,103644195212255,kingvik,2026-08-23T13:06:30.214000+00:00,Rwanda,30.297423214314,-1.8918383077451,0.0122
3071162503090204,6uVk8ngFAMrGL24sXxW1EZ,103644195212255,kingvik,2026-08-23T13:06:25.151000+00:00,Rwanda,30.296830584706,-1.8915691482353,0.0114
3246412872212816,6uVk8ngFAMrGL24sXxW1EZ,103644195212255,kingvik,2026-08-23T13:08:21.996000+00:00,Rwanda,30.306969122727,-1.9035502863636,0.0113
3438461729694478,6uVk8ngFAMrGL24sXxW1EZ,103644195212255,kingvik,2026-08-23T13:09:18.715000+00:00,Rwanda,30.310836406084,-1.9097406038273,0.0124
3500273106808943,6uVk8ngFAMrGL24sXxW1EZ,103644195212255,kingvik,2026-08-23T13:08:27.003000+00:00,Rwanda,30.307364565217,-1.9040547165824,0.0116
3552982454862284,6uVk8ngFAMrGL24sXxW1EZ,103644195212255,kingvik,2026-08-23T13:09:36.293000+00:00,Rwanda,30.312580048788,-1.9115848615152,0.0139
3596011690563935,6uVk8ngFAMrGL24sXxW1EZ,103644195212255,kingvik,2026-08-23T13:07:39.481000+00:00,Rwanda,30.303348561335,-1.8991458265947,0.0137
4118107168325579,6uVk8ngFAMrGL24sXxW1EZ,103644195212255,kingvik,2026-08-23T13:06:54.367000+00:00,Rwanda,30.30026483798,-1.8935084513131,0.0129
4142307699233310,6uVk8ngFAMrGL24sXxW1EZ,103644195212255,kingvik,2026-08-23T13:08:53.701000+00:00,Rwanda,30.309658778182,-1.9066102327273,0.0113
4242776795854037,6uVk8ngFAMrGL24sXxW1EZ,103644195212255,kingvik,2026-08-23T13:08:47.911000+00:00,Rwanda,30.309214310303,-1.9060293657576,0.0121
4322166858002603,6uVk8ngFAMrGL24sXxW1EZ,103644195212255,kingvik,2026-08-23T13:06:14.344000+00:00,Rwanda,30.295430966667,-1.8914209777778,0.0123
4443506185903824,6uVk8ngFAMrGL24sXxW1EZ,103644195212255,kingvik,2026-08-23T13:08:48.705000+00:00,Rwanda,30.309287842745,-1.9060994537255,0.0113
4453480698240795,6uVk8ngFAMrGL24sXxW1EZ,103644195212255,kingvik,2026-08-23T13:07:59.495000+00:00,Rwanda,30.305175186465,-1.90131164,0.0126
4511222512467374,6uVk8ngFAMrGL24sXxW1EZ,103644195212255,kingvik,2026-08-23T13:07:38.647000+00:00,Rwanda,30.303295609293,-1.8990345777778,0.0143
4545900152398510,6uVk8ngFAMrGL24sXxW1EZ,103644195212255,kingvik,2026-08-23T13:06:10.147000+00:00,Rwanda,30.294893854949,-1.8915224375758,0.0239
4548446252106835,6uVk8ngFAMrGL24sXxW1EZ,103644195212255,kingvik,2026-08-23T13:09:34.633000+00:00,Rwanda,30.312408233333,-1.9114181,0.0136
4793477504213155,6uVk8ngFAMrGL24sXxW1EZ,103644195212255,kingvik,2026-08-23T13:08:36.999000+00:00,Rwanda,30.308180891176,-1.9050735240196,0.0115
4874756116077644,6uVk8ngFAMrGL24sXxW1EZ,103644195212255,kingvik,2026-08-23T13:08:56.205000+00:00,Rwanda,30.309768887374,-1.9069096631313,0.0114
5010475662512503,6uVk8ngFAMrGL24sXxW1EZ,103644195212255,kingvik,2026-08-23T13:06:47.710000+00:00,Rwanda,30.299470376176,-1.8930008076471,0.0132
27515993601430810,6uVk8ngFAMrGL24sXxW1EZ,103644195212255,kingvik,2026-08-23T13:07:28.634000+00:00,Rwanda,30.302700088485,-1.8976686139394,0.0143
27593153907034320,6uVk8ngFAMrGL24sXxW1EZ,103644195212255,kingvik,2026-08-23T13:06:50.214000+00:00,Rwanda,30.299773269578,-1.8931783815505,0.0133
27639091519125169,6uVk8ngFAMrGL24sXxW1EZ,103644195212255,kingvik,2026-08-23T13:08:30.362000+00:00,Rwanda,30.307637234053,-1.9043980364082,0.0125
27727334310298875,6uVk8ngFAMrGL24sXxW1EZ,103644195212255,kingvik,2026-08-23T13:09:23.721000+00:00,Rwanda,30.31128787451,-1.9102941735294,0.0127
27761086886924067,6uVk8ngFAMrGL24sXxW1EZ,103644195212255,kingvik,2026-08-23T13:08:11.200000+00:00,Rwanda,30.30613203003,-1.9024826823054,0.0119
27939232445745910,6uVk8ngFAMrGL24sXxW1EZ,103644195212255,kingvik,2026-08-23T13:06:31.056000+00:00,Rwanda,30.297518552679,-1.8918911979778,0.0121
28001599072802053,6uVk8ngFAMrGL24sXxW1EZ,103644195212255,kingvik,2026-08-23T13:07:05.263000+00:00,Rwanda,30.301307389495,-1.8946233371717,0.0131
28048534261478840,6uVk8ngFAMrGL24sXxW1EZ,103644195212255,kingvik,2026-08-23T13:06:38.564000+00:00,Rwanda,30.298379850505,-1.8923785186869,0.0127
28059020377098449,6uVk8ngFAMrGL24sXxW1EZ,103644195212255,kingvik,2026-08-23T13:06:51.055000+00:00,Rwanda,30.299874547879,-1.8932405539394,0.0132
28148002834819731,6uVk8ngFAMrGL24sXxW1EZ,103644195212255,kingvik,2026-08-23T13:08:05.285000+00:00,Rwanda,30.30565948101,-1.9018966513131,0.0115
28190409853931965,6uVk8ngFAMrGL24sXxW1EZ,103644195212255,kingvik,2026-08-23T13:08:22.852000+00:00,Rwanda,30.307036655839,-1.903635566634,0.0121
28430975003204326,6uVk8ngFAMrGL24sXxW1EZ,103644195212255,kingvik,2026-08-23T13:07:55.283000+00:00,Rwanda,30.304789819921,-1.9008918865554,0.0123
28611323961807879,6uVk8ngFAMrGL24sXxW1EZ,103644195212255,kingvik,2026-08-23T13:09:20.425000+00:00,Rwanda,30.310980356566,-1.909935059596,0.0133
888637924082644,vIJ0lw54EW32oCUfTszRyu,103644195212255,kingvik,2026-08-23T13:29:42.222000+00:00,Rwanda,30.420151997778,-1.94593246,0.0078
894053890231231,vIJ0lw54EW32oCUfTszRyu,103644195212255,kingvik,2026-08-23T13:28:06.928000+00:00,Rwanda,30.410419962626,-1.9411191292929,0.0063
899879386188044,vIJ0lw54EW32oCUfTszRyu,103644195212255,kingvik,2026-08-23T13:29:38.417000+00:00,Rwanda,30.419861593039,-1.9454813994118,0.008
901995895962729,vIJ0lw54EW32oCUfTszRyu,103644195212255,kingvik,2026-08-23T13:29:54.728000+00:00,Rwanda,30.42124519,-1.9472255872549,0.0072
903699092425224,vIJ0lw54EW32oCUfTszRyu,103644195212255,kingvik,2026-08-23T13:29:21.997000+00:00,Rwanda,30.418860368959,-1.9433033138524,0.0067
907528005440928,vIJ0lw54EW32oCUfTszRyu,103644195212255,kingvik,2026-08-23T13:29:00.989000+00:00,Rwanda,30.417533714118,-1.9406052252941,0.0068
914967611221088,vIJ0lw54EW32oCUfTszRyu,103644195212255,kingvik,2026-08-23T13:28:02.929000+00:00,Rwanda,30.409905167321,-1.9413226403337,0.0062
920259617296499,vIJ0lw54EW32oCUfTszRyu,103644195212255,kingvik,2026-08-23T13:29:52.229000+00:00,Rwanda,30.42101378,-1.9469923752941,0.0074
921392171025193,vIJ0lw54EW32oCUfTszRyu,103644195212255,kingvik,2026-08-23T13:29:43.724000+00:00,Rwanda,30.420272779192,-1.9461006467677,0.0077
924285656868847,vIJ0lw54EW32oCUfTszRyu,103644195212255,kingvik,2026-08-23T13:30:10.810000+00:00,Rwanda,30.422678550961,-1.9484941308392,0.0065
927526897097274,vIJ0lw54EW32oCUfTszRyu,103644195212255,kingvik,2026-08-23T13:28:26.244000+00:00,Rwanda,30.412936245294,-1.9405294270588,0.006
928617766952611,vIJ0lw54EW32oCUfTszRyu,103644195212255,kingvik,2026-08-23T13:28:16.237000+00:00,Rwanda,30.411641050442,-1.940777995682,0.0061
932608916555670,vIJ0lw54EW32oCUfTszRyu,103644195212255,kingvik,2026-08-23T13:30:06.836000+00:00,Rwanda,30.422311609091,-1.9481910272727,0.0061
936661152815888,vIJ0lw54EW32oCUfTszRyu,103644195212255,kingvik,2026-08-23T13:29:52.723000+00:00,Rwanda,30.421059071486,-1.9470398669363,0.0073
954560390998637,vIJ0lw54EW32oCUfTszRyu,103644195212255,kingvik,2026-08-23T13:28:25.436000+00:00,Rwanda,30.412830779798,-1.9405491624242,0.0058
955178940957436,vIJ0lw54EW32oCUfTszRyu,103644195212255,kingvik,2026-08-23T13:28:46.759000+00:00,Rwanda,30.415696968204,-1.9400139453386,0.0063
968647542921914,vIJ0lw54EW32oCUfTszRyu,103644195212255,kingvik,2026-08-23T13:29:25.810000+00:00,Rwanda,30.419065943867,-1.9438199370952,0.0082
1001156332949007,vIJ0lw54EW32oCUfTszRyu,103644195212255,kingvik,2026-08-23T13:28:40.668000+00:00,Rwanda,30.414837993621,-1.9401633101079,0.0065
1007073285688336,vIJ0lw54EW32oCUfTszRyu,103644195212255,kingvik,2026-08-23T13:28:23.043000+00:00,Rwanda,30.412521309912,-1.9406073433759,0.0059
1010888691917750,vIJ0lw54EW32oCUfTszRyu,103644195212255,kingvik,2026-08-23T13:29:59.729000+00:00,Rwanda,30.421701045602,-1.9476510163802,0.0056
1011005665275834,vIJ0lw54EW32oCUfTszRyu,103644195212255,kingvik,2026-08-23T13:30:09.841000+00:00,Rwanda,30.422585469161,-1.9484164738119,0.0069
1026338463560910,vIJ0lw54EW32oCUfTszRyu,103644195212255,kingvik,2026-08-23T13:29:32.811000+00:00,Rwanda,30.419469029525,-1.9447659925177,0.0083
1027955846775949,vIJ0lw54EW32oCUfTszRyu,103644195212255,kingvik,2026-08-23T13:28:38.655000+00:00,Rwanda,30.414563825025,-1.9402114900883,0.0061
1028504286676493,vIJ0lw54EW32oCUfTszRyu,103644195212255,kingvik,2026-08-23T13:28:37.050000+00:00,Rwanda,30.414350032727,-1.9402512018182,0.0061
1032908299744784,vIJ0lw54EW32oCUfTszRyu,103644195212255,kingvik,2026-08-23T13:28:02.120000+00:00,Rwanda,30.409801355713,-1.9413634480283,0.0062
1039226035686090,vIJ0lw54EW32oCUfTszRyu,103644195212255,kingvik,2026-08-23T13:29:21.101000+00:00,Rwanda,30.418811719616,-1.9431832883721,0.008
1040632691900903,vIJ0lw54EW32oCUfTszRyu,103644195212255,kingvik,2026-08-23T13:28:01.323000+00:00,Rwanda,30.409697420222,-1.9414013795753,0.0059
1040967642153740,vIJ0lw54EW32oCUfTszRyu,103644195212255,kingvik,2026-08-23T13:30:07.843000+00:00,Rwanda,30.422397226471,-1.9482675858824,0.0064
1041891012042554,vIJ0lw54EW32oCUfTszRyu,103644195212255,kingvik,2026-08-23T13:27:55.316000+00:00,Rwanda,30.408932059394,-1.9416676109091,0.0045
1042578338389157,vIJ0lw54EW32oCUfTszRyu,103644195212255,kingvik,2026-08-23T13:29:08.978000+00:00,Rwanda,30.418145948235,-1.9415864377451,0.0078
1042834485016393,vIJ0lw54EW32oCUfTszRyu,103644195212255,kingvik,2026-08-23T13:30:01.738000+00:00,Rwanda,30.421880717796,-1.9478081386249,0.0066
1043263568304631,vIJ0lw54EW32oCUfTszRyu,103644195212255,kingvik,2026-08-23T13:28:33.051000+00:00,Rwanda,30.413825282924,-1.9403566859666,0.0059
1043946665054414,vIJ0lw54EW32oCUfTszRyu,103644195212255,kingvik,2026-08-23T13:28:48.077000+00:00,Rwanda,30.415881377527,-1.9399975148184,0.0065
1044147048539848,vIJ0lw54EW32oCUfTszRyu,103644195212255,kingvik,2026-08-23T13:28:52.157000+00:00,Rwanda,30.416435885238,-1.9400328254803,0.007
1044293348514005,vIJ0lw54EW32oCUfTszRyu,103644195212255,kingvik,2026-08-23T13:28:15.833000+00:00,Rwanda,30.411587688485,-1.9407888751515,0.0061
1045075104962488,vIJ0lw54EW32oCUfTszRyu,103644195212255,kingvik,2026-08-23T13:28:48.960000+00:00,Rwanda,30.416006714762,-1.9399936241658,0.0064
1045375028257758,vIJ0lw54EW32oCUfTszRyu,103644195212255,kingvik,2026-08-23T13:29:48.722000+00:00,Rwanda,30.420697337715,-1.9466432282103,0.0075
1045548968117357,vIJ0lw54EW32oCUfTszRyu,103644195212255,kingvik,2026-08-23T13:29:57.732000+00:00,Rwanda,30.421520827184,-1.9474878229637,0.007
1045971094843551,vIJ0lw54EW32oCUfTszRyu,103644195212255,kingvik,2026-08-23T13:27:58.013000+00:00,Rwanda,30.409277826188,-1.9415484148635,0.0043
1046801288063601,vIJ0lw54EW32oCUfTszRyu,103644195212255,kingvik,2026-08-23T13:29:14.088000+00:00,Rwanda,30.418432769262,-1.9422623384226,0.0078
1046948864799139,vIJ0lw54EW32oCUfTszRyu,103644195212255,kingvik,2026-08-23T13:27:54.714000+00:00,Rwanda,30.408854725354,-1.9416937813131,0.006
1046974377944418,vIJ0lw54EW32oCUfTszRyu,103644195212255,kingvik,2026-08-23T13:30:05.333000+00:00,Rwanda,30.422188319818,-1.9480786676441,0.0061
1047139318301088,vIJ0lw54EW32oCUfTszRyu,103644195212255,kingvik,2026-08-23T13:28:52.577000+00:00,Rwanda,30.416489832963,-1.9400444597573,0.0061
1049524921388723,vIJ0lw54EW32oCUfTszRyu,103644195212255,kingvik,2026-08-23T13:28:53.979000+00:00,Rwanda,30.416675412032,-1.9400954549039,0.0065
1049662831224013,vIJ0lw54EW32oCUfTszRyu,103644195212255,kingvik,2026-08-23T13:29:14.576000+00:00,Rwanda,30.418458848938,-1.9423260037412,0.0076
1050569314510678,vIJ0lw54EW32oCUfTszRyu,103644195212255,kingvik,2026-08-23T13:29:48.227000+00:00,Rwanda,30.420653286765,-1.9465925267647,0.0076
1053239597478208,vIJ0lw54EW32oCUfTszRyu,103644195212255,kingvik,2026-08-23T13:27:54.314000+00:00,Rwanda,30.408803322952,-1.9417099939333,0.0
1054100294216748,vIJ0lw54EW32oCUfTszRyu,103644195212255,kingvik,2026-08-23T13:29:37.914000+00:00,Rwanda,30.419824315369,-1.9454196616785,0.0068
1056972223704388,vIJ0lw54EW32oCUfTszRyu,103644195212255,kingvik,2026-08-23T13:28:03.727000+00:00,Rwanda,30.410006582103,-1.9412829518706,0.0062
1059613050321322,vIJ0lw54EW32oCUfTszRyu,103644195212255,kingvik,2026-08-23T13:28:42.855000+00:00,Rwanda,30.415144697674,-1.9401079069767,0.0065
1061245819990087,vIJ0lw54EW32oCUfTszRyu,103644195212255,kingvik,2026-08-23T13:28:12.228000+00:00,Rwanda,30.411111047475,-1.9408950949495,0.0073
1066174452661846,vIJ0lw54EW32oCUfTszRyu,103644195212255,kingvik,2026-08-23T13:28:31.041000+00:00,Rwanda,30.413563362993,-1.940408617088,0.0058
1072127628899355,vIJ0lw54EW32oCUfTszRyu,103644195212255,kingvik,2026-08-23T13:29:04.287000+00:00,Rwanda,30.417845471891,-1.9409692604651,0.0082
1072547875186698,vIJ0lw54EW32oCUfTszRyu,103644195212255,kingvik,2026-08-23T13:28:56.781000+00:00,Rwanda,30.417040710108,-1.9402481393523,0.008
1073185108792639,vIJ0lw54EW32oCUfTszRyu,103644195212255,kingvik,2026-08-23T13:28:39.847000+00:00,Rwanda,30.414725376364,-1.9401830654545,0.0061
1073847285292104,vIJ0lw54EW32oCUfTszRyu,103644195212255,kingvik,2026-08-23T13:28:53.559000+00:00,Rwanda,30.416619383114,-1.9400789734075,0.0073
1074455041803229,vIJ0lw54EW32oCUfTszRyu,103644195212255,kingvik,2026-08-23T13:28:43.752000+00:00,Rwanda,30.415271483822,-1.9400839827098,0.0077
1075992758141636,vIJ0lw54EW32oCUfTszRyu,103644195212255,kingvik,2026-08-23T13:29:19.698000+00:00,Rwanda,30.418735181294,-1.9429990793731,0.0078
1077060821685104,vIJ0lw54EW32oCUfTszRyu,103644195212255,kingvik,2026-08-23T13:29:31.386000+00:00,Rwanda,30.419377734783,-1.9445771,0.0077
1078673244641371,vIJ0lw54EW32oCUfTszRyu,103644195212255,kingvik,2026-08-23T13:29:07.988000+00:00,Rwanda,30.418093851111,-1.9414532,0.0067
1079394631409967,vIJ0lw54EW32oCUfTszRyu,103644195212255,kingvik,2026-08-23T13:28:04.131000+00:00,Rwanda,30.410058430618,-1.9412627486752,0.0062
1079727854559981,vIJ0lw54EW32oCUfTszRyu,103644195212255,kingvik,2026-08-23T13:28:35.051000+00:00,Rwanda,30.414085307685,-1.940303250455,0.006
1080069644483233,vIJ0lw54EW32oCUfTszRyu,103644195212255,kingvik,2026-08-23T13:29:56.230000+00:00,Rwanda,30.421383377331,-1.9473587291462,0.0071
1085712917183232,vIJ0lw54EW32oCUfTszRyu,103644195212255,kingvik,2026-08-23T13:30:01.232000+00:00,Rwanda,30.421836156218,-1.9477688316481,0.0065
1086443463817531,vIJ0lw54EW32oCUfTszRyu,103644195212255,kingvik,2026-08-23T13:29:27.685000+00:00,Rwanda,30.419165730131,-1.9440774896866,0.008
1086772297199848,vIJ0lw54EW32oCUfTszRyu,103644195212255,kingvik,2026-08-23T13:28:39.050000+00:00,Rwanda,30.414617088687,-1.940202210101,0.006
1087098850563244,vIJ0lw54EW32oCUfTszRyu,103644195212255,kingvik,2026-08-23T13:28:38.252000+00:00,Rwanda,30.414509705758,-1.940221129697,0.0061
1091847046854929,vIJ0lw54EW32oCUfTszRyu,103644195212255,kingvik,2026-08-23T13:28:19.842000+00:00,Rwanda,30.412109408832,-1.9406872410206,0.0059
1095095199612620,vIJ0lw54EW32oCUfTszRyu,103644195212255,kingvik,2026-08-23T13:28:08.927000+00:00,Rwanda,30.410678915976,-1.9410215076845,0.006
1095466636470606,vIJ0lw54EW32oCUfTszRyu,103644195212255,kingvik,2026-08-23T13:29:35.615000+00:00,Rwanda,30.4196578273,-1.9451309042467,0.0083
1095522369569600,vIJ0lw54EW32oCUfTszRyu,103644195212255,kingvik,2026-08-23T13:29:44.721000+00:00,Rwanda,30.420355978788,-1.9462111272727,0.0076
1095915206524687,vIJ0lw54EW32oCUfTszRyu,103644195212255,kingvik,2026-08-23T13:27:56.010000+00:00,Rwanda,30.409021094338,-1.9416363293225,0.0045
1096007799625230,vIJ0lw54EW32oCUfTszRyu,103644195212255,kingvik,2026-08-23T13:29:29.984000+00:00,Rwanda,30.419294326188,-1.9443883510617,0.0077
1096299039673844,vIJ0lw54EW32oCUfTszRyu,103644195212255,kingvik,2026-08-23T13:27:59.114000+00:00,Rwanda,30.409420240202,-1.9414950070707,0.006
1096699119980375,vIJ0lw54EW32oCUfTszRyu,103644195212255,kingvik,2026-08-23T13:28:39.452000+00:00,Rwanda,30.414671707066,-1.9401926149166,0.0062
1098337616118266,vIJ0lw54EW32oCUfTszRyu,103644195212255,kingvik,2026-08-23T13:28:01.727000+00:00,Rwanda,30.409749523529,-1.9413835931373,0.0061
1098800989771516,vIJ0lw54EW32oCUfTszRyu,103644195212255,kingvik,2026-08-23T13:28:36.252000+00:00,Rwanda,30.414244049902,-1.9402711830392,0.0061
1103630472327022,vIJ0lw54EW32oCUfTszRyu,103644195212255,kingvik,2026-08-23T13:29:20.595000+00:00,Rwanda,30.418784513448,-1.9431162650152,0.0066
1104578195379147,vIJ0lw54EW32oCUfTszRyu,103644195212255,kingvik,2026-08-23T13:28:30.244000+00:00,Rwanda,30.413459831041,-1.9404291758342,0.006
1107216788541090,vIJ0lw54EW32oCUfTszRyu,103644195212255,kingvik,2026-08-23T13:28:00.918000+00:00,Rwanda,30.409648107273,-1.9414220220202,0.0057
1109203151640597,vIJ0lw54EW32oCUfTszRyu,103644195212255,kingvik,2026-08-23T13:28:10.532000+00:00,Rwanda,30.41088844,-1.9409565976471,0.0061
1110317595005558,vIJ0lw54EW32oCUfTszRyu,103644195212255,kingvik,2026-08-23T13:28:25.841000+00:00,Rwanda,30.412883404247,-1.9405389305359,0.006
1110618798306242,vIJ0lw54EW32oCUfTszRyu,103644195212255,kingvik,2026-08-23T13:27:58.726000+00:00,Rwanda,30.409369719038,-1.9415127967615,0.0062
1116840764338524,vIJ0lw54EW32oCUfTszRyu,103644195212255,kingvik,2026-08-23T13:29:49.224000+00:00,Rwanda,30.420742206275,-1.9466946,0.0076
1125466820145389,vIJ0lw54EW32oCUfTszRyu,103644195212255,kingvik,2026-08-23T13:30:00.235000+00:00,Rwanda,30.421746848433,-1.9476910348837,0.0068
1128383863197831,vIJ0lw54EW32oCUfTszRyu,103644195212255,kingvik,2026-08-23T13:29:44.226000+00:00,Rwanda,30.420314333955,-1.9461565254171,0.0077
1130140246445147,vIJ0lw54EW32oCUfTszRyu,103644195212255,kingvik,2026-08-23T13:28:21.841000+00:00,Rwanda,30.412366333922,-1.9406372509804,0.0059
1137408505410767,vIJ0lw54EW32oCUfTszRyu,103644195212255,kingvik,2026-08-23T13:29:54.226000+00:00,Rwanda,30.421198729019,-1.9471802751264,0.0073
1142405841651501,vIJ0lw54EW32oCUfTszRyu,103644195212255,kingvik,2026-08-23T13:28:14.227000+00:00,Rwanda,30.411375519798,-1.9408338963636,0.0059
1216831610627137,vIJ0lw54EW32oCUfTszRyu,103644195212255,kingvik,2026-08-23T13:29:16.400000+00:00,Rwanda,30.418557425319,-1.9425659329735,0.0066
1276457731174549,vIJ0lw54EW32oCUfTszRyu,103644195212255,kingvik,2026-08-23T13:28:15.429000+00:00,Rwanda,30.411534151163,-1.9407999064712,0.0059
1303205968407368,vIJ0lw54EW32oCUfTszRyu,103644195212255,kingvik,2026-08-23T13:28:17.035000+00:00,Rwanda,30.411746535794,-1.9407580013145,0.006
1315187517150957,vIJ0lw54EW32oCUfTszRyu,103644195212255,kingvik,2026-08-23T13:28:41.553000+00:00,Rwanda,30.414960944287,-1.9401416417594,0.0064
1347960247392324,vIJ0lw54EW32oCUfTszRyu,103644195212255,kingvik,2026-08-23T13:28:13.036000+00:00,Rwanda,30.411218114118,-1.9408693967647,0.0061
1354355936451138,vIJ0lw54EW32oCUfTszRyu,103644195212255,kingvik,2026-08-23T13:29:37.487000+00:00,Rwanda,30.419792736364,-1.9453670345455,0.0076
1367289765383695,vIJ0lw54EW32oCUfTszRyu,103644195212255,kingvik,2026-08-23T13:28:13.833000+00:00,Rwanda,30.411323281452,-1.9408454125613,0.0061
1369806678067159,vIJ0lw54EW32oCUfTszRyu,103644195212255,kingvik,2026-08-23T13:29:50.726000+00:00,Rwanda,30.420877102647,-1.9468456691176,0.0075
1370568921911780,vIJ0lw54EW32oCUfTszRyu,103644195212255,kingvik,2026-08-23T13:28:06.523000+00:00,Rwanda,30.410367537816,-1.941139991911,0.0061
1374504654300555,vIJ0lw54EW32oCUfTszRyu,103644195212255,kingvik,2026-08-23T13:28:24.639000+00:00,Rwanda,30.412727407879,-1.940568729899,0.0058
1376689424651893,vIJ0lw54EW32oCUfTszRyu,103644195212255,kingvik,2026-08-23T13:29:11.296000+00:00,Rwanda,30.418279207843,-1.9418909663725,0.008
1377998597864747,vIJ0lw54EW32oCUfTszRyu,103644195212255,kingvik,2026-08-23T13:28:30.647000+00:00,Rwanda,30.413512256765,-1.9404188662745,0.0059
1378705247123897,vIJ0lw54EW32oCUfTszRyu,103644195212255,kingvik,2026-08-23T13:28:27.446000+00:00,Rwanda,30.41309339107,-1.9405017809617,0.0059
1381861980037342,vIJ0lw54EW32oCUfTszRyu,103644195212255,kingvik,2026-08-23T13:30:07.342000+00:00,Rwanda,30.422353660566,-1.9482292672396,0.0063
1382855253262323,vIJ0lw54EW32oCUfTszRyu,103644195212255,kingvik,2026-08-23T13:30:09.335000+00:00,Rwanda,30.422536602222,-1.9483780785859,0.0067
1384714823040846,vIJ0lw54EW32oCUfTszRyu,103644195212255,kingvik,2026-08-23T13:28:48.556000+00:00,Rwanda,30.41594910303,-1.9399951613131,0.0075
1392982943041567,vIJ0lw54EW32oCUfTszRyu,103644195212255,kingvik,2026-08-23T13:28:10.129000+00:00,Rwanda,30.410835422042,-1.9409718007078,0.0061
1393038035547324,vIJ0lw54EW32oCUfTszRyu,103644195212255,kingvik,2026-08-23T13:28:32.647000+00:00,Rwanda,30.413772816178,-1.9403667188069,0.006
1395720205857319,vIJ0lw54EW32oCUfTszRyu,103644195212255,kingvik,2026-08-23T13:28:41.149000+00:00,Rwanda,30.414904476364,-1.9401515046465,0.0075
1405918671481194,vIJ0lw54EW32oCUfTszRyu,103644195212255,kingvik,2026-08-23T13:29:26.707000+00:00,Rwanda,30.419113338273,-1.9439427432777,0.0069
1408863268048100,vIJ0lw54EW32oCUfTszRyu,103644195212255,kingvik,2026-08-23T13:28:29.042000+00:00,Rwanda,30.41330264697,-1.9404616333333,0.0059
1412275700834056,vIJ0lw54EW32oCUfTszRyu,103644195212255,kingvik,2026-08-23T13:28:25.042000+00:00,Rwanda,30.412779473013,-1.9405588517174,0.0059
1412618684097182,vIJ0lw54EW32oCUfTszRyu,103644195212255,kingvik,2026-08-23T13:28:14.631000+00:00,Rwanda,30.411428797374,-1.9408220823232,0.0061
1413741330639061,vIJ0lw54EW32oCUfTszRyu,103644195212255,kingvik,2026-08-23T13:28:02.525000+00:00,Rwanda,30.409853464545,-1.9413428272727,0.0062
1414840297230667,vIJ0lw54EW32oCUfTszRyu,103644195212255,kingvik,2026-08-23T13:29:16.893000+00:00,Rwanda,30.41858370303,-1.9426311060606,0.0078
1420421189950096,vIJ0lw54EW32oCUfTszRyu,103644195212255,kingvik,2026-08-23T13:29:56.725000+00:00,Rwanda,30.421428372929,-1.9474016719192,0.0069
1421181906780566,vIJ0lw54EW32oCUfTszRyu,103644195212255,kingvik,2026-08-23T13:29:58.833000+00:00,Rwanda,30.42162068544,-1.9475788376138,0.0079
1421809743170101,vIJ0lw54EW32oCUfTszRyu,103644195212255,kingvik,2026-08-23T13:28:55.868000+00:00,Rwanda,30.416923728067,-1.9401908469087,0.0077
1423220159771696,vIJ0lw54EW32oCUfTszRyu,103644195212255,kingvik,2026-08-23T13:28:18.640000+00:00,Rwanda,30.411954286752,-1.9407165998037,0.0059
1426225506044326,vIJ0lw54EW32oCUfTszRyu,103644195212255,kingvik,2026-08-23T13:28:19.439000+00:00,Rwanda,30.412057451062,-1.940697048635,0.0059
1427460812584938,vIJ0lw54EW32oCUfTszRyu,103644195212255,kingvik,2026-08-23T13:28:42.450000+00:00,Rwanda,30.4150872364,-1.9401185622851,0.0077
1430533022265698,vIJ0lw54EW32oCUfTszRyu,103644195212255,kingvik,2026-08-23T13:29:53.731000+00:00,Rwanda,30.42115206634,-1.9471344822375,0.0074
1430625902305765,vIJ0lw54EW32oCUfTszRyu,103644195212255,kingvik,2026-08-23T13:28:47.658000+00:00,Rwanda,30.415822758586,-1.9400015658586,0.0077
1432039752162388,vIJ0lw54EW32oCUfTszRyu,103644195212255,kingvik,2026-08-23T13:29:13.595000+00:00,Rwanda,30.418406,-1.9421971558824,0.0068
1436230178366160,vIJ0lw54EW32oCUfTszRyu,103644195212255,kingvik,2026-08-23T13:29:01.968000+00:00,Rwanda,30.41763392549,-1.9407055117647,0.0079
1437259511639757,vIJ0lw54EW32oCUfTszRyu,103644195212255,kingvik,2026-08-23T13:29:24.882000+00:00,Rwanda,30.419018026566,-1.9436922777778,0.0077
1437688671748195,vIJ0lw54EW32oCUfTszRyu,103644195212255,kingvik,2026-08-23T13:29:05.689000+00:00,Rwanda,30.417956728889,-1.9411452048485,0.0085
1443949974457654,vIJ0lw54EW32oCUfTszRyu,103644195212255,kingvik,2026-08-23T13:29:55.728000+00:00,Rwanda,30.421337125758,-1.9473148818182,0.0072
1445783127405755,vIJ0lw54EW32oCUfTszRyu,103644195212255,kingvik,2026-08-23T13:30:03.831000+00:00,Rwanda,30.422062946613,-1.9479664373104,0.0063
1446667997294990,vIJ0lw54EW32oCUfTszRyu,103644195212255,kingvik,2026-08-23T13:30:08.338000+00:00,Rwanda,30.4224421273,-1.9483042953488,0.0064
1449199863687033,vIJ0lw54EW32oCUfTszRyu,103644195212255,kingvik,2026-08-23T13:29:23.906000+00:00,Rwanda,30.418965254545,-1.9435596757576,0.0069
1467245058765650,vIJ0lw54EW32oCUfTszRyu,103644195212255,kingvik,2026-08-23T13:28:07.331000+00:00,Rwanda,30.410472201668,-1.9410981784102,0.0063
1471441064794754,vIJ0lw54EW32oCUfTszRyu,103644195212255,kingvik,2026-08-23T13:28:40.251000+00:00,Rwanda,30.414780792417,-1.9401733575329,0.0063
1481868387259398,vIJ0lw54EW32oCUfTszRyu,103644195212255,kingvik,2026-08-23T13:28:09.331000+00:00,Rwanda,30.410731323651,-1.941003813052,0.0061
1484629803474267,vIJ0lw54EW32oCUfTszRyu,103644195212255,kingvik,2026-08-23T13:28:33.445000+00:00,Rwanda,30.413876160202,-1.9403465234343,0.0058
1501527325075819,vIJ0lw54EW32oCUfTszRyu,103644195212255,kingvik,2026-08-23T13:29:06.174000+00:00,Rwanda,30.417990348184,-1.9412083560353,0.008
1522532746579921,vIJ0lw54EW32oCUfTszRyu,103644195212255,kingvik,2026-08-23T13:29:29.512000+00:00,Rwanda,30.419268306667,-1.9443238340196,0.0081
1527299625870779,vIJ0lw54EW32oCUfTszRyu,103644195212255,kingvik,2026-08-23T13:28:35.848000+00:00,Rwanda,30.414190584328,-1.9402817153691,0.0059
1534232258505286,vIJ0lw54EW32oCUfTszRyu,103644195212255,kingvik,2026-08-23T13:28:47.167000+00:00,Rwanda,30.41575415723,-1.9400076464105,0.0064
1539391770800892,vIJ0lw54EW32oCUfTszRyu,103644195212255,kingvik,2026-08-23T13:29:15.977000+00:00,Rwanda,30.418534852424,-1.9425105958586,0.0077
1543719720769791,vIJ0lw54EW32oCUfTszRyu,103644195212255,kingvik,2026-08-23T13:29:03.370000+00:00,Rwanda,30.417766082353,-1.9408624,0.0079
1544382027000902,vIJ0lw54EW32oCUfTszRyu,103644195212255,kingvik,2026-08-23T13:29:23.480000+00:00,Rwanda,30.418941644489,-1.9435021309403,0.0076
1550002632962000,vIJ0lw54EW32oCUfTszRyu,103644195212255,kingvik,2026-08-23T13:28:21.438000+00:00,Rwanda,30.41231443731,-1.9406473394338,0.0059
1551444346183031,vIJ0lw54EW32oCUfTszRyu,103644195212255,kingvik,2026-08-23T13:29:04.772000+00:00,Rwanda,30.417885103922,-1.9410276867647,0.0078
1556019396302584,vIJ0lw54EW32oCUfTszRyu,103644195212255,kingvik,2026-08-23T13:28:55.382000+00:00,Rwanda,30.416860184343,-1.9401629924242,0.0067
1559677895646855,vIJ0lw54EW32oCUfTszRyu,103644195212255,kingvik,2026-08-23T13:28:08.533000+00:00,Rwanda,30.410627692745,-1.9410392739216,0.0062
1563428678664639,vIJ0lw54EW32oCUfTszRyu,103644195212255,kingvik,2026-08-23T13:27:57.320000+00:00,Rwanda,30.409191878362,-1.9415795717897,0.0046
1565842735234470,vIJ0lw54EW32oCUfTszRyu,103644195212255,kingvik,2026-08-23T13:28:37.848000+00:00,Rwanda,30.414455801213,-1.9402311087968,0.0059
1566538461873998,vIJ0lw54EW32oCUfTszRyu,103644195212255,kingvik,2026-08-23T13:28:34.646000+00:00,Rwanda,30.414032246006,-1.9403141449949,0.0058
1567955424455651,vIJ0lw54EW32oCUfTszRyu,103644195212255,kingvik,2026-08-23T13:30:04.838000+00:00,Rwanda,30.422147442198,-1.9480419035329,0.0062
1570188671517779,vIJ0lw54EW32oCUfTszRyu,103644195212255,kingvik,2026-08-23T13:28:16.631000+00:00,Rwanda,30.411693298889,-1.9407683988889,0.0059
1578388414013402,vIJ0lw54EW32oCUfTszRyu,103644195212255,kingvik,2026-08-23T13:28:49.857000+00:00,Rwanda,30.416133423559,-1.9399944470172,0.0075
1578535707298098,vIJ0lw54EW32oCUfTszRyu,103644195212255,kingvik,2026-08-23T13:28:57.275000+00:00,Rwanda,30.417102110617,-1.9402820044489,0.0078
1583150819879048,vIJ0lw54EW32oCUfTszRyu,103644195212255,kingvik,2026-08-23T13:29:51.727000+00:00,Rwanda,30.420967993529,-1.9469437579373,0.0075
1592849852420368,vIJ0lw54EW32oCUfTszRyu,103644195212255,kingvik,2026-08-23T13:28:00.216000+00:00,Rwanda,30.409562185455,-1.9414470745455,0.0059
1592960402554923,vIJ0lw54EW32oCUfTszRyu,103644195212255,kingvik,2026-08-23T13:28:33.849000+00:00,Rwanda,30.413928548182,-1.9403359457576,0.0059
1593946082422057,vIJ0lw54EW32oCUfTszRyu,103644195212255,kingvik,2026-08-23T13:29:07.092000+00:00,Rwanda,30.418046260667,-1.9413309584429,0.0083
1594266138902646,vIJ0lw54EW32oCUfTszRyu,103644195212255,kingvik,2026-08-23T13:28:27.043000+00:00,Rwanda,30.413040741818,-1.9405107380808,0.006
1595634585587449,vIJ0lw54EW32oCUfTszRyu,103644195212255,kingvik,2026-08-23T13:28:06.130000+00:00,Rwanda,30.41031642549,-1.941160152451,0.0062
1597565538510212,vIJ0lw54EW32oCUfTszRyu,103644195212255,kingvik,2026-08-23T13:28:53.080000+00:00,Rwanda,30.416555925,-1.9400609411765,0.0076
1598349645334605,vIJ0lw54EW32oCUfTszRyu,103644195212255,kingvik,2026-08-23T13:28:54.961000+00:00,Rwanda,30.416804576744,-1.9401396589484,0.0074
1598478245103847,vIJ0lw54EW32oCUfTszRyu,103644195212255,kingvik,2026-08-23T13:29:39.417000+00:00,Rwanda,30.419934420222,-1.9456021809909,0.0079
1599677978608891,vIJ0lw54EW32oCUfTszRyu,103644195212255,kingvik,2026-08-23T13:28:46.356000+00:00,Rwanda,30.415640318485,-1.9400210745455,0.0078
1601128421400681,vIJ0lw54EW32oCUfTszRyu,103644195212255,kingvik,2026-08-23T13:29:32.305000+00:00,Rwanda,30.419436372093,-1.9446991227503,0.0081
1608771717607646,vIJ0lw54EW32oCUfTszRyu,103644195212255,kingvik,2026-08-23T13:28:29.445000+00:00,Rwanda,30.413355376447,-1.9404505819431,0.006
1609938824055399,vIJ0lw54EW32oCUfTszRyu,103644195212255,kingvik,2026-08-23T13:29:33.707000+00:00,Rwanda,30.419526714863,-1.9448831420627,0.0067
1610587390785787,vIJ0lw54EW32oCUfTszRyu,103644195212255,kingvik,2026-08-23T13:30:03.336000+00:00,Rwanda,30.422020416471,-1.9479294752941,0.0064
1611718983861370,vIJ0lw54EW32oCUfTszRyu,103644195212255,kingvik,2026-08-23T13:28:56.278000+00:00,Rwanda,30.416976669091,-1.9402155581818,0.0065
1618737366153773,vIJ0lw54EW32oCUfTszRyu,103644195212255,kingvik,2026-08-23T13:29:33.290000+00:00,Rwanda,30.419500031765,-1.9448288501961,0.0078
1619678166235619,vIJ0lw54EW32oCUfTszRyu,103644195212255,kingvik,2026-08-23T13:29:53.229000+00:00,Rwanda,30.421105319293,-1.9470876971717,0.0074
1622795832816339,vIJ0lw54EW32oCUfTszRyu,103644195212255,kingvik,2026-08-23T13:28:18.237000+00:00,Rwanda,30.411902066061,-1.9407267512121,0.0059
1623008299415387,vIJ0lw54EW32oCUfTszRyu,103644195212255,kingvik,2026-08-23T13:29:10.369000+00:00,Rwanda,30.418226570779,-1.9417695310415,0.0076
1630892618606534,vIJ0lw54EW32oCUfTszRyu,103644195212255,kingvik,2026-08-23T13:29:00.079000+00:00,Rwanda,30.417434666532,-1.9405168565217,0.0079
1635194017448101,vIJ0lw54EW32oCUfTszRyu,103644195212255,kingvik,2026-08-23T13:28:03.322000+00:00,Rwanda,30.409954890505,-1.9413028856566,0.0059
1657780882633345,vIJ0lw54EW32oCUfTszRyu,103644195212255,kingvik,2026-08-23T13:28:29.839000+00:00,Rwanda,30.413407067273,-1.9404400309091,0.0059
1660499146081761,vIJ0lw54EW32oCUfTszRyu,103644195212255,kingvik,2026-08-23T13:30:10.342000+00:00,Rwanda,30.422633722647,-1.9484559829412,0.0069
1665314671706810,vIJ0lw54EW32oCUfTszRyu,103644195212255,kingvik,2026-08-23T13:28:59.586000+00:00,Rwanda,30.417379600294,-1.9404719435294,0.0069
1670742830662963,vIJ0lw54EW32oCUfTszRyu,103644195212255,kingvik,2026-08-23T13:29:46.725000+00:00,Rwanda,30.420522377625,-1.9464355140334,0.0076
1684125196022461,vIJ0lw54EW32oCUfTszRyu,103644195212255,kingvik,2026-08-23T13:28:37.453000+00:00,Rwanda,30.414403352502,-1.9402409555447,0.006
1687628595638501,vIJ0lw54EW32oCUfTszRyu,103644195212255,kingvik,2026-08-23T13:27:57.012000+00:00,Rwanda,30.409152451515,-1.9415927828283,0.0045
1691550842107823,vIJ0lw54EW32oCUfTszRyu,103644195212255,kingvik,2026-08-23T13:28:09.724000+00:00,Rwanda,30.410782428687,-1.9409875387879,0.006
1702515111007331,vIJ0lw54EW32oCUfTszRyu,103644195212255,kingvik,2026-08-23T13:28:00.525000+00:00,Rwanda,30.409599738371,-1.9414386347399,0.0043
1705193100780544,vIJ0lw54EW32oCUfTszRyu,103644195212255,kingvik,2026-08-23T13:30:04.337000+00:00,Rwanda,30.422105684444,-1.9480045480808,0.0064
1707372087043291,vIJ0lw54EW32oCUfTszRyu,103644195212255,kingvik,2026-08-23T13:28:20.236000+00:00,Rwanda,30.412160106263,-1.9406775083838,0.0057
1713648883182797,vIJ0lw54EW32oCUfTszRyu,103644195212255,kingvik,2026-08-23T13:28:13.429000+00:00,Rwanda,30.411270043175,-1.9408575021234,0.0059
1713659813224369,vIJ0lw54EW32oCUfTszRyu,103644195212255,kingvik,2026-08-23T13:29:23.006000+00:00,Rwanda,30.418915235588,-1.9434386326471,0.0081
1716197266271419,vIJ0lw54EW32oCUfTszRyu,103644195212255,kingvik,2026-08-23T13:29:08.494000+00:00,Rwanda,30.418119929525,-1.9415214250758,0.0081
1720190675756268,vIJ0lw54EW32oCUfTszRyu,103644195212255,kingvik,2026-08-23T13:27:56.717000+00:00,Rwanda,30.409113931207,-1.9416053714426,0.0061
1725412491861447,vIJ0lw54EW32oCUfTszRyu,103644195212255,kingvik,2026-08-23T13:28:49.379000+00:00,Rwanda,30.416066112941,-1.9399933429412,0.0066
1730862148028734,vIJ0lw54EW32oCUfTszRyu,103644195212255,kingvik,2026-08-23T13:28:41.971000+00:00,Rwanda,30.415019522059,-1.9401310519608,0.0066
1731189984828724,vIJ0lw54EW32oCUfTszRyu,103644195212255,kingvik,2026-08-23T13:29:07.576000+00:00,Rwanda,30.418072621884,-1.94139667105,0.0079
1734127214730539,vIJ0lw54EW32oCUfTszRyu,103644195212255,kingvik,2026-08-23T13:29:24.408000+00:00,Rwanda,30.418992790677,-1.9436275128557,0.0081
1743779966860932,vIJ0lw54EW32oCUfTszRyu,103644195212255,kingvik,2026-08-23T13:28:44.562000+00:00,Rwanda,30.415386114459,-1.9400626951466,0.0065
1747565706489543,vIJ0lw54EW32oCUfTszRyu,103644195212255,kingvik,2026-08-23T13:29:12.699000+00:00,Rwanda,30.418356826275,-1.9420774696078,0.0081
1748131386404597,vIJ0lw54EW32oCUfTszRyu,103644195212255,kingvik,2026-08-23T13:29:13.174000+00:00,Rwanda,30.418382870779,-1.9421407364004,0.0076
1752297652654858,vIJ0lw54EW32oCUfTszRyu,103644195212255,kingvik,2026-08-23T13:28:11.331000+00:00,Rwanda,30.410993906667,-1.9409281577778,0.0062
1753866225900803,vIJ0lw54EW32oCUfTszRyu,103644195212255,kingvik,2026-08-23T13:29:28.582000+00:00,Rwanda,30.419214353994,-1.9442003614762,0.0077
1756275212278912,vIJ0lw54EW32oCUfTszRyu,103644195212255,kingvik,2026-08-23T13:29:29.009000+00:00,Rwanda,30.419239641052,-1.9442565129424,0.0068
1762001451488866,vIJ0lw54EW32oCUfTszRyu,103644195212255,kingvik,2026-08-23T13:28:43.273000+00:00,Rwanda,30.415203782353,-1.9400967441176,0.0067
1773040660703094,vIJ0lw54EW32oCUfTszRyu,103644195212255,kingvik,2026-08-23T13:29:38.911000+00:00,Rwanda,30.41989791911,-1.9455412357937,0.0078
1773904110593558,vIJ0lw54EW32oCUfTszRyu,103644195212255,kingvik,2026-08-23T13:28:21.033000+00:00,Rwanda,30.412262461212,-1.9406576345455,0.0057
1775933213436628,vIJ0lw54EW32oCUfTszRyu,103644195212255,kingvik,2026-08-23T13:28:45.055000+00:00,Rwanda,30.415456110718,-1.9400501661274,0.0079
1776206770174848,vIJ0lw54EW32oCUfTszRyu,103644195212255,kingvik,2026-08-23T13:28:26.638000+00:00,Rwanda,30.412987733367,-1.9405200162791,0.0058
1795148061934789,vIJ0lw54EW32oCUfTszRyu,103644195212255,kingvik,2026-08-23T13:29:25.308000+00:00,Rwanda,30.419040252781,-1.9437509085945,0.007
1802049471146491,vIJ0lw54EW32oCUfTszRyu,103644195212255,kingvik,2026-08-23T13:30:02.834000+00:00,Rwanda,30.421976697674,-1.9478917778564,0.0073
1804311407240602,vIJ0lw54EW32oCUfTszRyu,103644195212255,kingvik,2026-08-23T13:29:40.819000+00:00,Rwanda,30.420042341658,-1.9457703905966,0.008
1809002677119521,vIJ0lw54EW32oCUfTszRyu,103644195212255,kingvik,2026-08-23T13:28:58.184000+00:00,Rwanda,30.417213792542,-1.9403532179588,0.0068
1811431880294712,vIJ0lw54EW32oCUfTszRyu,103644195212255,kingvik,2026-08-23T13:28:07.725000+00:00,Rwanda,30.41052299,-1.9410781463636,0.0061
1814687349975610,vIJ0lw54EW32oCUfTszRyu,103644195212255,kingvik,2026-08-23T13:27:59.423000+00:00,Rwanda,30.409460567713,-1.9414805989205,0.0048
1817407026281400,vIJ0lw54EW32oCUfTszRyu,103644195212255,kingvik,2026-08-23T13:27:55.715000+00:00,Rwanda,30.408982823258,-1.9416491238469,0.006
1847211646655505,vIJ0lw54EW32oCUfTszRyu,103644195212255,kingvik,2026-08-23T13:30:08.840000+00:00,Rwanda,30.422489043965,-1.9483412846909,0.0066
1850011536375410,vIJ0lw54EW32oCUfTszRyu,103644195212255,kingvik,2026-08-23T13:29:10.793000+00:00,Rwanda,30.418250631143,-1.9418248709808,0.0067
1865688167748933,vIJ0lw54EW32oCUfTszRyu,103644195212255,kingvik,2026-08-23T13:29:03.781000+00:00,Rwanda,30.417802383721,-1.9409097395349,0.0066
1877781633602862,vIJ0lw54EW32oCUfTszRyu,103644195212255,kingvik,2026-08-23T13:29:37.014000+00:00,Rwanda,30.419758027674,-1.9453084604514,0.0081
1888640618780336,vIJ0lw54EW32oCUfTszRyu,103644195212255,kingvik,2026-08-23T13:29:51.221000+00:00,Rwanda,30.420921941456,-1.9468944422649,0.0074
1895158551868307,vIJ0lw54EW32oCUfTszRyu,103644195212255,kingvik,2026-08-23T13:29:45.223000+00:00,Rwanda,30.420397977429,-1.9462683516192,0.0079
1966801704010215,vIJ0lw54EW32oCUfTszRyu,103644195212255,kingvik,2026-08-23T13:28:22.640000+00:00,Rwanda,30.41246940202,-1.940617210101,0.0059
1967228070608870,vIJ0lw54EW32oCUfTszRyu,103644195212255,kingvik,2026-08-23T13:28:45.865000+00:00,Rwanda,30.415570908696,-1.9400309695652,0.0065
1997586861105480,vIJ0lw54EW32oCUfTszRyu,103644195212255,kingvik,2026-08-23T13:28:12.632000+00:00,Rwanda,30.411164640748,-1.9408821598584,0.0061
2010627606372858,vIJ0lw54EW32oCUfTszRyu,103644195212255,kingvik,2026-08-23T13:29:47.725000+00:00,Rwanda,30.420608903033,-1.9465404920121,0.0077
2012665526055108,vIJ0lw54EW32oCUfTszRyu,103644195212255,kingvik,2026-08-23T13:30:05.839000+00:00,Rwanda,30.422230087778,-1.9481163644444,0.0063
2014989182712874,vIJ0lw54EW32oCUfTszRyu,103644195212255,kingvik,2026-08-23T13:28:23.437000+00:00,Rwanda,30.412572047273,-1.9405977887879,0.0057
2016775862359705,vIJ0lw54EW32oCUfTszRyu,103644195212255,kingvik,2026-08-23T13:29:26.284000+00:00,Rwanda,30.419091170101,-1.9438843185859,0.0077
2025228731436708,vIJ0lw54EW32oCUfTszRyu,103644195212255,kingvik,2026-08-23T13:29:36.094000+00:00,Rwanda,30.419691540432,-1.9451926199215,0.0078
2038140870180619,vIJ0lw54EW32oCUfTszRyu,103644195212255,kingvik,2026-08-23T13:30:00.737000+00:00,Rwanda,30.421792186863,-1.9477302441176,0.0067
2052840442785940,vIJ0lw54EW32oCUfTszRyu,103644195212255,kingvik,2026-08-23T13:29:21.583000+00:00,Rwanda,30.418837672549,-1.9432476611765,0.0077
2053359201939204,vIJ0lw54EW32oCUfTszRyu,103644195212255,kingvik,2026-08-23T13:29:05.183000+00:00,Rwanda,30.417917862791,-1.9410795764408,0.0068
2053920872155945,vIJ0lw54EW32oCUfTszRyu,103644195212255,kingvik,2026-08-23T13:28:05.726000+00:00,Rwanda,30.410264104449,-1.9411802921132,0.0061
2074417423174229,vIJ0lw54EW32oCUfTszRyu,103644195212255,kingvik,2026-08-23T13:28:59.166000+00:00,Rwanda,30.417330241355,-1.9404338561173,0.0079
2101229880468109,vIJ0lw54EW32oCUfTszRyu,103644195212255,kingvik,2026-08-23T13:29:40.313000+00:00,Rwanda,30.420002849848,-1.9457101046512,0.0067
2115522815700738,vIJ0lw54EW32oCUfTszRyu,103644195212255,kingvik,2026-08-23T13:29:39.895000+00:00,Rwanda,30.419970567843,-1.9456594498039,0.0075
2119801741948700,vIJ0lw54EW32oCUfTszRyu,103644195212255,kingvik,2026-08-23T13:28:51.678000+00:00,Rwanda,30.416373964706,-1.9400196647059,0.0074
2123260238594513,vIJ0lw54EW32oCUfTszRyu,103644195212255,kingvik,2026-08-23T13:29:17.802000+00:00,Rwanda,30.418631057745,-1.942751189902,0.0068
2135778247352378,vIJ0lw54EW32oCUfTszRyu,103644195212255,kingvik,2026-08-23T13:29:55.222000+00:00,Rwanda,30.421290577755,-1.9472702600607,0.0071
2143249023738493,vIJ0lw54EW32oCUfTszRyu,103644195212255,kingvik,2026-08-23T13:29:43.218000+00:00,Rwanda,30.42023200455,-1.9460448449949,0.0076
2217919475659349,vIJ0lw54EW32oCUfTszRyu,103644195212255,kingvik,2026-08-23T13:29:34.692000+00:00,Rwanda,30.419593107949,-1.9450111200196,0.0078
2229414377602904,vIJ0lw54EW32oCUfTszRyu,103644195212255,kingvik,2026-08-23T13:29:58.253000+00:00,Rwanda,30.421568202222,-1.9475313733333,0.0072
2252069745586067,vIJ0lw54EW32oCUfTszRyu,103644195212255,kingvik,2026-08-23T13:28:32.243000+00:00,Rwanda,30.413719952626,-1.9403772651515,0.0058
2270792563714139,vIJ0lw54EW32oCUfTszRyu,103644195212255,kingvik,2026-08-23T13:28:11.743000+00:00,Rwanda,30.411048187439,-1.9409140900883,0.0062
2284116639073339,vIJ0lw54EW32oCUfTszRyu,103644195212255,kingvik,2026-08-23T13:28:05.332000+00:00,Rwanda,30.410212935525,-1.9411997872424,0.0063
2288605741910399,vIJ0lw54EW32oCUfTszRyu,103644195212255,kingvik,2026-08-23T13:28:54.483000+00:00,Rwanda,30.416741666667,-1.9401169666667,0.0077
2288753588606598,vIJ0lw54EW32oCUfTszRyu,103644195212255,kingvik,2026-08-23T13:27:56.318000+00:00,Rwanda,30.409061597172,-1.9416226739394,0.0048
2293754138145905,vIJ0lw54EW32oCUfTszRyu,103644195212255,kingvik,2026-08-23T13:28:28.648000+00:00,Rwanda,30.413251025025,-1.9404722084396,0.006
2299328614174615,vIJ0lw54EW32oCUfTszRyu,103644195212255,kingvik,2026-08-23T13:27:58.322000+00:00,Rwanda,30.409317807475,-1.9415325856566,0.0048
2307877070036103,vIJ0lw54EW32oCUfTszRyu,103644195212255,kingvik,2026-08-23T13:28:35.454000+00:00,Rwanda,30.41413837451,-1.9402920588235,0.006
2308455063299286,vIJ0lw54EW32oCUfTszRyu,103644195212255,kingvik,2026-08-23T13:29:41.297000+00:00,Rwanda,30.420079843235,-1.9458264270588,0.0075
2313363822821150,vIJ0lw54EW32oCUfTszRyu,103644195212255,kingvik,2026-08-23T13:28:24.245000+00:00,Rwanda,30.412676396762,-1.9405781185476,0.0059
2315102402636013,vIJ0lw54EW32oCUfTszRyu,103644195212255,kingvik,2026-08-23T13:28:34.252000+00:00,Rwanda,30.413980851227,-1.9403249534838,0.0059
2326544031086502,vIJ0lw54EW32oCUfTszRyu,103644195212255,kingvik,2026-08-23T13:29:35.110000+00:00,Rwanda,30.419622407071,-1.9450652911111,0.0068
2329345607841991,vIJ0lw54EW32oCUfTszRyu,103644195212255,kingvik,2026-08-23T13:28:58.677000+00:00,Rwanda,30.417272224444,-1.9403927555556,0.0078
2347351302337557,vIJ0lw54EW32oCUfTszRyu,103644195212255,kingvik,2026-08-23T13:30:06.341000+00:00,Rwanda,30.422270987831,-1.9481538986261,0.0062
2373505483176850,vIJ0lw54EW32oCUfTszRyu,103644195212255,kingvik,2026-08-23T13:29:50.224000+00:00,Rwanda,30.420831838625,-1.9467956623862,0.0076
2417763015415992,vIJ0lw54EW32oCUfTszRyu,103644195212255,kingvik,2026-08-23T13:29:02.378000+00:00,Rwanda,30.417673955511,-1.9407501173913,0.0067
2435850943493744,vIJ0lw54EW32oCUfTszRyu,103644195212255,kingvik,2026-08-23T13:29:12.196000+00:00,Rwanda,30.418328940748,-1.9420105755308,0.0068
2453601581827198,vIJ0lw54EW32oCUfTszRyu,103644195212255,kingvik,2026-08-23T13:29:47.220000+00:00,Rwanda,30.420564909495,-1.9464872933333,0.0074
2464124087746822,vIJ0lw54EW32oCUfTszRyu,103644195212255,kingvik,2026-08-23T13:29:28.109000+00:00,Rwanda,30.419188563529,-1.9441358090196,0.007
2467033443803811,vIJ0lw54EW32oCUfTszRyu,103644195212255,kingvik,2026-08-23T13:29:15.491000+00:00,Rwanda,30.418508232861,-1.9424462337715,0.0078
2491425358022556,vIJ0lw54EW32oCUfTszRyu,103644195212255,kingvik,2026-08-23T13:28:23.842000+00:00,Rwanda,30.412624236603,-1.9405879694641,0.0059
2497400510758564,vIJ0lw54EW32oCUfTszRyu,103644195212255,kingvik,2026-08-23T13:28:36.646000+00:00,Rwanda,30.414296497674,-1.9402612588473,0.0059
2518209388677577,vIJ0lw54EW32oCUfTszRyu,103644195212255,kingvik,2026-08-23T13:29:19.192000+00:00,Rwanda,30.418707636768,-1.9429348020202,0.0065
2524041854742268,vIJ0lw54EW32oCUfTszRyu,103644195212255,kingvik,2026-08-23T13:29:42.724000+00:00,Rwanda,30.420192731992,-1.9459893279686,0.0078
2546969832482682,vIJ0lw54EW32oCUfTszRyu,103644195212255,kingvik,2026-08-23T13:28:17.832000+00:00,Rwanda,30.411849917897,-1.9407371564206,0.0058
2550114952095541,vIJ0lw54EW32oCUfTszRyu,103644195212255,kingvik,2026-08-23T13:28:17.439000+00:00,Rwanda,30.411799068627,-1.9407477411765,0.0059
2580541669077427,vIJ0lw54EW32oCUfTszRyu,103644195212255,kingvik,2026-08-23T13:29:30.914000+00:00,Rwanda,30.419349028235,-1.9445138164706,0.0082
2604309376653842,vIJ0lw54EW32oCUfTszRyu,103644195212255,kingvik,2026-08-23T13:27:57.718000+00:00,Rwanda,30.409241572941,-1.9415616723529,0.0059
2608060389637362,vIJ0lw54EW32oCUfTszRyu,103644195212255,kingvik,2026-08-23T13:29:09.894000+00:00,Rwanda,30.418199464706,-1.9417066611765,0.008
2626497661086611,vIJ0lw54EW32oCUfTszRyu,103644195212255,kingvik,2026-08-23T13:28:45.458000+00:00,Rwanda,30.415513312549,-1.9400404215686,0.0064
2709119599485447,vIJ0lw54EW32oCUfTszRyu,103644195212255,kingvik,2026-08-23T13:29:49.718000+00:00,Rwanda,30.420786368857,-1.9467448519717,0.0074
2815575608827805,vIJ0lw54EW32oCUfTszRyu,103644195212255,kingvik,2026-08-23T13:29:00.568000+00:00,Rwanda,30.417488708493,-1.9405634584429,0.0079
2858619727836922,vIJ0lw54EW32oCUfTszRyu,103644195212255,kingvik,2026-08-23T13:29:01.482000+00:00,Rwanda,30.417584939535,-1.9406540856421,0.0079
2905680609816450,vIJ0lw54EW32oCUfTszRyu,103644195212255,kingvik,2026-08-23T13:28:04.524000+00:00,Rwanda,30.410108379394,-1.941241799899,0.006
2938859899789296,vIJ0lw54EW32oCUfTszRyu,103644195212255,kingvik,2026-08-23T13:28:04.929000+00:00,Rwanda,30.410160574545,-1.9412205018182,0.0063
2958438977852107,vIJ0lw54EW32oCUfTszRyu,103644195212255,kingvik,2026-08-23T13:29:30.412000+00:00,Rwanda,30.41931922184,-1.9444462843276,0.007
2967433153648691,vIJ0lw54EW32oCUfTszRyu,103644195212255,kingvik,2026-08-23T13:29:09.391000+00:00,Rwanda,30.41816972366,-1.9416412755308,0.0066
3027211147469872,vIJ0lw54EW32oCUfTszRyu,103644195212255,kingvik,2026-08-23T13:29:18.296000+00:00,Rwanda,30.418658606269,-1.9428172642063,0.008
3048790631957887,vIJ0lw54EW32oCUfTszRyu,103644195212255,kingvik,2026-08-23T13:27:55.017000+00:00,Rwanda,30.408893949264,-1.941681105103,0.0046
3260743710793530,vIJ0lw54EW32oCUfTszRyu,103644195212255,kingvik,2026-08-23T13:28:28.244000+00:00,Rwanda,30.413198181092,-1.9404827327604,0.006
3303798703341485,vIJ0lw54EW32oCUfTszRyu,103644195212255,kingvik,2026-08-23T13:29:11.771000+00:00,Rwanda,30.418305723559,-1.9419539289181,0.0076
3329987997300468,vIJ0lw54EW32oCUfTszRyu,103644195212255,kingvik,2026-08-23T13:29:31.811000+00:00,Rwanda,30.419404488333,-1.9446333440196,0.0069
3598602716962335,vIJ0lw54EW32oCUfTszRyu,103644195212255,kingvik,2026-08-23T13:28:50.765000+00:00,Rwanda,30.416255079216,-1.9400023987255,0.0072
3646301282185961,vIJ0lw54EW32oCUfTszRyu,103644195212255,kingvik,2026-08-23T13:29:46.223000+00:00,Rwanda,30.420479284024,-1.9463820991911,0.0077
3697977650367975,vIJ0lw54EW32oCUfTszRyu,103644195212255,kingvik,2026-08-23T13:28:19.034000+00:00,Rwanda,30.412005282424,-1.9407069486869,0.0058
3795964033894033,vIJ0lw54EW32oCUfTszRyu,103644195212255,kingvik,2026-08-23T13:29:18.779000+00:00,Rwanda,30.418684880962,-1.9428805865554,0.0076
4046204595672564,vIJ0lw54EW32oCUfTszRyu,103644195212255,kingvik,2026-08-23T13:30:02.268000+00:00,Rwanda,30.42192726451,-1.9478487139216,0.0069
4233160570234845,vIJ0lw54EW32oCUfTszRyu,103644195212255,kingvik,2026-08-23T13:27:59.816000+00:00,Rwanda,30.409511748837,-1.9414623417594,0.006
4314959815482020,vIJ0lw54EW32oCUfTszRyu,103644195212255,kingvik,2026-08-23T13:29:34.213000+00:00,Rwanda,30.419560636364,-1.9449490272727,0.0082
4322641387998158,vIJ0lw54EW32oCUfTszRyu,103644195212255,kingvik,2026-08-23T13:29:14.998000+00:00,Rwanda,30.418481413725,-1.9423811215686,0.0066
4480459318832338,vIJ0lw54EW32oCUfTszRyu,103644195212255,kingvik,2026-08-23T13:29:57.230000+00:00,Rwanda,30.421474525076,-1.9474453037412,0.0071
4481207568863490,vIJ0lw54EW32oCUfTszRyu,103644195212255,kingvik,2026-08-23T13:28:08.129000+00:00,Rwanda,30.410575283316,-1.9410582858443,0.0062
4489767461304950,vIJ0lw54EW32oCUfTszRyu,103644195212255,kingvik,2026-08-23T13:28:44.156000+00:00,Rwanda,30.415328449118,-1.9400732419608,0.0064
4537508956502980,vIJ0lw54EW32oCUfTszRyu,103644195212255,kingvik,2026-08-23T13:28:31.849000+00:00,Rwanda,30.413668503337,-1.9403876119725,0.0059
4538809879709749,vIJ0lw54EW32oCUfTszRyu,103644195212255,kingvik,2026-08-23T13:28:31.446000+00:00,Rwanda,30.413615999394,-1.9403980139394,0.006
4553303548257808,vIJ0lw54EW32oCUfTszRyu,103644195212255,kingvik,2026-08-23T13:28:57.765000+00:00,Rwanda,30.417162601212,-1.940318950404,0.0079
4565102190442530,vIJ0lw54EW32oCUfTszRyu,103644195212255,kingvik,2026-08-23T13:29:20.181000+00:00,Rwanda,30.418761944412,-1.9430611370588,0.0075
4600594473563211,vIJ0lw54EW32oCUfTszRyu,103644195212255,kingvik,2026-08-23T13:29:41.716000+00:00,Rwanda,30.420112223256,-1.9458747790698,0.0065
4639273676300682,vIJ0lw54EW32oCUfTszRyu,103644195212255,kingvik,2026-08-23T13:29:36.512000+00:00,Rwanda,30.419721476667,-1.9452453134343,0.0067
4640658242883700,vIJ0lw54EW32oCUfTszRyu,103644195212255,kingvik,2026-08-23T13:28:51.174000+00:00,Rwanda,30.416308612032,-1.9400089964611,0.006
4666357066929742,vIJ0lw54EW32oCUfTszRyu,103644195212255,kingvik,2026-08-23T13:29:06.586000+00:00,Rwanda,30.418016381818,-1.9412628245455,0.0067
4754292171479249,vIJ0lw54EW32oCUfTszRyu,103644195212255,kingvik,2026-08-23T13:28:22.235000+00:00,Rwanda,30.412417282406,-1.9406274013145,0.0058
27375361912142210,vIJ0lw54EW32oCUfTszRyu,103644195212255,kingvik,2026-08-23T13:29:17.379000+00:00,Rwanda,30.418607922447,-1.9426948770475,0.0076
27972030069125311,vIJ0lw54EW32oCUfTszRyu,103644195212255,kingvik,2026-08-23T13:28:10.926000+00:00,Rwanda,30.410940283316,-1.9409422798787,0.006
28011999598429106,vIJ0lw54EW32oCUfTszRyu,103644195212255,kingvik,2026-08-23T13:28:20.640000+00:00,Rwanda,30.412211755054,-1.940667678999,0.0058
28045240965139455,vIJ0lw54EW32oCUfTszRyu,103644195212255,kingvik,2026-08-23T13:29:45.717000+00:00,Rwanda,30.420437731818,-1.9463269973737,0.0079
28086125134413560,vIJ0lw54EW32oCUfTszRyu,103644195212255,kingvik,2026-08-23T13:29:02.884000+00:00,Rwanda,30.417722029019,-1.9408068994944,0.0083
28292606173668597,vIJ0lw54EW32oCUfTszRyu,103644195212255,kingvik,2026-08-23T13:28:27.840000+00:00,Rwanda,30.413145192929,-1.940492979798,0.0058
28342785805350831,vIJ0lw54EW32oCUfTszRyu,103644195212255,kingvik,2026-08-23T13:28:15.035000+00:00,Rwanda,30.411481889892,-1.9408105461237,0.006
28458770757092331,vIJ0lw54EW32oCUfTszRyu,103644195212255,kingvik,2026-08-23T13:29:59.308000+00:00,Rwanda,30.42166326,-1.9476172858824,0.0064
28902927149293612,vIJ0lw54EW32oCUfTszRyu,103644195212255,kingvik,2026-08-23T13:29:22.503000+00:00,Rwanda,30.418887738018,-1.9433712877654,0.0081
29064880716432980,vIJ0lw54EW32oCUfTszRyu,103644195212255,kingvik,2026-08-23T13:29:27.201000+00:00,Rwanda,30.419139741212,-1.9440106293939,0.0081
29126168270306497,vIJ0lw54EW32oCUfTszRyu,103644195212255,kingvik,2026-08-23T13:28:50.278000+00:00,Rwanda,30.416190675126,-1.9399972679474,0.0064
812732678568277,vIJ0lw54EW32oCUfTszRyu,103644195212255,kingvik,2026-08-23T13:30:32.852000+00:00,Rwanda,30.424764083434,-1.9506905153535,0.0068
869374812773048,vIJ0lw54EW32oCUfTszRyu,103644195212255,kingvik,2026-08-23T13:31:46.247000+00:00,Rwanda,30.431746093529,-1.9516160548028,0.0068
871386832572245,vIJ0lw54EW32oCUfTszRyu,103644195212255,kingvik,2026-08-23T13:30:26.352000+00:00,Rwanda,30.424205488283,-1.9500204507071,0.0078
894715473438589,vIJ0lw54EW32oCUfTszRyu,103644195212255,kingvik,2026-08-23T13:30:22.351000+00:00,Rwanda,30.423836618605,-1.9495901046512,0.0079
897749959772119,vIJ0lw54EW32oCUfTszRyu,103644195212255,kingvik,2026-08-23T13:30:17.348000+00:00,Rwanda,30.423334848773,-1.9490580756624,0.008
912750528114335,vIJ0lw54EW32oCUfTszRyu,103644195212255,kingvik,2026-08-23T13:30:40.864000+00:00,Rwanda,30.425324551619,-1.9513583583906,0.0056
914580104593435,vIJ0lw54EW32oCUfTszRyu,103644195212255,kingvik,2026-08-23T13:30:20.353000+00:00,Rwanda,30.42364130451,-1.9493768478431,0.0082
916078554421687,vIJ0lw54EW32oCUfTszRyu,103644195212255,kingvik,2026-08-23T13:30:45.866000+00:00,Rwanda,30.425684833333,-1.9517191,0.0057
916126407756773,vIJ0lw54EW32oCUfTszRyu,103644195212255,kingvik,2026-08-23T13:31:58.818000+00:00,Rwanda,30.432559365455,-1.9514774290909,0.0035
926261700527925,vIJ0lw54EW32oCUfTszRyu,103644195212255,kingvik,2026-08-23T13:30:35.856000+00:00,Rwanda,30.424986558746,-1.9509550021234,0.0061
933931099116725,vIJ0lw54EW32oCUfTszRyu,103644195212255,kingvik,2026-08-23T13:30:47.869000+00:00,Rwanda,30.425849554118,-1.9518424407843,0.0057
935390822305131,vIJ0lw54EW32oCUfTszRyu,103644195212255,kingvik,2026-08-23T13:32:28.224000+00:00,Rwanda,30.433050356471,-1.9514151984314,0.0032
937050769431555,vIJ0lw54EW32oCUfTszRyu,103644195212255,kingvik,2026-08-23T13:30:56.376000+00:00,Rwanda,30.426676526961,-1.9521331218627,0.0058
938332228658249,vIJ0lw54EW32oCUfTszRyu,103644195212255,kingvik,2026-08-23T13:30:44.870000+00:00,Rwanda,30.425605775758,-1.9516526056566,0.0058
945068561970417,vIJ0lw54EW32oCUfTszRyu,103644195212255,kingvik,2026-08-23T13:31:50.748000+00:00,Rwanda,30.432164734343,-1.9515637242424,0.0051
945461287843571,vIJ0lw54EW32oCUfTszRyu,103644195212255,kingvik,2026-08-23T13:31:14.488000+00:00,Rwanda,30.428480100098,-1.9519903143278,0.0061
951546721301977,vIJ0lw54EW32oCUfTszRyu,103644195212255,kingvik,2026-08-23T13:30:19.346000+00:00,Rwanda,30.423539710718,-1.9492687503539,0.0081
955040424299974,vIJ0lw54EW32oCUfTszRyu,103644195212255,kingvik,2026-08-23T13:31:52.351000+00:00,Rwanda,30.432282755814,-1.951540444186,0.0036
966292045828400,vIJ0lw54EW32oCUfTszRyu,103644195212255,kingvik,2026-08-23T13:31:35.442000+00:00,Rwanda,30.43064360404,-1.9517454676768,0.0068
978387628554398,vIJ0lw54EW32oCUfTszRyu,103644195212255,kingvik,2026-08-23T13:30:13.842000+00:00,Rwanda,30.422970058038,-1.9487447327604,0.007
996505686774584,vIJ0lw54EW32oCUfTszRyu,103644195212255,kingvik,2026-08-23T13:31:43.407000+00:00,Rwanda,30.431457489697,-1.9516436166667,0.0064
1002523236132987,vIJ0lw54EW32oCUfTszRyu,103644195212255,kingvik,2026-08-23T13:30:29.858000+00:00,Rwanda,30.42451957,-1.9503903033333,0.0075
1007373632315875,vIJ0lw54EW32oCUfTszRyu,103644195212255,kingvik,2026-08-23T13:31:12.385000+00:00,Rwanda,30.428246053333,-1.9520143555556,0.0063
1022194817309503,vIJ0lw54EW32oCUfTszRyu,103644195212255,kingvik,2026-08-23T13:31:24.092000+00:00,Rwanda,30.429492727273,-1.9518721372727,0.0057
1024003913789948,vIJ0lw54EW32oCUfTszRyu,103644195212255,kingvik,2026-08-23T13:30:21.855000+00:00,Rwanda,30.423789533529,-1.9495368729412,0.008
1026633266858589,vIJ0lw54EW32oCUfTszRyu,103644195212255,kingvik,2026-08-23T13:30:36.863000+00:00,Rwanda,30.4250568684,-1.951039463788,0.0061
1030219299885328,vIJ0lw54EW32oCUfTszRyu,103644195212255,kingvik,2026-08-23T13:31:32.597000+00:00,Rwanda,30.430356536373,-1.9517775059804,0.0062
1031370296617582,vIJ0lw54EW32oCUfTszRyu,103644195212255,kingvik,2026-08-23T13:31:34.299000+00:00,Rwanda,30.430528310206,-1.9517589032385,0.0064
1043305048336406,vIJ0lw54EW32oCUfTszRyu,103644195212255,kingvik,2026-08-23T13:30:19.852000+00:00,Rwanda,30.42359056087,-1.9493231826087,0.0083
1044032028399028,vIJ0lw54EW32oCUfTszRyu,103644195212255,kingvik,2026-08-23T13:31:04.378000+00:00,Rwanda,30.427395967517,-1.9520971924436,0.0051
1044086098424373,vIJ0lw54EW32oCUfTszRyu,103644195212255,kingvik,2026-08-23T13:31:37.704000+00:00,Rwanda,30.430871257115,-1.9517177505397,0.0063
1044882121697378,vIJ0lw54EW32oCUfTszRyu,103644195212255,kingvik,2026-08-23T13:30:59.381000+00:00,Rwanda,30.426972551961,-1.9521417460784,0.005
1047273578021623,vIJ0lw54EW32oCUfTszRyu,103644195212255,kingvik,2026-08-23T13:31:51.862000+00:00,Rwanda,30.432250853737,-1.951546820404,0.0043
1048693171307426,vIJ0lw54EW32oCUfTszRyu,103644195212255,kingvik,2026-08-23T13:31:36.538000+00:00,Rwanda,30.430753937273,-1.95173148,0.006
1048856594439684,vIJ0lw54EW32oCUfTszRyu,103644195212255,kingvik,2026-08-23T13:31:49.046000+00:00,Rwanda,30.432016219596,-1.9515874472727,0.0056
1049005401096294,vIJ0lw54EW32oCUfTszRyu,103644195212255,kingvik,2026-08-23T13:32:00.785000+00:00,Rwanda,30.432620307753,-1.9514609193327,0.0031
1051166114353623,vIJ0lw54EW32oCUfTszRyu,103644195212255,kingvik,2026-08-23T13:31:19.829000+00:00,Rwanda,30.429045582222,-1.9519228881818,0.0062
1051442821192360,vIJ0lw54EW32oCUfTszRyu,103644195212255,kingvik,2026-08-23T13:31:34.835000+00:00,Rwanda,30.430582472222,-1.9517528887879,0.0061
1054210640811614,vIJ0lw54EW32oCUfTszRyu,103644195212255,kingvik,2026-08-23T13:30:14.344000+00:00,Rwanda,30.423018769412,-1.9487870058824,0.0072
1056385876747575,vIJ0lw54EW32oCUfTszRyu,103644195212255,kingvik,2026-08-23T13:31:39.943000+00:00,Rwanda,30.431101041212,-1.951689329697,0.0063
1056698507225552,vIJ0lw54EW32oCUfTszRyu,103644195212255,kingvik,2026-08-23T13:30:48.871000+00:00,Rwanda,30.425937777576,-1.9518998824242,0.0059
1059205003365655,vIJ0lw54EW32oCUfTszRyu,103644195212255,kingvik,2026-08-23T13:31:33.740000+00:00,Rwanda,30.4304715,-1.95176518,0.0069
1061856159667398,vIJ0lw54EW32oCUfTszRyu,103644195212255,kingvik,2026-08-23T13:30:30.859000+00:00,Rwanda,30.424605106061,-1.9504938511111,0.0075
1062948259806141,vIJ0lw54EW32oCUfTszRyu,103644195212255,kingvik,2026-08-23T13:31:01.880000+00:00,Rwanda,30.427178982532,-1.952127486948,0.0046
1063391669393754,vIJ0lw54EW32oCUfTszRyu,103644195212255,kingvik,2026-08-23T13:30:29.357000+00:00,Rwanda,30.424475124874,-1.9503390059656,0.0078
1067252352455195,vIJ0lw54EW32oCUfTszRyu,103644195212255,kingvik,2026-08-23T13:32:05.401000+00:00,Rwanda,30.432775792727,-1.951424400303,0.0047
1067607505987965,vIJ0lw54EW32oCUfTszRyu,103644195212255,kingvik,2026-08-23T13:31:16.090000+00:00,Rwanda,30.428652494799,-1.9519701727184,0.006
1071242828820864,vIJ0lw54EW32oCUfTszRyu,103644195212255,kingvik,2026-08-23T13:30:59.877000+00:00,Rwanda,30.427015305966,-1.9521407321537,0.0048
1074524684970771,vIJ0lw54EW32oCUfTszRyu,103644195212255,kingvik,2026-08-23T13:30:34.354000+00:00,Rwanda,30.424877536364,-1.9508265145455,0.0064
1080382801217548,vIJ0lw54EW32oCUfTszRyu,103644195212255,kingvik,2026-08-23T13:31:26.333000+00:00,Rwanda,30.429720771933,-1.9518466076546,0.0062
1080889994385453,vIJ0lw54EW32oCUfTszRyu,103644195212255,kingvik,2026-08-23T13:30:38.365000+00:00,Rwanda,30.425159666667,-1.9511627217647,0.0059
1084579247468532,vIJ0lw54EW32oCUfTszRyu,103644195212255,kingvik,2026-08-23T13:30:33.358000+00:00,Rwanda,30.424802777374,-1.9507372853535,0.0067
1084641704055345,vIJ0lw54EW32oCUfTszRyu,103644195212255,kingvik,2026-08-23T13:30:48.365000+00:00,Rwanda,30.425892714156,-1.9518714231547,0.0058
1085635917334796,vIJ0lw54EW32oCUfTszRyu,103644195212255,kingvik,2026-08-23T13:31:57.658000+00:00,Rwanda,30.432528420707,-1.9514850751717,0.0038
1086856643916645,vIJ0lw54EW32oCUfTszRyu,103644195212255,kingvik,2026-08-23T13:31:47.950000+00:00,Rwanda,30.431912770808,-1.951599930101,0.0066
1090767470366230,vIJ0lw54EW32oCUfTszRyu,103644195212255,kingvik,2026-08-23T13:30:28.356000+00:00,Rwanda,30.424384580765,-1.9502343837095,0.0077
1091818520055759,vIJ0lw54EW32oCUfTszRyu,103644195212255,kingvik,2026-08-23T13:30:34.860000+00:00,Rwanda,30.424914703033,-1.9508703146613,0.0064
1092210426703802,vIJ0lw54EW32oCUfTszRyu,103644195212255,kingvik,2026-08-23T13:31:21.993000+00:00,Rwanda,30.429273001961,-1.9518954602941,0.0067
1096973235999864,vIJ0lw54EW32oCUfTszRyu,103644195212255,kingvik,2026-08-23T13:30:16.341000+00:00,Rwanda,30.423226958038,-1.9489616931244,0.0078
1113403541109347,vIJ0lw54EW32oCUfTszRyu,103644195212255,kingvik,2026-08-23T13:31:09.881000+00:00,Rwanda,30.427966723137,-1.9520441812745,0.0062
1114971281203399,vIJ0lw54EW32oCUfTszRyu,103644195212255,kingvik,2026-08-23T13:31:49.652000+00:00,Rwanda,30.432071308485,-1.9515796618182,0.0062
1119213917713045,vIJ0lw54EW32oCUfTszRyu,103644195212255,kingvik,2026-08-23T13:30:20.848000+00:00,Rwanda,30.423690785137,-1.9494297850354,0.0081
1124579533654399,vIJ0lw54EW32oCUfTszRyu,103644195212255,kingvik,2026-08-23T13:32:04.163000+00:00,Rwanda,30.432734155354,-1.951433839596,0.0051
1127489049941902,vIJ0lw54EW32oCUfTszRyu,103644195212255,kingvik,2026-08-23T13:31:29.738000+00:00,Rwanda,30.430070904612,-1.9518103576055,0.0061
1184787877217768,vIJ0lw54EW32oCUfTszRyu,103644195212255,kingvik,2026-08-23T13:30:27.855000+00:00,Rwanda,30.424339692525,-1.9501811593939,0.0078
1226645207207042,vIJ0lw54EW32oCUfTszRyu,103644195212255,kingvik,2026-08-23T13:31:15.590000+00:00,Rwanda,30.428599011313,-1.9519767628283,0.0068
1274531134700122,vIJ0lw54EW32oCUfTszRyu,103644195212255,kingvik,2026-08-23T13:31:47.343000+00:00,Rwanda,30.431853978868,-1.9516059294237,0.0059
1280647857414564,vIJ0lw54EW32oCUfTszRyu,103644195212255,kingvik,2026-08-23T13:31:11.880000+00:00,Rwanda,30.428189457879,-1.9520205560606,0.0062
1292363822844810,vIJ0lw54EW32oCUfTszRyu,103644195212255,kingvik,2026-08-23T13:31:09.381000+00:00,Rwanda,30.427911209808,-1.9520497124368,0.0061
1301305658586610,vIJ0lw54EW32oCUfTszRyu,103644195212255,kingvik,2026-08-23T13:31:20.391000+00:00,Rwanda,30.429103463592,-1.9519165888126,0.0065
1333448849841359,vIJ0lw54EW32oCUfTszRyu,103644195212255,kingvik,2026-08-23T13:30:54.874000+00:00,Rwanda,30.426520252404,-1.9521147900883,0.0057
1346698200963430,vIJ0lw54EW32oCUfTszRyu,103644195212255,kingvik,2026-08-23T13:31:28.631000+00:00,Rwanda,30.429959183923,-1.9518215142568,0.0068
1354518260165871,vIJ0lw54EW32oCUfTszRyu,103644195212255,kingvik,2026-08-23T13:31:21.432000+00:00,Rwanda,30.429213062083,-1.9519026180991,0.0065
1362173715899087,vIJ0lw54EW32oCUfTszRyu,103644195212255,kingvik,2026-08-23T13:31:48.508000+00:00,Rwanda,30.431965998037,-1.9515937866536,0.006
1363789459198313,vIJ0lw54EW32oCUfTszRyu,103644195212255,kingvik,2026-08-23T13:31:31.430000+00:00,Rwanda,30.430240923232,-1.9517904131313,0.0059
1371789704529908,vIJ0lw54EW32oCUfTszRyu,103644195212255,kingvik,2026-08-23T13:31:19.285000+00:00,Rwanda,30.428989799393,-1.951928947725,0.0057
1380924494167128,vIJ0lw54EW32oCUfTszRyu,103644195212255,kingvik,2026-08-23T13:30:51.369000+00:00,Rwanda,30.42617307725,-1.9520196191102,0.0058
1381624280150961,vIJ0lw54EW32oCUfTszRyu,103644195212255,kingvik,2026-08-23T13:32:21.917000+00:00,Rwanda,30.433041958948,-1.9513874196158,0.0034
1383984256603469,vIJ0lw54EW32oCUfTszRyu,103644195212255,kingvik,2026-08-23T13:30:37.359000+00:00,Rwanda,30.425091454545,-1.9510803727273,0.006
1386620836316534,vIJ0lw54EW32oCUfTszRyu,103644195212255,kingvik,2026-08-23T13:30:39.867000+00:00,Rwanda,30.425259907753,-1.9512814564279,0.0057
1388110219312774,vIJ0lw54EW32oCUfTszRyu,103644195212255,kingvik,2026-08-23T13:30:42.366000+00:00,Rwanda,30.425424344357,-1.9514713421982,0.0056
1388679432588160,vIJ0lw54EW32oCUfTszRyu,103644195212255,kingvik,2026-08-23T13:31:08.885000+00:00,Rwanda,30.42785686,-1.9520534882353,0.0061
1393600099386103,vIJ0lw54EW32oCUfTszRyu,103644195212255,kingvik,2026-08-23T13:30:42.862000+00:00,Rwanda,30.425458383636,-1.9515083618182,0.0056
1400365345645146,vIJ0lw54EW32oCUfTszRyu,103644195212255,kingvik,2026-08-23T13:32:02.859000+00:00,Rwanda,30.432689436176,-1.9514447814706,0.0048
1406617458054677,vIJ0lw54EW32oCUfTszRyu,103644195212255,kingvik,2026-08-23T13:31:38.847000+00:00,Rwanda,30.430987166263,-1.9517038188889,0.0069
1410326240655290,vIJ0lw54EW32oCUfTszRyu,103644195212255,kingvik,2026-08-23T13:31:10.883000+00:00,Rwanda,30.428078195758,-1.952032520404,0.0063
1419831663391480,vIJ0lw54EW32oCUfTszRyu,103644195212255,kingvik,2026-08-23T13:31:13.988000+00:00,Rwanda,30.428425197576,-1.9519964886869,0.0071
1423350176673706,vIJ0lw54EW32oCUfTszRyu,103644195212255,kingvik,2026-08-23T13:31:23.595000+00:00,Rwanda,30.429441461138,-1.9518770813543,0.0065
1432478238747332,vIJ0lw54EW32oCUfTszRyu,103644195212255,kingvik,2026-08-23T13:30:52.872000+00:00,Rwanda,30.42631995,-1.9520688533333,0.0058
1464121948877372,vIJ0lw54EW32oCUfTszRyu,103644195212255,kingvik,2026-08-23T13:31:05.380000+00:00,Rwanda,30.427490379272,-1.9520853258847,0.0054
1477680541056591,vIJ0lw54EW32oCUfTszRyu,103644195212255,kingvik,2026-08-23T13:31:17.692000+00:00,Rwanda,30.428823582059,-1.9519490955882,0.006
1499846748619579,vIJ0lw54EW32oCUfTszRyu,103644195212255,kingvik,2026-08-23T13:31:26.929000+00:00,Rwanda,30.429782778182,-1.9518391890909,0.0069
1514526373730971,vIJ0lw54EW32oCUfTszRyu,103644195212255,kingvik,2026-08-23T13:31:04.874000+00:00,Rwanda,30.427442096162,-1.9520913729293,0.0052
1532637438893567,vIJ0lw54EW32oCUfTszRyu,103644195212255,kingvik,2026-08-23T13:31:18.789000+00:00,Rwanda,30.428938727059,-1.9519351401961,0.0066
1534005205164552,vIJ0lw54EW32oCUfTszRyu,103644195212255,kingvik,2026-08-23T13:30:16.847000+00:00,Rwanda,30.423281702828,-1.9490092280808,0.0081
1540183097304585,vIJ0lw54EW32oCUfTszRyu,103644195212255,kingvik,2026-08-23T13:31:33.132000+00:00,Rwanda,30.430410090394,-1.9517718150657,0.006
1542868923706615,vIJ0lw54EW32oCUfTszRyu,103644195212255,kingvik,2026-08-23T13:31:51.347000+00:00,Rwanda,30.432212587537,-1.9515543816487,0.0054
1548089627333985,vIJ0lw54EW32oCUfTszRyu,103644195212255,kingvik,2026-08-23T13:31:17.192000+00:00,Rwanda,30.428770310212,-1.9519555959555,0.0068
1553214126285760,vIJ0lw54EW32oCUfTszRyu,103644195212255,kingvik,2026-08-23T13:31:12.885000+00:00,Rwanda,30.428302165456,-1.9520086684004,0.0063
1562729725589251,vIJ0lw54EW32oCUfTszRyu,103644195212255,kingvik,2026-08-23T13:30:55.876000+00:00,Rwanda,30.426624391001,-1.9521278467139,0.0059
1564805342040957,vIJ0lw54EW32oCUfTszRyu,103644195212255,kingvik,2026-08-23T13:30:46.367000+00:00,Rwanda,30.425725486457,-1.9517513081452,0.0058
1572502191580667,vIJ0lw54EW32oCUfTszRyu,103644195212255,kingvik,2026-08-23T13:31:25.794000+00:00,Rwanda,30.429665433333,-1.9518532666667,0.0064
1574697864204313,vIJ0lw54EW32oCUfTszRyu,103644195212255,kingvik,2026-08-23T13:30:18.850000+00:00,Rwanda,30.423490128235,-1.9492159341176,0.0081
1580998210435687,vIJ0lw54EW32oCUfTszRyu,103644195212255,kingvik,2026-08-23T13:30:41.865000+00:00,Rwanda,30.425390398384,-1.9514339579798,0.0056
1581398960673713,vIJ0lw54EW32oCUfTszRyu,103644195212255,kingvik,2026-08-23T13:30:54.374000+00:00,Rwanda,30.426469368182,-1.9521054545455,0.0058
1584278923002753,vIJ0lw54EW32oCUfTszRyu,103644195212255,kingvik,2026-08-23T13:30:31.360000+00:00,Rwanda,30.424646568204,-1.9505444414132,0.0073
1593822172173393,vIJ0lw54EW32oCUfTszRyu,103644195212255,kingvik,2026-08-23T13:31:07.879000+00:00,Rwanda,30.427747635354,-1.9520595959596,0.0059
1595665768758052,vIJ0lw54EW32oCUfTszRyu,103644195212255,kingvik,2026-08-23T13:31:55.413000+00:00,Rwanda,30.432451409505,-1.951503691001,0.0038
1598274778636362,vIJ0lw54EW32oCUfTszRyu,103644195212255,kingvik,2026-08-23T13:31:45.640000+00:00,Rwanda,30.431684821515,-1.9516214944444,0.0061
1604026511233116,vIJ0lw54EW32oCUfTszRyu,103644195212255,kingvik,2026-08-23T13:30:49.867000+00:00,Rwanda,30.426029361616,-1.9519524826263,0.0058
1612629027040048,vIJ0lw54EW32oCUfTszRyu,103644195212255,kingvik,2026-08-23T13:32:14.712000+00:00,Rwanda,30.43298312,-1.9513772963636,0.004
1613819280095376,vIJ0lw54EW32oCUfTszRyu,103644195212255,kingvik,2026-08-23T13:31:02.881000+00:00,Rwanda,30.427263209091,-1.9521144181818,0.0048
1618660396530264,vIJ0lw54EW32oCUfTszRyu,103644195212255,kingvik,2026-08-23T13:31:22.490000+00:00,Rwanda,30.429325597573,-1.951889318908,0.0059
1624385915720234,vIJ0lw54EW32oCUfTszRyu,103644195212255,kingvik,2026-08-23T13:30:53.868000+00:00,Rwanda,30.426418701212,-1.952094279798,0.0056
1624521785851395,vIJ0lw54EW32oCUfTszRyu,103644195212255,kingvik,2026-08-23T13:31:43.948000+00:00,Rwanda,30.431512213543,-1.951637915211,0.0061
1628445238884573,vIJ0lw54EW32oCUfTszRyu,103644195212255,kingvik,2026-08-23T13:31:30.895000+00:00,Rwanda,30.430187972718,-1.9517968784102,0.0063
1632637785132979,vIJ0lw54EW32oCUfTszRyu,103644195212255,kingvik,2026-08-23T13:31:52.908000+00:00,Rwanda,30.432316695294,-1.9515335270588,0.0038
1663547815114915,vIJ0lw54EW32oCUfTszRyu,103644195212255,kingvik,2026-08-23T13:31:18.226000+00:00,Rwanda,30.428879961881,-1.9519422638018,0.0063
1675513496865231,vIJ0lw54EW32oCUfTszRyu,103644195212255,kingvik,2026-08-23T13:30:21.354000+00:00,Rwanda,30.423740691709,-1.9494834983822,0.0082
1675856533974012,vIJ0lw54EW32oCUfTszRyu,103644195212255,kingvik,2026-08-23T13:31:42.842000+00:00,Rwanda,30.431400307988,-1.951650553185,0.0068
1679065516882808,vIJ0lw54EW32oCUfTszRyu,103644195212255,kingvik,2026-08-23T13:31:37.145000+00:00,Rwanda,30.430814932154,-1.951724517998,0.0068
1695428264897197,vIJ0lw54EW32oCUfTszRyu,103644195212255,kingvik,2026-08-23T13:30:12.340000+00:00,Rwanda,30.422826083923,-1.9486219393327,0.0217
1707237720337439,vIJ0lw54EW32oCUfTszRyu,103644195212255,kingvik,2026-08-23T13:30:23.853000+00:00,Rwanda,30.423975439535,-1.9497523985844,0.008
1719208863545772,vIJ0lw54EW32oCUfTszRyu,103644195212255,kingvik,2026-08-23T13:30:33.858000+00:00,Rwanda,30.424840728067,-1.9507826127576,0.0066
1720706882489577,vIJ0lw54EW32oCUfTszRyu,103644195212255,kingvik,2026-08-23T13:30:28.851000+00:00,Rwanda,30.424429248485,-1.9502864090909,0.0076
1724729948739391,vIJ0lw54EW32oCUfTszRyu,103644195212255,kingvik,2026-08-23T13:30:47.368000+00:00,Rwanda,30.42580728271,-1.9518128625885,0.0057
1726476652013741,vIJ0lw54EW32oCUfTszRyu,103644195212255,kingvik,2026-08-23T13:30:49.371000+00:00,Rwanda,30.425983334151,-1.9519269677134,0.0059
1736853854213934,vIJ0lw54EW32oCUfTszRyu,103644195212255,kingvik,2026-08-23T13:31:00.377000+00:00,Rwanda,30.42705692,-1.9521391305882,0.0046
1738260590625488,vIJ0lw54EW32oCUfTszRyu,103644195212255,kingvik,2026-08-23T13:32:12.534000+00:00,Rwanda,30.432948582237,-1.9513858077527,0.0033
1741791580428197,vIJ0lw54EW32oCUfTszRyu,103644195212255,kingvik,2026-08-23T13:30:24.354000+00:00,Rwanda,30.424021581961,-1.9498065913725,0.0079
1742741116959138,vIJ0lw54EW32oCUfTszRyu,103644195212255,kingvik,2026-08-23T13:31:28.035000+00:00,Rwanda,30.429898135196,-1.9518269984314,0.0063
1756937025349923,vIJ0lw54EW32oCUfTszRyu,103644195212255,kingvik,2026-08-23T13:31:10.377000+00:00,Rwanda,30.428021960061,-1.9520383424671,0.0062
1758845265432916,vIJ0lw54EW32oCUfTszRyu,103644195212255,kingvik,2026-08-23T13:30:50.873000+00:00,Rwanda,30.426125209912,-1.9519993343474,0.0059
1759044318845944,vIJ0lw54EW32oCUfTszRyu,103644195212255,kingvik,2026-08-23T13:30:32.357000+00:00,Rwanda,30.424725441511,-1.9506430992149,0.007
1759209622066848,vIJ0lw54EW32oCUfTszRyu,103644195212255,kingvik,2026-08-23T13:31:56.552000+00:00,Rwanda,30.432495360162,-1.951492807179,0.005
1760120871694136,vIJ0lw54EW32oCUfTszRyu,103644195212255,kingvik,2026-08-23T13:30:37.864000+00:00,Rwanda,30.425125674317,-1.9511220816987,0.006
1766398877822891,vIJ0lw54EW32oCUfTszRyu,103644195212255,kingvik,2026-08-23T13:30:13.347000+00:00,Rwanda,30.422922564706,-1.94870394,0.007
1776800329989944,vIJ0lw54EW32oCUfTszRyu,103644195212255,kingvik,2026-08-23T13:30:15.344000+00:00,Rwanda,30.423120009596,-1.9488715555556,0.0075
1782372102759658,vIJ0lw54EW32oCUfTszRyu,103644195212255,kingvik,2026-08-23T13:31:27.496000+00:00,Rwanda,30.429842131648,-1.9518325973711,0.0066
1785407756142705,vIJ0lw54EW32oCUfTszRyu,103644195212255,kingvik,2026-08-23T13:31:25.226000+00:00,Rwanda,30.429607831111,-1.9518598933333,0.0067
1806873650479426,vIJ0lw54EW32oCUfTszRyu,103644195212255,kingvik,2026-08-23T13:30:58.375000+00:00,Rwanda,30.42688044899,-1.9521421,0.0054
1809057940091381,vIJ0lw54EW32oCUfTszRyu,103644195212255,kingvik,2026-08-23T13:30:40.363000+00:00,Rwanda,30.425292103636,-1.9513200345455,0.0056
1812123306451980,vIJ0lw54EW32oCUfTszRyu,103644195212255,kingvik,2026-08-23T13:31:40.543000+00:00,Rwanda,30.431163893327,-1.9516810765456,0.007
1812351276876405,vIJ0lw54EW32oCUfTszRyu,103644195212255,kingvik,2026-08-23T13:31:03.382000+00:00,Rwanda,30.427306719627,-1.9521085975466,0.0049
1815719496261526,vIJ0lw54EW32oCUfTszRyu,103644195212255,kingvik,2026-08-23T13:30:27.349000+00:00,Rwanda,30.424294713852,-1.9501274790698,0.0077
1837229671039051,vIJ0lw54EW32oCUfTszRyu,103644195212255,kingvik,2026-08-23T13:30:55.370000+00:00,Rwanda,30.426571390101,-1.9521218484848,0.0057
1857173888778132,vIJ0lw54EW32oCUfTszRyu,103644195212255,kingvik,2026-08-23T13:31:42.245000+00:00,Rwanda,30.43133983902,-1.9516585986275,0.0069
1870581504307178,vIJ0lw54EW32oCUfTszRyu,103644195212255,kingvik,2026-08-23T13:30:26.853000+00:00,Rwanda,30.424250599509,-1.9500742868499,0.0078
1873994930676838,vIJ0lw54EW32oCUfTszRyu,103644195212255,kingvik,2026-08-23T13:31:06.377000+00:00,Rwanda,30.427589652727,-1.9520727436364,0.0056
1889888465728538,vIJ0lw54EW32oCUfTszRyu,103644195212255,kingvik,2026-08-23T13:30:51.870000+00:00,Rwanda,30.426221783529,-1.9520375976471,0.0058
1911905986456199,vIJ0lw54EW32oCUfTszRyu,103644195212255,kingvik,2026-08-23T13:31:39.406000+00:00,Rwanda,30.431044756428,-1.951696579686,0.0065
1989415858591246,vIJ0lw54EW32oCUfTszRyu,103644195212255,kingvik,2026-08-23T13:31:00.873000+00:00,Rwanda,30.427097147826,-1.9521370565217,0.0045
1993682485380156,vIJ0lw54EW32oCUfTszRyu,103644195212255,kingvik,2026-08-23T13:30:39.367000+00:00,Rwanda,30.425226966768,-1.9512420731313,0.0058
2043266426296759,vIJ0lw54EW32oCUfTszRyu,103644195212255,kingvik,2026-08-23T13:30:25.857000+00:00,Rwanda,30.424160419921,-1.9499669892051,0.0078
2056369284964753,vIJ0lw54EW32oCUfTszRyu,103644195212255,kingvik,2026-08-23T13:32:49.899000+00:00,Rwanda,30.433076247792,-1.9514065483808,0.003
2061682144514725,vIJ0lw54EW32oCUfTszRyu,103644195212255,kingvik,2026-08-23T13:31:24.630000+00:00,Rwanda,30.429547489205,-1.9518664995093,0.0061
2064082171165898,vIJ0lw54EW32oCUfTszRyu,103644195212255,kingvik,2026-08-23T13:31:01.379000+00:00,Rwanda,30.427137935556,-1.952133230101,0.0046
2082305002678925,vIJ0lw54EW32oCUfTszRyu,103644195212255,kingvik,2026-08-23T13:30:53.372000+00:00,Rwanda,30.426369499117,-1.9520822179588,0.0057
2089042871728910,vIJ0lw54EW32oCUfTszRyu,103644195212255,kingvik,2026-08-23T13:30:57.879000+00:00,Rwanda,30.426831517174,-1.9521418432777,0.0057
2094879334481973,vIJ0lw54EW32oCUfTszRyu,103644195212255,kingvik,2026-08-23T13:30:44.364000+00:00,Rwanda,30.425567281414,-1.9516175581818,0.0057
2105211477063658,vIJ0lw54EW32oCUfTszRyu,103644195212255,kingvik,2026-08-23T13:30:56.872000+00:00,Rwanda,30.426727747219,-1.9521372832154,0.0057
2110483686555320,vIJ0lw54EW32oCUfTszRyu,103644195212255,kingvik,2026-08-23T13:31:02.376000+00:00,Rwanda,30.427220370808,-1.9521208733333,0.0047
2111653539564534,vIJ0lw54EW32oCUfTszRyu,103644195212255,kingvik,2026-08-23T13:31:50.210000+00:00,Rwanda,30.43211986683,-1.9515718178606,0.0055
2112554539634698,vIJ0lw54EW32oCUfTszRyu,103644195212255,kingvik,2026-08-23T13:31:36.001000+00:00,Rwanda,30.430699928165,-1.9517380379784,0.0063
2116851599708447,vIJ0lw54EW32oCUfTszRyu,103644195212255,kingvik,2026-08-23T13:30:52.366000+00:00,Rwanda,30.426270267037,-1.9520537562184,0.0057
2117569252171877,vIJ0lw54EW32oCUfTszRyu,103644195212255,kingvik,2026-08-23T13:32:17.514000+00:00,Rwanda,30.433014832941,-1.9513732041176,0.0036
2137186843560312,vIJ0lw54EW32oCUfTszRyu,103644195212255,kingvik,2026-08-23T13:31:11.384000+00:00,Rwanda,30.428133782041,-1.9520265023553,0.0062
2139559546998208,vIJ0lw54EW32oCUfTszRyu,103644195212255,kingvik,2026-08-23T13:30:41.360000+00:00,Rwanda,30.425356834646,-1.951396039596,0.0055
2148749686046428,vIJ0lw54EW32oCUfTszRyu,103644195212255,kingvik,2026-08-23T13:31:13.419000+00:00,Rwanda,30.428361856016,-1.952002709909,0.0067
2157848371609900,vIJ0lw54EW32oCUfTszRyu,103644195212255,kingvik,2026-08-23T13:31:05.881000+00:00,Rwanda,30.427539605986,-1.9520789462218,0.0055
2162265848043417,vIJ0lw54EW32oCUfTszRyu,103644195212255,kingvik,2026-08-23T13:30:45.370000+00:00,Rwanda,30.425645092149,-1.9516863064769,0.0058
2171510657133226,vIJ0lw54EW32oCUfTszRyu,103644195212255,kingvik,2026-08-23T13:32:07.960000+00:00,Rwanda,30.432852401569,-1.9514073930392,0.0041
2177874333086532,vIJ0lw54EW32oCUfTszRyu,103644195212255,kingvik,2026-08-23T13:31:41.099000+00:00,Rwanda,30.431222047475,-1.9516736464646,0.0065
2186666711881046,vIJ0lw54EW32oCUfTszRyu,103644195212255,kingvik,2026-08-23T13:30:12.846000+00:00,Rwanda,30.422874850961,-1.9486633762386,0.0071
2197074727531101,vIJ0lw54EW32oCUfTszRyu,103644195212255,kingvik,2026-08-23T13:31:59.943000+00:00,Rwanda,30.432593161111,-1.9514680520202,0.0039
2208739979974067,vIJ0lw54EW32oCUfTszRyu,103644195212255,kingvik,2026-08-23T13:31:46.805000+00:00,Rwanda,30.431801535294,-1.9516110235294,0.0062
2216604075792230,vIJ0lw54EW32oCUfTszRyu,103644195212255,kingvik,2026-08-23T13:31:32.037000+00:00,Rwanda,30.430300923256,-1.9517835302326,0.0067
2217598352306855,vIJ0lw54EW32oCUfTszRyu,103644195212255,kingvik,2026-08-23T13:30:50.373000+00:00,Rwanda,30.426077195657,-1.9519767379798,0.006
2232568290872226,vIJ0lw54EW32oCUfTszRyu,103644195212255,kingvik,2026-08-23T13:30:38.861000+00:00,Rwanda,30.425193205359,-1.9512021406471,0.0058
2244030856452239,vIJ0lw54EW32oCUfTszRyu,103644195212255,kingvik,2026-08-23T13:30:14.839000+00:00,Rwanda,30.423068402932,-1.9488285506572,0.0072
2251615649012935,vIJ0lw54EW32oCUfTszRyu,103644195212255,kingvik,2026-08-23T13:30:31.856000+00:00,Rwanda,30.424686066364,-1.9505939875758,0.007
2258996961603466,vIJ0lw54EW32oCUfTszRyu,103644195212255,kingvik,2026-08-23T13:31:41.646000+00:00,Rwanda,30.431278546714,-1.9516665979778,0.0063
2280085449415215,vIJ0lw54EW32oCUfTszRyu,103644195212255,kingvik,2026-08-23T13:30:25.356000+00:00,Rwanda,30.424114113636,-1.9499140239394,0.0079
2281244182416298,vIJ0lw54EW32oCUfTszRyu,103644195212255,kingvik,2026-08-23T13:30:35.361000+00:00,Rwanda,30.42495094402,-1.9509132438235,0.0062
2285880322246453,vIJ0lw54EW32oCUfTszRyu,103644195212255,kingvik,2026-08-23T13:30:43.367000+00:00,Rwanda,30.425493984934,-1.9515458199191,0.0057
2302113953894533,vIJ0lw54EW32oCUfTszRyu,103644195212255,kingvik,2026-08-23T13:30:15.846000+00:00,Rwanda,30.423173645731,-1.9489161646712,0.0078
2336319983806810,vIJ0lw54EW32oCUfTszRyu,103644195212255,kingvik,2026-08-23T13:31:20.887000+00:00,Rwanda,30.429155302424,-1.9519100321212,0.0058
2387169121813386,vIJ0lw54EW32oCUfTszRyu,103644195212255,kingvik,2026-08-23T13:31:44.544000+00:00,Rwanda,30.43157269697,-1.9516321147475,0.0068
2453125205099134,vIJ0lw54EW32oCUfTszRyu,103644195212255,kingvik,2026-08-23T13:30:36.362000+00:00,Rwanda,30.425022156162,-1.9509974581818,0.0062
2468998960277973,vIJ0lw54EW32oCUfTszRyu,103644195212255,kingvik,2026-08-23T13:31:07.383000+00:00,Rwanda,30.427694410206,-1.952062818842,0.0059
2475165936321724,vIJ0lw54EW32oCUfTszRyu,103644195212255,kingvik,2026-08-23T13:31:03.878000+00:00,Rwanda,30.427350674141,-1.9521030319192,0.0049
2534343203735203,vIJ0lw54EW32oCUfTszRyu,103644195212255,kingvik,2026-08-23T13:30:46.863000+00:00,Rwanda,30.425765778889,-1.9517823510101,0.0057
2543856819467959,vIJ0lw54EW32oCUfTszRyu,103644195212255,kingvik,2026-08-23T13:31:29.198000+00:00,Rwanda,30.430016478586,-1.951816170303,0.0064
2678565249225222,vIJ0lw54EW32oCUfTszRyu,103644195212255,kingvik,2026-08-23T13:32:06.664000+00:00,Rwanda,30.432816641176,-1.9514159235294,0.0046
2825281627837688,vIJ0lw54EW32oCUfTszRyu,103644195212255,kingvik,2026-08-23T13:32:01.595000+00:00,Rwanda,30.432646968889,-1.9514546044444,0.003
2857400557941482,vIJ0lw54EW32oCUfTszRyu,103644195212255,kingvik,2026-08-23T13:31:06.882000+00:00,Rwanda,30.427641787273,-1.9520672082828,0.0058
2922167784782630,vIJ0lw54EW32oCUfTszRyu,103644195212255,kingvik,2026-08-23T13:30:17.843000+00:00,Rwanda,30.423387471212,-1.9491089863636,0.0081
3122069157986849,vIJ0lw54EW32oCUfTszRyu,103644195212255,kingvik,2026-08-23T13:30:24.850000+00:00,Rwanda,30.424067274014,-1.9498601262892,0.0078
3228263337382578,vIJ0lw54EW32oCUfTszRyu,103644195212255,kingvik,2026-08-23T13:30:30.353000+00:00,Rwanda,30.424562471486,-1.950441683822,0.0074
3611366402354333,vIJ0lw54EW32oCUfTszRyu,103644195212255,kingvik,2026-08-23T13:30:57.378000+00:00,Rwanda,30.426780222424,-1.9521405436364,0.0058
3672413429564830,vIJ0lw54EW32oCUfTszRyu,103644195212255,kingvik,2026-08-23T13:31:38.241000+00:00,Rwanda,30.430925562424,-1.9517113054545,0.0061
4300327766908984,vIJ0lw54EW32oCUfTszRyu,103644195212255,kingvik,2026-08-23T13:31:54.732000+00:00,Rwanda,30.432418412929,-1.9515114961616,0.0065
4365334650447924,vIJ0lw54EW32oCUfTszRyu,103644195212255,kingvik,2026-08-23T13:31:23.035000+00:00,Rwanda,30.429382851717,-1.9518830133333,0.0064
4416393538626839,vIJ0lw54EW32oCUfTszRyu,103644195212255,kingvik,2026-08-23T13:31:53.669000+00:00,Rwanda,30.432360961313,-1.9515242377778,0.005
4464617490419114,vIJ0lw54EW32oCUfTszRyu,103644195212255,kingvik,2026-08-23T13:31:08.385000+00:00,Rwanda,30.427802494843,-1.9520566157735,0.0061
4553806714876799,vIJ0lw54EW32oCUfTszRyu,103644195212255,kingvik,2026-08-23T13:31:16.624000+00:00,Rwanda,30.428709493939,-1.9519629848485,0.0064
4559210317669442,vIJ0lw54EW32oCUfTszRyu,103644195212255,kingvik,2026-08-23T13:31:45.103000+00:00,Rwanda,30.431629992542,-1.9516267229637,0.0064
4650102465312676,vIJ0lw54EW32oCUfTszRyu,103644195212255,kingvik,2026-08-23T13:30:23.347000+00:00,Rwanda,30.423928951871,-1.9496975319515,0.0078
27593438837019183,vIJ0lw54EW32oCUfTszRyu,103644195212255,kingvik,2026-08-23T13:30:43.868000+00:00,Rwanda,30.425530390677,-1.9515822855741,0.0057
27683732091322362,vIJ0lw54EW32oCUfTszRyu,103644195212255,kingvik,2026-08-23T13:31:15.021000+00:00,Rwanda,30.428537882424,-1.9519839272727,0.0065
27707460968954314,vIJ0lw54EW32oCUfTszRyu,103644195212255,kingvik,2026-08-23T13:32:10.966000+00:00,Rwanda,30.432919755556,-1.9513926111111,0.0043
28144167581917991,vIJ0lw54EW32oCUfTszRyu,103644195212255,kingvik,2026-08-23T13:32:09.164000+00:00,Rwanda,30.432881377576,-1.9513999907071,0.0033
28379604414969047,vIJ0lw54EW32oCUfTszRyu,103644195212255,kingvik,2026-08-23T13:31:30.334000+00:00,Rwanda,30.430131445455,-1.9518035027273,0.0068
28474282678843242,vIJ0lw54EW32oCUfTszRyu,103644195212255,kingvik,2026-08-23T13:30:18.349000+00:00,Rwanda,30.423439964611,-1.9491626924166,0.0083
28757774047156576,vIJ0lw54EW32oCUfTszRyu,103644195212255,kingvik,2026-08-23T13:30:58.880000+00:00,Rwanda,30.426927733974,-1.9521420638018,0.0053
37782613831387275,vIJ0lw54EW32oCUfTszRyu,103644195212255,kingvik,2026-08-23T13:30:22.852000+00:00,Rwanda,30.423883286471,-1.9496439647059,0.0079
922705437551093,vIJ0lw54EW32oCUfTszRyu,103644195212255,kingvik,2026-08-23T13:34:03.955000+00:00,Rwanda,30.433240188911,-1.951458916683,0.003
942518108195514,vIJ0lw54EW32oCUfTszRyu,103644195212255,kingvik,2026-08-23T13:33:27.005000+00:00,Rwanda,30.433264080606,-1.9514009971717,0.0031
1044453701553326,vIJ0lw54EW32oCUfTszRyu,103644195212255,kingvik,2026-08-23T13:33:08.973000+00:00,Rwanda,30.433209631648,-1.9514049017189,0.0033
1411698167767109,vIJ0lw54EW32oCUfTszRyu,103644195212255,kingvik,2026-08-23T13:33:14.041000+00:00,Rwanda,30.433237805258,-1.9514090671385,0.0032
1582497303378444,vIJ0lw54EW32oCUfTszRyu,103644195212255,kingvik,2026-08-23T13:32:57.004000+00:00,Rwanda,30.433128728514,-1.9513900809909,0.0031
1655969682787792,vIJ0lw54EW32oCUfTszRyu,103644195212255,kingvik,2026-08-23T13:33:04.308000+00:00,Rwanda,30.433184057331,-1.9513906950455,0.0031
1711148677681682,vIJ0lw54EW32oCUfTszRyu,103644195212255,kingvik,2026-08-23T13:33:00.657000+00:00,Rwanda,30.433156799411,-1.9513870421982,0.0031
1987085761967317,vIJ0lw54EW32oCUfTszRyu,103644195212255,kingvik,2026-08-23T13:33:45.022000+00:00,Rwanda,30.433286879373,-1.9514356296259,0.003
2003904203597511,vIJ0lw54EW32oCUfTszRyu,103644195212255,kingvik,2026-08-23T13:33:49.022000+00:00,Rwanda,30.433266723824,-1.9514538147059,0.003
2089693661683023,vIJ0lw54EW32oCUfTszRyu,103644195212255,kingvik,2026-08-23T13:32:53.256000+00:00,Rwanda,30.43310309596,-1.9514007171717,0.0031
4295283217400936,vIJ0lw54EW32oCUfTszRyu,103644195212255,kingvik,2026-08-23T13:33:31.271000+00:00,Rwanda,30.43329099899,-1.9514086272727,0.0031
933935233114006,CAq68o39Ynzpu0X4aerZW1,103644195212255,kingvik,2026-08-23T14:21:57.553000+00:00,Rwanda,30.438672797573,-1.9589982734075,0.0035
1012962501795798,CAq68o39Ynzpu0X4aerZW1,103644195212255,kingvik,2026-08-23T14:21:47.055000+00:00,Rwanda,30.438757941557,-1.959033050455,0.003
1033503686116552,CAq68o39Ynzpu0X4aerZW1,103644195212255,kingvik,2026-08-23T14:20:53.026000+00:00,Rwanda,30.43912755697,-1.9587997265657,0.0033
1060333963450793,CAq68o39Ynzpu0X4aerZW1,103644195212255,kingvik,2026-08-23T14:22:00.519000+00:00,Rwanda,30.438645445339,-1.9589947226693,0.0031
1066504952780079,CAq68o39Ynzpu0X4aerZW1,103644195212255,kingvik,2026-08-23T14:20:49.733000+00:00,Rwanda,30.439107635895,-1.9587772439838,0.0032
1080397174336761,CAq68o39Ynzpu0X4aerZW1,103644195212255,kingvik,2026-08-23T14:20:28.821000+00:00,Rwanda,30.439023489383,-1.9585779656218,0.0038
1082522230908162,CAq68o39Ynzpu0X4aerZW1,103644195212255,kingvik,2026-08-23T14:22:06.242000+00:00,Rwanda,30.4385912193,-1.9589925,0.003
1098470229271745,CAq68o39Ynzpu0X4aerZW1,103644195212255,kingvik,2026-08-23T14:20:58.016000+00:00,Rwanda,30.439120991765,-1.9588556482353,0.0031
1331824122084772,CAq68o39Ynzpu0X4aerZW1,103644195212255,kingvik,2026-08-23T14:21:23.365000+00:00,Rwanda,30.438956235354,-1.9590316575758,0.003
1332736748935658,CAq68o39Ynzpu0X4aerZW1,103644195212255,kingvik,2026-08-23T14:21:36.322000+00:00,Rwanda,30.438844269382,-1.9590571174681,0.0036
1355924263356179,CAq68o39Ynzpu0X4aerZW1,103644195212255,kingvik,2026-08-23T14:21:08.835000+00:00,Rwanda,30.43907070202,-1.9589550741414,0.003
1440669194776146,CAq68o39Ynzpu0X4aerZW1,103644195212255,kingvik,2026-08-23T14:20:41.350000+00:00,Rwanda,30.439070773235,-1.9586927861765,0.0032
1558014245798862,CAq68o39Ynzpu0X4aerZW1,103644195212255,kingvik,2026-08-23T14:21:20.256000+00:00,Rwanda,30.438982452424,-1.9590238561616,0.0032
1564980115271297,CAq68o39Ynzpu0X4aerZW1,103644195212255,kingvik,2026-08-23T14:20:25.144000+00:00,Rwanda,30.439017136667,-1.95854411,0.0032
1583148227099504,CAq68o39Ynzpu0X4aerZW1,103644195212255,kingvik,2026-08-23T14:21:00.708000+00:00,Rwanda,30.439111346418,-1.9588811714426,0.003
1586141206579192,CAq68o39Ynzpu0X4aerZW1,103644195212255,kingvik,2026-08-23T14:20:21.920000+00:00,Rwanda,30.43900614798,-1.9585175439394,0.0031
1650511626435423,CAq68o39Ynzpu0X4aerZW1,103644195212255,kingvik,2026-08-23T14:22:11.877000+00:00,Rwanda,30.4385373582,-1.9589968774,0.003
1701281027600682,CAq68o39Ynzpu0X4aerZW1,103644195212255,kingvik,2026-08-23T14:21:17.255000+00:00,Rwanda,30.439009691203,-1.9590133337715,0.0031
1701656020893039,CAq68o39Ynzpu0X4aerZW1,103644195212255,kingvik,2026-08-23T14:22:03.407000+00:00,Rwanda,30.43861834078,-1.9589942851951,0.003
1702930311832496,CAq68o39Ynzpu0X4aerZW1,103644195212255,kingvik,2026-08-23T14:20:18.309000+00:00,Rwanda,30.438996253636,-1.9584917036364,0.0
1735348637514414,CAq68o39Ynzpu0X4aerZW1,103644195212255,kingvik,2026-08-23T14:21:29.680000+00:00,Rwanda,30.438902460465,-1.9590439215369,0.003
1793169662121904,CAq68o39Ynzpu0X4aerZW1,103644195212255,kingvik,2026-08-23T14:20:38.345000+00:00,Rwanda,30.439058668235,-1.9586665180392,0.0034
1801382011000662,CAq68o39Ynzpu0X4aerZW1,103644195212255,kingvik,2026-08-23T14:21:11.525000+00:00,Rwanda,30.439051618824,-1.9589760811765,0.0032
1888912732072983,CAq68o39Ynzpu0X4aerZW1,103644195212255,kingvik,2026-08-23T14:21:53.840000+00:00,Rwanda,30.438701727879,-1.9590096321212,0.0035
1898846684410962,CAq68o39Ynzpu0X4aerZW1,103644195212255,kingvik,2026-08-23T14:20:44.229000+00:00,Rwanda,30.439079000303,-1.9587225620829,0.0034
1966416194315166,CAq68o39Ynzpu0X4aerZW1,103644195212255,kingvik,2026-08-23T14:22:09.010000+00:00,Rwanda,30.438564206999,-1.9589926,0.003
1976671997070470,CAq68o39Ynzpu0X4aerZW1,103644195212255,kingvik,2026-08-23T14:21:43.139000+00:00,Rwanda,30.43878238544,-1.959044860364,0.0037
2037385857143275,CAq68o39Ynzpu0X4aerZW1,103644195212255,kingvik,2026-08-23T14:20:32.732000+00:00,Rwanda,30.439037052353,-1.9586127211765,0.0041
2080203542594456,CAq68o39Ynzpu0X4aerZW1,103644195212255,kingvik,2026-08-23T14:20:47.233000+00:00,Rwanda,30.43909439454,-1.9587519815976,0.0037
2091635551712028,CAq68o39Ynzpu0X4aerZW1,103644195212255,kingvik,2026-08-23T14:21:39.620000+00:00,Rwanda,30.438814181961,-1.9590534137255,0.0034
2099358907438559,CAq68o39Ynzpu0X4aerZW1,103644195212255,kingvik,2026-08-23T14:21:03.522000+00:00,Rwanda,30.439099087144,-1.9589072482826,0.0032
2100238760846872,CAq68o39Ynzpu0X4aerZW1,103644195212255,kingvik,2026-08-23T14:21:26.675000+00:00,Rwanda,30.43892942366,-1.9590404061678,0.0031
2355886845153650,CAq68o39Ynzpu0X4aerZW1,103644195212255,kingvik,2026-08-23T14:20:35.355000+00:00,Rwanda,30.439047275098,-1.958638029902,0.003
2464682497362258,CAq68o39Ynzpu0X4aerZW1,103644195212255,kingvik,2026-08-23T14:21:06.331000+00:00,Rwanda,30.439086763434,-1.9589331151515,0.0032
3665658900239000,CAq68o39Ynzpu0X4aerZW1,103644195212255,kingvik,2026-08-23T14:20:55.315000+00:00,Rwanda,30.439126589687,-1.9588280650152,0.0032
4282127798715908,CAq68o39Ynzpu0X4aerZW1,103644195212255,kingvik,2026-08-23T14:22:15.312000+00:00,Rwanda,30.438510463188,-1.9589997736245,0.003
4565217427097072,CAq68o39Ynzpu0X4aerZW1,103644195212255,kingvik,2026-08-23T14:21:50.446000+00:00,Rwanda,30.438730680569,-1.9590214861629,0.0033
5403519269874050,CAq68o39Ynzpu0X4aerZW1,103644195212255,kingvik,2026-08-23T14:21:32.766000+00:00,Rwanda,30.438875553824,-1.9590505485294,0.0031
29041432098793038,CAq68o39Ynzpu0X4aerZW1,103644195212255,kingvik,2026-08-23T14:21:14.556000+00:00,Rwanda,30.439033715407,-1.9589997553484,0.0033
1011025211903205,yuwZdYMiz7eKRFADImLPvE,103644195212255,kingvik,2026-08-25T05:08:39.719000+00:00,Rwanda,30.313904714033,-1.9146074779195,0.0059
1070795919008479,yuwZdYMiz7eKRFADImLPvE,103644195212255,kingvik,2026-08-25T05:08:39.315000+00:00,Rwanda,30.313908150152,-1.9146607712841,0.0
1104084045515842,yuwZdYMiz7eKRFADImLPvE,103644195212255,kingvik,2026-08-25T05:08:40.116000+00:00,Rwanda,30.313910644848,-1.9145561628283,0.0057
1735739051010666,yuwZdYMiz7eKRFADImLPvE,103644195212255,kingvik,2026-08-25T05:08:40.617000+00:00,Rwanda,30.31390593913,-1.9144807434783,0.0084
772195615988158,yuwZdYMiz7eKRFADImLPvE,103644195212255,kingvik,2026-08-25T05:13:59.138000+00:00,Rwanda,30.278605059764,-1.8940449797841,0.0053
811230732049238,yuwZdYMiz7eKRFADImLPvE,103644195212255,kingvik,2026-08-25T05:10:43.420000+00:00,Rwanda,30.303380771082,-1.8991203824065,0.0106
811560232014299,yuwZdYMiz7eKRFADImLPvE,103644195212255,kingvik,2026-08-25T05:08:54.926000+00:00,Rwanda,30.313423356421,-1.912521672093,0.0089
841245428978409,yuwZdYMiz7eKRFADImLPvE,103644195212255,kingvik,2026-08-25T05:12:29.637000+00:00,Rwanda,30.290592022548,-1.8927714460061,0.0133
855094890904150,yuwZdYMiz7eKRFADImLPvE,103644195212255,kingvik,2026-08-25T05:10:59.462000+00:00,Rwanda,30.302347113953,-1.8968028114257,0.0103
888933414039904,yuwZdYMiz7eKRFADImLPvE,103644195212255,kingvik,2026-08-25T05:09:05.140000+00:00,Rwanda,30.312411247273,-1.9113347818182,0.0101
889036834047697,yuwZdYMiz7eKRFADImLPvE,103644195212255,kingvik,2026-08-25T05:11:27.282000+00:00,Rwanda,30.299962653778,-1.8932755199215,0.0111
896237799912987,yuwZdYMiz7eKRFADImLPvE,103644195212255,kingvik,2026-08-25T05:13:55.285000+00:00,Rwanda,30.278729430707,-1.8939830193939,0.0035
897219896487523,yuwZdYMiz7eKRFADImLPvE,103644195212255,kingvik,2026-08-25T05:12:31.641000+00:00,Rwanda,30.290255817778,-1.89283757,0.0136
901284379370315,yuwZdYMiz7eKRFADImLPvE,103644195212255,kingvik,2026-08-25T05:13:12.292000+00:00,Rwanda,30.28356522366,-1.8936576923155,0.0136
902900745856095,yuwZdYMiz7eKRFADImLPvE,103644195212255,kingvik,2026-08-25T05:11:54.205000+00:00,Rwanda,30.296159856016,-1.8913984397371,0.0124
905275615854464,yuwZdYMiz7eKRFADImLPvE,103644195212255,kingvik,2026-08-25T05:10:02.989000+00:00,Rwanda,30.30770495996,-1.9044121349848,0.0099
908076031967020,yuwZdYMiz7eKRFADImLPvE,103644195212255,kingvik,2026-08-25T05:09:49.962000+00:00,Rwanda,30.309081644242,-1.9058771363636,0.0094
915004335012952,yuwZdYMiz7eKRFADImLPvE,103644195212255,kingvik,2026-08-25T05:12:33.036000+00:00,Rwanda,30.290020189899,-1.8928869319192,0.0133
915676831127954,yuwZdYMiz7eKRFADImLPvE,103644195212255,kingvik,2026-08-25T05:12:12.923000+00:00,Rwanda,30.293087892417,-1.8919538261881,0.0127
922722717023887,yuwZdYMiz7eKRFADImLPvE,103644195212255,kingvik,2026-08-25T05:12:56.154000+00:00,Rwanda,30.286162790909,-1.8932083272727,0.0148
926728396561181,yuwZdYMiz7eKRFADImLPvE,103644195212255,kingvik,2026-08-25T05:09:14.757000+00:00,Rwanda,30.311490245437,-1.9104207025515,0.0087
926928949888996,yuwZdYMiz7eKRFADImLPvE,103644195212255,kingvik,2026-08-25T05:12:47.686000+00:00,Rwanda,30.287567445455,-1.8931225412121,0.0131
934222616425306,yuwZdYMiz7eKRFADImLPvE,103644195212255,kingvik,2026-08-25T05:11:05.267000+00:00,Rwanda,30.301997424706,-1.8960080458824,0.0119
941182608315012,yuwZdYMiz7eKRFADImLPvE,103644195212255,kingvik,2026-08-25T05:09:19.865000+00:00,Rwanda,30.310989289009,-1.909867579686,0.0106
941251694979187,yuwZdYMiz7eKRFADImLPvE,103644195212255,kingvik,2026-08-25T05:13:03.851000+00:00,Rwanda,30.284887517172,-1.8934254338384,0.0142
950234790672700,yuwZdYMiz7eKRFADImLPvE,103644195212255,kingvik,2026-08-25T05:13:41.479000+00:00,Rwanda,30.279526573209,-1.8935923841021,0.0082
958065733829994,yuwZdYMiz7eKRFADImLPvE,103644195212255,kingvik,2026-08-25T05:08:53.324000+00:00,Rwanda,30.313534059555,-1.9127366103134,0.0091
958956833915304,yuwZdYMiz7eKRFADImLPvE,103644195212255,kingvik,2026-08-25T05:12:24.302000+00:00,Rwanda,30.291444960971,-1.8925803502528,0.0117
960731250382384,yuwZdYMiz7eKRFADImLPvE,103644195212255,kingvik,2026-08-25T05:13:24.571000+00:00,Rwanda,30.281784451471,-1.8934964426471,0.0132
961911200254690,yuwZdYMiz7eKRFADImLPvE,103644195212255,kingvik,2026-08-25T05:10:23.114000+00:00,Rwanda,30.305651418235,-1.9018102033333,0.0116
962203556927046,yuwZdYMiz7eKRFADImLPvE,103644195212255,kingvik,2026-08-25T05:11:31.981000+00:00,Rwanda,30.29931550091,-1.8928997054601,0.0118
980023018384681,yuwZdYMiz7eKRFADImLPvE,103644195212255,kingvik,2026-08-25T05:11:29.285000+00:00,Rwanda,30.299688717353,-1.8931066012745,0.0114
994222983671460,yuwZdYMiz7eKRFADImLPvE,103644195212255,kingvik,2026-08-25T05:13:20.711000+00:00,Rwanda,30.28234361315,-1.8936851991168,0.0122
996515176745459,yuwZdYMiz7eKRFADImLPvE,103644195212255,kingvik,2026-08-25T05:12:35.840000+00:00,Rwanda,30.289545832679,-1.8929744290481,0.0133
999707319808491,yuwZdYMiz7eKRFADImLPvE,103644195212255,kingvik,2026-08-25T05:10:16.694000+00:00,Rwanda,30.306363347219,-1.9027015291203,0.0115
999715923120550,yuwZdYMiz7eKRFADImLPvE,103644195212255,kingvik,2026-08-25T05:08:50.133000+00:00,Rwanda,30.313716766667,-1.9131492866667,0.0097
1002022862874676,yuwZdYMiz7eKRFADImLPvE,103644195212255,kingvik,2026-08-25T05:09:06.841000+00:00,Rwanda,30.312234170756,-1.9111536706575,0.0097
1003178292770545,yuwZdYMiz7eKRFADImLPvE,103644195212255,kingvik,2026-08-25T05:09:04.541000+00:00,Rwanda,30.312476995349,-1.9113979906977,0.0101
1004584315962760,yuwZdYMiz7eKRFADImLPvE,103644195212255,kingvik,2026-08-25T05:11:45.499000+00:00,Rwanda,30.297561685294,-1.8919042361765,0.0112
1006374492433731,yuwZdYMiz7eKRFADImLPvE,103644195212255,kingvik,2026-08-25T05:09:02.839000+00:00,Rwanda,30.312662538889,-1.9115802257576,0.0099
1009082725495324,yuwZdYMiz7eKRFADImLPvE,103644195212255,kingvik,2026-08-25T05:10:40.421000+00:00,Rwanda,30.30362354277,-1.8995351984833,0.0112
1027476590306667,yuwZdYMiz7eKRFADImLPvE,103644195212255,kingvik,2026-08-25T05:10:17.905000+00:00,Rwanda,30.306232011765,-1.9025321941176,0.0119
1028938429772444,yuwZdYMiz7eKRFADImLPvE,103644195212255,kingvik,2026-08-25T05:08:55.439000+00:00,Rwanda,30.313382525758,-1.9124578641414,0.0084
1032714316194456,yuwZdYMiz7eKRFADImLPvE,103644195212255,kingvik,2026-08-25T05:11:02.030000+00:00,Rwanda,30.302193170909,-1.8964548872727,0.0111
1038323322168762,yuwZdYMiz7eKRFADImLPvE,103644195212255,kingvik,2026-08-25T05:10:22.510000+00:00,Rwanda,30.30571692002,-1.9018914124368,0.0102
1038935282384816,yuwZdYMiz7eKRFADImLPvE,103644195212255,kingvik,2026-08-25T05:12:02.213000+00:00,Rwanda,30.294834066765,-1.891519270098,0.0118
1039631172252645,yuwZdYMiz7eKRFADImLPvE,103644195212255,kingvik,2026-08-25T05:09:36.358000+00:00,Rwanda,30.309930371313,-1.9074775418182,0.0104
1040849941907352,yuwZdYMiz7eKRFADImLPvE,103644195212255,kingvik,2026-08-25T05:09:31.251000+00:00,Rwanda,30.310119286061,-1.9082822327273,0.0105
1041558031835806,yuwZdYMiz7eKRFADImLPvE,103644195212255,kingvik,2026-08-25T05:12:49.989000+00:00,Rwanda,30.287201106168,-1.8931216447927,0.0134
1041916681879348,yuwZdYMiz7eKRFADImLPvE,103644195212255,kingvik,2026-08-25T05:11:09.273000+00:00,Rwanda,30.301747430716,-1.8954240061825,0.0127
1042008661947407,yuwZdYMiz7eKRFADImLPvE,103644195212255,kingvik,2026-08-25T05:10:36.222000+00:00,Rwanda,30.304098914314,-1.9001027209804,0.0124
1042241495261539,yuwZdYMiz7eKRFADImLPvE,103644195212255,kingvik,2026-08-25T05:10:24.817000+00:00,Rwanda,30.305467057647,-1.9015856238235,0.0114
1044891091513441,yuwZdYMiz7eKRFADImLPvE,103644195212255,kingvik,2026-08-25T05:09:19.260000+00:00,Rwanda,30.311047234176,-1.9099434924166,0.0089
1045226165091076,yuwZdYMiz7eKRFADImLPvE,103644195212255,kingvik,2026-08-25T05:12:32.341000+00:00,Rwanda,30.290137369382,-1.8928622050049,0.0134
1045849174906740,yuwZdYMiz7eKRFADImLPvE,103644195212255,kingvik,2026-08-25T05:11:55.572000+00:00,Rwanda,30.295922833333,-1.8913814772727,0.0128
1046980151296512,yuwZdYMiz7eKRFADImLPvE,103644195212255,kingvik,2026-08-25T05:09:43.165000+00:00,Rwanda,30.309671976055,-1.9065448701668,0.0086
1047124918171575,yuwZdYMiz7eKRFADImLPvE,103644195212255,kingvik,2026-08-25T05:13:10.760000+00:00,Rwanda,30.283798925581,-1.8936140767442,0.0132
1047292611443532,yuwZdYMiz7eKRFADImLPvE,103644195212255,kingvik,2026-08-25T05:11:32.663000+00:00,Rwanda,30.299226893428,-1.8928481611729,0.0114
1048441907973999,yuwZdYMiz7eKRFADImLPvE,103644195212255,kingvik,2026-08-25T05:10:19.708000+00:00,Rwanda,30.306028603238,-1.9022795683023,0.0121
1048999347996550,yuwZdYMiz7eKRFADImLPvE,103644195212255,kingvik,2026-08-25T05:13:43.782000+00:00,Rwanda,30.279378432875,-1.8936661037291,0.0053
1049165471297084,yuwZdYMiz7eKRFADImLPvE,103644195212255,kingvik,2026-08-25T05:12:43.879000+00:00,Rwanda,30.288196207262,-1.8931375939156,0.014
1049556357939974,yuwZdYMiz7eKRFADImLPvE,103644195212255,kingvik,2026-08-25T05:12:00.918000+00:00,Rwanda,30.295047378235,-1.8914768717647,0.013
1050031714481716,yuwZdYMiz7eKRFADImLPvE,103644195212255,kingvik,2026-08-25T05:12:25.630000+00:00,Rwanda,30.29124114004,-1.8926341658241,0.0123
1050330510946696,yuwZdYMiz7eKRFADImLPvE,103644195212255,kingvik,2026-08-25T05:12:15.595000+00:00,Rwanda,30.292679558529,-1.8920957591176,0.012
1053510007265901,yuwZdYMiz7eKRFADImLPvE,103644195212255,kingvik,2026-08-25T05:11:01.360000+00:00,Rwanda,30.302233709323,-1.8965463696762,0.0103
1055371640740965,yuwZdYMiz7eKRFADImLPvE,103644195212255,kingvik,2026-08-25T05:11:44.188000+00:00,Rwanda,30.297744993933,-1.8920006045501,0.0118
1056120217187475,yuwZdYMiz7eKRFADImLPvE,103644195212255,kingvik,2026-08-25T05:12:30.304000+00:00,Rwanda,30.290481011765,-1.8927930164706,0.0126
1056146917330795,yuwZdYMiz7eKRFADImLPvE,103644195212255,kingvik,2026-08-25T05:09:07.340000+00:00,Rwanda,30.312182345602,-1.9111008133468,0.0082
1056239397011775,yuwZdYMiz7eKRFADImLPvE,103644195212255,kingvik,2026-08-25T05:09:15.854000+00:00,Rwanda,30.311387167341,-1.910317212639,0.0078
1056426393639569,yuwZdYMiz7eKRFADImLPvE,103644195212255,kingvik,2026-08-25T05:09:48.272000+00:00,Rwanda,30.309265773209,-1.9060336479882,0.009
1057231470499557,yuwZdYMiz7eKRFADImLPvE,103644195212255,kingvik,2026-08-25T05:12:02.906000+00:00,Rwanda,30.294719774115,-1.8915439469161,0.013
1058161366570140,yuwZdYMiz7eKRFADImLPvE,103644195212255,kingvik,2026-08-25T05:12:48.486000+00:00,Rwanda,30.287441439156,-1.8931197059863,0.014
1060073416389273,yuwZdYMiz7eKRFADImLPvE,103644195212255,kingvik,2026-08-25T05:09:21.567000+00:00,Rwanda,30.310831997645,-1.9096449505397,0.0107
1060708226709181,yuwZdYMiz7eKRFADImLPvE,103644195212255,kingvik,2026-08-25T05:13:52.227000+00:00,Rwanda,30.278858261961,-1.8939216092157,0.0055
1061615519683767,yuwZdYMiz7eKRFADImLPvE,103644195212255,kingvik,2026-08-25T05:10:17.301000+00:00,Rwanda,30.306297592518,-1.9026168970677,0.0119
1062006019657207,yuwZdYMiz7eKRFADImLPvE,103644195212255,kingvik,2026-08-25T05:10:00.175000+00:00,Rwanda,30.307969819919,-1.9047486998989,0.0101
1063490509726424,yuwZdYMiz7eKRFADImLPvE,103644195212255,kingvik,2026-08-25T05:10:53.752000+00:00,Rwanda,30.302690134783,-1.8975808434783,0.0106
1063669419377860,yuwZdYMiz7eKRFADImLPvE,103644195212255,kingvik,2026-08-25T05:11:40.484000+00:00,Rwanda,30.298227831796,-1.8922708669284,0.0085
1064105493253899,yuwZdYMiz7eKRFADImLPvE,103644195212255,kingvik,2026-08-25T05:08:54.435000+00:00,Rwanda,30.313459144706,-1.9125933117647,0.0099
1064274912763049,yuwZdYMiz7eKRFADImLPvE,103644195212255,kingvik,2026-08-25T05:13:00.798000+00:00,Rwanda,30.285386367273,-1.8933383963636,0.0147
1064534506157572,yuwZdYMiz7eKRFADImLPvE,103644195212255,kingvik,2026-08-25T05:11:58.914000+00:00,Rwanda,30.29537081549,-1.8914182076471,0.0127
1064843872929411,yuwZdYMiz7eKRFADImLPvE,103644195212255,kingvik,2026-08-25T05:09:03.438000+00:00,Rwanda,30.312597719616,-1.9115153502528,0.0102
1065520975870909,yuwZdYMiz7eKRFADImLPvE,103644195212255,kingvik,2026-08-25T05:12:03.584000+00:00,Rwanda,30.294606862222,-1.8915690169697,0.0129
1067205849290037,yuwZdYMiz7eKRFADImLPvE,103644195212255,kingvik,2026-08-25T05:08:51.135000+00:00,Rwanda,30.313666336506,-1.91301277684,0.0082
1067231216237539,yuwZdYMiz7eKRFADImLPvE,103644195212255,kingvik,2026-08-25T05:09:13.637000+00:00,Rwanda,30.311592310516,-1.9105228404449,0.0083
1067967605857657,yuwZdYMiz7eKRFADImLPvE,103644195212255,kingvik,2026-08-25T05:08:43.717000+00:00,Rwanda,30.313894561982,-1.9140468262892,0.0074
1068125702526315,yuwZdYMiz7eKRFADImLPvE,103644195212255,kingvik,2026-08-25T05:09:49.383000+00:00,Rwanda,30.309146715309,-1.9059317820412,0.0095
1069569548949827,yuwZdYMiz7eKRFADImLPvE,103644195212255,kingvik,2026-08-25T05:08:47.028000+00:00,Rwanda,30.313843464118,-1.9135875480392,0.0081
1070234702206155,yuwZdYMiz7eKRFADImLPvE,103644195212255,kingvik,2026-08-25T05:10:37.422000+00:00,Rwanda,30.303950849141,-1.8999397947422,0.0124
1072791995203559,yuwZdYMiz7eKRFADImLPvE,103644195212255,kingvik,2026-08-25T05:13:56.834000+00:00,Rwanda,30.278673171471,-1.8940107026471,0.0035
1074255618426669,yuwZdYMiz7eKRFADImLPvE,103644195212255,kingvik,2026-08-25T05:09:55.587000+00:00,Rwanda,30.308436375564,-1.9052727560353,0.0089
1075282338300995,yuwZdYMiz7eKRFADImLPvE,103644195212255,kingvik,2026-08-25T05:13:11.498000+00:00,Rwanda,30.283685923529,-1.8936357313725,0.0128
1076144618727175,yuwZdYMiz7eKRFADImLPvE,103644195212255,kingvik,2026-08-25T05:09:05.654000+00:00,Rwanda,30.312356703042,-1.9112793856722,0.0086
1077872231557938,yuwZdYMiz7eKRFADImLPvE,103644195212255,kingvik,2026-08-25T05:12:51.548000+00:00,Rwanda,30.286943611729,-1.893123026087,0.014
1078241458012293,yuwZdYMiz7eKRFADImLPvE,103644195212255,kingvik,2026-08-25T05:13:38.416000+00:00,Rwanda,30.279836867442,-1.8934557511628,0.012
1079320774685090,yuwZdYMiz7eKRFADImLPvE,103644195212255,kingvik,2026-08-25T05:11:33.985000+00:00,Rwanda,30.299057155106,-1.8927480244692,0.0114
1079741631180379,yuwZdYMiz7eKRFADImLPvE,103644195212255,kingvik,2026-08-25T05:08:56.044000+00:00,Rwanda,30.313336291855,-1.9123803750736,0.01
1081357661506460,yuwZdYMiz7eKRFADImLPvE,103644195212255,kingvik,2026-08-25T05:09:41.983000+00:00,Rwanda,30.309738702944,-1.9066862989205,0.0078
1081603444464996,yuwZdYMiz7eKRFADImLPvE,103644195212255,kingvik,2026-08-25T05:12:41.641000+00:00,Rwanda,30.288576180275,-1.893118461629,0.0131
1082741127616534,yuwZdYMiz7eKRFADImLPvE,103644195212255,kingvik,2026-08-25T05:11:10.574000+00:00,Rwanda,30.301659161173,-1.8952274832154,0.0117
1083885151260797,yuwZdYMiz7eKRFADImLPvE,103644195212255,kingvik,2026-08-25T05:10:11.097000+00:00,Rwanda,30.30695116087,-1.9034487238625,0.0108
1084977603887282,yuwZdYMiz7eKRFADImLPvE,103644195212255,kingvik,2026-08-25T05:13:15.366000+00:00,Rwanda,30.283111790707,-1.8937319885859,0.0126
1087363167046857,yuwZdYMiz7eKRFADImLPvE,103644195212255,kingvik,2026-08-25T05:08:57.747000+00:00,Rwanda,30.31318278,-1.9121650697059,0.0103
1088017933618313,yuwZdYMiz7eKRFADImLPvE,103644195212255,kingvik,2026-08-25T05:11:25.284000+00:00,Rwanda,30.300220102932,-1.893453983822,0.0109
1088047580582703,yuwZdYMiz7eKRFADImLPvE,103644195212255,kingvik,2026-08-25T05:10:14.303000+00:00,Rwanda,30.306620716178,-1.9030292737108,0.0115
1088191383583593,yuwZdYMiz7eKRFADImLPvE,103644195212255,kingvik,2026-08-25T05:09:16.460000+00:00,Rwanda,30.3113279,-1.91025616,0.0095
1088558193757763,yuwZdYMiz7eKRFADImLPvE,103644195212255,kingvik,2026-08-25T05:10:02.397000+00:00,Rwanda,30.307760193621,-1.9044823848871,0.0088
1089457783582989,yuwZdYMiz7eKRFADImLPvE,103644195212255,kingvik,2026-08-25T05:12:55.382000+00:00,Rwanda,30.286294533535,-1.8931880447475,0.0152
1089685383638969,yuwZdYMiz7eKRFADImLPvE,103644195212255,kingvik,2026-08-25T05:10:56.336000+00:00,Rwanda,30.302532843529,-1.8972227992157,0.0113
1090630646725302,yuwZdYMiz7eKRFADImLPvE,103644195212255,kingvik,2026-08-25T05:13:13.063000+00:00,Rwanda,30.283448827778,-1.8936776064646,0.0131
1091510316755245,yuwZdYMiz7eKRFADImLPvE,103644195212255,kingvik,2026-08-25T05:09:35.763000+00:00,Rwanda,30.309946764914,-1.9075698888777,0.0105
1091897913192654,yuwZdYMiz7eKRFADImLPvE,103644195212255,kingvik,2026-08-25T05:11:56.911000+00:00,Rwanda,30.295696012157,-1.8913826815686,0.0131
1092590210089175,yuwZdYMiz7eKRFADImLPvE,103644195212255,kingvik,2026-08-25T05:09:46.570000+00:00,Rwanda,30.309428825319,-1.9061932780177,0.0084
1093723046643459,yuwZdYMiz7eKRFADImLPvE,103644195212255,kingvik,2026-08-25T05:10:41.617000+00:00,Rwanda,30.303522793933,-1.8993713613751,0.0105
1094095219860286,yuwZdYMiz7eKRFADImLPvE,103644195212255,kingvik,2026-08-25T05:10:48.235000+00:00,Rwanda,30.303053909118,-1.8983904458824,0.0112
1094709813116481,yuwZdYMiz7eKRFADImLPvE,103644195212255,kingvik,2026-08-25T05:09:53.366000+00:00,Rwanda,30.308686633333,-1.9055179866667,0.0103
1094920220140207,yuwZdYMiz7eKRFADImLPvE,103644195212255,kingvik,2026-08-25T05:11:34.666000+00:00,Rwanda,30.298971342424,-1.8926974561616,0.0111
1097630612719730,yuwZdYMiz7eKRFADImLPvE,103644195212255,kingvik,2026-08-25T05:11:47.503000+00:00,Rwanda,30.297268010196,-1.8917532486275,0.0117
1098064182664551,yuwZdYMiz7eKRFADImLPvE,103644195212255,kingvik,2026-08-25T05:11:12.572000+00:00,Rwanda,30.301518843572,-1.8949353577036,0.0111
1098111462560061,yuwZdYMiz7eKRFADImLPvE,103644195212255,kingvik,2026-08-25T05:09:26.069000+00:00,Rwanda,30.310464032157,-1.9090395096078,0.009
1098672485926485,yuwZdYMiz7eKRFADImLPvE,103644195212255,kingvik,2026-08-25T05:10:12.866000+00:00,Rwanda,30.30677062639,-1.9032208244692,0.0106
1099059942533768,yuwZdYMiz7eKRFADImLPvE,103644195212255,kingvik,2026-08-25T05:13:09.203000+00:00,Rwanda,30.284039340909,-1.8935662318182,0.0131
1100650538981149,yuwZdYMiz7eKRFADImLPvE,103644195212255,kingvik,2026-08-25T05:10:27.212000+00:00,Rwanda,30.305205498787,-1.9012800771486,0.0113
1103050365635189,yuwZdYMiz7eKRFADImLPvE,103644195212255,kingvik,2026-08-25T05:13:43.023000+00:00,Rwanda,30.279421094949,-1.8936450505051,0.0063
1104359888592359,yuwZdYMiz7eKRFADImLPvE,103644195212255,kingvik,2026-08-25T05:13:33.809000+00:00,Rwanda,30.280466471414,-1.8932618767677,0.0127
1106811645347730,yuwZdYMiz7eKRFADImLPvE,103644195212255,kingvik,2026-08-25T05:13:40.720000+00:00,Rwanda,30.2795929,-1.8935609,0.0095
1116341561081462,yuwZdYMiz7eKRFADImLPvE,103644195212255,kingvik,2026-08-25T05:09:15.339000+00:00,Rwanda,30.311436485657,-1.9103674218182,0.0084
1118937330664067,yuwZdYMiz7eKRFADImLPvE,103644195212255,kingvik,2026-08-25T05:08:43.226000+00:00,Rwanda,30.313898109412,-1.9141133211765,0.0061
1131402422566996,yuwZdYMiz7eKRFADImLPvE,103644195212255,kingvik,2026-08-25T05:10:00.695000+00:00,Rwanda,30.307920038175,-1.9046863216879,0.0089
1132923759299604,yuwZdYMiz7eKRFADImLPvE,103644195212255,kingvik,2026-08-25T05:08:45.120000+00:00,Rwanda,30.313879477553,-1.913848822548,0.0077
1193737693832407,yuwZdYMiz7eKRFADImLPvE,103644195212255,kingvik,2026-08-25T05:11:48.196000+00:00,Rwanda,30.297162395248,-1.8917013598584,0.0131
1210982972109398,yuwZdYMiz7eKRFADImLPvE,103644195212255,kingvik,2026-08-25T05:08:48.025000+00:00,Rwanda,30.313811353185,-1.9134468613751,0.0083
1213382474319382,yuwZdYMiz7eKRFADImLPvE,103644195212255,kingvik,2026-08-25T05:12:21.592000+00:00,Rwanda,30.291833351313,-1.8924416149495,0.0108
1261297240405041,yuwZdYMiz7eKRFADImLPvE,103644195212255,kingvik,2026-08-25T05:11:06.567000+00:00,Rwanda,30.301919291507,-1.89582220091,0.0109
1271770494999185,yuwZdYMiz7eKRFADImLPvE,103644195212255,kingvik,2026-08-25T05:11:28.657000+00:00,Rwanda,30.299776954398,-1.8931584535895,0.0122
1272492488244176,yuwZdYMiz7eKRFADImLPvE,103644195212255,kingvik,2026-08-25T05:11:16.653000+00:00,Rwanda,30.301165961176,-1.8943930738235,0.012
1284207180347537,yuwZdYMiz7eKRFADImLPvE,103644195212255,kingvik,2026-08-25T05:13:26.113000+00:00,Rwanda,30.28155865899,-1.893417309697,0.0139
1290550129799511,yuwZdYMiz7eKRFADImLPvE,103644195212255,kingvik,2026-08-25T05:12:53.093000+00:00,Rwanda,30.286683204612,-1.8931403080471,0.0151
1319468630260465,yuwZdYMiz7eKRFADImLPvE,103644195212255,kingvik,2026-08-25T05:08:49.533000+00:00,Rwanda,30.313745569262,-1.9132312569262,0.0084
1320948110115447,yuwZdYMiz7eKRFADImLPvE,103644195212255,kingvik,2026-08-25T05:11:39.287000+00:00,Rwanda,30.298382341414,-1.8923585681818,0.0104
1323451509866326,yuwZdYMiz7eKRFADImLPvE,103644195212255,kingvik,2026-08-25T05:10:44.027000+00:00,Rwanda,30.303336675758,-1.8990317939394,0.011
1326012569607645,yuwZdYMiz7eKRFADImLPvE,103644195212255,kingvik,2026-08-25T05:11:40.863000+00:00,Rwanda,30.298179581818,-1.8922433818182,0.0062
1329992218952569,yuwZdYMiz7eKRFADImLPvE,103644195212255,kingvik,2026-08-25T05:12:57.685000+00:00,Rwanda,30.285903386162,-1.893254929697,0.0152
1330830735516319,yuwZdYMiz7eKRFADImLPvE,103644195212255,kingvik,2026-08-25T05:08:46.017000+00:00,Rwanda,30.31386660091,-1.9137273725986,0.0062
1332778041991204,yuwZdYMiz7eKRFADImLPvE,103644195212255,kingvik,2026-08-25T05:12:59.195000+00:00,Rwanda,30.285646861335,-1.8932957808636,0.014
1332818728678805,yuwZdYMiz7eKRFADImLPvE,103644195212255,kingvik,2026-08-25T05:12:04.216000+00:00,Rwanda,30.294501084887,-1.8915925609421,0.012
1334536778468741,yuwZdYMiz7eKRFADImLPvE,103644195212255,kingvik,2026-08-25T05:10:33.816000+00:00,Rwanda,30.304399093232,-1.9004328776768,0.0125
1336514714939534,yuwZdYMiz7eKRFADImLPvE,103644195212255,kingvik,2026-08-25T05:11:14.650000+00:00,Rwanda,30.301350097647,-1.8946539466667,0.0119
1339416647954835,yuwZdYMiz7eKRFADImLPvE,103644195212255,kingvik,2026-08-25T05:12:40.181000+00:00,Rwanda,30.288821668204,-1.8930884642787,0.0138
1345591867559412,yuwZdYMiz7eKRFADImLPvE,103644195212255,kingvik,2026-08-25T05:09:10.246000+00:00,Rwanda,30.31189919951,-1.9108227553922,0.0087
1349296527376375,yuwZdYMiz7eKRFADImLPvE,103644195212255,kingvik,2026-08-25T05:09:11.353000+00:00,Rwanda,30.311799133333,-1.9107256666667,0.0085
1349717953559490,yuwZdYMiz7eKRFADImLPvE,103644195212255,kingvik,2026-08-25T05:10:26.012000+00:00,Rwanda,30.305338064706,-1.9014314435294,0.0112
1355476303302417,yuwZdYMiz7eKRFADImLPvE,103644195212255,kingvik,2026-08-25T05:13:47.630000+00:00,Rwanda,30.27916632798,-1.8937848020202,0.0062
1358267976288203,yuwZdYMiz7eKRFADImLPvE,103644195212255,kingvik,2026-08-25T05:13:32.275000+00:00,Rwanda,30.280686006673,-1.8932471539939,0.0121
1362245822690035,yuwZdYMiz7eKRFADImLPvE,103644195212255,kingvik,2026-08-25T05:11:25.987000+00:00,Rwanda,30.300131448871,-1.8933899752699,0.0122
1363818845434429,yuwZdYMiz7eKRFADImLPvE,103644195212255,kingvik,2026-08-25T05:09:11.948000+00:00,Rwanda,30.311746801766,-1.9106748086359,0.0081
1366742555579789,yuwZdYMiz7eKRFADImLPvE,103644195212255,kingvik,2026-08-25T05:13:49.124000+00:00,Rwanda,30.279061098788,-1.8938288139394,0.0065
1366831702273829,yuwZdYMiz7eKRFADImLPvE,103644195212255,kingvik,2026-08-25T05:10:41.024000+00:00,Rwanda,30.303571253333,-1.8994529321569,0.0108
1367583058374942,yuwZdYMiz7eKRFADImLPvE,103644195212255,kingvik,2026-08-25T05:11:57.575000+00:00,Rwanda,30.295586467543,-1.8913894007078,0.0122
1371629791217330,yuwZdYMiz7eKRFADImLPvE,103644195212255,kingvik,2026-08-25T05:09:47.682000+00:00,Rwanda,30.309325939232,-1.9060884267947,0.009
1372955991627676,yuwZdYMiz7eKRFADImLPvE,103644195212255,kingvik,2026-08-25T05:13:28.416000+00:00,Rwanda,30.281230712929,-1.8933140151515,0.0132
1375534704645085,yuwZdYMiz7eKRFADImLPvE,103644195212255,kingvik,2026-08-25T05:11:23.281000+00:00,Rwanda,30.300460942929,-1.8936460657576,0.0108
1375970681388615,yuwZdYMiz7eKRFADImLPvE,103644195212255,kingvik,2026-08-25T05:13:14.595000+00:00,Rwanda,30.283223467273,-1.8937149612121,0.0131
1376047797387205,yuwZdYMiz7eKRFADImLPvE,103644195212255,kingvik,2026-08-25T05:08:57.141000+00:00,Rwanda,30.313238448837,-1.9122392581395,0.0089
1378289761095189,yuwZdYMiz7eKRFADImLPvE,103644195212255,kingvik,2026-08-25T05:10:56.929000+00:00,Rwanda,30.302497025177,-1.8971430274014,0.0097
1378548150925321,yuwZdYMiz7eKRFADImLPvE,103644195212255,kingvik,2026-08-25T05:10:50.631000+00:00,Rwanda,30.302893101517,-1.8980302354904,0.011
1378576470396729,yuwZdYMiz7eKRFADImLPvE,103644195212255,kingvik,2026-08-25T05:08:49.022000+00:00,Rwanda,30.313769558948,-1.91330249909,0.0083
1378605374396101,yuwZdYMiz7eKRFADImLPvE,103644195212255,kingvik,2026-08-25T05:13:36.112000+00:00,Rwanda,30.280140865455,-1.8933393327273,0.0129
1378990297545229,yuwZdYMiz7eKRFADImLPvE,103644195212255,kingvik,2026-08-25T05:13:04.596000+00:00,Rwanda,30.284764231749,-1.8934445163802,0.0139
1379439467014247,yuwZdYMiz7eKRFADImLPvE,103644195212255,kingvik,2026-08-25T05:13:53.732000+00:00,Rwanda,30.278789524545,-1.8939543178788,0.004
1379959726892428,yuwZdYMiz7eKRFADImLPvE,103644195212255,kingvik,2026-08-25T05:09:18.744000+00:00,Rwanda,30.311097826667,-1.9100058488889,0.0099
1381868724055222,yuwZdYMiz7eKRFADImLPvE,103644195212255,kingvik,2026-08-25T05:12:23.627000+00:00,Rwanda,30.291545677149,-1.8925502511628,0.0118
1382456493255361,yuwZdYMiz7eKRFADImLPvE,103644195212255,kingvik,2026-08-25T05:08:44.628000+00:00,Rwanda,30.313886200882,-1.9139177336275,0.0066
1384033618121411,yuwZdYMiz7eKRFADImLPvE,103644195212255,kingvik,2026-08-25T05:11:07.270000+00:00,Rwanda,30.301876280882,-1.8957201511765,0.0123
1384147229805504,yuwZdYMiz7eKRFADImLPvE,103644195212255,kingvik,2026-08-25T05:11:52.202000+00:00,Rwanda,30.29650544404,-1.8914571626263,0.0123
1385317343711421,yuwZdYMiz7eKRFADImLPvE,103644195212255,kingvik,2026-08-25T05:11:09.942000+00:00,Rwanda,30.301702391414,-1.8953230989899,0.0123
1385708692922067,yuwZdYMiz7eKRFADImLPvE,103644195212255,kingvik,2026-08-25T05:09:41.465000+00:00,Rwanda,30.309764852174,-1.9067510086957,0.009
1387247893359545,yuwZdYMiz7eKRFADImLPvE,103644195212255,kingvik,2026-08-25T05:09:38.577000+00:00,Rwanda,30.309868483529,-1.9071465058824,0.0086
1387505163564547,yuwZdYMiz7eKRFADImLPvE,103644195212255,kingvik,2026-08-25T05:09:27.756000+00:00,Rwanda,30.310334485455,-1.9088038836364,0.0089
1389225666757597,yuwZdYMiz7eKRFADImLPvE,103644195212255,kingvik,2026-08-25T05:13:27.607000+00:00,Rwanda,30.281344673636,-1.8933461536364,0.0122
1389812575817306,yuwZdYMiz7eKRFADImLPvE,103644195212255,kingvik,2026-08-25T05:09:52.184000+00:00,Rwanda,30.308822712121,-1.9056491350505,0.0092
1389874809166477,yuwZdYMiz7eKRFADImLPvE,103644195212255,kingvik,2026-08-25T05:11:26.654000+00:00,Rwanda,30.3000456,-1.8933305030303,0.0116
1391519542958439,yuwZdYMiz7eKRFADImLPvE,103644195212255,kingvik,2026-08-25T05:13:06.154000+00:00,Rwanda,30.284511726289,-1.8934845331648,0.0138
1391923266415715,yuwZdYMiz7eKRFADImLPvE,103644195212255,kingvik,2026-08-25T05:09:07.947000+00:00,Rwanda,30.312119131818,-1.9110386036364,0.0099
1393022132180943,yuwZdYMiz7eKRFADImLPvE,103644195212255,kingvik,2026-08-25T05:11:19.977000+00:00,Rwanda,30.30082965902,-1.8939902687255,0.0121
1393594872098189,yuwZdYMiz7eKRFADImLPvE,103644195212255,kingvik,2026-08-25T05:10:45.223000+00:00,Rwanda,30.30325509798,-1.8988518968687,0.0109
1393831919369036,yuwZdYMiz7eKRFADImLPvE,103644195212255,kingvik,2026-08-25T05:12:14.927000+00:00,Rwanda,30.292780625379,-1.8920580933266,0.0127
1393994118840878,yuwZdYMiz7eKRFADImLPvE,103644195212255,kingvik,2026-08-25T05:09:36.874000+00:00,Rwanda,30.309916006183,-1.9073995706575,0.0088
1394697795418631,yuwZdYMiz7eKRFADImLPvE,103644195212255,kingvik,2026-08-25T05:10:47.026000+00:00,Rwanda,30.30313455899,-1.8985746387879,0.0111
1394809075911764,yuwZdYMiz7eKRFADImLPvE,103644195212255,kingvik,2026-08-25T05:10:32.617000+00:00,Rwanda,30.304546765751,-1.9005969839058,0.0122
1396573982612842,yuwZdYMiz7eKRFADImLPvE,103644195212255,kingvik,2026-08-25T05:12:37.242000+00:00,Rwanda,30.289310392012,-1.8930121241658,0.0133
1396798029083796,yuwZdYMiz7eKRFADImLPvE,103644195212255,kingvik,2026-08-25T05:10:30.818000+00:00,Rwanda,30.304771769697,-1.9008319924242,0.012
1399724642263592,yuwZdYMiz7eKRFADImLPvE,103644195212255,kingvik,2026-08-25T05:14:00.632000+00:00,Rwanda,30.278579396762,-1.8940564147203,0.0031
1400528962022461,yuwZdYMiz7eKRFADImLPvE,103644195212255,kingvik,2026-08-25T05:10:50.024000+00:00,Rwanda,30.302933529525,-1.8981200520728,0.0109
1401587911913627,yuwZdYMiz7eKRFADImLPvE,103644195212255,kingvik,2026-08-25T05:10:42.224000+00:00,Rwanda,30.3034740091,-1.8992876993933,0.0108
1404894888507920,yuwZdYMiz7eKRFADImLPvE,103644195212255,kingvik,2026-08-25T05:11:20.645000+00:00,Rwanda,30.300758526491,-1.893916372093,0.0114
1405237708248557,yuwZdYMiz7eKRFADImLPvE,103644195212255,kingvik,2026-08-25T05:13:16.898000+00:00,Rwanda,30.282891444444,-1.8937520444444,0.0127
1407925701291973,yuwZdYMiz7eKRFADImLPvE,103644195212255,kingvik,2026-08-25T05:12:13.592000+00:00,Rwanda,30.292984719216,-1.8919885435294,0.0121
1408291897928535,yuwZdYMiz7eKRFADImLPvE,103644195212255,kingvik,2026-08-25T05:11:46.872000+00:00,Rwanda,30.297362100303,-1.8918011055612,0.0124
1409064811134296,yuwZdYMiz7eKRFADImLPvE,103644195212255,kingvik,2026-08-25T05:12:46.183000+00:00,Rwanda,30.287808859314,-1.8931304180392,0.0135
1409881014383880,yuwZdYMiz7eKRFADImLPvE,103644195212255,kingvik,2026-08-25T05:10:55.655000+00:00,Rwanda,30.302573679474,-1.8973156118301,0.0105
1410829507624587,yuwZdYMiz7eKRFADImLPvE,103644195212255,kingvik,2026-08-25T05:12:07.589000+00:00,Rwanda,30.293937683519,-1.8917207056623,0.0128
1410919307664544,yuwZdYMiz7eKRFADImLPvE,103644195212255,kingvik,2026-08-25T05:10:11.701000+00:00,Rwanda,30.306890336114,-1.9033716198234,0.0109
1411641084247216,yuwZdYMiz7eKRFADImLPvE,103644195212255,kingvik,2026-08-25T05:10:54.433000+00:00,Rwanda,30.302647532451,-1.8974849058824,0.0117
1414945790740435,yuwZdYMiz7eKRFADImLPvE,103644195212255,kingvik,2026-08-25T05:11:42.866000+00:00,Rwanda,30.297922085541,-1.8920967930233,0.0109
1415757173745032,yuwZdYMiz7eKRFADImLPvE,103644195212255,kingvik,2026-08-25T05:10:55.026000+00:00,Rwanda,30.302611428716,-1.8974022070779,0.01
1417373280275877,yuwZdYMiz7eKRFADImLPvE,103644195212255,kingvik,2026-08-25T05:12:17.586000+00:00,Rwanda,30.292384418099,-1.8922164024267,0.0116
1419329896762693,yuwZdYMiz7eKRFADImLPvE,103644195212255,kingvik,2026-08-25T05:10:01.287000+00:00,Rwanda,30.307863969091,-1.9046151272727,0.0101
1420585436597233,yuwZdYMiz7eKRFADImLPvE,103644195212255,kingvik,2026-08-25T05:12:26.305000+00:00,Rwanda,30.29113489363,-1.8926602604651,0.0122
1421556413190431,yuwZdYMiz7eKRFADImLPvE,103644195212255,kingvik,2026-08-25T05:11:21.981000+00:00,Rwanda,30.300611349412,-1.8937758047059,0.0119
1423946366462082,yuwZdYMiz7eKRFADImLPvE,103644195212255,kingvik,2026-08-25T05:09:12.449000+00:00,Rwanda,30.311700508182,-1.9106296472727,0.0072
1425231612784151,yuwZdYMiz7eKRFADImLPvE,103644195212255,kingvik,2026-08-25T05:12:24.936000+00:00,Rwanda,30.291348439706,-1.8926064058824,0.0111
1426231546025340,yuwZdYMiz7eKRFADImLPvE,103644195212255,kingvik,2026-08-25T05:10:13.269000+00:00,Rwanda,30.306729081176,-1.9031677682353,0.0075
1431732305463954,yuwZdYMiz7eKRFADImLPvE,103644195212255,kingvik,2026-08-25T05:12:04.910000+00:00,Rwanda,30.294384534479,-1.8916187880688,0.0133
1432832032083521,yuwZdYMiz7eKRFADImLPvE,103644195212255,kingvik,2026-08-25T05:13:22.276000+00:00,Rwanda,30.282119090192,-1.8936147404449,0.0129
1436852708494242,yuwZdYMiz7eKRFADImLPvE,103644195212255,kingvik,2026-08-25T05:12:43.143000+00:00,Rwanda,30.288322051515,-1.8931344590909,0.0146
1440066268016350,yuwZdYMiz7eKRFADImLPvE,103644195212255,kingvik,2026-08-25T05:09:30.670000+00:00,Rwanda,30.310148708243,-1.9083717305201,0.0108
1442097737731815,yuwZdYMiz7eKRFADImLPvE,103644195212255,kingvik,2026-08-25T05:13:17.669000+00:00,Rwanda,30.28278139181,-1.893753836906,0.0122
1442643344395129,yuwZdYMiz7eKRFADImLPvE,103644195212255,kingvik,2026-08-25T05:12:08.916000+00:00,Rwanda,30.293717135187,-1.8917727301314,0.0131
1444972617461372,yuwZdYMiz7eKRFADImLPvE,103644195212255,kingvik,2026-08-25T05:09:23.254000+00:00,Rwanda,30.31068832275,-1.9094227107179,0.0103
1447039864259501,yuwZdYMiz7eKRFADImLPvE,103644195212255,kingvik,2026-08-25T05:10:23.688000+00:00,Rwanda,30.30558909181,-1.9017338215369,0.011
1448258447134310,yuwZdYMiz7eKRFADImLPvE,103644195212255,kingvik,2026-08-25T05:10:07.576000+00:00,Rwanda,30.307287746208,-1.9038809850354,0.0096
1454710276481787,yuwZdYMiz7eKRFADImLPvE,103644195212255,kingvik,2026-08-25T05:10:18.497000+00:00,Rwanda,30.306166011628,-1.9024493930233,0.0118
1456770899820673,yuwZdYMiz7eKRFADImLPvE,103644195212255,kingvik,2026-08-25T05:08:53.836000+00:00,Rwanda,30.313499461173,-1.9126731769464,0.008
1457513959557095,yuwZdYMiz7eKRFADImLPvE,103644195212255,kingvik,2026-08-25T05:10:04.184000+00:00,Rwanda,30.307594063529,-1.9042724713725,0.0097
1459532759341023,yuwZdYMiz7eKRFADImLPvE,103644195212255,kingvik,2026-08-25T05:11:52.904000+00:00,Rwanda,30.296385385083,-1.8914319737978,0.0136
1467169448943033,yuwZdYMiz7eKRFADImLPvE,103644195212255,kingvik,2026-08-25T05:09:44.868000+00:00,Rwanda,30.30956238951,-1.9063603908824,0.0082
1477691504167122,yuwZdYMiz7eKRFADImLPvE,103644195212255,kingvik,2026-08-25T05:10:06.395000+00:00,Rwanda,30.307395554141,-1.9040193559596,0.0085
1497081372457046,yuwZdYMiz7eKRFADImLPvE,103644195212255,kingvik,2026-08-25T05:13:30.710000+00:00,Rwanda,30.280907975466,-1.8932575915604,0.0126
1498020209010311,yuwZdYMiz7eKRFADImLPvE,103644195212255,kingvik,2026-08-25T05:09:18.162000+00:00,Rwanda,30.31115622738,-1.9100727535819,0.0101
1508157961331409,yuwZdYMiz7eKRFADImLPvE,103644195212255,kingvik,2026-08-25T05:09:45.980000+00:00,Rwanda,30.309478766667,-1.9062500066667,0.0085
1511473694118584,yuwZdYMiz7eKRFADImLPvE,103644195212255,kingvik,2026-08-25T05:09:29.549000+00:00,Rwanda,30.310212849747,-1.9085417263903,0.0104
1514619867040944,yuwZdYMiz7eKRFADImLPvE,103644195212255,kingvik,2026-08-25T05:09:20.446000+00:00,Rwanda,30.310934931818,-1.9097924812121,0.0103
1518051923696086,yuwZdYMiz7eKRFADImLPvE,103644195212255,kingvik,2026-08-25T05:10:16.102000+00:00,Rwanda,30.306427530882,-1.9027832112745,0.0117
1520988499712868,yuwZdYMiz7eKRFADImLPvE,103644195212255,kingvik,2026-08-25T05:12:30.932000+00:00,Rwanda,30.290375479676,-1.8928134507583,0.0119
1527681992723301,yuwZdYMiz7eKRFADImLPvE,103644195212255,kingvik,2026-08-25T05:10:51.848000+00:00,Rwanda,30.302812496259,-1.8978530328615,0.0109
1528628215686903,yuwZdYMiz7eKRFADImLPvE,103644195212255,kingvik,2026-08-25T05:13:46.085000+00:00,Rwanda,30.279258186752,-1.8937374263003,0.0052
1531914204917702,yuwZdYMiz7eKRFADImLPvE,103644195212255,kingvik,2026-08-25T05:12:09.587000+00:00,Rwanda,30.293607554661,-1.8917990265947,0.0125
1538021407528945,yuwZdYMiz7eKRFADImLPvE,103644195212255,kingvik,2026-08-25T05:12:38.737000+00:00,Rwanda,30.289061628311,-1.8930518530839,0.0142
1538551167460738,yuwZdYMiz7eKRFADImLPvE,103644195212255,kingvik,2026-08-25T05:10:15.498000+00:00,Rwanda,30.306492653084,-1.9028659688574,0.0115
1538613411614471,yuwZdYMiz7eKRFADImLPvE,103644195212255,kingvik,2026-08-25T05:08:50.624000+00:00,Rwanda,30.313692631648,-1.9130813705763,0.008
1540010270745170,yuwZdYMiz7eKRFADImLPvE,103644195212255,kingvik,2026-08-25T05:12:36.534000+00:00,Rwanda,30.289428796566,-1.8929932705051,0.0132
1546786259853548,yuwZdYMiz7eKRFADImLPvE,103644195212255,kingvik,2026-08-25T05:13:46.821000+00:00,Rwanda,30.279216563838,-1.8937606494949,0.0053
1546889507453453,yuwZdYMiz7eKRFADImLPvE,103644195212255,kingvik,2026-08-25T05:13:45.327000+00:00,Rwanda,30.279297986364,-1.8937126,0.0054
1547154856731989,yuwZdYMiz7eKRFADImLPvE,103644195212255,kingvik,2026-08-25T05:10:03.597000+00:00,Rwanda,30.307648021234,-1.9043407754297,0.0101
1550777406043114,yuwZdYMiz7eKRFADImLPvE,103644195212255,kingvik,2026-08-25T05:12:05.587000+00:00,Rwanda,30.294271450303,-1.8916444227273,0.0129
1552073866672522,yuwZdYMiz7eKRFADImLPvE,103644195212255,kingvik,2026-08-25T05:10:32.013000+00:00,Rwanda,30.304621614545,-1.9006777080808,0.0119
1558067611946557,yuwZdYMiz7eKRFADImLPvE,103644195212255,kingvik,2026-08-25T05:10:01.878000+00:00,Rwanda,30.307808857071,-1.9045442686869,0.01
1561712599035722,yuwZdYMiz7eKRFADImLPvE,103644195212255,kingvik,2026-08-25T05:13:39.176000+00:00,Rwanda,30.27974855402,-1.8934930221569,0.0107
1565094638966646,yuwZdYMiz7eKRFADImLPvE,103644195212255,kingvik,2026-08-25T05:13:19.202000+00:00,Rwanda,30.282561571284,-1.8937333637007,0.0128
1565678095297921,yuwZdYMiz7eKRFADImLPvE,103644195212255,kingvik,2026-08-25T05:09:52.788000+00:00,Rwanda,30.308753228263,-1.9055820257115,0.0107
1565738818630524,yuwZdYMiz7eKRFADImLPvE,103644195212255,kingvik,2026-08-25T05:13:36.881000+00:00,Rwanda,30.280035229221,-1.893377087361,0.0125
1566586711512985,yuwZdYMiz7eKRFADImLPvE,103644195212255,kingvik,2026-08-25T05:11:37.992000+00:00,Rwanda,30.29855144303,-1.8924547406061,0.0114
1568488511436766,yuwZdYMiz7eKRFADImLPvE,103644195212255,kingvik,2026-08-25T05:12:18.926000+00:00,Rwanda,30.292194154465,-1.8922924976447,0.0118
1568591454744754,yuwZdYMiz7eKRFADImLPvE,103644195212255,kingvik,2026-08-25T05:09:32.361000+00:00,Rwanda,30.310067120098,-1.9081079818627,0.0108
1570184628136840,yuwZdYMiz7eKRFADImLPvE,103644195212255,kingvik,2026-08-25T05:12:06.913000+00:00,Rwanda,30.294049844646,-1.8916947448485,0.0132
1571662320654123,yuwZdYMiz7eKRFADImLPvE,103644195212255,kingvik,2026-08-25T05:09:02.248000+00:00,Rwanda,30.312725403337,-1.9116437463199,0.0088
1572179947718407,yuwZdYMiz7eKRFADImLPvE,103644195212255,kingvik,2026-08-25T05:09:38.060000+00:00,Rwanda,30.309883452781,-1.907222457634,0.01
1577787540713060,yuwZdYMiz7eKRFADImLPvE,103644195212255,kingvik,2026-08-25T05:11:44.869000+00:00,Rwanda,30.297650731547,-1.8919508310415,0.0118
1578352783549152,yuwZdYMiz7eKRFADImLPvE,103644195212255,kingvik,2026-08-25T05:09:20.963000+00:00,Rwanda,30.310887032727,-1.9097242430303,0.0093
1578408893769581,yuwZdYMiz7eKRFADImLPvE,103644195212255,kingvik,2026-08-25T05:09:53.886000+00:00,Rwanda,30.308626895551,-1.9054602136502,0.0092
1578437150486354,yuwZdYMiz7eKRFADImLPvE,103644195212255,kingvik,2026-08-25T05:11:49.576000+00:00,Rwanda,30.296942747694,-1.8916033354269,0.0132
1579369770584638,yuwZdYMiz7eKRFADImLPvE,103644195212255,kingvik,2026-08-25T05:12:28.301000+00:00,Rwanda,30.290812611471,-1.8927305219608,0.0123
1580120476951295,yuwZdYMiz7eKRFADImLPvE,103644195212255,kingvik,2026-08-25T05:09:27.254000+00:00,Rwanda,30.31037210422,-1.9088743748773,0.0106
1581131593543096,yuwZdYMiz7eKRFADImLPvE,103644195212255,kingvik,2026-08-25T05:12:00.216000+00:00,Rwanda,30.295161997068,-1.8914558355915,0.0116
1583343146526723,yuwZdYMiz7eKRFADImLPvE,103644195212255,kingvik,2026-08-25T05:09:44.277000+00:00,Rwanda,30.309602412133,-1.9064225586451,0.0085
1584103579822580,yuwZdYMiz7eKRFADImLPvE,103644195212255,kingvik,2026-08-25T05:09:24.957000+00:00,Rwanda,30.310551032323,-1.9091920025253,0.0104
1586565526344613,yuwZdYMiz7eKRFADImLPvE,103644195212255,kingvik,2026-08-25T05:10:13.695000+00:00,Rwanda,30.306684635288,-1.9031109395349,0.008
1588351439599502,yuwZdYMiz7eKRFADImLPvE,103644195212255,kingvik,2026-08-25T05:09:28.968000+00:00,Rwanda,30.310249932941,-1.9086279898039,0.0108
1589916235937333,yuwZdYMiz7eKRFADImLPvE,103644195212255,kingvik,2026-08-25T05:12:50.790000+00:00,Rwanda,30.287069854902,-1.893121754902,0.0146
1590497242569625,yuwZdYMiz7eKRFADImLPvE,103644195212255,kingvik,2026-08-25T05:11:13.264000+00:00,Rwanda,30.301465784848,-1.8948399061616,0.0121
1590711612457655,yuwZdYMiz7eKRFADImLPvE,103644195212255,kingvik,2026-08-25T05:09:56.178000+00:00,Rwanda,30.308373174747,-1.9052072414141,0.0101
1592256892525141,yuwZdYMiz7eKRFADImLPvE,103644195212255,kingvik,2026-08-25T05:10:14.907000+00:00,Rwanda,30.306556291176,-1.9029470329412,0.0116
1595093805403531,yuwZdYMiz7eKRFADImLPvE,103644195212255,kingvik,2026-08-25T05:09:09.043000+00:00,Rwanda,30.312013481818,-1.91093472,0.0074
1596671235415094,yuwZdYMiz7eKRFADImLPvE,103644195212255,kingvik,2026-08-25T05:12:54.588000+00:00,Rwanda,30.28642998263,-1.8931686230618,0.014
1598511442061511,yuwZdYMiz7eKRFADImLPvE,103644195212255,kingvik,2026-08-25T05:09:22.149000+00:00,Rwanda,30.310781412032,-1.9095682052578,0.0102
1600306948338557,yuwZdYMiz7eKRFADImLPvE,103644195212255,kingvik,2026-08-25T05:10:19.104000+00:00,Rwanda,30.306097512323,-1.9023641862626,0.0122
1602899101230653,yuwZdYMiz7eKRFADImLPvE,103644195212255,kingvik,2026-08-25T05:09:57.290000+00:00,Rwanda,30.308256855,-1.90508341,0.0088
1603226408199217,yuwZdYMiz7eKRFADImLPvE,103644195212255,kingvik,2026-08-25T05:09:57.881000+00:00,Rwanda,30.308195662184,-1.9050175053589,0.01
1603987674659507,yuwZdYMiz7eKRFADImLPvE,103644195212255,kingvik,2026-08-25T05:08:46.523000+00:00,Rwanda,30.313857553488,-1.9136587209302,0.0077
1605323444552994,yuwZdYMiz7eKRFADImLPvE,103644195212255,kingvik,2026-08-25T05:10:33.209000+00:00,Rwanda,30.304474120425,-1.9005163197169,0.0121
1606337604530059,yuwZdYMiz7eKRFADImLPvE,103644195212255,kingvik,2026-08-25T05:13:06.899000+00:00,Rwanda,30.284394268788,-1.893503970101,0.0132
1606949744492102,yuwZdYMiz7eKRFADImLPvE,103644195212255,kingvik,2026-08-25T05:11:37.299000+00:00,Rwanda,30.298640242787,-1.8925057719333,0.0103
1609029360807950,yuwZdYMiz7eKRFADImLPvE,103644195212255,kingvik,2026-08-25T05:12:27.634000+00:00,Rwanda,30.29092111365,-1.8927086980789,0.0128
1610665663816555,yuwZdYMiz7eKRFADImLPvE,103644195212255,kingvik,2026-08-25T05:11:18.656000+00:00,Rwanda,30.300967183529,-1.8941432321569,0.0119
1615466790176332,yuwZdYMiz7eKRFADImLPvE,103644195212255,kingvik,2026-08-25T05:09:33.469000+00:00,Rwanda,30.310018940824,-1.9079320411187,0.011
1619724609680191,yuwZdYMiz7eKRFADImLPvE,103644195212255,kingvik,2026-08-25T05:13:35.317000+00:00,Rwanda,30.280251766536,-1.893305781158,0.0119
1620141566406048,yuwZdYMiz7eKRFADImLPvE,103644195212255,kingvik,2026-08-25T05:11:19.274000+00:00,Rwanda,30.300903268453,-1.8940704953488,0.0108
1622559385922900,yuwZdYMiz7eKRFADImLPvE,103644195212255,kingvik,2026-08-25T05:12:40.941000+00:00,Rwanda,30.288693662222,-1.8931056877778,0.0144
1622671629415464,yuwZdYMiz7eKRFADImLPvE,103644195212255,kingvik,2026-08-25T05:13:29.176000+00:00,Rwanda,30.281124044652,-1.8932888902846,0.0122
1625323396045306,yuwZdYMiz7eKRFADImLPvE,103644195212255,kingvik,2026-08-25T05:09:06.244000+00:00,Rwanda,30.312294755354,-1.9112161133333,0.0098
1626528179052967,yuwZdYMiz7eKRFADImLPvE,103644195212255,kingvik,2026-08-25T05:12:12.215000+00:00,Rwanda,30.293195956117,-1.8919178583418,0.0112
1630622471920931,yuwZdYMiz7eKRFADImLPvE,103644195212255,kingvik,2026-08-25T05:08:42.816000+00:00,Rwanda,30.31389887452,-1.9141682237614,0.008
1635575801429890,yuwZdYMiz7eKRFADImLPvE,103644195212255,kingvik,2026-08-25T05:10:21.986000+00:00,Rwanda,30.3057744,-1.9019626372727,0.0113
1636120658147712,yuwZdYMiz7eKRFADImLPvE,103644195212255,kingvik,2026-08-25T05:12:16.222000+00:00,Rwanda,30.292585022042,-1.8921333061678,0.0113
1636549967820363,yuwZdYMiz7eKRFADImLPvE,103644195212255,kingvik,2026-08-25T05:09:58.473000+00:00,Rwanda,30.308135711515,-1.904949720202,0.0101
1640209411108043,yuwZdYMiz7eKRFADImLPvE,103644195212255,kingvik,2026-08-25T05:09:59.584000+00:00,Rwanda,30.308026698687,-1.9048197768687,0.0101
1646671483651860,yuwZdYMiz7eKRFADImLPvE,103644195212255,kingvik,2026-08-25T05:08:51.721000+00:00,Rwanda,30.313634204348,-1.9129358782609,0.0093
1652210966262301,yuwZdYMiz7eKRFADImLPvE,103644195212255,kingvik,2026-08-25T05:13:10.003000+00:00,Rwanda,30.283915407262,-1.8935910185476,0.014
1652432216587634,yuwZdYMiz7eKRFADImLPvE,103644195212255,kingvik,2026-08-25T05:10:36.815000+00:00,Rwanda,30.304025422042,-1.9000223235592,0.0121
1657416195912577,yuwZdYMiz7eKRFADImLPvE,103644195212255,kingvik,2026-08-25T05:10:47.632000+00:00,Rwanda,30.303094276138,-1.8984823386249,0.0112
1659551775737274,yuwZdYMiz7eKRFADImLPvE,103644195212255,kingvik,2026-08-25T05:09:26.660000+00:00,Rwanda,30.310418315268,-1.9089577714863,0.0104
1663547141793928,yuwZdYMiz7eKRFADImLPvE,103644195212255,kingvik,2026-08-25T05:08:58.331000+00:00,Rwanda,30.313129684631,-1.912095875632,0.0097
1674670840262718,yuwZdYMiz7eKRFADImLPvE,103644195212255,kingvik,2026-08-25T05:12:37.978000+00:00,Rwanda,30.289187706373,-1.8930318740196,0.0138
1682335142856014,yuwZdYMiz7eKRFADImLPvE,103644195212255,kingvik,2026-08-25T05:13:18.408000+00:00,Rwanda,30.282675906765,-1.8937478305882,0.0117
1689291263203947,yuwZdYMiz7eKRFADImLPvE,103644195212255,kingvik,2026-08-25T05:10:25.409000+00:00,Rwanda,30.305403142669,-1.9015086404449,0.0111
1692208915899294,yuwZdYMiz7eKRFADImLPvE,103644195212255,kingvik,2026-08-25T05:13:57.588000+00:00,Rwanda,30.278648182912,-1.894023644186,0.0031
1692209701866945,yuwZdYMiz7eKRFADImLPvE,103644195212255,kingvik,2026-08-25T05:09:09.650000+00:00,Rwanda,30.311954975126,-1.910878017088,0.0091
1694063748364836,yuwZdYMiz7eKRFADImLPvE,103644195212255,kingvik,2026-08-25T05:09:51.085000+00:00,Rwanda,30.308950723333,-1.9057665396078,0.0103
1694932072632509,yuwZdYMiz7eKRFADImLPvE,103644195212255,kingvik,2026-08-25T05:11:07.939000+00:00,Rwanda,30.301834469767,-1.8956222953488,0.0118
1697977347926858,yuwZdYMiz7eKRFADImLPvE,103644195212255,kingvik,2026-08-25T05:12:18.225000+00:00,Rwanda,30.292292767778,-1.8922531277778,0.011
1700590674363700,yuwZdYMiz7eKRFADImLPvE,103644195212255,kingvik,2026-08-25T05:12:22.933000+00:00,Rwanda,30.291646066667,-1.892516,0.0118
1702643957516865,yuwZdYMiz7eKRFADImLPvE,103644195212255,kingvik,2026-08-25T05:12:49.245000+00:00,Rwanda,30.287321268182,-1.8931198762626,0.0134
1704968260617752,yuwZdYMiz7eKRFADImLPvE,103644195212255,kingvik,2026-08-25T05:10:46.433000+00:00,Rwanda,30.303174339843,-1.898665784789,0.0113
1706068217172921,yuwZdYMiz7eKRFADImLPvE,103644195212255,kingvik,2026-08-25T05:13:31.505000+00:00,Rwanda,30.280795216364,-1.8932497672727,0.0126
1710166686947860,yuwZdYMiz7eKRFADImLPvE,103644195212255,kingvik,2026-08-25T05:10:20.283000+00:00,Rwanda,30.305963367037,-1.9021992011122,0.0115
1710735654388301,yuwZdYMiz7eKRFADImLPvE,103644195212255,kingvik,2026-08-25T05:13:50.691000+00:00,Rwanda,30.27894925,-1.8938787416667,0.0064
1712700179839609,yuwZdYMiz7eKRFADImLPvE,103644195212255,kingvik,2026-08-25T05:12:33.736000+00:00,Rwanda,30.289901778214,-1.8929106161923,0.0134
1713231500482292,yuwZdYMiz7eKRFADImLPvE,103644195212255,kingvik,2026-08-25T05:13:33.014000+00:00,Rwanda,30.280580380962,-1.8932506907753,0.0117
1713798016547439,yuwZdYMiz7eKRFADImLPvE,103644195212255,kingvik,2026-08-25T05:10:52.534000+00:00,Rwanda,30.302767880384,-1.8977541180991,0.0121
1716922442755270,yuwZdYMiz7eKRFADImLPvE,103644195212255,kingvik,2026-08-25T05:11:05.936000+00:00,Rwanda,30.301957464408,-1.8959129347826,0.0115
1719168862673652,yuwZdYMiz7eKRFADImLPvE,103644195212255,kingvik,2026-08-25T05:12:52.293000+00:00,Rwanda,30.28681859,-1.8931293566667,0.0139
1722177495705560,yuwZdYMiz7eKRFADImLPvE,103644195212255,kingvik,2026-08-25T05:10:29.618000+00:00,Rwanda,30.304921946078,-1.9009818054902,0.0116
1723440192205051,yuwZdYMiz7eKRFADImLPvE,103644195212255,kingvik,2026-08-25T05:09:42.574000+00:00,Rwanda,30.309706388788,-1.9066145663636,0.0087
1723988538671247,yuwZdYMiz7eKRFADImLPvE,103644195212255,kingvik,2026-08-25T05:11:30.660000+00:00,Rwanda,30.2994950909,-1.8929989412538,0.0121
1724374295518989,yuwZdYMiz7eKRFADImLPvE,103644195212255,kingvik,2026-08-25T05:11:23.984000+00:00,Rwanda,30.300378586654,-1.8935773947007,0.0119
1726531971936824,yuwZdYMiz7eKRFADImLPvE,103644195212255,kingvik,2026-08-25T05:11:42.201000+00:00,Rwanda,30.298007434314,-1.8921457489216,0.0116
1728611415018602,yuwZdYMiz7eKRFADImLPvE,103644195212255,kingvik,2026-08-25T05:11:29.978000+00:00,Rwanda,30.299590701921,-1.8930517368049,0.0125
1730121458074904,yuwZdYMiz7eKRFADImLPvE,103644195212255,kingvik,2026-08-25T05:13:01.561000+00:00,Rwanda,30.285263448773,-1.8933609566241,0.0139
1730627814844106,yuwZdYMiz7eKRFADImLPvE,103644195212255,kingvik,2026-08-25T05:09:13.054000+00:00,Rwanda,30.311645188518,-1.9105758704612,0.0086
1733876561218126,yuwZdYMiz7eKRFADImLPvE,103644195212255,kingvik,2026-08-25T05:12:22.232000+00:00,Rwanda,30.291744764813,-1.8924779674419,0.0106
1737653740807337,yuwZdYMiz7eKRFADImLPvE,103644195212255,kingvik,2026-08-25T05:12:08.223000+00:00,Rwanda,30.293832152451,-1.8917455578431,0.012
1738621737690370,yuwZdYMiz7eKRFADImLPvE,103644195212255,kingvik,2026-08-25T05:10:53.137000+00:00,Rwanda,30.302729290588,-1.8976679541176,0.0105
1742527250154212,yuwZdYMiz7eKRFADImLPvE,103644195212255,kingvik,2026-08-25T05:09:01.136000+00:00,Rwanda,30.312843484024,-1.9117669777553,0.0101
1752222535821743,yuwZdYMiz7eKRFADImLPvE,103644195212255,kingvik,2026-08-25T05:12:10.920000+00:00,Rwanda,30.293396018301,-1.8918547828109,0.0127
1757141098506756,yuwZdYMiz7eKRFADImLPvE,103644195212255,kingvik,2026-08-25T05:11:59.578000+00:00,Rwanda,30.295264972902,-1.8914365400404,0.0119
1757268275506925,yuwZdYMiz7eKRFADImLPvE,103644195212255,kingvik,2026-08-25T05:13:05.396000+00:00,Rwanda,30.284633834706,-1.8934645082353,0.0147
1762454721608886,yuwZdYMiz7eKRFADImLPvE,103644195212255,kingvik,2026-08-25T05:13:13.801000+00:00,Rwanda,30.283339534347,-1.8936959353288,0.0123
1764032521415065,yuwZdYMiz7eKRFADImLPvE,103644195212255,kingvik,2026-08-25T05:09:40.871000+00:00,Rwanda,30.309791177172,-1.9068279030303,0.0092
1777706163569564,yuwZdYMiz7eKRFADImLPvE,103644195212255,kingvik,2026-08-25T05:13:02.292000+00:00,Rwanda,30.285144572121,-1.8933824466667,0.0134
1780104193320473,yuwZdYMiz7eKRFADImLPvE,103644195212255,kingvik,2026-08-25T05:13:34.578000+00:00,Rwanda,30.28035630101,-1.8932807371717,0.0124
1780314629639242,yuwZdYMiz7eKRFADImLPvE,103644195212255,kingvik,2026-08-25T05:11:11.277000+00:00,Rwanda,30.301610469676,-1.8951222974485,0.0129
1781569360637241,yuwZdYMiz7eKRFADImLPvE,103644195212255,kingvik,2026-08-25T05:13:56.035000+00:00,Rwanda,30.278701721335,-1.8939963844287,0.0034
1782152126257021,yuwZdYMiz7eKRFADImLPvE,103644195212255,kingvik,2026-08-25T05:10:38.025000+00:00,Rwanda,30.303877787843,-1.8998582527451,0.0122
1784861822959673,yuwZdYMiz7eKRFADImLPvE,103644195212255,kingvik,2026-08-25T05:09:17.557000+00:00,Rwanda,30.311217194444,-1.9101401994949,0.0085
1785073719337158,yuwZdYMiz7eKRFADImLPvE,103644195212255,kingvik,2026-08-25T05:09:10.746000+00:00,Rwanda,30.311854111931,-1.9107783886754,0.007
1786161002414524,yuwZdYMiz7eKRFADImLPvE,103644195212255,kingvik,2026-08-25T05:11:38.666000+00:00,Rwanda,30.298463470952,-1.892404657998,0.0113
1787153905801156,yuwZdYMiz7eKRFADImLPvE,103644195212255,kingvik,2026-08-25T05:11:58.213000+00:00,Rwanda,30.295483330435,-1.8914008130435,0.0115
1787857115548244,yuwZdYMiz7eKRFADImLPvE,103644195212255,kingvik,2026-08-25T05:10:48.828000+00:00,Rwanda,30.303014539939,-1.8983003719919,0.0109
1789441858879743,yuwZdYMiz7eKRFADImLPvE,103644195212255,kingvik,2026-08-25T05:10:57.559000+00:00,Rwanda,30.302459245455,-1.8970586681818,0.0103
1789687739835386,yuwZdYMiz7eKRFADImLPvE,103644195212255,kingvik,2026-08-25T05:11:56.209000+00:00,Rwanda,30.295813853589,-1.8913793584429,0.0121
1789904785483002,yuwZdYMiz7eKRFADImLPvE,103644195212255,kingvik,2026-08-25T05:10:28.407000+00:00,Rwanda,30.305067721436,-1.9011313095045,0.0112
1790326715438962,yuwZdYMiz7eKRFADImLPvE,103644195212255,kingvik,2026-08-25T05:09:25.553000+00:00,Rwanda,30.310503862892,-1.9091102582406,0.0105
1810214356636760,yuwZdYMiz7eKRFADImLPvE,103644195212255,kingvik,2026-08-25T05:12:39.446000+00:00,Rwanda,30.288944653939,-1.8930703515152,0.0132
1815865629593015,yuwZdYMiz7eKRFADImLPvE,103644195212255,kingvik,2026-08-25T05:11:31.289000+00:00,Rwanda,30.299408421176,-1.89295184,0.011
1831320061006049,yuwZdYMiz7eKRFADImLPvE,103644195212255,kingvik,2026-08-25T05:12:44.673000+00:00,Rwanda,30.28806083596,-1.893138119596,0.015
1833717117626838,yuwZdYMiz7eKRFADImLPvE,103644195212255,kingvik,2026-08-25T05:11:36.669000+00:00,Rwanda,30.298721043636,-1.8925515690909,0.011
1840552763410486,yuwZdYMiz7eKRFADImLPvE,103644195212255,kingvik,2026-08-25T05:13:42.214000+00:00,Rwanda,30.279471835455,-1.8936193662626,0.0068
1845032313324502,yuwZdYMiz7eKRFADImLPvE,103644195212255,kingvik,2026-08-25T05:09:55.069000+00:00,Rwanda,30.308493002727,-1.9053299612121,0.0101
1846626380043728,yuwZdYMiz7eKRFADImLPvE,103644195212255,kingvik,2026-08-25T05:09:00.545000+00:00,Rwanda,30.31290538528,-1.9118333331698,0.0088
1854500492207120,yuwZdYMiz7eKRFADImLPvE,103644195212255,kingvik,2026-08-25T05:08:44.219000+00:00,Rwanda,30.313890600404,-1.9139766626896,0.0078
1864314908316531,yuwZdYMiz7eKRFADImLPvE,103644195212255,kingvik,2026-08-25T05:12:45.447000+00:00,Rwanda,30.287930465723,-1.8931353767442,0.0145
1865740858169872,yuwZdYMiz7eKRFADImLPvE,103644195212255,kingvik,2026-08-25T05:11:50.199000+00:00,Rwanda,30.296839637816,-1.8915622399393,0.0123
1907103720268477,yuwZdYMiz7eKRFADImLPvE,103644195212255,kingvik,2026-08-25T05:13:37.621000+00:00,Rwanda,30.279936797059,-1.8934151205882,0.0117
1946513929354010,yuwZdYMiz7eKRFADImLPvE,103644195212255,kingvik,2026-08-25T05:08:48.530000+00:00,Rwanda,30.313790772059,-1.9133736220588,0.0085
1950098853553986,yuwZdYMiz7eKRFADImLPvE,103644195212255,kingvik,2026-08-25T05:13:26.874000+00:00,Rwanda,30.281448922277,-1.8933794610402,0.0129
1966153117379514,yuwZdYMiz7eKRFADImLPvE,103644195212255,kingvik,2026-08-25T05:11:21.278000+00:00,Rwanda,30.300689578261,-1.8938488465116,0.0107
1966823220972249,yuwZdYMiz7eKRFADImLPvE,103644195212255,kingvik,2026-08-25T05:11:35.295000+00:00,Rwanda,30.298892907164,-1.8926509360157,0.0101
1982065009175055,yuwZdYMiz7eKRFADImLPvE,103644195212255,kingvik,2026-08-25T05:09:58.992000+00:00,Rwanda,30.308084032974,-1.9048897916585,0.0088
2008020606528602,yuwZdYMiz7eKRFADImLPvE,103644195212255,kingvik,2026-08-25T05:11:39.967000+00:00,Rwanda,30.298294183721,-1.8923087209302,0.0113
2014823792553255,yuwZdYMiz7eKRFADImLPvE,103644195212255,kingvik,2026-08-25T05:09:45.372000+00:00,Rwanda,30.309526270071,-1.9063094533873,0.0069
2019300825428285,yuwZdYMiz7eKRFADImLPvE,103644195212255,kingvik,2026-08-25T05:11:48.904000+00:00,Rwanda,30.297051688283,-1.8916501083838,0.0136
2023924614916810,yuwZdYMiz7eKRFADImLPvE,103644195212255,kingvik,2026-08-25T05:08:56.629000+00:00,Rwanda,30.313285134343,-1.9123043680808,0.0102
2030685297568743,yuwZdYMiz7eKRFADImLPvE,103644195212255,kingvik,2026-08-25T05:12:42.369000+00:00,Rwanda,30.288453652121,-1.8931279977778,0.0137
2031317371071265,yuwZdYMiz7eKRFADImLPvE,103644195212255,kingvik,2026-08-25T05:13:49.934000+00:00,Rwanda,30.27900181365,-1.893854673913,0.0072
2033436260647887,yuwZdYMiz7eKRFADImLPvE,103644195212255,kingvik,2026-08-25T05:10:26.604000+00:00,Rwanda,30.305273562588,-1.90135599818,0.011
2038736323431956,yuwZdYMiz7eKRFADImLPvE,103644195212255,kingvik,2026-08-25T05:09:56.771000+00:00,Rwanda,30.308310700708,-1.9051413304348,0.0101
2054619688510790,yuwZdYMiz7eKRFADImLPvE,103644195212255,kingvik,2026-08-25T05:12:16.923000+00:00,Rwanda,30.292480972157,-1.8921767513725,0.0125
2058548361434250,yuwZdYMiz7eKRFADImLPvE,103644195212255,kingvik,2026-08-25T05:09:28.363000+00:00,Rwanda,30.310290541153,-1.9087163987867,0.0109
2064906510778873,yuwZdYMiz7eKRFADImLPvE,103644195212255,kingvik,2026-08-25T05:13:21.506000+00:00,Rwanda,30.282229651313,-1.8936512884848,0.0132
2070422503843831,yuwZdYMiz7eKRFADImLPvE,103644195212255,kingvik,2026-08-25T05:13:07.699000+00:00,Rwanda,30.284271064966,-1.8935238974485,0.0139
2077136316507506,yuwZdYMiz7eKRFADImLPvE,103644195212255,kingvik,2026-08-25T05:09:50.481000+00:00,Rwanda,30.30902104277,-1.9058270247725,0.0087
2088230768486976,yuwZdYMiz7eKRFADImLPvE,103644195212255,kingvik,2026-08-25T05:10:58.238000+00:00,Rwanda,30.302418947694,-1.8969672025515,0.0111
2091385105096255,yuwZdYMiz7eKRFADImLPvE,103644195212255,kingvik,2026-08-25T05:11:00.734000+00:00,Rwanda,30.302271396663,-1.8966313506572,0.0097
2099877697270175,yuwZdYMiz7eKRFADImLPvE,103644195212255,kingvik,2026-08-25T05:13:29.911000+00:00,Rwanda,30.281020827778,-1.8932708111111,0.0116
2100055770906403,yuwZdYMiz7eKRFADImLPvE,103644195212255,kingvik,2026-08-25T05:11:24.651000+00:00,Rwanda,30.300298314141,-1.8935132070707,0.0114
2107678973956190,yuwZdYMiz7eKRFADImLPvE,103644195212255,kingvik,2026-08-25T05:12:46.942000+00:00,Rwanda,30.287685377452,-1.8931257971689,0.0137
2109962159594309,yuwZdYMiz7eKRFADImLPvE,103644195212255,kingvik,2026-08-25T05:11:17.979000+00:00,Rwanda,30.30103606542,-1.894225638726,0.0126
2115843259354077,yuwZdYMiz7eKRFADImLPvE,103644195212255,kingvik,2026-08-25T05:11:41.498000+00:00,Rwanda,30.298098001416,-1.8921971096057,0.0104
2121941142087075,yuwZdYMiz7eKRFADImLPvE,103644195212255,kingvik,2026-08-25T05:09:37.466000+00:00,Rwanda,30.309899527374,-1.9073108679798,0.01
2126876328230656,yuwZdYMiz7eKRFADImLPvE,103644195212255,kingvik,2026-08-25T05:13:54.531000+00:00,Rwanda,30.278757810402,-1.8939695049068,0.0039
2130203807934094,yuwZdYMiz7eKRFADImLPvE,103644195212255,kingvik,2026-08-25T05:10:09.898000+00:00,Rwanda,30.307068210991,-1.9035996249264,0.0105
2130658707488239,yuwZdYMiz7eKRFADImLPvE,103644195212255,kingvik,2026-08-25T05:09:03.951000+00:00,Rwanda,30.31254181451,-1.911461152549,0.0087
2130982577768815,yuwZdYMiz7eKRFADImLPvE,103644195212255,kingvik,2026-08-25T05:10:20.807000+00:00,Rwanda,30.305904643434,-1.9021261329293,0.0104
2136276633990062,yuwZdYMiz7eKRFADImLPvE,103644195212255,kingvik,2026-08-25T05:10:34.420000+00:00,Rwanda,30.304324525221,-1.9003497037291,0.0124
2138880543722376,yuwZdYMiz7eKRFADImLPvE,103644195212255,kingvik,2026-08-25T05:10:05.297000+00:00,Rwanda,30.307495148529,-1.9041446514706,0.0098
2139519513445676,yuwZdYMiz7eKRFADImLPvE,103644195212255,kingvik,2026-08-25T05:09:40.280000+00:00,Rwanda,30.309813970363,-1.906907042787,0.0081
2146613632617730,yuwZdYMiz7eKRFADImLPvE,103644195212255,kingvik,2026-08-25T05:10:39.814000+00:00,Rwanda,30.30368101274,-1.8996177885743,0.0112
2153493018567795,yuwZdYMiz7eKRFADImLPvE,103644195212255,kingvik,2026-08-25T05:09:34.567000+00:00,Rwanda,30.309980615455,-1.9077581709091,0.0093
2170939063765566,yuwZdYMiz7eKRFADImLPvE,103644195212255,kingvik,2026-08-25T05:09:34.050000+00:00,Rwanda,30.30999770303,-1.907839640404,0.0105
2172065250192657,yuwZdYMiz7eKRFADImLPvE,103644195212255,kingvik,2026-08-25T05:09:30.066000+00:00,Rwanda,30.310181221717,-1.9084630468687,0.0094
2179952072865302,yuwZdYMiz7eKRFADImLPvE,103644195212255,kingvik,2026-08-25T05:13:23.015000+00:00,Rwanda,30.282012145882,-1.8935771805882,0.0126
2183498909175099,yuwZdYMiz7eKRFADImLPvE,103644195212255,kingvik,2026-08-25T05:12:34.431000+00:00,Rwanda,30.289783788069,-1.892932375632,0.0133
2187297788495498,yuwZdYMiz7eKRFADImLPvE,103644195212255,kingvik,2026-08-25T05:11:15.267000+00:00,Rwanda,30.301294739333,-1.8945721253792,0.011
2188903004989161,yuwZdYMiz7eKRFADImLPvE,103644195212255,kingvik,2026-08-25T05:10:58.832000+00:00,Rwanda,30.302384148889,-1.8968876856566,0.0097
2193830658180808,yuwZdYMiz7eKRFADImLPvE,103644195212255,kingvik,2026-08-25T05:09:08.544000+00:00,Rwanda,30.312061095878,-1.9109814665358,0.0091
2197885567740720,yuwZdYMiz7eKRFADImLPvE,103644195212255,kingvik,2026-08-25T05:13:16.104000+00:00,Rwanda,30.283005597743,-1.8937440218842,0.0119
2200343114159008,yuwZdYMiz7eKRFADImLPvE,103644195212255,kingvik,2026-08-25T05:10:38.618000+00:00,Rwanda,30.303808671385,-1.8997789476239,0.0117
2208294596681789,yuwZdYMiz7eKRFADImLPvE,103644195212255,kingvik,2026-08-25T05:11:53.569000+00:00,Rwanda,30.296270342424,-1.8914118252525,0.013
2217163499220683,yuwZdYMiz7eKRFADImLPvE,103644195212255,kingvik,2026-08-25T05:10:45.829000+00:00,Rwanda,30.303214644793,-1.8987589415571,0.0113
2218757788985979,yuwZdYMiz7eKRFADImLPvE,103644195212255,kingvik,2026-08-25T05:11:43.496000+00:00,Rwanda,30.297838599216,-1.8920509560784,0.0106
2233334760800676,yuwZdYMiz7eKRFADImLPvE,103644195212255,kingvik,2026-08-25T05:13:23.809000+00:00,Rwanda,30.281896113145,-1.8935361738119,0.0137
2236212490257039,yuwZdYMiz7eKRFADImLPvE,103644195212255,kingvik,2026-08-25T05:10:08.098000+00:00,Rwanda,30.307239363333,-1.9038185454545,0.0088
2246975559490814,yuwZdYMiz7eKRFADImLPvE,103644195212255,kingvik,2026-08-25T05:10:51.234000+00:00,Rwanda,30.302852909412,-1.8979421227451,0.0108
2259113984935600,yuwZdYMiz7eKRFADImLPvE,103644195212255,kingvik,2026-08-25T05:10:10.490000+00:00,Rwanda,30.307010935253,-1.9035255766667,0.0104
2263282217848912,yuwZdYMiz7eKRFADImLPvE,103644195212255,kingvik,2026-08-25T05:10:27.815000+00:00,Rwanda,30.30513681902,-1.9012044078431,0.0114
2264464750984152,yuwZdYMiz7eKRFADImLPvE,103644195212255,kingvik,2026-08-25T05:09:48.778000+00:00,Rwanda,30.309211856566,-1.9059872909091,0.0079
2265304760935351,yuwZdYMiz7eKRFADImLPvE,103644195212255,kingvik,2026-08-25T05:10:04.692000+00:00,Rwanda,30.307549123458,-1.9042142791709,0.0082
2271759646920300,yuwZdYMiz7eKRFADImLPvE,103644195212255,kingvik,2026-08-25T05:12:28.929000+00:00,Rwanda,30.290709497978,-1.8927497813953,0.0117
2292194634848850,yuwZdYMiz7eKRFADImLPvE,103644195212255,kingvik,2026-08-25T05:08:42.315000+00:00,Rwanda,30.313898706067,-1.9142398311426,0.0268
2303474037122455,yuwZdYMiz7eKRFADImLPvE,103644195212255,kingvik,2026-08-25T05:10:42.827000+00:00,Rwanda,30.303425971176,-1.8992043230392,0.0107
2305207823553683,yuwZdYMiz7eKRFADImLPvE,103644195212255,kingvik,2026-08-25T05:09:14.152000+00:00,Rwanda,30.311545630909,-1.9104764874747,0.0073
2313423639408222,yuwZdYMiz7eKRFADImLPvE,103644195212255,kingvik,2026-08-25T05:09:47.075000+00:00,Rwanda,30.309383840909,-1.9061450292929,0.0073
2317659218640582,yuwZdYMiz7eKRFADImLPvE,103644195212255,kingvik,2026-08-25T05:11:50.901000+00:00,Rwanda,30.296723805294,-1.8915195470588,0.0137
2321425585334463,yuwZdYMiz7eKRFADImLPvE,103644195212255,kingvik,2026-08-25T05:13:52.982000+00:00,Rwanda,30.27882171274,-1.8939389708797,0.0045
2330445784362313,yuwZdYMiz7eKRFADImLPvE,103644195212255,kingvik,2026-08-25T05:11:02.637000+00:00,Rwanda,30.302155953488,-1.896371993731,0.0101
2341786099957511,yuwZdYMiz7eKRFADImLPvE,103644195212255,kingvik,2026-08-25T05:09:24.366000+00:00,Rwanda,30.31059765476,-1.9092728067713,0.009
2352299912189539,yuwZdYMiz7eKRFADImLPvE,103644195212255,kingvik,2026-08-25T05:09:00.033000+00:00,Rwanda,30.312958960505,-1.9118919221212,0.01
2354654575341026,yuwZdYMiz7eKRFADImLPvE,103644195212255,kingvik,2026-08-25T05:12:19.589000+00:00,Rwanda,30.292102852275,-1.8923292420627,0.0109
2392485141284351,yuwZdYMiz7eKRFADImLPvE,103644195212255,kingvik,2026-08-25T05:12:06.219000+00:00,Rwanda,30.294165869676,-1.8916682846909,0.012
2412705189256601,yuwZdYMiz7eKRFADImLPvE,103644195212255,kingvik,2026-08-25T05:11:04.564000+00:00,Rwanda,30.302039088372,-1.8961067345804,0.0106
2423164918209120,yuwZdYMiz7eKRFADImLPvE,103644195212255,kingvik,2026-08-25T05:09:39.763000+00:00,Rwanda,30.309832028283,-1.9069779131313,0.0095
2448209985702632,yuwZdYMiz7eKRFADImLPvE,103644195212255,kingvik,2026-08-25T05:12:01.581000+00:00,Rwanda,30.294938309302,-1.8914977069767,0.0123
2459955784526031,yuwZdYMiz7eKRFADImLPvE,103644195212255,kingvik,2026-08-25T05:13:03.092000+00:00,Rwanda,30.285013208832,-1.8934050431796,0.0148
2477193642692360,yuwZdYMiz7eKRFADImLPvE,103644195212255,kingvik,2026-08-25T05:11:35.988000+00:00,Rwanda,30.298806896663,-1.8926005935288,0.0111
2507138253119166,yuwZdYMiz7eKRFADImLPvE,103644195212255,kingvik,2026-08-25T05:12:20.229000+00:00,Rwanda,30.292016534545,-1.8923648272727,0.0104
2526974301117897,yuwZdYMiz7eKRFADImLPvE,103644195212255,kingvik,2026-08-25T05:09:39.168000+00:00,Rwanda,30.309850763397,-1.9070615338726,0.0097
2534177717098724,yuwZdYMiz7eKRFADImLPvE,103644195212255,kingvik,2026-08-25T05:11:13.972000+00:00,Rwanda,30.301407717897,-1.8947446582406,0.0124
2537726990027167,yuwZdYMiz7eKRFADImLPvE,103644195212255,kingvik,2026-08-25T05:10:29.015000+00:00,Rwanda,30.304995514156,-1.9010561220425,0.0116
2541819639661917,yuwZdYMiz7eKRFADImLPvE,103644195212255,kingvik,2026-08-25T05:11:54.908000+00:00,Rwanda,30.296037480079,-1.8913877293425,0.0137
2547129625750319,yuwZdYMiz7eKRFADImLPvE,103644195212255,kingvik,2026-08-25T05:11:22.648000+00:00,Rwanda,30.300535060162,-1.8937088860465,0.0113
2552077321931010,yuwZdYMiz7eKRFADImLPvE,103644195212255,kingvik,2026-08-25T05:09:22.664000+00:00,Rwanda,30.310737546176,-1.9095009257843,0.0089
2572108459972765,yuwZdYMiz7eKRFADImLPvE,103644195212255,kingvik,2026-08-25T05:11:08.571000+00:00,Rwanda,30.30179378,-1.8955288533333,0.0113
2580600759064755,yuwZdYMiz7eKRFADImLPvE,103644195212255,kingvik,2026-08-25T05:12:58.457000+00:00,Rwanda,30.285771355005,-1.8932762616785,0.0149
2585853528510017,yuwZdYMiz7eKRFADImLPvE,103644195212255,kingvik,2026-08-25T05:10:12.293000+00:00,Rwanda,30.306829686667,-1.9032955511111,0.0108
2605655899889782,yuwZdYMiz7eKRFADImLPvE,103644195212255,kingvik,2026-08-25T05:09:23.851000+00:00,Rwanda,30.310639406667,-1.9093419969697,0.0105
2617125222091623,yuwZdYMiz7eKRFADImLPvE,103644195212255,kingvik,2026-08-25T05:09:01.736000+00:00,Rwanda,30.312780487273,-1.9117006490909,0.0102
2623983794726742,yuwZdYMiz7eKRFADImLPvE,103644195212255,kingvik,2026-08-25T05:10:06.999000+00:00,Rwanda,30.307340428067,-1.9039494081452,0.0099
2819010428481382,yuwZdYMiz7eKRFADImLPvE,103644195212255,kingvik,2026-08-25T05:08:52.227000+00:00,Rwanda,30.313603944444,-1.9128725777778,0.0078
2851387431927006,yuwZdYMiz7eKRFADImLPvE,103644195212255,kingvik,2026-08-25T05:11:51.566000+00:00,Rwanda,30.2966126273,-1.8914847699697,0.0129
2866976703672737,yuwZdYMiz7eKRFADImLPvE,103644195212255,kingvik,2026-08-25T05:12:56.891000+00:00,Rwanda,30.28603836683,-1.8932307112856,0.0141
2917394831945418,yuwZdYMiz7eKRFADImLPvE,103644195212255,kingvik,2026-08-25T05:10:30.211000+00:00,Rwanda,30.304848229828,-1.9009083853387,0.0116
2935605130133580,yuwZdYMiz7eKRFADImLPvE,103644195212255,kingvik,2026-08-25T05:12:53.851000+00:00,Rwanda,30.286554887879,-1.8931532747475,0.0143
2953356661668973,yuwZdYMiz7eKRFADImLPvE,103644195212255,kingvik,2026-08-25T05:13:48.388000+00:00,Rwanda,30.279114750343,-1.8938066258096,0.0062
2968254633513097,yuwZdYMiz7eKRFADImLPvE,103644195212255,kingvik,2026-08-25T05:10:44.630000+00:00,Rwanda,30.303295094701,-1.8989415724239,0.011
3110771469254833,yuwZdYMiz7eKRFADImLPvE,103644195212255,kingvik,2026-08-25T05:08:45.620000+00:00,Rwanda,30.313873827478,-1.9137824627085,0.0074
3157254564465433,yuwZdYMiz7eKRFADImLPvE,103644195212255,kingvik,2026-08-25T05:09:17.041000+00:00,Rwanda,30.311269628311,-1.9101955185035,0.0093
3192453641145085,yuwZdYMiz7eKRFADImLPvE,103644195212255,kingvik,2026-08-25T05:10:05.873000+00:00,Rwanda,30.307443083114,-1.9040789854398,0.0093
3212285688970624,yuwZdYMiz7eKRFADImLPvE,103644195212255,kingvik,2026-08-25T05:09:51.664000+00:00,Rwanda,30.308883475025,-1.9057059143579,0.0101
3298171723718348,yuwZdYMiz7eKRFADImLPvE,103644195212255,kingvik,2026-08-25T05:11:33.292000+00:00,Rwanda,30.29914566098,-1.8928000541176,0.0105
3354534241395456,yuwZdYMiz7eKRFADImLPvE,103644195212255,kingvik,2026-08-25T05:11:46.192000+00:00,Rwanda,30.297461474924,-1.8918524786653,0.0125
3474627746047710,yuwZdYMiz7eKRFADImLPvE,103644195212255,kingvik,2026-08-25T05:13:51.428000+00:00,Rwanda,30.278902841557,-1.8939005544995,0.0057
3488069384688131,yuwZdYMiz7eKRFADImLPvE,103644195212255,kingvik,2026-08-25T05:12:59.989000+00:00,Rwanda,30.28551646,-1.8933168323232,0.0147
3528748557280011,yuwZdYMiz7eKRFADImLPvE,103644195212255,kingvik,2026-08-25T05:11:17.271000+00:00,Rwanda,30.301106265217,-1.894314393731,0.011
3652598838221833,yuwZdYMiz7eKRFADImLPvE,103644195212255,kingvik,2026-08-25T05:10:31.421000+00:00,Rwanda,30.304695717861,-1.9007547326791,0.0121
3725463547592082,yuwZdYMiz7eKRFADImLPvE,103644195212255,kingvik,2026-08-25T05:11:15.976000+00:00,Rwanda,30.301229559454,-1.8944798162791,0.0126
3750263185123092,yuwZdYMiz7eKRFADImLPvE,103644195212255,kingvik,2026-08-25T05:10:24.213000+00:00,Rwanda,30.305532166532,-1.9016646383215,0.01
3910133599128627,yuwZdYMiz7eKRFADImLPvE,103644195212255,kingvik,2026-08-25T05:08:58.844000+00:00,Rwanda,30.313080062828,-1.9120318331313,0.009
3993192474310568,yuwZdYMiz7eKRFADImLPvE,103644195212255,kingvik,2026-08-25T05:13:39.910000+00:00,Rwanda,30.27967122184,-1.8935259341759,0.0093
4066644636964249,yuwZdYMiz7eKRFADImLPvE,103644195212255,kingvik,2026-08-25T05:10:35.012000+00:00,Rwanda,30.304250152727,-1.9002679375758,0.0123
4184478108525515,yuwZdYMiz7eKRFADImLPvE,103644195212255,kingvik,2026-08-25T05:13:19.972000+00:00,Rwanda,30.282450042222,-1.8937121763636,0.0126
4366529240343677,yuwZdYMiz7eKRFADImLPvE,103644195212255,kingvik,2026-08-25T05:10:08.702000+00:00,Rwanda,30.307182749853,-1.9037460031403,0.0102
4420883008226632,yuwZdYMiz7eKRFADImLPvE,103644195212255,kingvik,2026-08-25T05:09:31.768000+00:00,Rwanda,30.310094269363,-1.9082012255814,0.0094
4441986296025288,yuwZdYMiz7eKRFADImLPvE,103644195212255,kingvik,2026-08-25T05:11:27.975000+00:00,Rwanda,30.299870401818,-1.8932153705051,0.0122
4502701263385202,yuwZdYMiz7eKRFADImLPvE,103644195212255,kingvik,2026-08-25T05:08:47.519000+00:00,Rwanda,30.313828921739,-1.9135191844287,0.0078
4519770358341527,yuwZdYMiz7eKRFADImLPvE,103644195212255,kingvik,2026-08-25T05:13:25.304000+00:00,Rwanda,30.281676842669,-1.8934586505561,0.0127
4531764460401256,yuwZdYMiz7eKRFADImLPvE,103644195212255,kingvik,2026-08-25T05:08:52.738000+00:00,Rwanda,30.313571612856,-1.9128095552502,0.0079
4549890671998527,yuwZdYMiz7eKRFADImLPvE,103644195212255,kingvik,2026-08-25T05:09:32.864000+00:00,Rwanda,30.310043820526,-1.9080281858443,0.0092
4558875097768164,yuwZdYMiz7eKRFADImLPvE,103644195212255,kingvik,2026-08-25T05:12:35.139000+00:00,Rwanda,30.289663765152,-1.8929539251515,0.0136
4563337683899481,yuwZdYMiz7eKRFADImLPvE,103644195212255,kingvik,2026-08-25T05:10:49.431000+00:00,Rwanda,30.302973796078,-1.8982089694118,0.0111
4618542725056568,yuwZdYMiz7eKRFADImLPvE,103644195212255,kingvik,2026-08-25T05:10:39.221000+00:00,Rwanda,30.303741736471,-1.8996979414706,0.0117
5126647540895981,yuwZdYMiz7eKRFADImLPvE,103644195212255,kingvik,2026-08-25T05:12:26.940000+00:00,Rwanda,30.291033194118,-1.89268415,0.0116
27156427717366248,yuwZdYMiz7eKRFADImLPvE,103644195212255,kingvik,2026-08-25T05:11:03.933000+00:00,Rwanda,30.302076947422,-1.8961944701719,0.0112
27212349691772489,yuwZdYMiz7eKRFADImLPvE,103644195212255,kingvik,2026-08-25T05:10:35.619000+00:00,Rwanda,30.304174100506,-1.900184826087,0.0125
27849999188005974,yuwZdYMiz7eKRFADImLPvE,103644195212255,kingvik,2026-08-25T05:12:20.930000+00:00,Rwanda,30.29192269578,-1.8924042871443,0.0113
27912791531676254,yuwZdYMiz7eKRFADImLPvE,103644195212255,kingvik,2026-08-25T05:12:14.218000+00:00,Rwanda,30.292888606775,-1.8920204726997,0.0113
27918799834448412,yuwZdYMiz7eKRFADImLPvE,103644195212255,kingvik,2026-08-25T05:13:44.517000+00:00,Rwanda,30.279339447523,-1.8936871561173,0.0049
27930294533297958,yuwZdYMiz7eKRFADImLPvE,103644195212255,kingvik,2026-08-25T05:09:54.491000+00:00,Rwanda,30.308558002159,-1.9053934759568,0.0107
27949580621359509,yuwZdYMiz7eKRFADImLPvE,103644195212255,kingvik,2026-08-25T05:08:59.450000+00:00,Rwanda,30.313018778312,-1.9119595943081,0.0105
28123708097239948,yuwZdYMiz7eKRFADImLPvE,103644195212255,kingvik,2026-08-25T05:10:21.411000+00:00,Rwanda,30.305837821492,-1.9020420054956,0.0119
28140197902286371,yuwZdYMiz7eKRFADImLPvE,103644195212255,kingvik,2026-08-25T05:11:11.945000+00:00,Rwanda,30.301563845455,-1.8950246787879,0.012
28180196361641979,yuwZdYMiz7eKRFADImLPvE,103644195212255,kingvik,2026-08-25T05:09:35.171000+00:00,Rwanda,30.309962936506,-1.9076627099117,0.0108
28197287973213669,yuwZdYMiz7eKRFADImLPvE,103644195212255,kingvik,2026-08-25T05:10:09.294000+00:00,Rwanda,30.307126307879,-1.9036741551515,0.0102
28207144672279334,yuwZdYMiz7eKRFADImLPvE,103644195212255,kingvik,2026-08-25T05:12:10.212000+00:00,Rwanda,30.293506727273,-1.8918249848485,0.0116
28233211922977641,yuwZdYMiz7eKRFADImLPvE,103644195212255,kingvik,2026-08-25T05:13:08.457000+00:00,Rwanda,30.284154980606,-1.8935442167677,0.0131
28246938164993449,yuwZdYMiz7eKRFADImLPvE,103644195212255,kingvik,2026-08-25T05:12:11.590000+00:00,Rwanda,30.293292081667,-1.8918866683333,0.0121
28379272058351506,yuwZdYMiz7eKRFADImLPvE,103644195212255,kingvik,2026-08-25T05:11:03.264000+00:00,Rwanda,30.302117618235,-1.8962866590196,0.0104
28381964188161055,yuwZdYMiz7eKRFADImLPvE,103644195212255,kingvik,2026-08-25T05:11:00.141000+00:00,Rwanda,30.302306841373,-1.8967113853922,0.0111
28957821847139191,yuwZdYMiz7eKRFADImLPvE,103644195212255,kingvik,2026-08-25T05:09:43.670000+00:00,Rwanda,30.309640970909,-1.9064881721212,0.0072
871320439249434,yuwZdYMiz7eKRFADImLPvE,103644195212255,kingvik,2026-08-25T05:16:24.366000+00:00,Rwanda,30.278445191001,-1.8940843251769,0.0032
887287211129248,yuwZdYMiz7eKRFADImLPvE,103644195212255,kingvik,2026-08-25T05:16:30.667000+00:00,Rwanda,30.278357366061,-1.8941546212121,0.0043
1009089895039980,yuwZdYMiz7eKRFADImLPvE,103644195212255,kingvik,2026-08-25T05:16:43.880000+00:00,Rwanda,30.277899610402,-1.8943823825319,0.0041
1041390915551857,yuwZdYMiz7eKRFADImLPvE,103644195212255,kingvik,2026-08-25T05:16:46.844000+00:00,Rwanda,30.277824713953,-1.8944010232558,0.0054
1060643869905745,yuwZdYMiz7eKRFADImLPvE,103644195212255,kingvik,2026-08-25T05:16:29.868000+00:00,Rwanda,30.278387129048,-1.8941305163886,0.0033
1060859900066670,yuwZdYMiz7eKRFADImLPvE,103644195212255,kingvik,2026-08-25T05:16:33.880000+00:00,Rwanda,30.278266089394,-1.8942099252525,0.0032
1073978055123806,yuwZdYMiz7eKRFADImLPvE,103644195212255,kingvik,2026-08-25T05:16:42.236000+00:00,Rwanda,30.277934825253,-1.894372110101,0.0051
1080937017675005,yuwZdYMiz7eKRFADImLPvE,103644195212255,kingvik,2026-08-25T05:14:09.555000+00:00,Rwanda,30.278525205882,-1.8940714279412,0.003
1293122977217884,yuwZdYMiz7eKRFADImLPvE,103644195212255,kingvik,2026-08-25T05:14:03.755000+00:00,Rwanda,30.278551686451,-1.894066081092,0.0033
1420898170187975,yuwZdYMiz7eKRFADImLPvE,103644195212255,kingvik,2026-08-25T05:16:29.073000+00:00,Rwanda,30.27840861899,-1.8941099993939,0.005
1491298989421634,yuwZdYMiz7eKRFADImLPvE,103644195212255,kingvik,2026-08-25T05:16:45.174000+00:00,Rwanda,30.277871738077,-1.8943896873405,0.0032
1520854166736863,yuwZdYMiz7eKRFADImLPvE,103644195212255,kingvik,2026-08-25T05:16:38.873000+00:00,Rwanda,30.278048463529,-1.894316352549,0.0056
1557523655327357,yuwZdYMiz7eKRFADImLPvE,103644195212255,kingvik,2026-08-25T05:16:37.228000+00:00,Rwanda,30.278140915253,-1.8942704829293,0.0055
1607133964158770,yuwZdYMiz7eKRFADImLPvE,103644195212255,kingvik,2026-08-25T05:14:37.826000+00:00,Rwanda,30.278471367713,-1.894071660157,0.0031
1608984093941360,yuwZdYMiz7eKRFADImLPvE,103644195212255,kingvik,2026-08-25T05:16:31.477000+00:00,Rwanda,30.278321486855,-1.8941791385238,0.0048
1804981697202856,yuwZdYMiz7eKRFADImLPvE,103644195212255,kingvik,2026-08-25T05:16:48.418000+00:00,Rwanda,30.277784465455,-1.8944077341414,0.0045
2033980377259061,yuwZdYMiz7eKRFADImLPvE,103644195212255,kingvik,2026-08-25T05:16:38.078000+00:00,Rwanda,30.278092824975,-1.8942929674419,0.0059
2253508315191000,yuwZdYMiz7eKRFADImLPvE,103644195212255,kingvik,2026-08-25T05:16:36.370000+00:00,Rwanda,30.278186027282,-1.8942503924436,0.0043
3021295831545468,yuwZdYMiz7eKRFADImLPvE,103644195212255,kingvik,2026-08-25T05:14:21.768000+00:00,Rwanda,30.278498573535,-1.8940759789899,0.003
3581518615350796,yuwZdYMiz7eKRFADImLPvE,103644195212255,kingvik,2026-08-25T05:16:40.582000+00:00,Rwanda,30.277977086061,-1.8943540569697,0.0038
3587114981454601,yuwZdYMiz7eKRFADImLPvE,103644195212255,kingvik,2026-08-25T05:16:35.575000+00:00,Rwanda,30.278220538182,-1.8942328624242,0.0057
4435334193347305,yuwZdYMiz7eKRFADImLPvE,103644195212255,kingvik,2026-08-25T05:16:39.732000+00:00,Rwanda,30.278007649545,-1.8943382850354,0.0051
4555224948058329,yuwZdYMiz7eKRFADImLPvE,103644195212255,kingvik,2026-08-25T05:16:32.272000+00:00,Rwanda,30.278291727059,-1.8941967856863,0.0038
812268961944293,mWV9BhO1ib2vIM80FStYeo,103644195212255,kingvik,2026-08-26T05:59:37.253000+00:00,Rwanda,30.1276869,-1.9703566,0.0099
889144974034703,mWV9BhO1ib2vIM80FStYeo,103644195212255,kingvik,2026-08-26T05:59:29.982000+00:00,Rwanda,30.1269926,-1.9705274,0.0096
1104994718617055,mWV9BhO1ib2vIM80FStYeo,103644195212255,kingvik,2026-08-26T05:59:26.626000+00:00,Rwanda,30.1267442,-1.9705938,0.0
1113425207689257,mWV9BhO1ib2vIM80FStYeo,103644195212255,kingvik,2026-08-26T05:59:33.129000+00:00,Rwanda,30.1273363,-1.9704396,0.0098
1423881846282573,mWV9BhO1ib2vIM80FStYeo,103644195212255,kingvik,2026-08-26T05:59:31.184000+00:00,Rwanda,30.1271645,-1.9704844,0.0099
1426591279329429,mWV9BhO1ib2vIM80FStYeo,103644195212255,kingvik,2026-08-26T05:59:32.094000+00:00,Rwanda,30.1272515,-1.9704624,0.01
1496855529127973,mWV9BhO1ib2vIM80FStYeo,103644195212255,kingvik,2026-08-26T05:59:30.582000+00:00,Rwanda,30.1270779,-1.9705059,0.0098
1577436463876351,mWV9BhO1ib2vIM80FStYeo,103644195212255,kingvik,2026-08-26T05:59:29.138000+00:00,Rwanda,30.1269093,-1.9705496,0.0094
1756096009030823,mWV9BhO1ib2vIM80FStYeo,103644195212255,kingvik,2026-08-26T05:59:40.460000+00:00,Rwanda,30.1279376,-1.9703022,0.0061
1793132755014384,mWV9BhO1ib2vIM80FStYeo,103644195212255,kingvik,2026-08-26T05:59:35.577000+00:00,Rwanda,30.1275144,-1.9703937,0.0067
1969182597803280,mWV9BhO1ib2vIM80FStYeo,103644195212255,kingvik,2026-08-26T05:59:28.162000+00:00,Rwanda,30.1268273,-1.9705711,0.0096
2142549330032577,mWV9BhO1ib2vIM80FStYeo,103644195212255,kingvik,2026-08-26T05:59:34.935000+00:00,Rwanda,30.1274555,-1.9704083,0.0036
2560707754389387,mWV9BhO1ib2vIM80FStYeo,103644195212255,kingvik,2026-08-26T05:59:34.137000+00:00,Rwanda,30.1274247,-1.9704185,0.0101
4347377512181683,mWV9BhO1ib2vIM80FStYeo,103644195212255,kingvik,2026-08-26T05:59:36.148000+00:00,Rwanda,30.1276002,-1.9703751,0.0098
4381164185530094,mWV9BhO1ib2vIM80FStYeo,103644195212255,kingvik,2026-08-26T05:59:41.084000+00:00,Rwanda,30.1280279,-1.9702868,0.0102
4432402970352313,mWV9BhO1ib2vIM80FStYeo,103644195212255,kingvik,2026-08-26T05:59:39.834000+00:00,Rwanda,30.1278843,-1.9703147,0.0224
904579029044339,fNt25u8Z9bPWMcwCFrgVmy,108933258580999,cmenttor,2026-08-30T17:51:15.118000+00:00,Ghana,-0.19872797222222,5.6674218333333,0.02
910900081659241,fvm7UGcBlSasoQZNPqd9yT,108933258580999,cmenttor,2026-08-30T17:45:55.218000+00:00,Ghana,-0.2143,5.6675271944444,0.0237
913950181339120,fNt25u8Z9bPWMcwCFrgVmy,108933258580999,cmenttor,2026-08-30T17:51:50.973000+00:00,Ghana,-0.19751697222222,5.6674218333333,0.0
918638937970595,fNt25u8Z9bPWMcwCFrgVmy,108933258580999,cmenttor,2026-08-30T17:53:10.180000+00:00,Ghana,-0.19279,5.6673578888889,0.0
932883313193153,k6nroIyadqsCzS7iBeu2UD,108933258580999,cmenttor,2026-08-30T17:43:10.364000+00:00,Ghana,-0.229108,5.6677022222222,0.073
945632321230941,zX9NDZgMcBvCmOEST824ej,108933258580999,cmenttor,2026-08-30T17:50:40.550000+00:00,Ghana,-0.20137297222222,5.6674379722222,0.0
951002708059142,fNt25u8Z9bPWMcwCFrgVmy,108933258580999,cmenttor,2026-08-30T17:51:50.529000+00:00,Ghana,-0.19751697222222,5.6674218333333,0.0206
962529193535586,p2wtzL0I4vRudYebKxOSNy,108933258580999,cmenttor,2026-08-30T17:46:50.560000+00:00,Ghana,-0.20979797222222,5.6674880833333,0.0
972869169071816,mxZUfoVH7pFOCIAPqGR2b9,108933258580999,cmenttor,2026-08-30T17:55:05.618000+00:00,Ghana,-0.18769,5.6675448055556,0.0
1000348839682755,fvm7UGcBlSasoQZNPqd9yT,108933258580999,cmenttor,2026-08-30T17:46:20.370000+00:00,Ghana,-0.21266997222222,5.6675019444444,0.0887
1000673102984018,fNt25u8Z9bPWMcwCFrgVmy,108933258580999,cmenttor,2026-08-30T17:52:10.052000+00:00,Ghana,-0.19620197222222,5.6674199166667,0.0793
1010118708723183,fNt25u8Z9bPWMcwCFrgVmy,108933258580999,cmenttor,2026-08-30T17:52:55.035000+00:00,Ghana,-0.19403497222222,5.66740175,0.0406
1014984391570453,fvm7UGcBlSasoQZNPqd9yT,108933258580999,cmenttor,2026-08-30T17:46:00.050000+00:00,Ghana,-0.214,5.6675248333333,0.0332
1035367899128544,p2wtzL0I4vRudYebKxOSNy,108933258580999,cmenttor,2026-08-30T17:46:55.947000+00:00,Ghana,-0.20925497222222,5.6674780277778,0.0
1045586075066517,fvm7UGcBlSasoQZNPqd9yT,108933258580999,cmenttor,2026-08-30T17:45:40.472000+00:00,Ghana,-0.214923,5.66750475,0.0149
1047371321421862,fNt25u8Z9bPWMcwCFrgVmy,108933258580999,cmenttor,2026-08-30T17:52:55.602000+00:00,Ghana,-0.19403497222222,5.66740175,0.0
1051701181172828,ckxybzSes7wOIlD2rhfvU0,108933258580999,cmenttor,2026-08-30T17:48:40.760000+00:00,Ghana,-0.205895,5.6674680555556,0.0
1054076097612285,5OR4l7rMBGX8SZzFAvcHLT,108933258580999,cmenttor,2026-08-30T17:43:40.510000+00:00,Ghana,-0.22538,5.66759775,0.0
1058072240177409,fNt25u8Z9bPWMcwCFrgVmy,108933258580999,cmenttor,2026-08-30T17:51:05.884000+00:00,Ghana,-0.19890297222222,5.6673769444444,0.0
1061588323325292,p2wtzL0I4vRudYebKxOSNy,108933258580999,cmenttor,2026-08-30T17:47:20.875000+00:00,Ghana,-0.20723497222222,5.6674180277778,0.0
1061916513090358,VKIT4NLMtp8iJzkOfZdHSn,108933258580999,cmenttor,2026-08-30T17:50:15.641000+00:00,Ghana,-0.203482,5.6674518333333,0.0108
1065258759537556,fvm7UGcBlSasoQZNPqd9yT,108933258580999,cmenttor,2026-08-30T17:45:55.763000+00:00,Ghana,-0.2143,5.6675271944444,0.0
1067591652519433,Pkyu0BU5Id42Q19MtCnbqR,108933258580999,cmenttor,2026-08-30T17:56:00.408000+00:00,Ghana,-0.18678497222222,5.6688218333333,0.0
1068829665542593,fNt25u8Z9bPWMcwCFrgVmy,108933258580999,cmenttor,2026-08-30T17:52:40.497000+00:00,Ghana,-0.195215,5.6673979166667,0.0778
1072026632249502,pJbWV3hKoZIQAYs0yd6uXl,108933258580999,cmenttor,2026-08-30T17:44:25.139000+00:00,Ghana,-0.221222,5.667593,0.0
1072370338512992,Pkyu0BU5Id42Q19MtCnbqR,108933258580999,cmenttor,2026-08-30T17:56:05.393000+00:00,Ghana,-0.186353,5.66877225,0.0481
1075158155091210,mxZUfoVH7pFOCIAPqGR2b9,108933258580999,cmenttor,2026-08-30T17:55:20.763000+00:00,Ghana,-0.18798697222222,5.6680698333333,0.0
1075849128637115,k4oVbZEOWhuQNXiSqpfR2g,108933258580999,cmenttor,2026-08-30T17:57:40.104000+00:00,Ghana,-0.18206497222222,5.6687131111111,0.085
1076857604898099,k6nroIyadqsCzS7iBeu2UD,108933258580999,cmenttor,2026-08-30T17:43:05.073000+00:00,Ghana,-0.22976797222222,5.6677169722222,0.0769
1104824381998311,pJbWV3hKoZIQAYs0yd6uXl,108933258580999,cmenttor,2026-08-30T17:45:00.551000+00:00,Ghana,-0.21809297222222,5.6675529444444,0.0599
1111892128454705,ckxybzSes7wOIlD2rhfvU0,108933258580999,cmenttor,2026-08-30T17:49:00.623000+00:00,Ghana,-0.20532,5.6674499444444,0.0
1118791570839123,5OR4l7rMBGX8SZzFAvcHLT,108933258580999,cmenttor,2026-08-30T17:43:35.483000+00:00,Ghana,-0.225812,5.6676301944444,0.0614
1155559870464370,k4oVbZEOWhuQNXiSqpfR2g,108933258580999,cmenttor,2026-08-30T17:57:00.176000+00:00,Ghana,-0.182832,5.6687569722222,0.0
1252197860365157,fNt25u8Z9bPWMcwCFrgVmy,108933258580999,cmenttor,2026-08-30T17:51:20.867000+00:00,Ghana,-0.19855297222222,5.667428,0.0
1344603604099404,VKIT4NLMtp8iJzkOfZdHSn,108933258580999,cmenttor,2026-08-30T17:49:35.671000+00:00,Ghana,-0.203395,5.6674079722222,0.0243
1376900210798061,VKIT4NLMtp8iJzkOfZdHSn,108933258580999,cmenttor,2026-08-30T17:50:25.520000+00:00,Ghana,-0.20274697222222,5.6674251388889,0.0814
1379091820398836,fvm7UGcBlSasoQZNPqd9yT,108933258580999,cmenttor,2026-08-30T17:45:40.886000+00:00,Ghana,-0.214923,5.66750475,0.0
1380114314318644,p2wtzL0I4vRudYebKxOSNy,108933258580999,cmenttor,2026-08-30T17:47:25.755000+00:00,Ghana,-0.20699,5.6674079722222,0.0271
1387022120208381,pJbWV3hKoZIQAYs0yd6uXl,108933258580999,cmenttor,2026-08-30T17:44:40.347000+00:00,Ghana,-0.219898,5.6675529444444,0.0525
1393526449422090,pJbWV3hKoZIQAYs0yd6uXl,108933258580999,cmenttor,2026-08-30T17:45:05.677000+00:00,Ghana,-0.21757,5.6675428888889,0.0
1399915452088213,fNt25u8Z9bPWMcwCFrgVmy,108933258580999,cmenttor,2026-08-30T17:51:05.820000+00:00,Ghana,-0.19890297222222,5.6673769444444,0.0
1403836515024406,p2wtzL0I4vRudYebKxOSNy,108933258580999,cmenttor,2026-08-30T17:47:00.211000+00:00,Ghana,-0.208758,5.66747525,0.055
1404197525188317,zX9NDZgMcBvCmOEST824ej,108933258580999,cmenttor,2026-08-30T17:50:40.291000+00:00,Ghana,-0.20137297222222,5.6674379722222,0.0
1406850771373105,VKIT4NLMtp8iJzkOfZdHSn,108933258580999,cmenttor,2026-08-30T17:50:25.948000+00:00,Ghana,-0.20274697222222,5.6674251388889,0.0
1407540677942156,fNt25u8Z9bPWMcwCFrgVmy,108933258580999,cmenttor,2026-08-30T17:53:20.421000+00:00,Ghana,-0.192355,5.66737225,0.0266
1415332720533270,fvm7UGcBlSasoQZNPqd9yT,108933258580999,cmenttor,2026-08-30T17:46:05.894000+00:00,Ghana,-0.21373797222222,5.6675119166667,0.0
1415729857152107,0fnGmlZgvs9zr15L2cH6iX,108933258580999,cmenttor,2026-08-30T17:46:40.415000+00:00,Ghana,-0.21081797222222,5.6674818611111,0.0575
1418317000212364,fNt25u8Z9bPWMcwCFrgVmy,108933258580999,cmenttor,2026-08-30T17:53:00.608000+00:00,Ghana,-0.19358197222222,5.6673569722222,0.0504
1422214516434501,fNt25u8Z9bPWMcwCFrgVmy,108933258580999,cmenttor,2026-08-30T17:51:00.864000+00:00,Ghana,-0.199175,5.6674079722222,0.0409
1432697518715834,fNt25u8Z9bPWMcwCFrgVmy,108933258580999,cmenttor,2026-08-30T17:51:05.534000+00:00,Ghana,-0.19890297222222,5.6673769444444,0.0303
1433505478924062,fNt25u8Z9bPWMcwCFrgVmy,108933258580999,cmenttor,2026-08-30T17:51:20.699000+00:00,Ghana,-0.19855297222222,5.667428,0.0194
1457156256467442,pJbWV3hKoZIQAYs0yd6uXl,108933258580999,cmenttor,2026-08-30T17:45:05.523000+00:00,Ghana,-0.21757,5.6675428888889,0.0579
1463875962233074,k6nroIyadqsCzS7iBeu2UD,108933258580999,cmenttor,2026-08-30T17:43:00.636000+00:00,Ghana,-0.23046,5.6676530833333,0.0585
1494411952732858,ckxybzSes7wOIlD2rhfvU0,108933258580999,cmenttor,2026-08-30T17:48:55.759000+00:00,Ghana,-0.205503,5.6674551388889,0.01
1499451935561373,fNt25u8Z9bPWMcwCFrgVmy,108933258580999,cmenttor,2026-08-30T17:53:05.507000+00:00,Ghana,-0.193143,5.6673421666667,0.0486
1525291096296647,fvm7UGcBlSasoQZNPqd9yT,108933258580999,cmenttor,2026-08-30T17:45:35.185000+00:00,Ghana,-0.215057,5.66749,0.0
1551311676143614,ckxybzSes7wOIlD2rhfvU0,108933258580999,cmenttor,2026-08-30T17:48:50.806000+00:00,Ghana,-0.20559297222222,5.6674570555556,0.0334
1569301275058898,xTnoE1a0sltLjSeG79FcNr,108933258580999,cmenttor,2026-08-30T17:44:10.737000+00:00,Ghana,-0.222602,5.6675729722222,0.0
1579686393660103,fNt25u8Z9bPWMcwCFrgVmy,108933258580999,cmenttor,2026-08-30T17:52:00.334000+00:00,Ghana,-0.19691797222222,5.66740175,0.0338
1588521092641466,Pkyu0BU5Id42Q19MtCnbqR,108933258580999,cmenttor,2026-08-30T17:56:15.510000+00:00,Ghana,-0.18561497222222,5.6687550833333,0.0384
1599713864943149,mxZUfoVH7pFOCIAPqGR2b9,108933258580999,cmenttor,2026-08-30T17:55:25.605000+00:00,Ghana,-0.188062,5.6684322222222,0.0411
1602383938087819,mxZUfoVH7pFOCIAPqGR2b9,108933258580999,cmenttor,2026-08-30T17:55:20.677000+00:00,Ghana,-0.18798697222222,5.6680698333333,0.0555
1605067658018448,fvm7UGcBlSasoQZNPqd9yT,108933258580999,cmenttor,2026-08-30T17:46:05.740000+00:00,Ghana,-0.21373797222222,5.6675119166667,0.0
1605149374691396,p2wtzL0I4vRudYebKxOSNy,108933258580999,cmenttor,2026-08-30T17:46:55.314000+00:00,Ghana,-0.20925497222222,5.6674780277778,0.0601
1607365367654881,Pkyu0BU5Id42Q19MtCnbqR,108933258580999,cmenttor,2026-08-30T17:56:10.223000+00:00,Ghana,-0.185962,5.6687478888889,0.0433
1610273487490509,mxZUfoVH7pFOCIAPqGR2b9,108933258580999,cmenttor,2026-08-30T17:55:25.639000+00:00,Ghana,-0.188062,5.6684322222222,0.0
1612188340917938,mxZUfoVH7pFOCIAPqGR2b9,108933258580999,cmenttor,2026-08-30T17:53:55.472000+00:00,Ghana,-0.18874997222222,5.6673597777778,0.0
1620650359406256,mxZUfoVH7pFOCIAPqGR2b9,108933258580999,cmenttor,2026-08-30T17:55:05.272000+00:00,Ghana,-0.18769,5.6675448055556,0.0086
1620710326314128,fNt25u8Z9bPWMcwCFrgVmy,108933258580999,cmenttor,2026-08-30T17:52:40.990000+00:00,Ghana,-0.195215,5.6673979166667,0.0
1636987471114504,pJbWV3hKoZIQAYs0yd6uXl,108933258580999,cmenttor,2026-08-30T17:45:05.927000+00:00,Ghana,-0.21757,5.6675428888889,0.0
1652950492920815,fNt25u8Z9bPWMcwCFrgVmy,108933258580999,cmenttor,2026-08-30T17:52:15.289000+00:00,Ghana,-0.196003,5.6673731388889,0.0226
1674360444427115,p2wtzL0I4vRudYebKxOSNy,108933258580999,cmenttor,2026-08-30T17:47:05.488000+00:00,Ghana,-0.208268,5.6674799444444,0.0542
1694463208332521,pJbWV3hKoZIQAYs0yd6uXl,108933258580999,cmenttor,2026-08-30T17:44:55.998000+00:00,Ghana,-0.21863197222222,5.6676049444444,0.0
1716652089442644,VKIT4NLMtp8iJzkOfZdHSn,108933258580999,cmenttor,2026-08-30T17:50:30.949000+00:00,Ghana,-0.202308,5.6674098888889,0.0
1729009524879160,fNt25u8Z9bPWMcwCFrgVmy,108933258580999,cmenttor,2026-08-30T17:53:45.275000+00:00,Ghana,-0.189738,5.6673498055556,0.0619
1733474337920371,5OR4l7rMBGX8SZzFAvcHLT,108933258580999,cmenttor,2026-08-30T17:43:40.015000+00:00,Ghana,-0.22538,5.66759775,0.0479
1735328277581768,mxZUfoVH7pFOCIAPqGR2b9,108933258580999,cmenttor,2026-08-30T17:55:10.459000+00:00,Ghana,-0.187738,5.6676368611111,0.0115
1740747310371344,mxZUfoVH7pFOCIAPqGR2b9,108933258580999,cmenttor,2026-08-30T17:53:55.748000+00:00,Ghana,-0.18874997222222,5.6673597777778,0.0
1742663807041120,k6nroIyadqsCzS7iBeu2UD,108933258580999,cmenttor,2026-08-30T17:43:05.559000+00:00,Ghana,-0.22976797222222,5.6677169722222,0.0
1748697006465884,0fnGmlZgvs9zr15L2cH6iX,108933258580999,cmenttor,2026-08-30T17:46:40.572000+00:00,Ghana,-0.21081797222222,5.6674818611111,0.0
1761091008551152,fNt25u8Z9bPWMcwCFrgVmy,108933258580999,cmenttor,2026-08-30T17:53:10.124000+00:00,Ghana,-0.19279,5.6673578888889,0.0391
1781471213208200,fvm7UGcBlSasoQZNPqd9yT,108933258580999,cmenttor,2026-08-30T17:45:50.491000+00:00,Ghana,-0.214513,5.6675028333333,0.0266
1783070016036246,ckxybzSes7wOIlD2rhfvU0,108933258580999,cmenttor,2026-08-30T17:49:00.003000+00:00,Ghana,-0.20532,5.6674499444444,0.0203
1784969919362152,mxZUfoVH7pFOCIAPqGR2b9,108933258580999,cmenttor,2026-08-30T17:55:00.355000+00:00,Ghana,-0.18769,5.6674671111111,0.0097
1791642181969953,p2wtzL0I4vRudYebKxOSNy,108933258580999,cmenttor,2026-08-30T17:46:50.278000+00:00,Ghana,-0.20979797222222,5.6674880833333,0.0
1834825781288240,fNt25u8Z9bPWMcwCFrgVmy,108933258580999,cmenttor,2026-08-30T17:52:50.929000+00:00,Ghana,-0.19440197222222,5.6674031944444,0.09
2017287332290602,VKIT4NLMtp8iJzkOfZdHSn,108933258580999,cmenttor,2026-08-30T17:49:30.263000+00:00,Ghana,-0.203608,5.6674627777778,0.0
2040306763542707,k6nroIyadqsCzS7iBeu2UD,108933258580999,cmenttor,2026-08-30T17:42:55.849000+00:00,Ghana,-0.23098697222222,5.6676130277778,0.0
2051312145752066,5OR4l7rMBGX8SZzFAvcHLT,108933258580999,cmenttor,2026-08-30T17:43:30.967000+00:00,Ghana,-0.22636697222222,5.6676278333333,0.0
2055151805375370,pJbWV3hKoZIQAYs0yd6uXl,108933258580999,cmenttor,2026-08-30T17:44:35.812000+00:00,Ghana,-0.220372,5.6675629722222,0.0941
2061740264436639,fNt25u8Z9bPWMcwCFrgVmy,108933258580999,cmenttor,2026-08-30T17:50:50.469000+00:00,Ghana,-0.200073,5.6674070277778,0.0
2083697519019595,VKIT4NLMtp8iJzkOfZdHSn,108933258580999,cmenttor,2026-08-30T17:50:30.033000+00:00,Ghana,-0.202308,5.6674098888889,0.0486
2110527926231150,ckxybzSes7wOIlD2rhfvU0,108933258580999,cmenttor,2026-08-30T17:49:05.052000+00:00,Ghana,-0.205092,5.6674518333333,0.0252
2138587983731195,Pkyu0BU5Id42Q19MtCnbqR,108933258580999,cmenttor,2026-08-30T17:56:20.856000+00:00,Ghana,-0.18529497222222,5.6687379166667,0.0355
2141043333499532,pJbWV3hKoZIQAYs0yd6uXl,108933258580999,cmenttor,2026-08-30T17:45:15.440000+00:00,Ghana,-0.216432,5.6675119166667,0.0
2149191609366509,mxZUfoVH7pFOCIAPqGR2b9,108933258580999,cmenttor,2026-08-30T17:54:00.084000+00:00,Ghana,-0.188453,5.6673379166667,0.033
2179475706334523,mxZUfoVH7pFOCIAPqGR2b9,108933258580999,cmenttor,2026-08-30T17:54:20.617000+00:00,Ghana,-0.188315,5.6673030833333,0.0158
2212524759325731,p2wtzL0I4vRudYebKxOSNy,108933258580999,cmenttor,2026-08-30T17:47:20.167000+00:00,Ghana,-0.20723497222222,5.6674180277778,0.0327
2226709871233997,k6nroIyadqsCzS7iBeu2UD,108933258580999,cmenttor,2026-08-30T17:43:00.704000+00:00,Ghana,-0.23046,5.6676530833333,0.0
2251336819042285,pJbWV3hKoZIQAYs0yd6uXl,108933258580999,cmenttor,2026-08-30T17:44:55.298000+00:00,Ghana,-0.21863197222222,5.6676049444444,0.089
2298736594289257,mxZUfoVH7pFOCIAPqGR2b9,108933258580999,cmenttor,2026-08-30T17:55:45.736000+00:00,Ghana,-0.18799697222222,5.668817,0.0237
2301492613998306,zX9NDZgMcBvCmOEST824ej,108933258580999,cmenttor,2026-08-30T17:50:40.464000+00:00,Ghana,-0.20137297222222,5.6674379722222,0.0
2308310436662122,p2wtzL0I4vRudYebKxOSNy,108933258580999,cmenttor,2026-08-30T17:47:15.828000+00:00,Ghana,-0.20752497222222,5.66747525,0.0822
2312626312860950,mxZUfoVH7pFOCIAPqGR2b9,108933258580999,cmenttor,2026-08-30T17:54:55.056000+00:00,Ghana,-0.18771997222222,5.6673850833333,0.0665
2322107821884349,fNt25u8Z9bPWMcwCFrgVmy,108933258580999,cmenttor,2026-08-30T17:53:05.848000+00:00,Ghana,-0.193143,5.6673421666667,0.0
2460833561095812,fNt25u8Z9bPWMcwCFrgVmy,108933258580999,cmenttor,2026-08-30T17:53:40.447000+00:00,Ghana,-0.19029697222222,5.6673578888889,0.0631
2477235132702072,xTnoE1a0sltLjSeG79FcNr,108933258580999,cmenttor,2026-08-30T17:44:10.741000+00:00,Ghana,-0.222602,5.6675729722222,0.0
2482322735615156,fvm7UGcBlSasoQZNPqd9yT,108933258580999,cmenttor,2026-08-30T17:45:55.265000+00:00,Ghana,-0.2143,5.6675271944444,0.0
2516213125546169,mxZUfoVH7pFOCIAPqGR2b9,108933258580999,cmenttor,2026-08-30T17:55:35.017000+00:00,Ghana,-0.18823497222222,5.6686730555556,0.0329
2529497917556648,fvm7UGcBlSasoQZNPqd9yT,108933258580999,cmenttor,2026-08-30T17:46:05.209000+00:00,Ghana,-0.21373797222222,5.6675119166667,0.029
2532293060576226,pJbWV3hKoZIQAYs0yd6uXl,108933258580999,cmenttor,2026-08-30T17:45:05.694000+00:00,Ghana,-0.21757,5.6675428888889,0.0
2594090787734564,5OR4l7rMBGX8SZzFAvcHLT,108933258580999,cmenttor,2026-08-30T17:43:45.503000+00:00,Ghana,-0.22488997222222,5.66757825,0.0543
2632234710560736,pJbWV3hKoZIQAYs0yd6uXl,108933258580999,cmenttor,2026-08-30T17:45:10.552000+00:00,Ghana,-0.21695297222222,5.6675171944444,0.0683
2933858106960239,pJbWV3hKoZIQAYs0yd6uXl,108933258580999,cmenttor,2026-08-30T17:45:15.011000+00:00,Ghana,-0.216432,5.6675119166667,0.0576
3256360181231731,fvm7UGcBlSasoQZNPqd9yT,108933258580999,cmenttor,2026-08-30T17:45:45.504000+00:00,Ghana,-0.214753,5.66752,0.0189
3265034820550630,fNt25u8Z9bPWMcwCFrgVmy,108933258580999,cmenttor,2026-08-30T17:53:30.553000+00:00,Ghana,-0.191473,5.66740175,0.0976
3309156282592311,pJbWV3hKoZIQAYs0yd6uXl,108933258580999,cmenttor,2026-08-30T17:44:45.503000+00:00,Ghana,-0.219435,5.6675629722222,0.0512
3479756545525005,fNt25u8Z9bPWMcwCFrgVmy,108933258580999,cmenttor,2026-08-30T17:51:55.058000+00:00,Ghana,-0.19722297222222,5.6673898611111,0.0327
3496366193873967,fNt25u8Z9bPWMcwCFrgVmy,108933258580999,cmenttor,2026-08-30T17:51:45.653000+00:00,Ghana,-0.197703,5.6674199166667,0.0941
3519836764846913,fNt25u8Z9bPWMcwCFrgVmy,108933258580999,cmenttor,2026-08-30T17:50:55.184000+00:00,Ghana,-0.199545,5.6674051111111,0.0584
4268397549971905,fvm7UGcBlSasoQZNPqd9yT,108933258580999,cmenttor,2026-08-30T17:46:10.499000+00:00,Ghana,-0.213472,5.6675071666667,0.0294
4411219225812692,k6nroIyadqsCzS7iBeu2UD,108933258580999,cmenttor,2026-08-30T17:43:15.969000+00:00,Ghana,-0.228383,5.6677098333333,0.0802
4499898303585002,fNt25u8Z9bPWMcwCFrgVmy,108933258580999,cmenttor,2026-08-30T17:52:30.862000+00:00,Ghana,-0.19591797222222,5.6674131944444,0.0104
27777143925260510,fNt25u8Z9bPWMcwCFrgVmy,108933258580999,cmenttor,2026-08-30T17:53:00.692000+00:00,Ghana,-0.19358197222222,5.6673569722222,0.0
27989016897432373,fNt25u8Z9bPWMcwCFrgVmy,108933258580999,cmenttor,2026-08-30T17:53:15.451000+00:00,Ghana,-0.192595,5.6673669722222,0.0216
28054840737460422,fNt25u8Z9bPWMcwCFrgVmy,108933258580999,cmenttor,2026-08-30T17:50:55.317000+00:00,Ghana,-0.199545,5.6674051111111,0.0
28222563854067430,0fnGmlZgvs9zr15L2cH6iX,108933258580999,cmenttor,2026-08-30T17:46:35.417000+00:00,Ghana,-0.21133697222222,5.6675081111111,0.0
28419315591038428,fNt25u8Z9bPWMcwCFrgVmy,108933258580999,cmenttor,2026-08-30T17:53:35.261000+00:00,Ghana,-0.190867,5.6673679166667,0.0672
28425644797123599,fNt25u8Z9bPWMcwCFrgVmy,108933258580999,cmenttor,2026-08-30T17:50:55.554000+00:00,Ghana,-0.199545,5.6674051111111,0.0
28755444770715482,pJbWV3hKoZIQAYs0yd6uXl,108933258580999,cmenttor,2026-08-30T17:45:15.495000+00:00,Ghana,-0.216432,5.6675119166667,0.0
28916656034588970,pJbWV3hKoZIQAYs0yd6uXl,108933258580999,cmenttor,2026-08-30T17:44:25.339000+00:00,Ghana,-0.221222,5.667593,0.0
38082009248113127,mxZUfoVH7pFOCIAPqGR2b9,108933258580999,cmenttor,2026-08-30T17:55:40.112000+00:00,Ghana,-0.188207,5.6687769444444,0.012
